{
"type": "FeatureCollection",
"name": "map",
"crs": { "type": "name", "properties": { "name": "urn:ogc:def:crs:EPSG::32612" } },
"features": [
{ "type": "Feature", "properties": { "drag_region": "East", "NAME": "Garfield", "NAMELSAD": "Garfield" }, "geometry": { "type": "Polygon", "coordinates": [ [ [ 869245.007884374703281, 5278476.290197997353971 ], [ 868612.177412465563975, 5287725.186467036604881 ], [ 872175.595333329634741, 5293697.606913877651095 ], [ 871970.708739380352199, 5298852.430252324789762 ], [ 875464.607982770423405, 5299566.087644275277853 ], [ 875206.312594442046247, 5305961.907908793538809 ], [ 878570.335463313967921, 5309732.38207490183413 ], [ 882613.073490253300406, 5310090.900387602858245 ], [ 884930.746695357607678, 5312865.68472418282181 ], [ 887357.145192106952891, 5319375.914520918391645 ], [ 893280.31513325672131, 5319822.905607623979449 ], [ 893740.114367648260668, 5321660.217292327433825 ], [ 900503.824134756694548, 5321386.418284163810313 ], [ 902216.047831257455982, 5319359.246018306352198 ], [ 906521.518488155561499, 5319746.815780183300376 ], [ 908068.576606042101048, 5327184.12225167453289 ], [ 918091.800117402221076, 5326413.363510584458709 ], [ 920617.630902520031668, 5324430.286836883984506 ], [ 930813.097654788405634, 5325794.449509323574603 ], [ 938659.964791209553368, 5325523.880685395561159 ], [ 948272.71827673970256, 5327654.826458258554339 ], [ 949267.004879456362687, 5334312.923582657240331 ], [ 958968.041276975884102, 5334553.19620727095753 ], [ 960349.18798559543211, 5338842.396051460877061 ], [ 964537.943975287373178, 5341087.304059782996774 ], [ 968333.085545691195875, 5340727.613061740994453 ], [ 970933.055659735924564, 5347100.933674754574895 ], [ 974715.848778347950429, 5351533.680890022777021 ], [ 972945.659595193574205, 5354208.207248166203499 ], [ 975973.558682950329967, 5357640.955284868367016 ], [ 975002.202705086325295, 5360457.414780493825674 ], [ 978862.176299438462593, 5363366.253480460494757 ], [ 981168.941656980430707, 5360725.389919208362699 ], [ 985460.675099077052437, 5360886.670103715732694 ], [ 986321.151810359209776, 5351071.728474381379783 ], [ 993566.192429953371175, 5351512.715612842701375 ], [ 995878.525105300825089, 5313811.939338331110775 ], [ 992907.520455457037315, 5313630.968052698299289 ], [ 994086.885752728790976, 5294160.370074054226279 ], [ 1003836.733869205927476, 5294854.052757351659238 ], [ 1005033.414214639458805, 5275574.830306216143072 ], [ 1011286.631227637524717, 5275965.758743898011744 ], [ 1013627.023436965304427, 5238744.313311795704067 ], [ 965478.043384951422922, 5235824.291470006108284 ], [ 965389.425660096458159, 5237446.847991919144988 ], [ 908221.910566360107623, 5234502.989047776907682 ], [ 908260.585620699566789, 5233643.937982943840325 ], [ 875975.22180919686798, 5232277.888493648730218 ], [ 872302.847143362392671, 5235097.119505929760635 ], [ 874091.741802259581164, 5245300.996217167004943 ], [ 875866.088984725764021, 5248813.053869346156716 ], [ 872665.886913136462681, 5253753.487887751311064 ], [ 869587.082113356329501, 5262715.241708458401263 ], [ 871860.416432790108956, 5267297.525689020752907 ], [ 868501.13437666289974, 5276630.842932552099228 ], [ 869245.007884374703281, 5278476.290197997353971 ] ] ] } },
{ "type": "Feature", "properties": { "drag_region": "West", "NAME": "Liberty", "NAMELSAD": "Liberty" }, "geometry": { "type": "Polygon", "coordinates": [ [ [ 373992.332489269669168, 5422230.576808694750071 ], [ 384123.335865133441985, 5422185.483424152247608 ], [ 384695.685480918036774, 5508603.836953046731651 ], [ 423289.056680517387576, 5508791.584372916258872 ], [ 422514.568776430562139, 5422177.807840304449201 ], [ 417182.454971272614785, 5422163.430336898192763 ], [ 417203.938960623461753, 5412519.564939889125526 ], [ 373940.373221970861778, 5412491.250853216275573 ], [ 373992.332489269669168, 5422230.576808694750071 ] ] ] } },
{ "type": "Feature", "properties": { "drag_region": "Central", "NAME": "Golden Valley", "NAMELSAD": "Golden Valley" }, "geometry": { "type": "Polygon", "coordinates": [ [ [ 610316.893223370774649, 4973664.034702913835645 ], [ 629692.70754977397155, 4974118.658101839013398 ], [ 629086.392992112669162, 5004185.936773358844221 ], [ 630188.215903937001713, 5004208.305521345697343 ], [ 629595.176343431463465, 5033226.854831017553806 ], [ 658655.559387905406766, 5033796.85973952151835 ], [ 659020.153574065887369, 5019383.063615587539971 ], [ 660790.763665843638591, 5014652.236359768547118 ], [ 667118.506534820073284, 5014721.536240458488464 ], [ 667377.017093351227231, 5004985.32725717779249 ], [ 670796.178450306877494, 5000874.043732463382185 ], [ 671059.454899495001882, 4991138.033742556348443 ], [ 673586.142872046562843, 4989678.481236003339291 ], [ 673398.815395361743867, 4986425.615663878619671 ], [ 677679.870129625778645, 4981672.531310921534896 ], [ 678131.394049099879339, 4965541.83148430660367 ], [ 629056.665571056888439, 4964366.215299173258245 ], [ 628973.094811755116098, 4954625.036279608495533 ], [ 614532.676826847484335, 4954354.901390985585749 ], [ 614361.849688911810517, 4964090.584334276616573 ], [ 610480.192361225141212, 4964023.652593778446317 ], [ 610316.893223370774649, 4973664.034702913835645 ] ] ] } },
{ "type": "Feature", "properties": { "drag_region": "Central", "NAME": "Beaverhead", "NAMELSAD": "Beaverhead" }, "geometry": { "type": "Polygon", "coordinates": [ [ [ 225607.555383175727911, 4895347.52469926699996 ], [ 228171.553854845871683, 4896591.617292147129774 ], [ 228083.533052807499189, 4901850.982617532834411 ], [ 231856.910630105878226, 4905728.144033150747418 ], [ 234804.339760804723483, 4902182.817831262946129 ], [ 245481.43183706497075, 4912133.394811428152025 ], [ 247679.131390866648871, 4911104.038673218339682 ], [ 253588.557087601046078, 4912629.10289753228426 ], [ 258713.431111710902769, 4915904.103665134869516 ], [ 259750.876196904107928, 4922272.365555713884532 ], [ 261411.253793844603933, 4921933.526767963543534 ], [ 266061.722278260509484, 4910039.233091241680086 ], [ 265701.474362034234218, 4907375.35174360871315 ], [ 268634.752121829078533, 4902796.835965674370527 ], [ 271118.337294512894005, 4901767.655622221529484 ], [ 273253.773100791906472, 4907913.919173315167427 ], [ 278007.880381409777328, 4908254.176769426092505 ], [ 281784.676039147307165, 4913592.130422588437796 ], [ 285739.659725346078631, 4915488.665843163616955 ], [ 291856.548898175591603, 4914942.502440688200295 ], [ 292910.710561684856657, 4912622.623625319451094 ], [ 300288.331304122402798, 4906608.493683692999184 ], [ 305010.868624706403352, 4905728.681910621933639 ], [ 306906.437365710735321, 4903295.795854492112994 ], [ 313029.684189718449488, 4902484.538720070384443 ], [ 317989.612057293648832, 4899508.652882983908057 ], [ 319794.898536901338957, 4892594.154911957681179 ], [ 322285.957796918868553, 4891394.861977786757052 ], [ 323283.450919162656646, 4885644.7476537078619 ], [ 323154.850382806966081, 4879536.596782450564206 ], [ 321669.265166516357567, 4875557.778733275830746 ], [ 322673.657340090721846, 4869998.619454551488161 ], [ 327626.032343180850148, 4865122.438889253884554 ], [ 331531.676740746712312, 4863803.445629947818816 ], [ 337175.620136861864012, 4865222.84228493925184 ], [ 340162.459637481137179, 4859630.437803829088807 ], [ 340111.94261955737602, 4825740.990910276770592 ], [ 349997.873379629221745, 4825570.441924984566867 ], [ 349837.629478816117626, 4815836.439866988919675 ], [ 360870.219422657915857, 4815664.491716307587922 ], [ 361008.953795416862704, 4805831.045679592527449 ], [ 362708.886815664358437, 4805806.360058406367898 ], [ 362571.680015562917106, 4796263.502633008174598 ], [ 370515.260668602539226, 4796058.844361023046076 ], [ 370453.888595017488115, 4791382.896679313853383 ], [ 393167.513246882415842, 4790838.681848568841815 ], [ 393090.702227643632796, 4782822.859571935608983 ], [ 416689.312894326692913, 4782640.038144808262587 ], [ 417807.971027635911014, 4779388.939235528931022 ], [ 413196.342299402575009, 4770065.050007257610559 ], [ 417434.223022896039765, 4763931.865869044326246 ], [ 408327.429983063426334, 4766471.920508825220168 ], [ 405750.556652190047316, 4764964.068213120102882 ], [ 398918.814352836867329, 4766259.986961202695966 ], [ 398047.792529700149316, 4764454.379660147242248 ], [ 389455.531736124423333, 4760718.012263354845345 ], [ 385810.69684549246449, 4766768.071099425666034 ], [ 379531.150057462626137, 4766074.50489486195147 ], [ 375796.24095668818336, 4763733.032265022397041 ], [ 372960.207728233130183, 4765008.90511957090348 ], [ 366934.015906606102362, 4762224.570528886280954 ], [ 364681.262248522252776, 4764355.183323655277491 ], [ 360678.101438438810874, 4763648.511630750261247 ], [ 357306.158046533935703, 4767038.899182324297726 ], [ 352756.111142377136275, 4767777.097687243483961 ], [ 350137.133397612778936, 4764478.188089608214796 ], [ 347570.754594033933245, 4764520.118801658973098 ], [ 346903.726749125227798, 4758708.773939939215779 ], [ 344547.652269434533082, 4754453.095565356314182 ], [ 337758.601122574880719, 4758198.923883743584156 ], [ 335440.050580987648573, 4756332.007964687421918 ], [ 332342.459093433921225, 4758680.564920491538942 ], [ 322927.399835725314915, 4759055.767028572969139 ], [ 318119.548598082910758, 4761255.373749257996678 ], [ 313221.238761742133647, 4759164.570127109065652 ], [ 308785.795930213993415, 4752388.859833496622741 ], [ 310388.077580788172781, 4747293.292115011252463 ], [ 307767.287697467952967, 4745251.523461720906198 ], [ 304717.567909585312009, 4749521.718310407362878 ], [ 299626.818317058205139, 4751932.372415821067989 ], [ 295434.057184670877177, 4755852.813940939493477 ], [ 293845.860658195917495, 4760952.442503782920539 ], [ 295352.385237712122034, 4764161.635064540430903 ], [ 289560.045058774470817, 4772040.986467163078487 ], [ 292239.126628586382139, 4776556.433906324207783 ], [ 290936.868540971190669, 4781363.683518658392131 ], [ 286089.117221447289921, 4791897.267925139516592 ], [ 277153.986558754346333, 4797676.915387572720647 ], [ 269655.196557115530595, 4793686.474062532186508 ], [ 268630.05177431285847, 4797536.406455568037927 ], [ 260837.210910158930346, 4802829.437747463583946 ], [ 258002.909617641475052, 4812181.237017433159053 ], [ 262004.376601258176379, 4813301.00437849573791 ], [ 262728.539036564470734, 4818532.623180053196847 ], [ 261773.512871406855993, 4824388.096392220817506 ], [ 256520.142650506284554, 4828274.985443719662726 ], [ 257162.167264544637874, 4830738.634663641452789 ], [ 252408.282545735943131, 4832321.210693256929517 ], [ 250656.752465759287588, 4839351.079436724074185 ], [ 244121.951326335431077, 4846539.326173350214958 ], [ 243951.776415791595355, 4849888.915595147758722 ], [ 240186.227108969003893, 4855175.164503392763436 ], [ 240975.610773932072334, 4861836.527026725001633 ], [ 238790.187795988516882, 4863726.580485562793911 ], [ 237293.273557993234135, 4869224.554933757521212 ], [ 239075.529393496341072, 4872029.554961395449936 ], [ 238946.236862502468284, 4876429.31957137491554 ], [ 233620.311514746805187, 4876615.098535595461726 ], [ 235899.992547178990208, 4885612.729894972406328 ], [ 231786.647311982815154, 4888147.235718096606433 ], [ 228422.150351609103382, 4888077.226010951213539 ], [ 229071.549779087421484, 4890538.361701155081391 ], [ 225607.555383175727911, 4895347.52469926699996 ] ] ] } },
{ "type": "Feature", "properties": { "drag_region": "Central", "NAME": "Wheatland", "NAMELSAD": "Wheatland" }, "geometry": { "type": "Polygon", "coordinates": [ [ [ 555362.281713995384052, 5028822.707265948876739 ], [ 560028.102164452313446, 5028676.712557094171643 ], [ 561654.584453917806968, 5030602.608954632654786 ], [ 566325.608632325544022, 5029888.751455921679735 ], [ 567398.112571545992978, 5032096.554400670342147 ], [ 572319.93270905665122, 5033299.648413046263158 ], [ 573982.523814987041987, 5031887.85783254634589 ], [ 578346.248111171997152, 5033757.36986106261611 ], [ 589958.576193219982088, 5027332.431045643053949 ], [ 622890.321504338062368, 5027916.110006247647107 ], [ 623350.483626099303365, 5005388.658436916768551 ], [ 622248.660714274970815, 5005366.289688929915428 ], [ 622854.975271936273202, 4975299.011017410084605 ], [ 555032.7732009323081, 4974405.88450263440609 ], [ 554762.263408279279247, 5004282.685608028434217 ], [ 555588.656691523152404, 5004290.240976851433516 ], [ 555362.281713995384052, 5028822.707265948876739 ] ] ] } },
{ "type": "Feature", "properties": { "drag_region": "West", "NAME": "Lewis and Clark", "NAMELSAD": "Lewis and Clark" }, "geometry": { "type": "Polygon", "coordinates": [ [ [ 219319.425693908415269, 5342992.465531558729708 ], [ 224093.042770490748808, 5330070.124445850029588 ], [ 223341.985381537582725, 5321490.967159899882972 ], [ 224873.583225087902974, 5318109.529265854507685 ], [ 224229.327801661740523, 5313826.588992639444768 ], [ 228104.415316555881873, 5306854.449028232134879 ], [ 233685.696691385703161, 5303189.188476026058197 ], [ 237779.53505953255808, 5305198.003181628882885 ], [ 249960.733340961392969, 5307136.118062073364854 ], [ 260668.000686756393407, 5302727.506815592758358 ], [ 261921.988339040777646, 5297452.006828755140305 ], [ 266507.824360147409607, 5297084.347763895057142 ], [ 271290.313231100968551, 5292228.7081039538607 ], [ 276149.416210408555344, 5291768.769696716219187 ], [ 281306.239075305347797, 5293122.833620246499777 ], [ 288602.568562035856303, 5293019.748341022059321 ], [ 288390.951659808692057, 5257119.820190514437854 ], [ 293543.713096590538044, 5256002.783095114864409 ], [ 296209.030117329093628, 5251482.479349762201309 ], [ 301361.648590934812091, 5249799.534725053235888 ], [ 307622.699729004118126, 5249732.903817453421652 ], [ 307381.738859201024752, 5225866.924240797758102 ], [ 317493.560019025520887, 5225678.099914313293993 ], [ 321302.281842011143453, 5223356.145326257683337 ], [ 318249.773254046041984, 5217938.87781001534313 ], [ 321776.873399573669303, 5213901.263316849246621 ], [ 329706.63701722031692, 5211936.633687815628946 ], [ 329687.354197472392116, 5208881.906396108679473 ], [ 321478.077784452121705, 5210657.708501757122576 ], [ 318701.53567798162112, 5206192.774074658751488 ], [ 318561.18668441864429, 5188914.847544375807047 ], [ 319099.693920853023883, 5187478.559134938754141 ], [ 289391.938107483612839, 5187694.337467117235065 ], [ 284360.742389298102353, 5181937.610596213489771 ], [ 280515.752369217632804, 5182659.990718389861286 ], [ 274971.860894013778307, 5180259.838746433146298 ], [ 277378.171875634987373, 5175354.287351440638304 ], [ 274335.958908487169538, 5174731.931680417619646 ], [ 270138.265600750164595, 5170883.263479954563081 ], [ 266839.272238108271267, 5171605.409459163434803 ], [ 267279.343863228801638, 5181528.058351632207632 ], [ 268418.29997102287598, 5183800.837491870857775 ], [ 266572.859040559560526, 5188700.9333012746647 ], [ 268552.870504588761833, 5192010.023325460962951 ], [ 266449.903346853156108, 5197773.889255500398576 ], [ 259584.438405602064449, 5197893.012520023621619 ], [ 259670.002541237685364, 5202665.86911320220679 ], [ 250065.99504597770283, 5202845.770695800893009 ], [ 250359.019036555022467, 5217832.709048232063651 ], [ 230645.050711287243757, 5217964.521512974984944 ], [ 231524.986811176757328, 5256339.858578756451607 ], [ 211679.114726589235943, 5257116.089406390674412 ], [ 212584.535094294580631, 5291387.96395965013653 ], [ 208266.430266938463319, 5291790.532719679176807 ], [ 206425.260789448569994, 5303496.841656845994294 ], [ 207706.462754107371438, 5310818.201619253493845 ], [ 205225.288657167868223, 5318530.451152372173965 ], [ 211743.196973986632656, 5320549.158394670113921 ], [ 212898.279254830966238, 5323479.94284554105252 ], [ 213490.603138455131557, 5335597.721959926187992 ], [ 211710.43936498981202, 5339276.145895228721201 ], [ 216562.163645335938781, 5340102.398616616614163 ], [ 219319.425693908415269, 5342992.465531558729708 ] ] ] } },
{ "type": "Feature", "properties": { "drag_region": "Central", "NAME": "Ravalli", "NAMELSAD": "Ravalli" }, "geometry": { "type": "Polygon", "coordinates": [ [ [ 178425.755003330763429, 5025237.839400127530098 ], [ 216866.746168167272117, 5023733.14813956618309 ], [ 218666.43646818108391, 5020228.102729162201285 ], [ 213440.860747844388243, 5005124.150243232958019 ], [ 213698.135685915127397, 4996991.001840894110501 ], [ 216684.331153573235497, 4995545.75761506985873 ], [ 219268.328333069919609, 4990484.692754036746919 ], [ 219929.434681942802854, 4985683.212030813097954 ], [ 218693.217768937989604, 4981999.561321302317083 ], [ 221371.836707954411395, 4979421.302219269797206 ], [ 219018.556106767617166, 4975489.74484209343791 ], [ 215926.568564681801945, 4974260.972820403985679 ], [ 217612.358931997441687, 4967033.95777069311589 ], [ 220515.441071307519451, 4962727.838647452183068 ], [ 216342.996839813771658, 4954655.453984015621245 ], [ 220257.487920890445821, 4955283.15096178650856 ], [ 225213.843620717641897, 4953871.316875294782221 ], [ 226953.528450020181481, 4947697.474167808890343 ], [ 233755.865126076736487, 4942887.524398413486779 ], [ 238207.447470243670978, 4942745.293871950358152 ], [ 237170.002385050465818, 4936377.031981371343136 ], [ 232045.128360940609127, 4933102.03121376875788 ], [ 226135.702664206211921, 4931576.966989454813302 ], [ 223938.0031104045338, 4932606.323127664625645 ], [ 213260.911034144286532, 4922655.746147499419749 ], [ 210313.481903445441276, 4926201.072349387221038 ], [ 206540.104326147062238, 4922323.910933769308031 ], [ 206628.125128185434733, 4917064.545608383603394 ], [ 204064.126656515290961, 4915820.45301550347358 ], [ 200785.162800801743288, 4917949.005870288237929 ], [ 198223.775094858603552, 4916802.727089413441718 ], [ 198635.358101387741044, 4912868.655627180822194 ], [ 194313.036629874142818, 4909687.584850212559104 ], [ 188691.151821204111911, 4902067.501451613381505 ], [ 183269.644729952444322, 4899796.496399067342281 ], [ 179672.968425342580304, 4901088.285894676111639 ], [ 178607.445809097785968, 4895587.077352846972644 ], [ 171709.943561693187803, 4891855.801985580474138 ], [ 170450.867618431861047, 4895350.127558511681855 ], [ 166613.79309501987882, 4897615.554831551387906 ], [ 163216.222685638465919, 4903497.934980967082083 ], [ 155674.516935264982749, 4904306.2930764304474 ], [ 157557.256593988859095, 4908812.876510081812739 ], [ 155471.219132979400456, 4912347.894778026267886 ], [ 160660.751887513091788, 4915656.846052498556674 ], [ 161140.639899030153174, 4920225.645643591880798 ], [ 156147.939917003328446, 4927522.544265172444284 ], [ 161543.293795717763714, 4935794.429323296993971 ], [ 168513.878094279265497, 4935588.016774873249233 ], [ 170642.793067381659057, 4939704.279078223742545 ], [ 167244.755857557640411, 4945012.904773411341012 ], [ 169114.515092921501491, 4949617.800157453864813 ], [ 163944.765236124221701, 4952423.373521647416055 ], [ 163059.559328188304789, 4957625.935046224854887 ], [ 165799.740161400346551, 4963052.263391644693911 ], [ 161223.285339755297173, 4966409.198258145712316 ], [ 161984.991760864853859, 4971061.315351674333215 ], [ 167278.292534509615507, 4971498.429447204805911 ], [ 167329.415476410882547, 4979050.527086013928056 ], [ 165794.74340804386884, 4981986.372137906961143 ], [ 169489.169448243279476, 4984120.490078650414944 ], [ 170244.512907102820463, 4995180.184270759113133 ], [ 174096.983353390009142, 5001229.959086212329566 ], [ 172450.95085901429411, 5007898.567693741992116 ], [ 175767.643168126756791, 5008043.396123056299984 ], [ 179015.927043257805053, 5019666.973890922032297 ], [ 178425.755003330763429, 5025237.839400127530098 ] ] ] } },
{ "type": "Feature", "properties": { "drag_region": "West", "NAME": "Flathead", "NAMELSAD": "Flathead" }, "geometry": { "type": "Polygon", "coordinates": [ [ [ 57834.474814551474992, 5505397.403118286281824 ], [ 105857.305662492697593, 5503053.896577637642622 ], [ 109109.804225443105679, 5498906.721376420930028 ], [ 107395.885681122948881, 5495532.512431468814611 ], [ 109666.73287045682082, 5493051.195213549770415 ], [ 106411.477479849185329, 5490694.827492388896644 ], [ 110988.886664404242765, 5486496.33147351257503 ], [ 110108.645357816945761, 5484236.000173846259713 ], [ 113740.211828776227776, 5482659.508750240318477 ], [ 117025.605161601619329, 5485784.005820244550705 ], [ 125440.223580730555113, 5485181.650250475853682 ], [ 127955.533771641144995, 5481839.215630678460002 ], [ 126825.182167365506757, 5479776.964096065610647 ], [ 131317.921078115119599, 5472540.661378627642989 ], [ 127675.903515038080513, 5459478.125350758433342 ], [ 138371.097308356489521, 5454705.685864256694913 ], [ 142906.322822165733669, 5455604.331670597195625 ], [ 148328.772254793380853, 5451220.915106686763465 ], [ 148066.86832972720731, 5443105.226424657739699 ], [ 146943.915596587525215, 5441229.988051644526422 ], [ 153437.283862703829072, 5436531.25821231584996 ], [ 155850.826247940945905, 5437220.929487882182002 ], [ 157000.370826722413767, 5431356.000041756778955 ], [ 153700.929157815349754, 5427921.710788716562092 ], [ 160370.606871490832418, 5419499.775099026970565 ], [ 164307.353908928227611, 5417376.887621782720089 ], [ 164593.531440821068827, 5408863.983685836195946 ], [ 167542.359056222892832, 5409256.952328555285931 ], [ 171697.514380287437234, 5405031.385184556245804 ], [ 176806.598457165237051, 5406229.583173852413893 ], [ 177787.836169667018112, 5402954.802573672495782 ], [ 180488.84893441980239, 5404029.943924691528082 ], [ 182852.906551661144476, 5402439.862747058272362 ], [ 182727.473752632096875, 5397570.565857061184943 ], [ 186152.573647668352351, 5395477.120906315743923 ], [ 185280.277794725436252, 5392728.545517819002271 ], [ 188221.18350226234179, 5392559.455597384832799 ], [ 190215.193424451572355, 5386491.899997062981129 ], [ 187724.076421002799179, 5383304.986172548495233 ], [ 182115.62623407371575, 5384210.931195273064077 ], [ 179358.364185501239263, 5381320.864280330948532 ], [ 174506.639905155112501, 5380494.61155894305557 ], [ 176286.803678620432038, 5376816.187623640522361 ], [ 175694.479794996266719, 5364698.408509255386889 ], [ 174539.397514151933137, 5361767.62405838444829 ], [ 168021.489197333168704, 5359748.916816086508334 ], [ 170502.663294272671919, 5352036.667282967828214 ], [ 169221.461329613870475, 5344715.307320560328662 ], [ 132276.744879783829674, 5346427.154023784212768 ], [ 134669.417510957166087, 5353323.192023662850261 ], [ 135157.155961975746322, 5359805.859053335152566 ], [ 130673.553235501225572, 5362634.658455778844655 ], [ 131588.741482947545592, 5365757.331670477055013 ], [ 130329.106715081899893, 5376027.974148743785918 ], [ 131200.233777717337944, 5377909.502000520005822 ], [ 125562.001557383104227, 5385562.827190678566694 ], [ 121128.050775093375705, 5389068.118336455896497 ], [ 118175.045586311607622, 5388985.140085435472429 ], [ 115536.366787254577503, 5397304.906529069878161 ], [ 104567.69558438914828, 5397630.669756503775716 ], [ 100965.062524589302484, 5394618.203026947565377 ], [ 103645.003878773597535, 5387818.647747054696083 ], [ 69618.379644993401598, 5389164.906809352338314 ], [ 69181.529316385800485, 5379523.287744616158307 ], [ 70254.889728893293068, 5379474.788431116379797 ], [ 69829.035273835033877, 5370024.167705134488642 ], [ 60421.776802944892552, 5370455.451010045595467 ], [ 60863.042719307879452, 5379905.944417144171894 ], [ 32136.84625038964441, 5381032.755484527908266 ], [ 32887.972274574451149, 5395542.099624959751964 ], [ 31366.57286092475988, 5397248.310187903232872 ], [ 32068.669835183245596, 5410707.768804392777383 ], [ 31772.910186259075999, 5420390.888677871786058 ], [ 44565.104972526372876, 5419734.670948627404869 ], [ 46510.10317323874915, 5458396.824271935969591 ], [ 43598.535329391481355, 5458544.448122604750097 ], [ 44080.487400088459253, 5467995.33761409856379 ], [ 62313.466225445095915, 5467094.648650527000427 ], [ 58720.324662031780463, 5469468.330817453563213 ], [ 59761.865460127475671, 5474585.230227963067591 ], [ 64916.459260867675766, 5477304.634130424819887 ], [ 60690.5944903800264, 5482865.455945643596351 ], [ 56267.206207112001721, 5484229.228581879287958 ], [ 59600.165205603290815, 5487607.193666309118271 ], [ 58022.277783859055489, 5498497.8339166874066 ], [ 60835.465410880220588, 5502188.439083784818649 ], [ 57834.474814551474992, 5505397.403118286281824 ] ] ] } },
{ "type": "Feature", "properties": { "drag_region": "West", "NAME": "Sanders", "NAMELSAD": "Sanders" }, "geometry": { "type": "Polygon", "coordinates": [ [ [ -78926.332589363359148, 5402761.168746120296419 ], [ -76336.19669412143412, 5401440.824958927929401 ], [ -76871.39259709828184, 5397354.217824790626764 ], [ -72478.400776397873415, 5394864.07208296097815 ], [ -70625.404145836160751, 5398674.054478921927512 ], [ -60222.630491450981935, 5402325.889778520911932 ], [ -57841.168567127519054, 5406201.581645273603499 ], [ -53396.271647408051649, 5404585.171204510144889 ], [ -51081.844432844227413, 5398695.140990256331861 ], [ -52821.87333315241267, 5396502.112703519873321 ], [ -49376.412521022633882, 5391502.314021527767181 ], [ -49222.928229838755215, 5385170.415990248322487 ], [ -42353.5066701748583, 5374319.58198681846261 ], [ -43985.984423919202527, 5369435.329239342361689 ], [ -40418.437685571698239, 5366064.780602008104324 ], [ -34771.164829121524235, 5366024.630383273586631 ], [ -32741.489634004334221, 5368589.64908386208117 ], [ -31060.848707608849509, 5365046.426785080693662 ], [ -26673.905384212470381, 5366522.309635947458446 ], [ -23905.362043244211236, 5363112.254414171911776 ], [ -16765.193153804953909, 5365783.513864759355783 ], [ -15083.512121955078328, 5372010.755392826162279 ], [ -12364.473385683581, 5372629.913987956941128 ], [ -12951.771831253747223, 5376682.225469037890434 ], [ -2783.688620854780311, 5376143.280955612659454 ], [ -1262.289207205089042, 5374437.070392669178545 ], [ -2013.41523138989578, 5359927.726252237334847 ], [ 26712.781237528339261, 5358800.915184853598475 ], [ 26271.515321165352361, 5349350.421777755022049 ], [ 27658.453444412472891, 5344406.984798336401582 ], [ 26916.002697083138628, 5328370.018011554144323 ], [ 44449.930631759169046, 5327585.657209063880146 ], [ 45855.361016419046791, 5322552.028090916574001 ], [ 43076.831674774439307, 5320854.803216965869069 ], [ 41447.757428502955008, 5314517.817711216397583 ], [ 47727.045119820337277, 5315682.135742078535259 ], [ 48674.973948614235269, 5312486.141838863492012 ], [ 45695.969087241159286, 5312517.276862464845181 ], [ 43161.640429200517246, 5304019.11264924518764 ], [ 47875.478618713241303, 5299992.59715736284852 ], [ 54380.125940971047385, 5299721.262513701803982 ], [ 53587.588804563303711, 5280438.952513849362731 ], [ 54476.415048218419543, 5275526.162905108183622 ], [ 49498.342457101884065, 5273819.105468149296939 ], [ 41780.21639256036724, 5278257.714835580438375 ], [ 42682.280913774186047, 5280227.220432055182755 ], [ 36867.155264645174611, 5284304.999928722158074 ], [ 34680.331676943198545, 5284114.532569771632552 ], [ 26490.93286735957372, 5289648.212807898409665 ], [ 17362.536965749313822, 5292273.306308134458959 ], [ 15633.94396470967331, 5290250.667827021330595 ], [ 8920.140520629036473, 5292104.965594687499106 ], [ 5662.634051494445885, 5292264.734822428785264 ], [ 5822.745498617499834, 5295510.099425961263478 ], [ -3861.508498989889631, 5297622.870420306921005 ], [ -3935.258817038411507, 5306813.895232187584043 ], [ -12144.296235952788265, 5310781.288537950254977 ], [ -15141.612041669752216, 5310556.980093273334205 ], [ -17163.770161077118246, 5313345.079052074812353 ], [ -26389.963324718730291, 5318250.429854679852724 ], [ -31086.974507569422713, 5316692.418984663672745 ], [ -35321.394673418457387, 5318558.836682643741369 ], [ -38691.082046761031961, 5316548.502612570300698 ], [ -44715.959093334007775, 5320248.695267301984131 ], [ -45384.827288824919378, 5318085.007324829697609 ], [ -52391.699924015352735, 5318881.894821695052087 ], [ -56676.955977852543583, 5319809.673279664479196 ], [ -57698.516614914784441, 5325331.811153824441135 ], [ -60640.020940247777617, 5325990.077370109967887 ], [ -59901.580629892792786, 5329202.153392127715051 ], [ -56208.060503560787765, 5332042.943943665362895 ], [ -59124.094308560917852, 5337489.340500785037875 ], [ -58217.697831929050153, 5343469.435522655025125 ], [ -61576.178325693734223, 5345975.098894543945789 ], [ -63181.423158464342123, 5350577.623673445545137 ], [ -65368.450718053063611, 5350138.991225260309875 ], [ -66991.616250097722514, 5358672.893923045136034 ], [ -70892.105016979767242, 5360932.124305792152882 ], [ -80404.071160650957609, 5376210.652631467208266 ], [ -78926.332589363359148, 5402761.168746120296419 ] ] ] } },
{ "type": "Feature", "properties": { "drag_region": "East", "NAME": "Petroleum", "NAMELSAD": "Petroleum" }, "geometry": { "type": "Polygon", "coordinates": [ [ [ 809342.352684436482377, 5302305.625639741308987 ], [ 817680.662501738057472, 5303365.245037577114999 ], [ 819341.305792045081034, 5302278.341038486920297 ], [ 827898.020518978824839, 5304698.99100592173636 ], [ 834698.443936732946895, 5303526.322251532226801 ], [ 838285.860777568654157, 5301659.541595360264182 ], [ 840700.930799437919632, 5295349.585005229339004 ], [ 840152.247704175184481, 5288730.501258163712919 ], [ 840357.134298124467023, 5283575.677919716574252 ], [ 836793.716377260396257, 5277603.257472875528038 ], [ 837426.546849169535562, 5268354.361203836277127 ], [ 836682.673341457732022, 5266508.913938391022384 ], [ 840041.955397584941238, 5257175.596694859676063 ], [ 837768.621078151161782, 5252593.312714297324419 ], [ 840847.425877931294963, 5243631.55889359023422 ], [ 844047.627949520596303, 5238691.124875185079873 ], [ 842273.280767054413445, 5235179.067223005928099 ], [ 840484.386108157224953, 5224975.190511768683791 ], [ 844156.760773991700262, 5222155.959499487653375 ], [ 848210.006098022218794, 5216772.677349766716361 ], [ 849509.748361250851303, 5211757.901780158281326 ], [ 788134.657245118403807, 5208830.331289677880704 ], [ 787841.19314515707083, 5218566.813056565821171 ], [ 789483.35407713893801, 5218616.569928286597133 ], [ 788598.212094528833404, 5247635.810103006660938 ], [ 779065.49840597063303, 5247352.094263979233801 ], [ 778788.869971924694255, 5256898.200221077539027 ], [ 780148.494938727701083, 5256937.783471150323749 ], [ 779866.486216149525717, 5266579.464555486105382 ], [ 789368.282519098604098, 5266865.240817371755838 ], [ 789244.424800256965682, 5270874.660604861564934 ], [ 808499.629710827372037, 5271692.327126289717853 ], [ 810101.000918498961255, 5272511.870507463812828 ], [ 809342.352684436482377, 5302305.625639741308987 ] ] ] } },
{ "type": "Feature", "properties": { "drag_region": "Central", "NAME": "Broadwater", "NAMELSAD": "Broadwater" }, "geometry": { "type": "Polygon", "coordinates": [ [ [ 418480.21775466791587, 5012655.168447632342577 ], [ 430307.832389033923391, 5012548.741915280930698 ], [ 429769.325152599543799, 5013985.030324717983603 ], [ 429909.674146162520628, 5031262.956855000928044 ], [ 432686.216252633021213, 5035727.891282099299133 ], [ 440895.492665653291624, 5033952.08917645085603 ], [ 443899.313364696921781, 5032024.621044428087771 ], [ 444407.295929531101137, 5024957.479230149649084 ], [ 447145.696803598548286, 5023701.468887069262564 ], [ 447676.566277435573284, 5020166.653248743154109 ], [ 452894.410073590348475, 5019760.149789655581117 ], [ 453983.900345464469865, 5017464.543518422171474 ], [ 453397.365321072284132, 5008684.784718128852546 ], [ 459163.300359628570732, 5004367.771045309491456 ], [ 459694.029446423519403, 4997970.510993856936693 ], [ 464655.155534524878021, 4997193.292457752861083 ], [ 466037.52318314590957, 4998908.425984035246074 ], [ 474028.613917059905361, 4994505.97881094366312 ], [ 473194.762319192057475, 4987729.466608081944287 ], [ 469598.51737846020842, 4983820.253582005389035 ], [ 469039.397088031633757, 4979812.11296384036541 ], [ 472631.518093366234098, 4976943.873612359166145 ], [ 474009.788880455249455, 4970451.957977487705648 ], [ 455174.513784787326586, 4970018.367029298096895 ], [ 452110.664510725939181, 4966117.411776315420866 ], [ 451262.062434341642074, 4962303.099793897010386 ], [ 445958.597586491436232, 4955933.909890731796622 ], [ 446197.358304007444531, 4948582.954050336964428 ], [ 443420.018849449115805, 4948980.058113856241107 ], [ 442558.204627736704424, 4944212.550317250192165 ], [ 436404.216253966791555, 4939192.834266168996692 ], [ 433060.855313832755201, 4938834.842503235675395 ], [ 427425.722991775546689, 4930765.673383003100753 ], [ 427624.478246501530521, 4954722.678758049383759 ], [ 418184.252466741250828, 4954903.83592967223376 ], [ 418480.21775466791587, 5012655.168447632342577 ] ] ] } },
{ "type": "Feature", "properties": { "drag_region": "Central", "NAME": "Musselshell", "NAMELSAD": "Musselshell" }, "geometry": { "type": "Polygon", "coordinates": [ [ [ 668312.57874957669992, 5037173.454366497695446 ], [ 716288.657649811473675, 5038484.579883621074259 ], [ 725318.343931572744623, 5039270.091635886579752 ], [ 758477.313927624258213, 5040708.02210117969662 ], [ 758986.617508051916957, 5034896.587371796369553 ], [ 761560.950949706952088, 5032419.643695699982345 ], [ 758364.522606487618759, 5023016.5657839756459 ], [ 761663.31780652271118, 5023149.837022496387362 ], [ 762121.042078844620846, 5011886.898025682196021 ], [ 763222.693663847516291, 5011931.731888300739229 ], [ 763677.809262416791171, 5000764.385771431028843 ], [ 752364.995888333301991, 5000314.278841495513916 ], [ 745004.736160176224075, 4990283.381326413713396 ], [ 745187.338415070204064, 4985415.60651439614594 ], [ 722783.594822230283171, 4984616.667468072846532 ], [ 719569.297848109388724, 4981355.546597069129348 ], [ 716245.362472926150076, 4981341.435697749257088 ], [ 716619.79884733480867, 4969887.846552666276693 ], [ 687788.413410771172494, 4968918.426111282780766 ], [ 687336.8894912970718, 4985049.125937897711992 ], [ 683055.834757033037022, 4989802.210290854796767 ], [ 683243.162233717855997, 4993055.075862979516387 ], [ 680716.474261166295037, 4994514.628369532525539 ], [ 680453.197811978170648, 5004250.638359439559281 ], [ 677034.036455022520386, 5008361.921884153969586 ], [ 676775.525896491366439, 5018098.130867434665561 ], [ 670447.783027514931746, 5018028.830986744724214 ], [ 668677.172935737180524, 5022759.658242563717067 ], [ 668312.57874957669992, 5037173.454366497695446 ] ] ] } },
{ "type": "Feature", "properties": { "drag_region": "East", "NAME": "Wibaux", "NAMELSAD": "Wibaux" }, "geometry": { "type": "Polygon", "coordinates": [ [ [ 1197800.590631984407082, 5236877.990237764082849 ], [ 1206004.705603651702404, 5237554.676266212016344 ], [ 1212165.634838228812441, 5242875.199018590152264 ], [ 1218771.766102472320199, 5258911.112317289225757 ], [ 1216635.478199929464608, 5274203.065686122514307 ], [ 1210447.538008675910532, 5285784.097418847493827 ], [ 1205275.021077033597976, 5288805.183053158223629 ], [ 1207112.066836040234193, 5292900.75000075250864 ], [ 1229064.185826081316918, 5294708.224839734844863 ], [ 1228632.864669477567077, 5299574.237575036473572 ], [ 1235137.685950117884204, 5300058.502260158769786 ], [ 1242622.575706452364102, 5216190.236355115659535 ], [ 1219008.538067276822403, 5214142.673769577406347 ], [ 1218741.693403406068683, 5217291.534294852986932 ], [ 1213665.549801665358245, 5218497.011994805186987 ], [ 1199123.792153398273513, 5217293.998880959115922 ], [ 1197800.590631984407082, 5236877.990237764082849 ] ] ] } },
{ "type": "Feature", "properties": { "drag_region": "East", "NAME": "Richland", "NAMELSAD": "Richland" }, "geometry": { "type": "Polygon", "coordinates": [ [ [ 1128677.227097087074071, 5357556.767157403752208 ], [ 1127575.822482046904042, 5375899.378292826004326 ], [ 1130526.973931778455153, 5376121.178564254194498 ], [ 1128861.909559444058686, 5398165.278373669832945 ], [ 1130342.207637488376349, 5399909.096867448650301 ], [ 1138921.205991903087124, 5400183.17397166788578 ], [ 1140204.766850913176313, 5397498.696215251460671 ], [ 1144062.835737873334438, 5403176.055540417321026 ], [ 1147060.739816622342914, 5402643.809982916340232 ], [ 1148292.766540065873414, 5407446.296374186873436 ], [ 1151380.927376708947122, 5409132.404826057143509 ], [ 1155918.879744777455926, 5406135.13747083209455 ], [ 1160661.897889023879543, 5407287.696283736266196 ], [ 1166746.428741041803733, 5405192.599308204837143 ], [ 1170664.626964477589354, 5406573.812518953345716 ], [ 1171462.092864173231646, 5409906.905063215643167 ], [ 1173916.308405420277268, 5406268.63761867582798 ], [ 1176676.497201000107452, 5408614.431423731148243 ], [ 1179232.130320572992787, 5407004.463589492253959 ], [ 1182880.36732112034224, 5408371.718566081486642 ], [ 1184443.618940562941134, 5405814.193705182522535 ], [ 1190842.112541626906022, 5403385.196785437874496 ], [ 1191858.824082157341763, 5400973.956036390736699 ], [ 1196361.321894210064784, 5401846.847116707824171 ], [ 1199761.975270977942273, 5399934.026477404870093 ], [ 1205601.890112367691472, 5400932.096532385796309 ], [ 1207803.074698077281937, 5403436.775004740804434 ], [ 1211043.491027791285887, 5400361.57822485268116 ], [ 1211033.589312091236934, 5397475.309200414456427 ], [ 1215081.228564399993047, 5397456.073596553876996 ], [ 1221089.600504977861419, 5330861.320693368092179 ], [ 1214584.779224337544292, 5330377.056008245795965 ], [ 1215016.100380941294134, 5325511.043272944167256 ], [ 1186291.01626222464256, 5323133.004109589383006 ], [ 1184668.302140099927783, 5342502.909899830818176 ], [ 1178457.878877136157826, 5341985.247758987359703 ], [ 1177659.204863158985972, 5351622.578664048574865 ], [ 1148814.22746454901062, 5349302.733087878674269 ], [ 1148055.269832796882838, 5359036.137277476489544 ], [ 1128677.227097087074071, 5357556.767157403752208 ] ] ] } },
{ "type": "Feature", "properties": { "drag_region": "East", "NAME": "Roosevelt", "NAMELSAD": "Roosevelt" }, "geometry": { "type": "Polygon", "coordinates": [ [ [ 1065956.309723869198933, 5467097.53336585406214 ], [ 1142969.721350751817226, 5472879.442506522871554 ], [ 1143759.294343193527311, 5463242.112077640369534 ], [ 1153566.9511901314836, 5464053.715129235759377 ], [ 1154380.329717445652932, 5454321.248523091897368 ], [ 1197127.388178130378947, 5458054.672943697310984 ], [ 1197540.787886319449171, 5456457.037536511197686 ], [ 1201357.422058281488717, 5414479.220586664974689 ], [ 1197309.782805972499773, 5414498.456190525554121 ], [ 1197319.684521672548726, 5417384.725214963778853 ], [ 1194079.268191958777606, 5420459.921994851902127 ], [ 1191878.083606249187142, 5417955.243522496894002 ], [ 1186038.168764859205112, 5416957.173467515967786 ], [ 1182637.515388091327623, 5418869.994106818921864 ], [ 1178135.017576038604602, 5417997.103026501834393 ], [ 1177118.306035508168861, 5420408.343775548972189 ], [ 1170719.812434444203973, 5422837.340695293620229 ], [ 1169156.560815001605079, 5425394.865556192584336 ], [ 1165508.323814454255626, 5424027.610579603351653 ], [ 1162952.690694881370291, 5425637.578413842245936 ], [ 1160192.501899301540107, 5423291.784608786925673 ], [ 1157738.286358054494485, 5426930.052053326740861 ], [ 1156940.820458358852193, 5423596.959509064443409 ], [ 1153022.622234923066571, 5422215.746298315934837 ], [ 1146938.091382905142382, 5424310.843273847363889 ], [ 1142195.073238658718765, 5423158.284460943192244 ], [ 1137657.120870590442792, 5426155.551816168241203 ], [ 1134568.960033947136253, 5424469.443364297971129 ], [ 1133336.933310503605753, 5419666.956973027437925 ], [ 1130339.029231754597276, 5420199.20253052841872 ], [ 1126480.960344794439152, 5414521.843205362558365 ], [ 1125197.399485784349963, 5417206.320961778983474 ], [ 1116618.401131369872019, 5416932.243857559747994 ], [ 1115138.103053325321525, 5415188.425363780930638 ], [ 1112279.022971238940954, 5417468.046356707811356 ], [ 1105685.347855852916837, 5415824.538713254965842 ], [ 1104770.95106785162352, 5417292.168152337893844 ], [ 1095716.267822149675339, 5416246.593100427649915 ], [ 1091907.83039730717428, 5416931.809854196384549 ], [ 1090008.964079129043967, 5413438.902865758165717 ], [ 1087214.759526037378237, 5414967.006360815837979 ], [ 1081116.038838994223624, 5413867.335638568736613 ], [ 1081850.228003518655896, 5411041.493825972080231 ], [ 1077826.726234067464247, 5410954.051532319746912 ], [ 1074025.183612612541765, 5407624.518892356194556 ], [ 1067185.558975438354537, 5405435.715297563001513 ], [ 1065627.33095310558565, 5428627.769679581746459 ], [ 1068558.692586319986731, 5428825.802898979745805 ], [ 1065956.309723869198933, 5467097.53336585406214 ] ] ] } },
{ "type": "Feature", "properties": { "drag_region": "East", "NAME": "Phillips", "NAMELSAD": "Phillips" }, "geometry": { "type": "Polygon", "coordinates": [ [ [ 817167.336548133054748, 5499871.697942045517266 ], [ 894596.057730071363039, 5503233.186676822602749 ], [ 895081.837221682653762, 5493590.955591348931193 ], [ 892978.576202073018067, 5493485.461326600052416 ], [ 894886.411436848109588, 5455203.574359559454024 ], [ 896273.781920772860758, 5448669.292159116826952 ], [ 891991.136461264570244, 5449318.692753568291664 ], [ 891657.590577988885343, 5445283.188629559241235 ], [ 888475.437905515194871, 5445128.231709389016032 ], [ 888941.918592875008471, 5435486.324178202077746 ], [ 891863.882551430375315, 5435628.351402432657778 ], [ 892348.690878496156074, 5425700.192138198763132 ], [ 884365.668642005650327, 5425316.263299186713994 ], [ 884822.272807340370491, 5415674.445251662284136 ], [ 882156.717647168901749, 5415548.92388276476413 ], [ 883963.325764277135022, 5376886.906676489859819 ], [ 883158.2344291532645, 5376849.445301601663232 ], [ 884079.431515176198445, 5356993.930296559818089 ], [ 882532.373397289658897, 5349556.623825068585575 ], [ 878226.90274039155338, 5349169.054063191637397 ], [ 876514.679043890791945, 5351196.226329049095511 ], [ 869750.969276782358065, 5351470.025337212719023 ], [ 869291.170042390818708, 5349632.713652509264648 ], [ 863368.000101241050288, 5349185.722565803676844 ], [ 860941.601604491705075, 5342675.492769068107009 ], [ 858623.928399387397803, 5339900.708432488143444 ], [ 854581.190372448065318, 5339542.190119787119329 ], [ 851217.167503576143645, 5335771.715953678824008 ], [ 851475.462891904520802, 5329375.895689160563052 ], [ 847981.563648514449596, 5328662.238297210074961 ], [ 848530.246743777184747, 5335281.322044275701046 ], [ 846115.176721907919273, 5341591.278634406626225 ], [ 842527.759881072212011, 5343458.059290578588843 ], [ 835727.336463318089955, 5344630.728044968098402 ], [ 827170.62173638434615, 5342210.07807753328234 ], [ 825509.978446077322587, 5343296.982076623477042 ], [ 817171.668628775747493, 5342237.36267878767103 ], [ 815611.519727011327632, 5340463.114935677498579 ], [ 811472.271044844412245, 5342998.388325892388821 ], [ 808516.856799556058832, 5342517.306928111240268 ], [ 807339.838631265447475, 5345441.038863697089255 ], [ 802264.453594732913189, 5343746.725564167834818 ], [ 801115.222608674434014, 5345907.89900116622448 ], [ 797648.296297140652314, 5344555.921002357266843 ], [ 794631.175373362610117, 5346086.659941107966006 ], [ 790064.130577165866271, 5345374.345015503466129 ], [ 785648.395697988802567, 5348683.186770372092724 ], [ 782427.749067039345391, 5348111.9488340979442 ], [ 781504.333214553073049, 5352098.442559822462499 ], [ 778452.681676630745642, 5355164.864297203719616 ], [ 773264.596706502023153, 5357696.393056918866932 ], [ 772961.939249516231939, 5378612.040379715152085 ], [ 792543.869584274711087, 5378894.934449959546328 ], [ 793638.619851497001946, 5386860.511996603570879 ], [ 796352.384379825321957, 5385798.622475100681186 ], [ 806545.332719637663104, 5385651.002667908556759 ], [ 805644.342012190609239, 5412669.66477017942816 ], [ 807510.372842489625327, 5412732.315340092405677 ], [ 806652.022373312734999, 5438128.728174854069948 ], [ 811528.316664316342212, 5435428.204933394677937 ], [ 810964.62830844509881, 5451659.257984586060047 ], [ 812817.90969530120492, 5451723.99847175553441 ], [ 812140.088877588510513, 5471010.681454046629369 ], [ 816625.444987218361348, 5471170.326434588991106 ], [ 815937.204821084626019, 5490266.373914895579219 ], [ 817514.850884174695238, 5490323.532324063591659 ], [ 817167.336548133054748, 5499871.697942045517266 ] ] ] } },
{ "type": "Feature", "properties": { "drag_region": "Central", "NAME": "Yellowstone", "NAMELSAD": "Yellowstone" }, "geometry": { "type": "Polygon", "coordinates": [ [ [ 677975.566787555580959, 4959174.994868198409677 ], [ 717897.223505060886964, 4960444.440377288497984 ], [ 717522.78713065222837, 4971898.029522371478379 ], [ 720846.722505835467018, 4971912.140421691350639 ], [ 724061.019479956361465, 4975173.261292695067823 ], [ 746464.763072796282358, 4975972.200339018367231 ], [ 746282.160817902302369, 4980839.975151035934687 ], [ 753642.420546059380285, 4990870.872666117735207 ], [ 764955.233920142869465, 4991320.979596053250134 ], [ 764500.118321573594585, 5002488.32571292296052 ], [ 767868.186482222168706, 5001096.869258132763207 ], [ 771509.4792426842032, 4993216.83937640953809 ], [ 774612.450753052951768, 4991721.914103020913899 ], [ 774749.730348306242377, 4988476.747469280846417 ], [ 778132.034459847025573, 4986995.182826003059745 ], [ 778336.34831132623367, 4982222.916862718760967 ], [ 781722.952598429052159, 4980743.188138786703348 ], [ 781863.536895570810884, 4977498.072643918916583 ], [ 784976.969754201127216, 4976008.050294980406761 ], [ 786918.574481110321358, 4969686.254014322534204 ], [ 790314.181794321164489, 4968210.95172849111259 ], [ 790108.00930713058915, 4960359.985183888114989 ], [ 787366.990862765815109, 4953162.495063997805119 ], [ 774870.924160763854161, 4952626.949803134426475 ], [ 775142.327589462976903, 4946136.888051890768111 ], [ 765412.841654675197788, 4945737.91379885096103 ], [ 765539.474389048991725, 4942588.327586290426552 ], [ 762480.062242435873486, 4942466.109899406321347 ], [ 762608.856718269060366, 4939221.088907106779516 ], [ 759269.553575263358653, 4939089.489590062759817 ], [ 759392.793119262089022, 4935939.917359349317849 ], [ 746585.553632585564628, 4935452.192949183285236 ], [ 747062.385430787922814, 4922567.63699730951339 ], [ 745388.388143617892638, 4922505.972668083384633 ], [ 746464.807939286460169, 4893110.807272041216493 ], [ 736653.604031881899573, 4892760.036722581833601 ], [ 736767.041785794193856, 4889515.171673439443111 ], [ 727231.199031528667547, 4889189.14912374317646 ], [ 727339.640916807577014, 4885944.291417742148042 ], [ 697583.815603172872216, 4885402.760381006635725 ], [ 697117.350077595678158, 4891884.484568949788809 ], [ 692349.4973521764623, 4891845.190403900109231 ], [ 692261.624289982020855, 4894994.657080559059978 ], [ 689179.862075055716559, 4894909.41132054105401 ], [ 690314.04341769113671, 4904587.333500883542001 ], [ 685640.851144862477668, 4901403.44605877995491 ], [ 682350.458836280275136, 4909338.34722732193768 ], [ 680673.423129880568013, 4909294.225028479471803 ], [ 680145.229702516458929, 4940034.086866238154471 ], [ 678476.488651272724383, 4939990.352684944868088 ], [ 677975.566787555580959, 4959174.994868198409677 ] ] ] } },
{ "type": "Feature", "properties": { "drag_region": "Central", "NAME": "Meagher", "NAMELSAD": "Meagher" }, "geometry": { "type": "Polygon", "coordinates": [ [ [ 436981.77277384448098, 5054910.540255209431052 ], [ 446001.297141732706223, 5054841.715880071744323 ], [ 446068.294718923862092, 5064578.960700043477118 ], [ 465442.319819387048483, 5064477.075063613243401 ], [ 465446.828079708328005, 5065718.109844705089927 ], [ 474995.425931786885485, 5065691.077309092506766 ], [ 475012.676728803548031, 5074187.462548151612282 ], [ 481005.986264658626169, 5074082.845379527658224 ], [ 481273.852721631759778, 5069404.773650641553104 ], [ 479090.245680229214486, 5067593.47055009752512 ], [ 481542.41740166785894, 5065013.141688873060048 ], [ 487272.225225263275206, 5064915.109820309095085 ], [ 493823.813440479571, 5062150.468835010193288 ], [ 497930.30241323512746, 5055665.003845472820103 ], [ 505048.682681271166075, 5051290.869260743260384 ], [ 505882.308655437838752, 5047093.070080208592117 ], [ 510260.641453049902339, 5047203.883761611767113 ], [ 513555.16200602176832, 5044830.966352195478976 ], [ 516046.774650563893374, 5039114.719658989459276 ], [ 520431.86365675838897, 5039042.019280978478491 ], [ 520452.012551242078189, 5035414.542364316061139 ], [ 526511.420742100919597, 5031346.319669620133936 ], [ 527900.852834429242648, 5028778.079686233773828 ], [ 534750.730384611757472, 5030451.302641137503088 ], [ 538337.070616638637148, 5028285.068495817482471 ], [ 542691.694273085915484, 5032428.767677768133581 ], [ 542918.069250613683835, 5007896.301388670690358 ], [ 542091.675967369810678, 5007888.746019847691059 ], [ 542398.391010350780562, 4974003.023017744533718 ], [ 532703.374890046310611, 4973923.162481319159269 ], [ 532696.977855514502153, 4974782.215927131474018 ], [ 482289.863167093310039, 4974614.21553804166615 ], [ 480911.592380004294682, 4981106.131172913126647 ], [ 477319.471374669694342, 4983974.370524394325912 ], [ 477878.591665098269004, 4987982.511142559349537 ], [ 481474.83660583011806, 4991891.724168635904789 ], [ 482308.688203697965946, 4998668.236371497623622 ], [ 474317.597469783970155, 5003070.683544589206576 ], [ 472935.229821162938606, 5001355.550018306821585 ], [ 467974.103733061579987, 5002132.768554410897195 ], [ 467443.374646266631316, 5008530.028605863451958 ], [ 461677.439607710344717, 5012847.042278682813048 ], [ 462263.97463210253045, 5021626.801078976131976 ], [ 461174.484360228409059, 5023922.407350209541619 ], [ 455956.640564073633868, 5024328.910809297114611 ], [ 455425.77109023660887, 5027863.726447623223066 ], [ 452687.370216169161722, 5029119.736790703609586 ], [ 452179.387651334982365, 5036186.878604982048273 ], [ 449175.566952291352209, 5038114.346737004816532 ], [ 449194.849772039277013, 5041169.074028711766005 ], [ 441265.086154392629396, 5043133.70365774538368 ], [ 437737.986008865002077, 5047171.318150911480188 ], [ 440790.494596830103546, 5052588.585667153820395 ], [ 436981.77277384448098, 5054910.540255209431052 ] ] ] } },
{ "type": "Feature", "properties": { "drag_region": "East", "NAME": "Custer", "NAMELSAD": "Custer" }, "geometry": { "type": "Polygon", "coordinates": [ [ [ 1050838.797218703664839, 5197934.951186321675777 ], [ 1050743.032998657319695, 5199461.973331155255437 ], [ 1070156.745977559592575, 5200807.190438576042652 ], [ 1070370.827639003051445, 5197562.354498138651252 ], [ 1086783.840402216184884, 5198763.525469000451267 ], [ 1087452.359461355488747, 5189029.256523125804961 ], [ 1090467.454157429514453, 5189236.938369863666594 ], [ 1091133.345542364288121, 5179598.160356521606445 ], [ 1097722.327905984828249, 5180056.668166330084205 ], [ 1098170.581252772826701, 5173662.691135481931269 ], [ 1101475.315321007277817, 5173799.26625556871295 ], [ 1101697.672103001736104, 5170650.009306456893682 ], [ 1117653.408884261269122, 5171701.641236296854913 ], [ 1117891.030475611798465, 5168457.020711425691843 ], [ 1137432.222042788285762, 5169823.687978993169963 ], [ 1137184.020814789924771, 5173068.222071157768369 ], [ 1146815.600176003295928, 5173716.951158101670444 ], [ 1146435.244323643855751, 5178583.681484493426979 ], [ 1156051.549638276221231, 5179343.260337992571294 ], [ 1157207.692925623152405, 5164838.681282574310899 ], [ 1143987.568646481260657, 5163800.643130434677005 ], [ 1145433.522022533696145, 5145096.951995171606541 ], [ 1147091.196952524594963, 5145225.152731653302908 ], [ 1148611.954593701520935, 5125567.152481602504849 ], [ 1144454.277638174127787, 5125247.412170355208218 ], [ 1147419.111758468672633, 5086408.156370371580124 ], [ 1050051.777628864627331, 5079959.535178611055017 ], [ 1047708.492574225761928, 5118706.316330045461655 ], [ 1050757.681936700362712, 5118892.026846747845411 ], [ 1048123.332698828424327, 5157336.158618816174567 ], [ 1050877.774412349332124, 5157506.085963254794478 ], [ 1048477.491007560980506, 5196158.59140913374722 ], [ 1050838.797218703664839, 5197934.951186321675777 ] ] ] } },
{ "type": "Feature", "properties": { "drag_region": "Central", "NAME": "Powder River", "NAMELSAD": "Powder River" }, "geometry": { "type": "Polygon", "coordinates": [ [ [ 933166.556595057831146, 4920942.038899411447346 ], [ 1030533.998432537424378, 4927337.74221842456609 ], [ 1033607.085296899662353, 4879008.473565370775759 ], [ 1029671.239214548259042, 4878714.858445226214826 ], [ 1032568.883818358764984, 4839588.616930733434856 ], [ 968918.61675929359626, 4835209.529124645516276 ], [ 954815.187420896370895, 4833655.298208653926849 ], [ 936142.420918009825982, 4832533.822115188464522 ], [ 934932.798653908655979, 4853146.937750628218055 ], [ 933522.798343882313929, 4853064.2200928311795 ], [ 932403.565402028267272, 4872150.634817528538406 ], [ 936058.448215745505877, 4872366.3424964081496 ], [ 933656.619733648258261, 4917427.633276246488094 ], [ 933166.556595057831146, 4920942.038899411447346 ] ] ] } },
{ "type": "Feature", "properties": { "drag_region": "West", "NAME": "Lincoln", "NAMELSAD": "Lincoln" }, "geometry": { "type": "Polygon", "coordinates": [ [ [ -86840.976435798685998, 5438452.264750313013792 ], [ -80800.324789719074033, 5525575.287076017819345 ], [ -19407.815275254833978, 5521633.213801984675229 ], [ 15769.569486336607952, 5519983.469890188425779 ], [ 18770.560082665353548, 5516774.505855686962605 ], [ 15957.372455644188449, 5513083.900688589550555 ], [ 17535.259877388423774, 5502193.260438211262226 ], [ 14202.30087889713468, 5498815.295353781431913 ], [ 18625.68916216515936, 5497451.522717545740306 ], [ 22851.553932652808726, 5491890.700902326963842 ], [ 17696.960131912608631, 5489171.296999865211546 ], [ 16655.419333816913422, 5484054.397589355707169 ], [ 20248.560897230228875, 5481680.715422429144382 ], [ 2015.582071873592213, 5482581.404386000707746 ], [ 1533.630001176614314, 5473130.514894506894052 ], [ 4445.19784502388211, 5472982.891043838113546 ], [ 2500.199644311505836, 5434320.737720529548824 ], [ -10291.995141955791041, 5434976.955449773930013 ], [ -9996.235493031621445, 5425293.835576294921339 ], [ -10698.332467290107161, 5411834.376959805376828 ], [ -20866.415677689074073, 5412373.321473230607808 ], [ -20279.11723211890785, 5408321.009992149658501 ], [ -22998.155968390405178, 5407701.851397018879652 ], [ -24679.837000240280759, 5401474.609868952073157 ], [ -31820.005889679538086, 5398803.350418364629149 ], [ -34588.549230647797231, 5402213.405640140175819 ], [ -38975.492554044176359, 5400737.522789273411036 ], [ -40656.133480439661071, 5404280.745088054798543 ], [ -42685.808675556851085, 5401715.726387466304004 ], [ -48333.081532007025089, 5401755.876606200821698 ], [ -51900.628270354529377, 5405126.425243535079062 ], [ -50268.15051661018515, 5410010.677991011179984 ], [ -57137.572076274082065, 5420861.51199444103986 ], [ -57291.056367457960732, 5427193.410025720484555 ], [ -60736.51717958773952, 5432193.208707712590694 ], [ -58996.488279279554263, 5434386.236994449049234 ], [ -61310.915493843378499, 5440276.267208702862263 ], [ -65755.812413562845904, 5441892.677649466320872 ], [ -68137.274337886308786, 5438016.985782713629305 ], [ -78540.047992271487601, 5434365.150483114644885 ], [ -80393.044622833200265, 5430555.168087153695524 ], [ -84786.03644353360869, 5433045.313828983344138 ], [ -84250.840540556760971, 5437131.920963120646775 ], [ -86840.976435798685998, 5438452.264750313013792 ] ] ] } },
{ "type": "Feature", "properties": { "drag_region": "Central", "NAME": "Gallatin", "NAMELSAD": "Gallatin" }, "geometry": { "type": "Polygon", "coordinates": [ [ [ 421246.453424746287055, 4912982.318447048775852 ], [ 429054.9724207657855, 4912717.670491112396121 ], [ 432436.282275515724905, 4916793.164083492942154 ], [ 438071.414597572933417, 4924862.333203725516796 ], [ 441414.775537706969772, 4925220.324966658838093 ], [ 447568.76391147688264, 4930240.041017740033567 ], [ 448430.578133189294022, 4935007.548814346082509 ], [ 451207.917587747622747, 4934610.44475082680583 ], [ 450969.156870231614448, 4941961.400591221638024 ], [ 456272.621718081820291, 4948330.590494386851788 ], [ 457121.223794466117397, 4952144.902476805262268 ], [ 460185.073068527504802, 4956045.857729787938297 ], [ 500623.409577227779664, 4956500.661803510971367 ], [ 499851.452124478411861, 4933877.04313262924552 ], [ 500188.926446146157105, 4911352.630559744313359 ], [ 499630.933710402809083, 4911351.184430318884552 ], [ 499686.018820476485416, 4889685.80853814445436 ], [ 494926.570316728146281, 4889675.538007295690477 ], [ 494939.625821040477604, 4882326.657877936959267 ], [ 490174.589393512171227, 4882320.007953414693475 ], [ 490194.139652491547167, 4863041.53304323554039 ], [ 480915.966998224961571, 4863038.960952101275325 ], [ 480907.060972666600719, 4843570.206826039589942 ], [ 480332.460531124495901, 4824197.765994096174836 ], [ 479483.748170087754261, 4824102.853358908556402 ], [ 479190.138112924061716, 4809216.043834686279297 ], [ 480015.269368983688764, 4765606.210253217257559 ], [ 474023.783486050961073, 4767807.172583738341928 ], [ 472319.836587377649266, 4772485.67812536098063 ], [ 465491.797721649345476, 4778131.373308754526079 ], [ 466072.873431717976928, 4782233.020909627899528 ], [ 458144.646596724342089, 4793424.530271987430751 ], [ 453895.151041467615869, 4796496.549380362033844 ], [ 454486.791370204067789, 4863010.992711618542671 ], [ 456454.917962571198586, 4863002.152868415229023 ], [ 456315.824400593992323, 4895357.178973398171365 ], [ 442050.982190936570987, 4895531.711303980089724 ], [ 437343.547346265055239, 4901959.917314381338656 ], [ 434002.66414049587911, 4903512.895912162028253 ], [ 432353.354828686977271, 4906771.575048988685012 ], [ 427606.782924228522461, 4906812.632750962860882 ], [ 427636.097709228226449, 4910057.700517001561821 ], [ 421246.453424746287055, 4912982.318447048775852 ] ] ] } },
{ "type": "Feature", "properties": { "drag_region": "Central", "NAME": "Jefferson", "NAMELSAD": "Jefferson" }, "geometry": { "type": "Polygon", "coordinates": [ [ [ 349396.806369529105723, 4976874.870527578517795 ], [ 348653.990314928349108, 4981281.971894914284348 ], [ 354259.449237475695554, 4985279.374251946806908 ], [ 357547.624041428614873, 4983785.803844336420298 ], [ 361528.889981171174441, 4990111.278374847956002 ], [ 365666.987018453364726, 4989943.753334063105285 ], [ 368767.704266475106124, 4993806.26405684556812 ], [ 372066.697629116999451, 4993084.118077636696398 ], [ 376264.390936854004394, 4996932.786278099752963 ], [ 379306.603904001822229, 4997555.141949122771621 ], [ 376900.292922380613163, 5002460.693344115279615 ], [ 382444.184397584467661, 5004860.845316071994603 ], [ 386289.174417664937209, 5004138.465193895623088 ], [ 391320.370135850447696, 5009895.192064799368382 ], [ 409200.511314853851218, 5009785.840264972299337 ], [ 408904.546026927186176, 4952034.507747012190521 ], [ 418344.771806687465869, 4951853.35057538934052 ], [ 418146.016551961482037, 4927896.345200343057513 ], [ 414764.706697211542632, 4923820.85160796251148 ], [ 406956.187701192044187, 4924085.499563898891211 ], [ 403915.132035636343062, 4926694.151065533049405 ], [ 398628.46175037586363, 4927706.856072532944381 ], [ 397270.172132692066953, 4930777.162516131065786 ], [ 393075.282108068990055, 4929586.513929174281657 ], [ 390027.997352574602701, 4931056.736216633580625 ], [ 383591.717424073955044, 4929137.915842976421118 ], [ 381252.113734653044958, 4921438.275982175953686 ], [ 377027.777213791094255, 4918922.166978772729635 ], [ 375102.476708800066262, 4920860.384840645827353 ], [ 359613.329044918471482, 4929039.178357912227511 ], [ 360550.312353136891034, 4934751.07280008867383 ], [ 358148.850715621723793, 4940617.848127849400043 ], [ 357779.27368772396585, 4950936.092449206858873 ], [ 355569.58492551749805, 4951644.93458857294172 ], [ 356234.059178903815337, 4957552.420778082683682 ], [ 352165.225648671505041, 4962498.391160448081791 ], [ 353375.469193164317403, 4967822.419686529785395 ], [ 347822.255784676584881, 4967261.803861087188125 ], [ 346290.819747661007568, 4973785.59854188002646 ], [ 349396.806369529105723, 4976874.870527578517795 ] ] ] } },
{ "type": "Feature", "properties": { "drag_region": "Central", "NAME": "Judith Basin", "NAMELSAD": "Judith Basin" }, "geometry": { "type": "Polygon", "coordinates": [ [ [ 521392.62657390080858, 5118951.355289844796062 ], [ 553340.98144537745975, 5119186.731075575575233 ], [ 553405.486557651194744, 5112790.244644622318447 ], [ 559910.507917719776742, 5112859.411893242970109 ], [ 560018.291861631674692, 5103217.083615003153682 ], [ 569791.790044308057986, 5103334.355209890753031 ], [ 569854.222887444426306, 5098465.525067049078643 ], [ 579362.670461364672519, 5098690.548298353329301 ], [ 579704.82405974692665, 5093825.695759740658104 ], [ 588406.517498456058092, 5093957.961635548621416 ], [ 588917.981737933703698, 5061786.830477748997509 ], [ 585686.828169411513954, 5058490.025559372268617 ], [ 585748.17045766999945, 5054480.691744706593454 ], [ 583010.818032283219509, 5054439.448578716255724 ], [ 583331.429631354985759, 5051293.34048901963979 ], [ 589122.187848887057044, 5048899.722303858958185 ], [ 590096.482423382927664, 5039366.948566410690546 ], [ 584334.924734902451746, 5039182.358336146920919 ], [ 572722.596652854466811, 5045607.29715156648308 ], [ 568358.872356669511646, 5043737.78512305021286 ], [ 566696.281250739120878, 5045149.575703550130129 ], [ 561774.461113228462636, 5043946.481691174209118 ], [ 560701.957174008013681, 5041738.678746425546706 ], [ 556030.932995600276627, 5042452.536245136521757 ], [ 554404.450706134783104, 5040526.639847598038614 ], [ 549738.630255677853711, 5040672.634556452743709 ], [ 545384.006599230575375, 5036528.9353745020926 ], [ 541797.6663672036957, 5038695.169519822113216 ], [ 534947.788817021180876, 5037021.946564918383956 ], [ 533558.356724692857824, 5039590.186548304744065 ], [ 527498.948533834074624, 5043658.409243000671268 ], [ 527478.799639350385405, 5047285.88615966308862 ], [ 523093.710633155889809, 5047358.586537674069405 ], [ 520602.097988613764755, 5053074.833230880089104 ], [ 521963.866639703279361, 5054608.417778415605426 ], [ 521012.859992322744802, 5083339.173962384462357 ], [ 511479.281384224130306, 5083303.64223366882652 ], [ 511705.971166948962491, 5098674.615511104464531 ], [ 510071.49590069160331, 5100292.947614777833223 ], [ 510053.951798518828582, 5106784.825809316709638 ], [ 511685.216793577186763, 5105643.821703601628542 ], [ 511664.725957749062218, 5112517.634255737997591 ], [ 521422.329755254206248, 5112554.830112617462873 ], [ 521392.62657390080858, 5118951.355289844796062 ] ] ] } },
{ "type": "Feature", "properties": { "drag_region": "West", "NAME": "Teton", "NAMELSAD": "Teton" }, "geometry": { "type": "Polygon", "coordinates": [ [ [ 219202.782140988914762, 5387773.738105790689588 ], [ 281424.796949536772445, 5386386.820449580438435 ], [ 281351.7010724672582, 5381612.79172645881772 ], [ 290972.721758991712704, 5381378.109331110492349 ], [ 290906.388289468013681, 5376508.613576553761959 ], [ 295721.731352180126123, 5376445.059906956739724 ], [ 295638.801780178793706, 5369952.441525797359645 ], [ 338492.109377330401912, 5369851.380015393719077 ], [ 338321.853388983523473, 5337770.755691913887858 ], [ 319200.652405563509092, 5337807.975070722401142 ], [ 319118.745029517216608, 5328260.519437214359641 ], [ 299697.004208856378682, 5328459.380306759849191 ], [ 299556.183967449876945, 5316620.797236232087016 ], [ 290112.702308770269156, 5317982.008185835555196 ], [ 282816.372822039760649, 5318085.093465059995651 ], [ 277659.549957142968196, 5316731.029541529715061 ], [ 272800.446977835381404, 5317190.967948767356575 ], [ 268017.958106881822459, 5322046.607608708553016 ], [ 263432.122085775190499, 5322414.266673568636179 ], [ 262178.134433490806259, 5327689.766660406254232 ], [ 251470.867087695805822, 5332098.377906886860728 ], [ 239289.668806266970932, 5330160.263026442378759 ], [ 235195.830438120116014, 5328151.448320839554071 ], [ 229614.549063290294725, 5331816.708873045630753 ], [ 225739.461548396153376, 5338788.848837452940643 ], [ 226383.716971822315827, 5343071.789110668003559 ], [ 224852.119128271995578, 5346453.227004713378847 ], [ 225603.17651722516166, 5355032.384290663525462 ], [ 220829.559440642828122, 5367954.725376372225583 ], [ 226438.009627571911551, 5367048.780353647656739 ], [ 228929.126631020684727, 5370235.694178162142634 ], [ 226935.116708831454162, 5376303.249778483994305 ], [ 223994.211001294548623, 5376472.339698918163776 ], [ 224866.506854237464722, 5379220.915087414905429 ], [ 221441.406959201209247, 5381314.360038160346448 ], [ 221566.839758230256848, 5386183.656928157433867 ], [ 219202.782140988914762, 5387773.738105790689588 ] ] ] } },
{ "type": "Feature", "properties": { "drag_region": "West", "NAME": "Mineral", "NAMELSAD": "Mineral" }, "geometry": { "type": "Polygon", "coordinates": [ [ [ -50719.790726414823439, 5297359.430301701650023 ], [ -43712.918091224390082, 5296562.542804836295545 ], [ -43044.049895733478479, 5298726.230747308582067 ], [ -37019.172849160502665, 5295026.038092576898634 ], [ -33649.485475817928091, 5297036.372162650339305 ], [ -29415.065309968893416, 5295169.954464670270681 ], [ -24718.054127118200995, 5296727.96533468645066 ], [ -15491.86096347658895, 5291822.614532081410289 ], [ -13469.70284406922292, 5289034.515573279932141 ], [ -10472.387038352258969, 5289258.824017956852913 ], [ -2263.349619437882211, 5285291.430712194181979 ], [ -2189.599301389360335, 5276100.405900313518941 ], [ 7494.65469621802913, 5273987.634905967861414 ], [ 7334.543249094975181, 5270742.270302435383201 ], [ 10592.049718229565769, 5270582.501074694097042 ], [ 11989.455478316755034, 5265730.687059258110821 ], [ 16879.716478695627302, 5265495.746170707046986 ], [ 16647.947223532246426, 5260627.680480800569057 ], [ 21194.424131296400446, 5258786.804928054101765 ], [ 22599.935378943337128, 5253842.590862030163407 ], [ 25866.434231936873402, 5253691.641058349981904 ], [ 27216.532864884007722, 5247412.439875456504524 ], [ 33483.936399223515764, 5247129.857652165926993 ], [ 33262.851008378027473, 5242166.330067582428455 ], [ 38171.913624370004982, 5241949.782435346394777 ], [ 35570.045349015272222, 5238716.718226170167327 ], [ 29921.31927429366624, 5240785.723527622409165 ], [ 26685.770103299466427, 5235767.352467698976398 ], [ 26030.105165036162362, 5221354.352727974765003 ], [ 27398.566846561792772, 5221292.322635347954929 ], [ 26693.179144110996276, 5211759.772225985303521 ], [ 17098.675637603912037, 5212201.095071818679571 ], [ 17045.077522190927994, 5211055.719007601030171 ], [ 9975.626943346229382, 5206894.35693281609565 ], [ 8407.511506492854096, 5208596.04605121538043 ], [ 10305.005678912450094, 5213766.560285270214081 ], [ 1260.910125684458762, 5219756.58941457234323 ], [ -2836.78214748215396, 5225606.658501493744552 ], [ -1402.58018863335019, 5232328.467131157405674 ], [ -3789.290554963692557, 5233884.128393980674446 ], [ -6574.557579656422604, 5238332.135675201192498 ], [ -10128.192178484983742, 5238419.291404325515032 ], [ -11467.974468582542613, 5244231.128531361930072 ], [ -16234.907654730719514, 5252329.903876361437142 ], [ -20587.540043648972642, 5257731.307593147270381 ], [ -23785.41498442023294, 5259148.815446840599179 ], [ -24952.716652513307054, 5262754.510244877077639 ], [ -27906.669147910142783, 5263586.870127870701253 ], [ -27163.122759114892688, 5267183.882816570810974 ], [ -29391.010173733229749, 5271232.468478693626821 ], [ -35853.163677888398524, 5272552.566672333516181 ], [ -44290.120541877578944, 5277346.354871898889542 ], [ -45887.245397369086277, 5282611.19786093570292 ], [ -58120.531747045577504, 5291674.610291061922908 ], [ -61109.18536177801434, 5291665.52181236166507 ], [ -57652.659614926669747, 5294903.251103546470404 ], [ -51656.389124388224445, 5295308.08263383153826 ], [ -50719.790726414823439, 5297359.430301701650023 ] ] ] } },
{ "type": "Feature", "properties": { "drag_region": "Central", "NAME": "Deer Lodge", "NAMELSAD": "Deer Lodge" }, "geometry": { "type": "Polygon", "coordinates": [ [ [ 257670.193712714652065, 4941525.83375215344131 ], [ 260452.39284661837155, 4941438.571048989892006 ], [ 263653.248756808112375, 4945925.340940267778933 ], [ 268782.903540918079671, 4949973.485934630036354 ], [ 272072.015418865368702, 4948347.683478741906583 ], [ 276646.660403951012995, 4952704.839016030542552 ], [ 277210.938129028421827, 4962718.745806927792728 ], [ 276656.613229412643705, 4972382.790876314043999 ], [ 295758.477764095179737, 4971958.114449042826891 ], [ 295883.483679961820599, 4976826.01298729237169 ], [ 332664.977399137336761, 4975800.983661836013198 ], [ 329558.990777269238606, 4972711.711676137521863 ], [ 331090.426814284815919, 4966187.916995344683528 ], [ 326094.073952971200924, 4965811.733684529550374 ], [ 322955.642179878021125, 4961580.313123061321676 ], [ 315470.103437853744254, 4961743.248673820868134 ], [ 315252.409421655291226, 4952007.626689666882157 ], [ 309421.097893589467276, 4952140.686252477578819 ], [ 306790.830368125869427, 4946663.534187540411949 ], [ 302607.92152594140498, 4946190.986772762611508 ], [ 303263.906957835017238, 4938821.470014934428036 ], [ 295592.591757638787385, 4932803.949236082844436 ], [ 290827.013023409526795, 4931780.648335412144661 ], [ 289772.851359900261741, 4934100.527150780893862 ], [ 283655.962187070748769, 4934646.690553256310523 ], [ 279700.978500871977303, 4932750.155132681131363 ], [ 275924.182843134447467, 4927412.201479518786073 ], [ 271170.075562516576611, 4927071.943883407860994 ], [ 269034.639756237564143, 4920925.680332314223051 ], [ 266551.054583553748671, 4921954.860675767064095 ], [ 263617.776823758904357, 4926533.376453701406717 ], [ 263978.024739985179622, 4929197.257801334373653 ], [ 259327.556255569274072, 4941091.551478056237102 ], [ 257670.193712714652065, 4941525.83375215344131 ] ] ] } },
{ "type": "Feature", "properties": { "drag_region": "Central", "NAME": "Silver Bow", "NAMELSAD": "Silver Bow" }, "geometry": { "type": "Polygon", "coordinates": [ [ [ 333362.27555041492451, 4962408.708101646974683 ], [ 343911.841820216272026, 4963345.507237904705107 ], [ 342701.598275723459665, 4958021.478711823001504 ], [ 346770.43180595576996, 4953075.508329457603395 ], [ 346105.957552569452673, 4947168.022139947861433 ], [ 348315.646314775920473, 4946459.180000581778586 ], [ 348685.223342673678417, 4936140.935679224319756 ], [ 351086.684980188845657, 4930274.160351463593543 ], [ 350149.701671970426105, 4924562.265909287147224 ], [ 365638.849335852020886, 4916383.472392020747066 ], [ 367564.149840843048878, 4914445.254530147649348 ], [ 346334.025235146225896, 4914128.804688074626029 ], [ 343577.650040397245903, 4916089.312815447337925 ], [ 339227.869182309834287, 4907770.262190176174045 ], [ 328467.95497833105037, 4901399.746780917979777 ], [ 327470.461856087262277, 4907149.861104996874928 ], [ 324979.402596069732681, 4908349.154039167799056 ], [ 323174.116116462042555, 4915263.652010194025934 ], [ 318214.188248886843212, 4918239.537847280502319 ], [ 312090.941424879129045, 4919050.794981702230871 ], [ 310195.372683874797076, 4921483.681037832051516 ], [ 305472.835363290796522, 4922363.492810903117061 ], [ 298095.214620853250381, 4928377.62275252956897 ], [ 302860.793355082510971, 4929400.923653200268745 ], [ 310532.108555278740823, 4935418.444432051852345 ], [ 309876.123123385128565, 4942787.961189880035818 ], [ 314059.031965569593012, 4943260.508604657836258 ], [ 316689.299491033190861, 4948737.660669595003128 ], [ 322520.611019099014811, 4948604.601106784306467 ], [ 322738.305035297467839, 4958340.223090938292444 ], [ 330223.84377732174471, 4958177.287540178745985 ], [ 333362.27555041492451, 4962408.708101646974683 ] ] ] } },
{ "type": "Feature", "properties": { "drag_region": "Central", "NAME": "Madison", "NAMELSAD": "Madison" }, "geometry": { "type": "Polygon", "coordinates": [ [ [ 340237.720017641957384, 4889808.010765925981104 ], [ 350997.6342216207413, 4896178.526175184175372 ], [ 355347.415079708152916, 4904497.576800455339253 ], [ 358103.790274457132909, 4902537.068673082627356 ], [ 379333.914880153955892, 4902853.518515155650675 ], [ 383558.251401015906595, 4905369.627518558874726 ], [ 385897.855090436816681, 4913069.267379359342158 ], [ 392334.135018937464338, 4914988.087753016501665 ], [ 395381.419774431851692, 4913517.865465557202697 ], [ 399576.30979905492859, 4914708.514052513986826 ], [ 400934.599416738725267, 4911638.207608915865421 ], [ 406221.269701999204699, 4910625.502601915970445 ], [ 409262.325367554905824, 4908016.851100281812251 ], [ 415651.969652036845218, 4905092.233170234598219 ], [ 415622.65486703714123, 4901847.165404195897281 ], [ 420369.22677149559604, 4901806.107702221721411 ], [ 422018.536083304497879, 4898547.428565395064652 ], [ 425359.419289073674008, 4896994.449967614375055 ], [ 430066.854133745189756, 4890566.243957213126123 ], [ 444331.696343402611092, 4890391.711626631207764 ], [ 444470.789905379817355, 4858036.685521648265421 ], [ 442502.663313012686558, 4858045.52536485157907 ], [ 441911.022984276234638, 4791531.082033595070243 ], [ 439046.641253179754131, 4786964.445224996656179 ], [ 410044.971326122933533, 4786986.122684153728187 ], [ 410121.78234536171658, 4795001.944960786961019 ], [ 387408.157693496788852, 4795546.159791531972587 ], [ 387469.529767081839964, 4800222.10747324116528 ], [ 379525.949114042217843, 4800426.765745226293802 ], [ 379663.155914143659174, 4809969.623170624487102 ], [ 377963.222893896163441, 4809994.308791810646653 ], [ 377824.488521137216594, 4819827.754828525707126 ], [ 366791.898577295418363, 4819999.702979207038879 ], [ 366952.142478108522482, 4829733.705037202686071 ], [ 357066.211718036676757, 4829904.254022494889796 ], [ 357116.728735960437916, 4863793.700916047208011 ], [ 354129.889235341164749, 4869386.105397157371044 ], [ 348485.945839226013049, 4867966.70874216593802 ], [ 344580.301441660150886, 4869285.702001472003758 ], [ 339627.926438570022583, 4874161.882566769607365 ], [ 338623.534264995658305, 4879721.04184549394995 ], [ 340109.119481286266819, 4883699.85989466868341 ], [ 340237.720017641957384, 4889808.010765925981104 ] ] ] } },
{ "type": "Feature", "properties": { "drag_region": "East", "NAME": "Fallon", "NAMELSAD": "Fallon" }, "geometry": { "type": "Polygon", "coordinates": [ [ [ 1191021.416666887700558, 5167430.709022250957787 ], [ 1189476.799155307002366, 5186801.94170334469527 ], [ 1199085.11647627549246, 5187576.944376262836158 ], [ 1198828.521107994019985, 5190725.903499304316938 ], [ 1213370.278756260871887, 5191928.916613150388002 ], [ 1218446.422358001815155, 5190723.438913198187947 ], [ 1218713.267021872568876, 5187574.578387922607362 ], [ 1242327.304661048110574, 5189622.14097346086055 ], [ 1248337.988122067414224, 5118319.945482219569385 ], [ 1249761.877051048446447, 5105271.540193160064518 ], [ 1242800.645781953353435, 5104665.855416305363178 ], [ 1241966.974167509935796, 5114303.535283366218209 ], [ 1222212.129895870573819, 5112817.697836884297431 ], [ 1221432.3642690947745, 5122169.248466630466282 ], [ 1211716.997219874057919, 5121366.343082074075937 ], [ 1210974.553060730453581, 5130431.677237209863961 ], [ 1182425.678334966069087, 5128159.180221279151738 ], [ 1180904.920693789143115, 5147817.180471329949796 ], [ 1179247.245763798244298, 5147688.979734848253429 ], [ 1177801.29238774580881, 5166392.670870111323893 ], [ 1191021.416666887700558, 5167430.709022250957787 ] ] ] } },
{ "type": "Feature", "properties": { "drag_region": "Central", "NAME": "Carter", "NAMELSAD": "Carter" }, "geometry": { "type": "Polygon", "coordinates": [ [ [ 1051479.304680615663528, 4930960.570904339663684 ], [ 1054826.675613448955119, 4931214.429264394566417 ], [ 1051861.841493154410273, 4970053.685064378194511 ], [ 1084568.393174446187913, 4972645.922391556203365 ], [ 1085310.837333589792252, 4963580.588236420415342 ], [ 1095026.204382810508832, 4964383.493620976805687 ], [ 1095805.970009586308151, 4955031.942991230636835 ], [ 1115560.814281225670129, 4956517.780437712557614 ], [ 1116394.485895669087768, 4946880.100570651702583 ], [ 1123355.717164764180779, 4947485.785347506403923 ], [ 1132148.87280145729892, 4849603.421455083414912 ], [ 1130767.318569714436308, 4849099.78962158318609 ], [ 1053514.190066437004134, 4843211.44561664853245 ], [ 1050616.545462626498193, 4882337.68713114131242 ], [ 1054552.391544977901503, 4882631.302251285873353 ], [ 1051479.304680615663528, 4930960.570904339663684 ] ] ] } },
{ "type": "Feature", "properties": { "drag_region": "West", "NAME": "Hill", "NAMELSAD": "Hill" }, "geometry": { "type": "Polygon", "coordinates": [ [ [ 452996.142534771410283, 5513897.618701290339231 ], [ 494738.99600141227711, 5514196.065954585559666 ], [ 544615.456748930038884, 5515155.293586443178356 ], [ 544807.221576174837537, 5505510.566574779339135 ], [ 543755.341952065587975, 5505489.765384295023978 ], [ 544510.699159000185318, 5467007.669117736630142 ], [ 545132.271452879533172, 5462339.24624999333173 ], [ 547517.296477101859637, 5462386.635064112022519 ], [ 547680.183883544057608, 5454270.414058774709702 ], [ 545291.730107873794623, 5454223.01061689760536 ], [ 545417.292873110040091, 5447825.575184235349298 ], [ 543823.188105314737186, 5447794.525726215913892 ], [ 544040.887298371875659, 5436527.533590531907976 ], [ 541644.97778105805628, 5436481.781188322231174 ], [ 541796.36294229014311, 5428461.311023079790175 ], [ 543129.299828207236715, 5428486.611639661714435 ], [ 543313.34697917685844, 5418843.084946063347161 ], [ 528896.405870430869982, 5418395.276817071251571 ], [ 528733.521575565333478, 5428229.850291300565004 ], [ 519940.346798536018468, 5427804.379178931005299 ], [ 519795.293605009443127, 5437448.173925381153822 ], [ 462038.845390642527491, 5436967.567048985511065 ], [ 462086.056195874465629, 5427323.573987836949527 ], [ 452221.654630684526637, 5427283.842168678529561 ], [ 452996.142534771410283, 5513897.618701290339231 ] ] ] } },
{ "type": "Feature", "properties": { "drag_region": "East", "NAME": "Fergus", "NAMELSAD": "Fergus" }, "geometry": { "type": "Polygon", "coordinates": [ [ [ 636631.63082198984921, 5283328.382719283923507 ], [ 640693.875440325704403, 5283275.291702952235937 ], [ 646878.191603024490178, 5286973.606768000870943 ], [ 650352.986915590474382, 5290453.288477909751236 ], [ 652521.283541443408467, 5290098.748517452739179 ], [ 659211.583552929572761, 5295249.31719486694783 ], [ 664044.191292835981585, 5297419.745775470510125 ], [ 663936.570019599399529, 5304675.623425714671612 ], [ 665213.473333166446537, 5309469.441220785491168 ], [ 664568.413549952208996, 5316526.39409111533314 ], [ 673200.953261808725074, 5315611.838074808940291 ], [ 676641.131812069099396, 5319203.132919718511403 ], [ 686858.268411914352328, 5319864.347255839034915 ], [ 688998.101958686718717, 5320573.66292095836252 ], [ 695511.727952783578075, 5317932.737746701575816 ], [ 703762.763074600254185, 5322404.730710117146373 ], [ 706636.365728060831316, 5326288.881178976036608 ], [ 717420.772737695020624, 5325202.17021400295198 ], [ 722203.010048218420707, 5327612.481455013155937 ], [ 731368.611642722622491, 5326798.052988354116678 ], [ 733355.54417765175458, 5322934.069029061123729 ], [ 731553.812767608789727, 5319828.665044554509223 ], [ 735575.092607322032563, 5320510.113561701029539 ], [ 740763.177577450755052, 5317978.584801985882223 ], [ 743814.829115373082459, 5314912.163064604625106 ], [ 744738.244967859354801, 5310925.669338880106807 ], [ 747958.891598808811978, 5311496.907275154255331 ], [ 752374.626477985875681, 5308188.065520285628736 ], [ 756941.671274182619527, 5308900.380445890128613 ], [ 759958.792197960661724, 5307369.64150713942945 ], [ 763425.718509494443424, 5308721.619505948387086 ], [ 764574.949495552922599, 5306560.446068949997425 ], [ 769650.334532085456885, 5308254.759368479251862 ], [ 770827.352700376068242, 5305331.027432893402874 ], [ 773782.766945664421655, 5305812.108830674551427 ], [ 777922.015627831337042, 5303276.835440459661186 ], [ 779482.164529595756903, 5305051.083183569833636 ], [ 780240.812763658235781, 5275257.328051292337477 ], [ 778639.441555986646563, 5274437.784670118242502 ], [ 759384.236645416240208, 5273620.118148690089583 ], [ 759508.094364257878624, 5269610.698361200280488 ], [ 750006.298061308800243, 5269324.922099314630032 ], [ 750288.306783886975609, 5259683.241014978848398 ], [ 748928.681817083968781, 5259643.657764906063676 ], [ 749205.310251129907556, 5250097.551807807758451 ], [ 758738.02393968810793, 5250381.267646835185587 ], [ 759623.165922298212536, 5221362.027472115121782 ], [ 757981.004990316345356, 5221312.27060039434582 ], [ 758274.469090277678333, 5211575.788833506405354 ], [ 700424.441983888624236, 5210398.786680800840259 ], [ 700557.319422632921487, 5203907.688940459862351 ], [ 673387.131799995317124, 5203508.60021011903882 ], [ 672412.837225499446504, 5213041.373947567306459 ], [ 666622.079007967375219, 5215434.992132727988064 ], [ 666301.467408895608969, 5218581.100222424603999 ], [ 669038.819834282388911, 5218622.343388414941728 ], [ 668977.477546023903415, 5222631.677203080616891 ], [ 672208.631114546093158, 5225928.482121457345784 ], [ 671697.166875068447553, 5258099.61327925696969 ], [ 662995.473436359316111, 5257967.347403449006379 ], [ 662653.319837977061979, 5262832.199942061677575 ], [ 653144.872264056815766, 5262607.176710757426918 ], [ 653082.439420920447446, 5267476.006853599101305 ], [ 643308.941238244064152, 5267358.735258711501956 ], [ 643201.157294332166202, 5277001.063536951318383 ], [ 636696.135934263584204, 5276931.896288330666721 ], [ 636631.63082198984921, 5283328.382719283923507 ] ] ] } },
{ "type": "Feature", "properties": { "drag_region": "West", "NAME": "Chouteau", "NAMELSAD": "Chouteau" }, "geometry": { "type": "Polygon", "coordinates": [ [ [ 391711.709234315145295, 5386366.436048279516399 ], [ 434975.274972967803478, 5386394.750134952366352 ], [ 434953.79098361695651, 5396038.615531961433589 ], [ 450150.306353964784648, 5396092.724854526109993 ], [ 450103.09554873284651, 5405736.717915674671531 ], [ 507859.543763099762145, 5406217.324792070314288 ], [ 508004.596956626337487, 5396573.530045620165765 ], [ 516797.771733655652497, 5396999.001157989725471 ], [ 516960.656028521189, 5387164.427683760412037 ], [ 531377.597137267235667, 5387612.235812752507627 ], [ 531676.272969987010583, 5343587.304727826267481 ], [ 521459.136370141699445, 5342926.090391705743968 ], [ 518018.957819881325122, 5339334.795546796172857 ], [ 509386.418108024809044, 5340249.351563102565706 ], [ 510031.477891239046585, 5333192.398692772723734 ], [ 508754.574577671999577, 5328398.580897701904178 ], [ 508862.195850908581633, 5321142.703247457742691 ], [ 504029.588111002172809, 5318972.274666854180396 ], [ 497339.288099516008515, 5313821.705989439971745 ], [ 495170.99147366307443, 5314176.245949896983802 ], [ 491696.196161097090226, 5310696.564239988103509 ], [ 485511.879998398304451, 5306998.249174939468503 ], [ 449501.280508585798088, 5306815.964405540376902 ], [ 449215.157558688602876, 5310156.206848963163793 ], [ 439744.601088219031226, 5310024.800265599042177 ], [ 439718.065998073958326, 5318903.719731879420578 ], [ 432423.10056758968858, 5318790.981572568416595 ], [ 430527.401212569151539, 5321843.133052024058998 ], [ 427017.176474257546943, 5321266.362209976650774 ], [ 418378.402734655712266, 5326994.101501728408039 ], [ 424041.072015804063994, 5338068.215572049841285 ], [ 391455.522314345056657, 5338149.412182376720011 ], [ 391711.709234315145295, 5386366.436048279516399 ] ] ] } },
{ "type": "Feature", "properties": { "drag_region": "East", "NAME": "McCone", "NAMELSAD": "McCone" }, "geometry": { "type": "Polygon", "coordinates": [ [ [ 1046512.100939975818619, 5380804.806641907431185 ], [ 1053351.725577150005847, 5382993.610236700624228 ], [ 1057153.268198604695499, 5386323.142876664176583 ], [ 1061176.769968056119978, 5386410.585170316509902 ], [ 1060442.580803531687707, 5389236.426982913166285 ], [ 1066541.301490574842319, 5390336.097705160267651 ], [ 1069335.506043666508049, 5388807.994210102595389 ], [ 1071234.372361844638363, 5392300.901198540814221 ], [ 1075042.809786687139422, 5391615.684444772079587 ], [ 1084097.493032389087602, 5392661.259496682323515 ], [ 1085011.889820390380919, 5391193.630057599395514 ], [ 1091605.564935776405036, 5392837.137701052241027 ], [ 1094464.645017862785608, 5390557.51670812536031 ], [ 1096129.709390197182074, 5368513.416898709721863 ], [ 1093178.557940465630963, 5368291.616627281531692 ], [ 1093828.587695030728355, 5359607.51034682802856 ], [ 1084155.480041310889646, 5358892.059187327511609 ], [ 1086265.426141637843102, 5329976.212906786240637 ], [ 1083031.695656230673194, 5329645.713883912190795 ], [ 1085816.634771677432582, 5290995.648727862164378 ], [ 1053465.071249487344176, 5288760.336186177097261 ], [ 1054116.69641975639388, 5278930.296997050754726 ], [ 1044312.953542800387368, 5278289.043386030010879 ], [ 1043949.57162165385671, 5288136.823310219682753 ], [ 1027908.83279632544145, 5287120.648069738410413 ], [ 1026712.152450891910121, 5306399.87052087392658 ], [ 1016962.304334414890036, 5305706.187837576493621 ], [ 1015782.939037143019959, 5325176.78581622056663 ], [ 1018753.943686986807734, 5325357.757101853378117 ], [ 1016441.611011639470235, 5363058.533376364968717 ], [ 1009196.57039204519242, 5362617.546237903647125 ], [ 1008336.093680763151497, 5372432.487867238000035 ], [ 1004044.360238666413352, 5372271.20768273063004 ], [ 1002843.774582461686805, 5378904.856166903860867 ], [ 1004692.994803540175781, 5383900.382205878384411 ], [ 1010614.972313340287656, 5383587.31676862668246 ], [ 1017500.296335250837728, 5380752.999399976804852 ], [ 1025227.764649055665359, 5381716.68972057569772 ], [ 1024059.101267375051975, 5378959.605775643140078 ], [ 1027781.258135562762618, 5379579.142527788877487 ], [ 1028139.568818579427898, 5382381.187936599366367 ], [ 1033692.925746410852298, 5379575.955573328770697 ], [ 1034303.487954428652301, 5382586.779402618296444 ], [ 1040937.083583266474307, 5379762.562431746162474 ], [ 1042053.551151435589418, 5383191.587859747931361 ], [ 1046512.100939975818619, 5380804.806641907431185 ] ] ] } },
{ "type": "Feature", "properties": { "drag_region": "East", "NAME": "Valley", "NAMELSAD": "Valley" }, "geometry": { "type": "Polygon", "coordinates": [ [ [ 922865.852687462233007, 5505963.923748387023807 ], [ 1000812.127603581408039, 5510347.847044525668025 ], [ 1001446.175966608803719, 5500516.622402695938945 ], [ 998554.601934179197997, 5500331.016952623613179 ], [ 999170.472560914233327, 5490690.652978261932731 ], [ 1008650.197490892140195, 5491303.965584470890462 ], [ 1010542.206613776274025, 5462383.85910951346159 ], [ 1026688.08297324529849, 5463461.352063125930727 ], [ 1029290.465835696319118, 5425189.621596251614392 ], [ 1026359.104202481918037, 5424991.588376853615046 ], [ 1027917.332224814686924, 5401799.5339948348701 ], [ 1023458.782436274457723, 5404186.315212675370276 ], [ 1022342.314868105342612, 5400757.289784673601389 ], [ 1015708.719239267520607, 5403581.506755545735359 ], [ 1015098.157031249720603, 5400570.682926256209612 ], [ 1009544.800103418296203, 5403375.915289526805282 ], [ 1009186.489420401630923, 5400573.869880716316402 ], [ 1005464.33255221392028, 5399954.333128570578992 ], [ 1006632.995933894533664, 5402711.417073503136635 ], [ 998905.527620089706033, 5401747.726752904243767 ], [ 992020.203598179155961, 5404582.044121554121375 ], [ 986098.226088379044086, 5404895.109558805823326 ], [ 984249.00586730055511, 5399899.583519831299782 ], [ 985449.591523505281657, 5393265.935035658068955 ], [ 983142.826165963429958, 5395906.798596910201013 ], [ 979282.85257161129266, 5392997.95989694353193 ], [ 980254.208549475297332, 5390181.500401318073273 ], [ 977226.309461718425155, 5386748.752364615909755 ], [ 978996.498644872801378, 5384074.226006472483277 ], [ 975213.705526260891929, 5379641.478791204281151 ], [ 972613.735412216046825, 5373268.15817819070071 ], [ 968818.593841812340543, 5373627.84917623270303 ], [ 964629.837852120399475, 5371382.941167910583317 ], [ 963248.691143500851467, 5367093.741323720663786 ], [ 953547.654745981330052, 5366853.468699106946588 ], [ 952553.368143264669925, 5360195.371574708260596 ], [ 942940.614657734520733, 5358064.425801845267415 ], [ 935093.747521313372999, 5358334.994625773280859 ], [ 924898.280769044999033, 5356970.831953333690763 ], [ 922372.449983927188441, 5358953.908627034164965 ], [ 912349.226472567068413, 5359724.667368124239147 ], [ 911428.029386544134468, 5379580.18237316608429 ], [ 912233.12072166800499, 5379617.643748054280877 ], [ 910426.512604559771717, 5418279.660954329185188 ], [ 913092.067764731124043, 5418405.182323226705194 ], [ 912635.463599396403879, 5428047.000370751135051 ], [ 920618.485835887026042, 5428430.92920976318419 ], [ 920133.677508821245283, 5438359.088473997078836 ], [ 917211.713550265878439, 5438217.061249766498804 ], [ 916745.232862906064838, 5447858.96878095343709 ], [ 919927.385535379638895, 5448013.925701123662293 ], [ 920260.931418655440211, 5452049.429825132712722 ], [ 924543.576878163730726, 5451400.029230681248009 ], [ 923156.20639423886314, 5457934.311431123875082 ], [ 921248.371159463888034, 5496216.198398164473474 ], [ 923351.63217907352373, 5496321.692662913352251 ], [ 922865.852687462233007, 5505963.923748387023807 ] ] ] } },
{ "type": "Feature", "properties": { "drag_region": "Central", "NAME": "Treasure", "NAMELSAD": "Treasure" }, "geometry": { "type": "Polygon", "coordinates": [ [ [ 783200.120037441025488, 5007109.193248078227043 ], [ 826445.464710136409849, 5009146.768594715744257 ], [ 828177.381634113495238, 5007604.578408226370811 ], [ 828567.975209222175181, 4999587.28283728659153 ], [ 838229.512079352047294, 4999969.724914701655507 ], [ 838723.470481552183628, 4990139.141337310895324 ], [ 840386.434279637644067, 4990127.181337517686188 ], [ 841348.67488975438755, 4971038.920222741551697 ], [ 846601.360432784655131, 4971592.657756955362856 ], [ 848112.847446070518345, 4942006.522873767651618 ], [ 839199.065425603184849, 4941558.605818293057382 ], [ 838962.640012238873169, 4946330.537740333005786 ], [ 829499.03521710052155, 4945868.766127434559166 ], [ 829265.186197249102406, 4950736.179768143221736 ], [ 809796.557030657073483, 4949831.30260356888175 ], [ 809363.461328239180148, 4959470.848811725154519 ], [ 802698.924417984671891, 4959174.819053943268955 ], [ 805439.942862349445932, 4966372.309173833578825 ], [ 805646.115349540021271, 4974223.275718436576426 ], [ 802250.50803632917814, 4975698.57800426799804 ], [ 800308.903309419983998, 4982020.374284925870597 ], [ 797195.470450789667666, 4983510.396633864380419 ], [ 797054.886153647908941, 4986755.512128732167184 ], [ 793668.281866545090452, 4988235.240852664224803 ], [ 793463.968015065882355, 4993007.506815948523581 ], [ 790081.663903525099158, 4994489.071459226310253 ], [ 789944.38430827180855, 4997734.238092966377735 ], [ 786841.412797903059982, 4999229.163366355001926 ], [ 783200.120037441025488, 5007109.193248078227043 ] ] ] } },
{ "type": "Feature", "properties": { "drag_region": "Central", "NAME": "Stillwater", "NAMELSAD": "Stillwater" }, "geometry": { "type": "Polygon", "coordinates": [ [ [ 626314.712961682584137, 4935190.221589985303581 ], [ 626488.692635532934219, 4954386.093047818168998 ], [ 664473.14983263425529, 4955261.684165244922042 ], [ 664974.071696351398714, 4936077.041981991380453 ], [ 666642.81274759513326, 4936120.776163284666836 ], [ 667171.006174959242344, 4905380.914325525984168 ], [ 668848.041881358949468, 4905425.036524368450046 ], [ 672138.434189941151999, 4897490.135355826467276 ], [ 665163.942195077310316, 4896446.85604193713516 ], [ 662046.375574502861127, 4897895.272352473810315 ], [ 654580.418726976029575, 4893986.589726185426116 ], [ 650089.224960204097442, 4894357.559448329731822 ], [ 650256.303754279855639, 4887199.631139327771962 ], [ 645210.861316064372659, 4887083.958367547951639 ], [ 645356.960939885815606, 4880594.16220563556999 ], [ 632451.640547405579127, 4880221.567790520377457 ], [ 627713.418896231101826, 4878503.413480914197862 ], [ 626090.52092033077497, 4875321.061571993865073 ], [ 623001.603533218847588, 4875261.88759605307132 ], [ 621377.219073838787153, 4871985.390773040242493 ], [ 614746.529132875730284, 4865469.114585815928876 ], [ 613115.133353878976777, 4862194.918184631504118 ], [ 613199.154689327348024, 4857327.7251344518736 ], [ 607003.901792428689077, 4857223.852456103079021 ], [ 607173.080478059942834, 4846821.536510697565973 ], [ 598429.058711428195238, 4846685.467130813747644 ], [ 598421.961785258725286, 4847162.634126240387559 ], [ 577550.698889949708246, 4846886.526375754736364 ], [ 577322.599738544318825, 4866546.119122670032084 ], [ 587725.854611722985283, 4866675.58645698428154 ], [ 587469.655069860629737, 4885954.007098625414073 ], [ 597000.132401140639558, 4886088.095402273349464 ], [ 596927.923526571597904, 4890955.505616515874863 ], [ 606732.646169315907173, 4891013.229642073623836 ], [ 606652.756725370883942, 4895880.670569882728159 ], [ 616168.550074947532266, 4896044.157714814879 ], [ 615541.404272474348545, 4915413.796107042580843 ], [ 616936.439150992664509, 4915438.994400612078607 ], [ 616759.367750818724744, 4925174.250153788365424 ], [ 620103.986636768328026, 4925140.555105682462454 ], [ 619641.469933054759167, 4934966.175523170270026 ], [ 626314.712961682584137, 4935190.221589985303581 ] ] ] } },
{ "type": "Feature", "properties": { "drag_region": "West", "NAME": "Lake", "NAMELSAD": "Lake" }, "geometry": { "type": "Polygon", "coordinates": [ [ [ 58539.214762936229818, 5348232.775589117780328 ], [ 67946.473233826371143, 5347801.492284206673503 ], [ 68372.327688884630334, 5357252.113010188564658 ], [ 67298.96727637713775, 5357300.612323688343167 ], [ 67735.817604984738864, 5366942.231388424523175 ], [ 101762.441838764934801, 5365595.972326126880944 ], [ 99082.50048458063975, 5372395.527606019750237 ], [ 102685.133544380485546, 5375407.994335575960577 ], [ 113653.804747245914768, 5375082.231108142063022 ], [ 116292.483546302944887, 5366762.46466450765729 ], [ 119245.488735084712971, 5366845.442915528081357 ], [ 123679.439517374441493, 5363340.151769750751555 ], [ 129317.671737708675209, 5355686.826579592190683 ], [ 128446.544675073237158, 5353805.298727815970778 ], [ 129706.179442938882858, 5343534.656249549239874 ], [ 128790.991195492562838, 5340411.983034851029515 ], [ 133274.593921967083588, 5337583.183632407337427 ], [ 132786.855470948503353, 5331100.516602735035121 ], [ 130394.18283977516694, 5324204.478602856397629 ], [ 106923.553276740480214, 5325049.643058560788631 ], [ 109533.174570298637263, 5315391.290671256370842 ], [ 106127.293794331140816, 5311217.906829486601055 ], [ 109524.919745904626325, 5307935.159247728995979 ], [ 111730.732297139824368, 5301639.669890563003719 ], [ 110223.994917055708356, 5297585.037317035719752 ], [ 111308.049426009238232, 5290184.447772132232785 ], [ 114780.586545726866461, 5288528.081881550140679 ], [ 114678.963808953412808, 5278208.661908380687237 ], [ 106249.319778260891326, 5278519.495604739524424 ], [ 106066.393876775342505, 5273651.161162285134196 ], [ 86744.114489989296999, 5274408.516716470941901 ], [ 85855.288246334181167, 5279321.30632521212101 ], [ 86647.825382741924841, 5298603.616325064562261 ], [ 80143.17806048411876, 5298874.950968725606799 ], [ 75429.339870971394703, 5302901.466460607945919 ], [ 77963.668529012036743, 5311399.630673827603459 ], [ 80942.673390385112725, 5311368.495650226250291 ], [ 79994.744561591214733, 5314564.489553441293538 ], [ 73715.456870273832465, 5313400.171522579155862 ], [ 75344.531116545316763, 5319737.157028328627348 ], [ 78123.060458189924248, 5321434.38190227933228 ], [ 76717.630073530046502, 5326468.011020426638424 ], [ 59183.702138854016084, 5327252.371822916902602 ], [ 59926.152886183350347, 5343289.338609699159861 ], [ 58539.214762936229818, 5348232.775589117780328 ] ] ] } },
{ "type": "Feature", "properties": { "drag_region": "West", "NAME": "Missoula", "NAMELSAD": "Missoula" }, "geometry": { "type": "Polygon", "coordinates": [ [ [ 42402.0484281348472, 5267840.977288393303752 ], [ 49115.851872215484036, 5265986.679520727135241 ], [ 50844.444873255124548, 5268009.318001840263605 ], [ 59972.840774865384446, 5265384.224501604214311 ], [ 68162.239584449009271, 5259850.544263477437198 ], [ 70349.063172150985338, 5260041.01162242796272 ], [ 76164.188821279996773, 5255963.232125760987401 ], [ 75262.124300066177966, 5253993.726529286243021 ], [ 82980.250364607694792, 5249555.117161855101585 ], [ 87958.322955724230269, 5251262.174598813988268 ], [ 107280.602342510275776, 5250504.819044628180563 ], [ 107463.528243995824596, 5255373.153487082570791 ], [ 115893.172274688346079, 5255062.319790723733604 ], [ 115994.795011461799731, 5265381.739763893187046 ], [ 112522.257891744171502, 5267038.105654475279152 ], [ 111438.203382790641626, 5274438.695199378766119 ], [ 112944.940762874757638, 5278493.327772906050086 ], [ 110739.128211639559595, 5284788.817130072042346 ], [ 107341.502260066074086, 5288071.564711829647422 ], [ 110747.383036033570534, 5292244.94855359941721 ], [ 108137.761742475413484, 5301903.300940903834999 ], [ 144288.152202717057662, 5300640.932629582472146 ], [ 142804.996487862052163, 5253863.854458533227444 ], [ 155314.48160689251381, 5253481.803629171103239 ], [ 154180.683561725280015, 5214916.376766068860888 ], [ 145421.785210119880503, 5215179.568592268973589 ], [ 145318.973206788912648, 5211838.614495018497109 ], [ 140389.361615326808533, 5211992.307106412947178 ], [ 140187.428778681758558, 5205596.825789107941091 ], [ 135252.567902067356044, 5205754.59724669996649 ], [ 134601.983266128081596, 5202622.394554500468075 ], [ 125824.330512003361946, 5202913.722188884392381 ], [ 125604.262440176767996, 5196422.92145234439522 ], [ 74816.730099632375641, 5198645.416187173686922 ], [ 72660.901865164545598, 5199693.317518590018153 ], [ 65426.762922145455377, 5197807.126054610125721 ], [ 64239.921805099613266, 5195851.025579179637134 ], [ 58260.606091173394816, 5197552.062274720519781 ], [ 54633.449539831577567, 5196473.24108115490526 ], [ 50995.288322438806063, 5201136.100068997591734 ], [ 52813.801659308228409, 5204782.484093808569014 ], [ 48855.076232096209424, 5208314.195221300236881 ], [ 48908.674347509193467, 5209459.571285517886281 ], [ 58503.177854016277706, 5209018.248439684510231 ], [ 59208.565556467074202, 5218550.798849047161639 ], [ 57840.103874941443792, 5218612.828941673971713 ], [ 58495.768813204747858, 5233025.828681398183107 ], [ 61731.31798419894767, 5238044.199741321615875 ], [ 67380.044058920553653, 5235975.194439869374037 ], [ 69981.912334275286412, 5239208.258649045601487 ], [ 65072.849718283308903, 5239424.806281281635165 ], [ 65293.935109128797194, 5244388.333865865133703 ], [ 59026.531574789289152, 5244670.916089155711234 ], [ 57676.432941842154833, 5250950.117272049188614 ], [ 54409.934088848618558, 5251101.067075729370117 ], [ 53004.422841201681877, 5256045.281141753308475 ], [ 48457.945933437527856, 5257886.156694499775767 ], [ 48689.715188600908732, 5262754.222384406253695 ], [ 43799.454188222036464, 5262989.163272957317531 ], [ 42402.0484281348472, 5267840.977288393303752 ] ] ] } },
{ "type": "Feature", "properties": { "drag_region": "West", "NAME": "Powell", "NAMELSAD": "Powell" }, "geometry": { "type": "Polygon", "coordinates": [ [ [ 169059.039558968361234, 5293882.350886246189475 ], [ 179563.466715340822702, 5292984.323069951497018 ], [ 193323.995111591444584, 5292587.70803863927722 ], [ 195165.164589081337908, 5280881.399101472459733 ], [ 199483.26941643745522, 5280478.830341443419456 ], [ 198577.849048732110532, 5246206.955788183957338 ], [ 218423.721133319631917, 5245430.724960549734533 ], [ 217543.785033430118347, 5207055.38789476826787 ], [ 237257.753358697897056, 5206923.575430025346577 ], [ 236964.729368120577419, 5191936.637077594175935 ], [ 246568.736863380559953, 5191756.735494995489717 ], [ 246483.172727744939039, 5186983.878901816904545 ], [ 253348.637668996030698, 5186864.755637293681502 ], [ 255451.604826731636422, 5181100.889707254245877 ], [ 253471.593362702435115, 5177791.799683067947626 ], [ 255317.034293165750569, 5172891.703873664140701 ], [ 254178.078185371676227, 5170618.924733425490558 ], [ 253738.006560251145856, 5160696.27584095671773 ], [ 250637.289312229404459, 5156833.765118174254894 ], [ 246499.192274947214173, 5157001.290158959105611 ], [ 242517.926335204654606, 5150675.815628447569907 ], [ 239229.751531251735287, 5152169.386036057956517 ], [ 233624.29260870438884, 5148171.983679025433958 ], [ 234367.108663305145456, 5143764.882311689667404 ], [ 197585.614944129629293, 5144789.911637146025896 ], [ 198653.000495981454151, 5196818.76223773509264 ], [ 192827.815424030442955, 5194489.018775542266667 ], [ 188219.753089210629696, 5196620.76810195390135 ], [ 188565.192014206986642, 5199190.492806152440608 ], [ 184271.436825746117393, 5202558.793537996709347 ], [ 181669.453649585862877, 5207409.981447353027761 ], [ 178951.570917976583587, 5208157.795022732578218 ], [ 180085.368963143817382, 5246723.221885834820569 ], [ 167575.883844113355735, 5247105.272715196944773 ], [ 169059.039558968361234, 5293882.350886246189475 ] ] ] } },
{ "type": "Feature", "properties": { "drag_region": "West", "NAME": "Glacier", "NAMELSAD": "Glacier" }, "geometry": { "type": "Polygon", "coordinates": [ [ [ 130420.554348453035345, 5515578.914905297569931 ], [ 157975.159962536214152, 5514340.998857219703496 ], [ 267712.597686709021218, 5511722.666297679767013 ], [ 267336.02871511480771, 5453751.650614834390581 ], [ 264163.665770810446702, 5454470.266628994606435 ], [ 238436.932171072665369, 5454941.93539126496762 ], [ 238039.942745141306659, 5435654.308279034681618 ], [ 180824.331691853440134, 5437118.397509309463203 ], [ 178264.177843775687506, 5440446.729116376489401 ], [ 181563.61951268275152, 5443881.018369416706264 ], [ 180414.074933901283657, 5449745.947815542109311 ], [ 178000.532548664166825, 5449056.276539975777268 ], [ 171507.164282547862967, 5453755.006379304453731 ], [ 172630.117015687545063, 5455630.244752317667007 ], [ 172892.020940753718605, 5463745.933434346690774 ], [ 167469.571508126071421, 5468129.349998257122934 ], [ 162934.345994316827273, 5467230.704191916622221 ], [ 152239.152200998418266, 5472003.143678418360651 ], [ 155881.169764075457351, 5485065.679706287570298 ], [ 151388.43085332584451, 5492301.982423725537956 ], [ 152518.782457601482747, 5494364.233958338387311 ], [ 150003.472266690892866, 5497706.66857813578099 ], [ 141588.853847561957082, 5498309.024147904478014 ], [ 138303.460514736565528, 5495184.527077900245786 ], [ 134671.894043777283514, 5496761.018501506187022 ], [ 135552.135350364580518, 5499021.349801172502339 ], [ 130974.726165809523081, 5503219.845820048823953 ], [ 134229.981556417158572, 5505576.213541209697723 ], [ 131959.134367083286634, 5508057.53075912874192 ], [ 133673.052911403443431, 5511431.739704080857337 ], [ 130420.554348453035345, 5515578.914905297569931 ] ] ] } },
{ "type": "Feature", "properties": { "drag_region": "Central", "NAME": "Rosebud", "NAMELSAD": "Rosebud" }, "geometry": { "type": "Polygon", "coordinates": [ [ [ 778761.918887086561881, 5048760.712767750956118 ], [ 811047.28269858926069, 5050126.762257046066225 ], [ 811008.607644249801524, 5050985.813321879133582 ], [ 868176.12273798615206, 5053929.672266021370888 ], [ 868264.740462841116823, 5052307.115744108334184 ], [ 916413.720514854998328, 5055227.137585897929966 ], [ 914052.414303712197579, 5053450.777808710001409 ], [ 916452.697708500665613, 5014798.272362831048667 ], [ 913698.2559949796414, 5014628.345018392428756 ], [ 916332.605232851579785, 4976184.2132463240996 ], [ 913283.415870376979001, 4975998.502729621715844 ], [ 915626.700925015727989, 4937251.721578187309206 ], [ 912279.222284306888469, 4937050.781090879812837 ], [ 912769.285422897315584, 4933536.375467714853585 ], [ 915171.1139049945632, 4888475.08468787651509 ], [ 911516.231091277324595, 4888259.377008996903896 ], [ 912635.464033131371252, 4869172.96228429954499 ], [ 874283.349808964529075, 4867043.950520499609411 ], [ 873270.290977776632644, 4886321.368464224971831 ], [ 876372.958083891775459, 4886294.024942038580775 ], [ 874471.666273921378888, 4921986.547209840267897 ], [ 860151.482928296667524, 4922482.07290262915194 ], [ 859560.551236091996543, 4934029.928658116608858 ], [ 862350.234716205508448, 4934173.439208196476102 ], [ 862098.652616534964181, 4939040.742009796202183 ], [ 857359.9238721531583, 4938797.533950880169868 ], [ 855629.594766561174765, 4972678.372889629565179 ], [ 850376.909223530907184, 4972124.63535541575402 ], [ 849414.668613414163701, 4991212.896470191888511 ], [ 847751.704815328703262, 4991224.856469985097647 ], [ 847257.746413128566928, 5001055.44004737585783 ], [ 837596.209542998694815, 5000672.997969960793853 ], [ 837205.615967890014872, 5008690.293540900573134 ], [ 835473.699043912929483, 5010232.48372738994658 ], [ 792228.354371217545122, 5008194.908380752429366 ], [ 788860.286210568971001, 5009586.364835542626679 ], [ 787758.634625566075556, 5009541.530972924083471 ], [ 787300.91035324416589, 5020804.469969738274813 ], [ 784002.115153209073469, 5020671.19873121753335 ], [ 787198.543496428406797, 5030074.276642941869795 ], [ 784624.210054773371667, 5032551.220319038257003 ], [ 784114.906474345712923, 5038362.65504842158407 ], [ 782815.164211117080413, 5043377.430618030019104 ], [ 778761.918887086561881, 5048760.712767750956118 ] ] ] } },
{ "type": "Feature", "properties": { "drag_region": "Central", "NAME": "Sweet Grass", "NAMELSAD": "Sweet Grass" }, "geometry": { "type": "Polygon", "coordinates": [ [ [ 554958.47758004849311, 4960845.634071358479559 ], [ 554922.272329720552079, 4964854.555968067608774 ], [ 603368.66007432132028, 4965293.059083918109536 ], [ 603531.959212175686844, 4955652.676974782720208 ], [ 607413.616539862356149, 4955719.608715280890465 ], [ 607584.443677798029967, 4945983.925771989859641 ], [ 622024.861662705661729, 4946254.060660612769425 ], [ 621934.452748157083988, 4936799.368222344666719 ], [ 615261.209719529259019, 4936575.322155529633164 ], [ 615723.726423242827877, 4926749.701738041825593 ], [ 612379.107537293224595, 4926783.396786147728562 ], [ 612556.17893746716436, 4917048.141032971441746 ], [ 611161.144058948848397, 4917022.942739401943982 ], [ 611788.289861422032118, 4897653.304347174242139 ], [ 602272.496511845383793, 4897489.817202242091298 ], [ 602352.385955790407024, 4892622.376274432986975 ], [ 592547.663313046097755, 4892564.652248875238001 ], [ 592619.87218761513941, 4887697.242034632712603 ], [ 583089.394856335129589, 4887563.153730984777212 ], [ 583345.594398197485134, 4868284.733089343644679 ], [ 572942.339525018818676, 4868155.265755029395223 ], [ 573170.438676424208097, 4848495.673008114099503 ], [ 560196.406691428041086, 4848358.634128613397479 ], [ 560008.557405649102293, 4868018.23324275482446 ], [ 560852.065110130351968, 4868026.361762074753642 ], [ 560100.843284592614509, 4916507.15871271584183 ], [ 554520.841382905724458, 4916455.364144749939442 ], [ 554177.535543272155337, 4955206.648771469481289 ], [ 554958.47758004849311, 4960845.634071358479559 ] ] ] } },
{ "type": "Feature", "properties": { "drag_region": "West", "NAME": "Pondera", "NAMELSAD": "Pondera" }, "geometry": { "type": "Polygon", "coordinates": [ [ [ 196026.490777960105333, 5419891.755098006688058 ], [ 253242.101831247971859, 5418427.665867731906474 ], [ 253639.091257179330569, 5437715.292979962192476 ], [ 279365.824856917082798, 5437243.624217691831291 ], [ 282538.187801221443806, 5436525.008203531615436 ], [ 290708.945762002491392, 5432679.611598549410701 ], [ 296806.518851770146284, 5432024.323874856345356 ], [ 296742.232546333805658, 5427059.042257625609636 ], [ 311354.487710439658258, 5426793.250174854882061 ], [ 311304.026445105671883, 5421923.461570580489933 ], [ 320877.476239976589568, 5421832.361831533722579 ], [ 320752.550379913416691, 5407414.135672515258193 ], [ 339681.474141750310082, 5407281.687248553149402 ], [ 339543.583942828292493, 5381405.961750651709735 ], [ 296690.276345676684286, 5381507.023261055350304 ], [ 296773.205917678016704, 5387999.641642214730382 ], [ 291957.862854965904262, 5388063.195311811752617 ], [ 292024.196324489603285, 5392932.691066368483007 ], [ 282403.17563796514878, 5393167.373461716808379 ], [ 282476.271515034663025, 5397941.402184838429093 ], [ 220254.256706486805342, 5399328.319841048680246 ], [ 217553.243941734021064, 5398253.178490029647946 ], [ 216572.006229232240003, 5401527.959090209566057 ], [ 211462.922152354440186, 5400329.761100913397968 ], [ 207307.766828289895784, 5404555.328244912438095 ], [ 204358.939212888071779, 5404162.35960219334811 ], [ 204072.761680995230563, 5412675.263538139872253 ], [ 200136.01464355783537, 5414798.151015384122729 ], [ 196026.490777960105333, 5419891.755098006688058 ] ] ] } },
{ "type": "Feature", "properties": { "drag_region": "East", "NAME": "Daniels", "NAMELSAD": "Daniels" }, "geometry": { "type": "Polygon", "coordinates": [ [ [ 1026420.965254603768699, 5531055.348084077239037 ], [ 1103557.861721780383959, 5536574.110903498716652 ], [ 1104329.515846553025767, 5526745.303411859087646 ], [ 1105643.539691629586741, 5526848.554102275520563 ], [ 1107914.405345005448908, 5497934.748744715936482 ], [ 1112669.59955306397751, 5498309.508667826652527 ], [ 1113432.776865871390328, 5488671.698786503635347 ], [ 1036151.04426479851827, 5483091.360149065032601 ], [ 1034259.03514191438444, 5512011.466624022461474 ], [ 1024779.310211936477572, 5511398.154017813503742 ], [ 1024163.439585201442242, 5521038.51799217518419 ], [ 1027055.013617631164379, 5521224.123442247509956 ], [ 1026420.965254603768699, 5531055.348084077239037 ] ] ] } },
{ "type": "Feature", "properties": { "drag_region": "Central", "NAME": "Park", "NAMELSAD": "Park" }, "geometry": { "type": "Polygon", "coordinates": [ [ [ 489137.954630235559307, 4824022.785968882963061 ], [ 489712.555071777664125, 4843395.226800826378167 ], [ 489721.461097336024977, 4862863.98092688806355 ], [ 498999.633751602610573, 4862866.553018022328615 ], [ 498980.083492623234633, 4882145.0279282014817 ], [ 503745.11992015154101, 4882151.677852723747492 ], [ 503732.064415839209687, 4889500.557982082478702 ], [ 508491.512919587548822, 4889510.828512931242585 ], [ 508436.427809513872489, 4911176.204405105672777 ], [ 508994.42054525722051, 4911177.650534531101584 ], [ 508656.946223589475267, 4933702.063107416033745 ], [ 509428.90367633884307, 4956325.681778297759593 ], [ 538232.956951727624983, 4956472.469041854143143 ], [ 538239.353986259433441, 4955613.415596041828394 ], [ 547934.370106563903391, 4955693.276132467202842 ], [ 547153.428069787565619, 4950054.290832578204572 ], [ 547496.73390942113474, 4911303.006205858662724 ], [ 553076.735811108024791, 4911354.800773824565113 ], [ 553827.95763664576225, 4862874.003823183476925 ], [ 552984.449932164512575, 4862865.875303863547742 ], [ 553172.299217943451367, 4843206.276189722120762 ], [ 587017.594098248635419, 4843619.42281970847398 ], [ 587298.223846204695292, 4824723.87319315969944 ], [ 562685.337635259027593, 4824597.20707786642015 ], [ 555621.015595566947013, 4823760.066908989101648 ], [ 542886.399544412153773, 4824124.309518574737012 ], [ 539780.282385349622928, 4823337.12442210689187 ], [ 515732.717985375784338, 4823013.947520664893091 ], [ 509505.248645705229137, 4824139.618093368597329 ], [ 489137.954630235559307, 4824022.785968882963061 ] ] ] } },
{ "type": "Feature", "properties": { "drag_region": "East", "NAME": "Prairie", "NAMELSAD": "Prairie" }, "geometry": { "type": "Polygon", "coordinates": [ [ [ 1049452.57128394767642, 5260668.880371890030801 ], [ 1059240.093096277909353, 5261294.127174689434469 ], [ 1059603.475017424440011, 5251446.347250499762595 ], [ 1069407.217894380679354, 5252087.600861520506442 ], [ 1068755.592724111396819, 5261917.640050646848977 ], [ 1107087.916814533062279, 5264585.743758521974087 ], [ 1108733.410021076677367, 5241968.586277406662703 ], [ 1118557.66997293010354, 5242690.341279895044863 ], [ 1119039.584439213387668, 5236201.138895502313972 ], [ 1128874.480014297179878, 5236939.355476343072951 ], [ 1132120.097331861965358, 5234019.080064052715898 ], [ 1132367.812850932125002, 5230774.546222101897001 ], [ 1164645.762119887163863, 5233230.350869898684323 ], [ 1166225.559009582735598, 5210497.400390052236617 ], [ 1156617.241688614012673, 5209722.397717134095728 ], [ 1157005.715912848012522, 5204855.744091458618641 ], [ 1147389.410598215414211, 5204096.165237959474325 ], [ 1147769.766450574854389, 5199229.434911567717791 ], [ 1138138.187089361716062, 5198580.705824623815715 ], [ 1138386.388317360077053, 5195336.17173245921731 ], [ 1118845.196750183356926, 5193969.50446489173919 ], [ 1118607.575158832827583, 5197214.12498976290226 ], [ 1102651.838377573527396, 5196162.493059922941029 ], [ 1102429.481595578836277, 5199311.750009034760296 ], [ 1099124.747527344385162, 5199175.174888947978616 ], [ 1098676.49418055661954, 5205569.151919796131551 ], [ 1092087.511816935846582, 5205110.644109987653792 ], [ 1091421.620432001305744, 5214749.422123329713941 ], [ 1088406.525735927280039, 5214541.740276591852307 ], [ 1087738.006676787743345, 5224276.009222466498613 ], [ 1071324.993913574842736, 5223074.838251604698598 ], [ 1071110.912252131151035, 5226319.674192042089999 ], [ 1051697.199273228878155, 5224974.457084621302783 ], [ 1049452.57128394767642, 5260668.880371890030801 ] ] ] } },
{ "type": "Feature", "properties": { "drag_region": "Central", "NAME": "Big Horn", "NAMELSAD": "Big Horn" }, "geometry": { "type": "Polygon", "coordinates": [ [ [ 714111.13048423465807, 4876681.620949475094676 ], [ 739938.618266286561266, 4877109.293273229151964 ], [ 739830.176381007651798, 4880354.150979230180383 ], [ 749366.019135273178108, 4880680.173528926447034 ], [ 749252.581381360883825, 4883925.038578068837523 ], [ 759063.78528876544442, 4884275.809127528220415 ], [ 757987.365493096876889, 4913670.974523570388556 ], [ 759661.362780266907066, 4913732.638852796517313 ], [ 759184.53098206454888, 4926617.194804670289159 ], [ 771991.770468741073273, 4927104.919214836321771 ], [ 771868.530924742342904, 4930254.491445549763739 ], [ 775207.834067748044617, 4930386.090762593783438 ], [ 775079.039591914857738, 4933631.111754893325269 ], [ 778138.451738527975976, 4933753.329441777430475 ], [ 778011.819004154182039, 4936902.915654337964952 ], [ 787741.304938941961154, 4937301.889907377772033 ], [ 787469.901510242838413, 4943791.951658621430397 ], [ 806630.505122499307618, 4944623.526677266694605 ], [ 807063.600824917200953, 4934983.980469110421836 ], [ 826532.229991509229876, 4935888.857633684761822 ], [ 826766.079011360649019, 4931021.443992976099253 ], [ 836229.683806499000639, 4931483.215605874545872 ], [ 836466.109219863312319, 4926711.283683834597468 ], [ 845379.891240330645815, 4927159.200739309191704 ], [ 845598.733332636766136, 4922864.496683747507632 ], [ 850337.462077018572018, 4923107.704742663539946 ], [ 850589.044176689116284, 4918240.401941063813865 ], [ 847799.360696575604379, 4918096.891390983946621 ], [ 848390.29238878027536, 4906549.035635496489704 ], [ 862710.475734404986724, 4906053.50994270760566 ], [ 864611.767544375383295, 4870360.987674905918539 ], [ 861509.10043826024048, 4870388.331197092309594 ], [ 862522.159269448136911, 4851110.913253366947174 ], [ 902284.273803641321138, 4853322.642674963921309 ], [ 903493.896067742491141, 4832709.527039524167776 ], [ 838691.139215997885913, 4829530.595860659144819 ], [ 834712.188479457399808, 4829721.900808475911617 ], [ 747019.090651500970125, 4826041.780303483828902 ], [ 747366.883184958482161, 4832454.921468172222376 ], [ 751436.724146540975198, 4837467.961425981484354 ], [ 755497.005611150991172, 4850510.253605896607041 ], [ 757452.624248879845254, 4851057.936163487844169 ], [ 711530.058771927375346, 4849193.879366739653051 ], [ 710657.399492946686223, 4850124.062145591713488 ], [ 710327.894216797547415, 4861671.655627390369773 ], [ 711949.204319840995595, 4873753.145512474700809 ], [ 714111.13048423465807, 4876681.620949475094676 ] ] ] } },
{ "type": "Feature", "properties": { "drag_region": "East", "NAME": "Dawson", "NAMELSAD": "Dawson" }, "geometry": { "type": "Polygon", "coordinates": [ [ [ 1120122.298473736969754, 5347708.456982923671603 ], [ 1120573.673334212042391, 5338049.952127954922616 ], [ 1139951.716069921851158, 5339529.322248027659953 ], [ 1140710.67370167397894, 5329795.918058429844677 ], [ 1169555.651100283954293, 5332115.763634599745274 ], [ 1170354.325114261126146, 5322478.432729538530111 ], [ 1176564.748377224896103, 5322996.094870381988585 ], [ 1178187.46249934961088, 5303626.189080140553415 ], [ 1184960.427628025179729, 5304196.753404513001442 ], [ 1183123.381869018543512, 5300101.186456918716431 ], [ 1188295.898800660856068, 5297080.100822607986629 ], [ 1194483.838991914410144, 5285499.069089883007109 ], [ 1196620.126894457265735, 5270207.115721049718559 ], [ 1190013.995630213757977, 5254171.202422350645065 ], [ 1183853.06639563664794, 5248850.679669972509146 ], [ 1143371.002155014080927, 5245718.188993727788329 ], [ 1143123.286635944154114, 5248962.722835678607225 ], [ 1139877.669318379368633, 5251882.998247968964279 ], [ 1130042.773743295576423, 5251144.781667128205299 ], [ 1129560.859277012292296, 5257633.984051520936191 ], [ 1119736.599325158866122, 5256912.22904903255403 ], [ 1118091.106118615018204, 5279529.386530147865415 ], [ 1112110.345550383673981, 5279096.595363957807422 ], [ 1109325.406434936914593, 5317746.660520007833838 ], [ 1112559.136920344084501, 5318077.159542881883681 ], [ 1110449.190820017131045, 5346993.005823423154652 ], [ 1120122.298473736969754, 5347708.456982923671603 ] ] ] } },
{ "type": "Feature", "properties": { "drag_region": "East", "NAME": "Blaine", "NAMELSAD": "Blaine" }, "geometry": { "type": "Polygon", "coordinates": [ [ [ 694301.46634856169112, 5505684.210202437825501 ], [ 730532.78652312560007, 5506332.269158865325153 ], [ 785917.596448566997424, 5508168.141668120399117 ], [ 786265.110784608637914, 5498619.976050138473511 ], [ 784687.464721518568695, 5498562.817640970461071 ], [ 785375.704887652304024, 5479466.770160663872957 ], [ 780890.348778022453189, 5479307.125180121511221 ], [ 781568.169595735147595, 5460020.442197830416262 ], [ 779714.888208879041485, 5459955.701710660941899 ], [ 780278.576564750284888, 5443724.648659469559789 ], [ 775402.282273746677674, 5446425.1719009289518 ], [ 776260.632742923568003, 5421028.759066167287529 ], [ 774394.601912624551915, 5420966.108496254310012 ], [ 775295.592620071605779, 5393947.446393983438611 ], [ 765102.644280259264633, 5394095.066201175563037 ], [ 762388.879751930944622, 5395156.95572267845273 ], [ 761294.129484708653763, 5387191.378176034428179 ], [ 741712.199149950174615, 5386908.484105790033937 ], [ 742014.856606935965829, 5365992.836782993748784 ], [ 737993.576767222722992, 5365311.388265847228467 ], [ 739795.308177265687846, 5368416.792250353842974 ], [ 737808.375642336555757, 5372280.776209646835923 ], [ 728642.774047832353972, 5373095.204676305875182 ], [ 723860.536737308953889, 5370684.893435295671225 ], [ 713076.129727674764581, 5371771.604400268755853 ], [ 710202.527074214187451, 5367887.453931409865618 ], [ 701951.491952397511341, 5363415.460967994295061 ], [ 695437.865958300651982, 5366056.386142251081765 ], [ 693298.032411528285593, 5365347.07047713175416 ], [ 692815.309427838888951, 5419015.52825565636158 ], [ 691482.372541921795346, 5418990.22763907443732 ], [ 691330.987380689708516, 5427010.697804316878319 ], [ 693726.896898003527895, 5427056.450206526555121 ], [ 693509.197704946389422, 5438323.442342210561037 ], [ 695103.302472741692327, 5438354.491800229996443 ], [ 694977.739707505446859, 5444751.927232892252505 ], [ 697366.193483175709844, 5444799.330674769356847 ], [ 697203.306076733511873, 5452915.551680106669664 ], [ 694818.281052511185408, 5452868.162865987978876 ], [ 694196.708758631837554, 5457536.585733731277287 ], [ 693441.351551697240211, 5496018.682000289671123 ], [ 694493.231175806489773, 5496039.48319077398628 ], [ 694301.46634856169112, 5505684.210202437825501 ] ] ] } },
{ "type": "Feature", "properties": { "drag_region": "West", "NAME": "Toole", "NAMELSAD": "Toole" }, "geometry": { "type": "Polygon", "coordinates": [ [ [ 298303.832538680871949, 5511348.750716125592589 ], [ 365773.902899263892323, 5510507.674222653731704 ], [ 365201.553283479297534, 5424089.320693759247661 ], [ 336141.626145778573118, 5424266.862502263858914 ], [ 336266.552005841745995, 5438685.088661282323301 ], [ 326693.10221097082831, 5438776.188400329090655 ], [ 326743.563476304872893, 5443645.977004603482783 ], [ 312131.308312198962085, 5443911.769087374210358 ], [ 312195.594617635360919, 5448877.050704604946077 ], [ 306098.021527867647819, 5449532.338428298011422 ], [ 297927.263567086658441, 5453377.735033280216157 ], [ 298303.832538680871949, 5511348.750716125592589 ] ] ] } },
{ "type": "Feature", "properties": { "drag_region": "East", "NAME": "Sheridan", "NAMELSAD": "Sheridan" }, "geometry": { "type": "Polygon", "coordinates": [ [ [ 1132394.519471432548016, 5539354.503267542459071 ], [ 1206092.070866673020646, 5545735.966417135670781 ], [ 1212304.656828181352466, 5477906.385044564493001 ], [ 1169557.598367496393621, 5474172.960623959079385 ], [ 1168744.219840182457119, 5483905.427230102941394 ], [ 1158936.562993244500831, 5483093.824178507551551 ], [ 1158146.990000802790746, 5492731.15460739005357 ], [ 1142269.434615523787215, 5491452.091150547377765 ], [ 1141506.257302716374397, 5501089.901031870394945 ], [ 1136751.063094657845795, 5500715.1411087596789 ], [ 1134480.197441281750798, 5529628.946466319262981 ], [ 1133166.173596205422655, 5529525.695775902830064 ], [ 1132394.519471432548016, 5539354.503267542459071 ] ] ] } },
{ "type": "Feature", "properties": { "drag_region": "Central", "NAME": "Granite", "NAMELSAD": "Granite" }, "geometry": { "type": "Polygon", "coordinates": [ [ [ 229600.822368903202005, 5029992.090170970186591 ], [ 241947.363544611085672, 5029274.286696702241898 ], [ 242167.431616437679622, 5035765.087433242239058 ], [ 250945.084370562399272, 5035473.759798858314753 ], [ 251595.669006501673721, 5038605.962491057813168 ], [ 256530.529883116076235, 5038448.191033465787768 ], [ 256732.462719761126209, 5044843.672350770793855 ], [ 261662.074311223230325, 5044689.979739376343787 ], [ 261764.886314554198179, 5048030.933836626820266 ], [ 270523.784666159597691, 5047767.742010426707566 ], [ 273241.667397768876981, 5047019.928435047157109 ], [ 275843.650573929131497, 5042168.740525690838695 ], [ 280137.405762390000746, 5038800.439793846569955 ], [ 279791.9668373936438, 5036230.715089648030698 ], [ 284400.029172213457059, 5034098.965763236396015 ], [ 290225.214244164468255, 5036428.709225429221988 ], [ 289032.822776446002536, 4979531.960086590610445 ], [ 269930.958241763466503, 4979956.636513861827552 ], [ 270485.283141379244626, 4970292.591444475576282 ], [ 269921.005416301835794, 4960278.684653578326106 ], [ 265346.3604312161915, 4955921.529116289690137 ], [ 262057.248553268902469, 4957547.331572177819908 ], [ 256927.593769158935174, 4953499.186577815562487 ], [ 253726.737858969194349, 4949012.41668653767556 ], [ 246489.941326812666375, 4949146.46642981749028 ], [ 239687.604650756111369, 4953956.416199212893844 ], [ 237947.919821453571785, 4960130.258906698785722 ], [ 232991.564121626375709, 4961542.092993190512061 ], [ 229077.073040549701545, 4960914.396015419624746 ], [ 233249.517272043449339, 4968986.780678856186569 ], [ 230346.435132733371574, 4973292.899802097119391 ], [ 228660.644765417731833, 4980519.91485180798918 ], [ 231752.632307503547054, 4981748.686873497441411 ], [ 234105.912908690341283, 4985680.244250673800707 ], [ 231427.293969673919491, 4988258.503352706320584 ], [ 232663.510882678732742, 4991942.154062217101455 ], [ 232002.404533805849496, 4996743.63478544075042 ], [ 229418.407354309165385, 5001804.699646473862231 ], [ 226432.211886651057284, 5003249.943872298114002 ], [ 226174.936948580318131, 5011383.09227463696152 ], [ 231400.512668917013798, 5026487.044760566204786 ], [ 229600.822368903202005, 5029992.090170970186591 ] ] ] } },
{ "type": "Feature", "properties": { "drag_region": "Central", "NAME": "Carbon", "NAMELSAD": "Carbon" }, "geometry": { "type": "Polygon", "coordinates": [ [ [ 603232.095831492682919, 4839347.92886003665626 ], [ 611976.117598124430515, 4839483.998239920474589 ], [ 611806.938912493176758, 4849886.314185325987637 ], [ 618002.191809391835704, 4849990.186863674782217 ], [ 617918.170473943464458, 4854857.379913854412735 ], [ 619549.566252940217964, 4858131.576315038837492 ], [ 626180.256193903274834, 4864647.852502263151109 ], [ 627804.640653283335268, 4867924.349325275979936 ], [ 630893.558040395262651, 4867983.523301216773689 ], [ 632516.456016295589507, 4871165.875210137106478 ], [ 637254.677667470066808, 4872884.029519743286073 ], [ 650159.998059950303286, 4873256.623934858478606 ], [ 650013.89843612886034, 4879746.420096770860255 ], [ 655059.34087434434332, 4879862.092868550680578 ], [ 654892.262080268585123, 4887020.021177552640438 ], [ 659383.455847040517256, 4886649.051455408334732 ], [ 666849.412694567348808, 4890557.734081696718931 ], [ 669966.979315141797997, 4889109.317771160043776 ], [ 676941.47131000563968, 4890152.597085049375892 ], [ 681614.663582834298722, 4893336.484527152962983 ], [ 680480.482240198878571, 4883658.562346810474992 ], [ 683562.244455125182867, 4883743.808106828480959 ], [ 683650.117517319624312, 4880594.341430169530213 ], [ 688417.97024273884017, 4880633.63559521920979 ], [ 688884.435768316034228, 4874151.911407276056707 ], [ 692812.77329989883583, 4874265.770120257511735 ], [ 690650.847135505173355, 4871337.294683257117867 ], [ 689029.537032461725175, 4859255.804798172786832 ], [ 689359.042308610863984, 4847708.211316374130547 ], [ 690231.701587591553107, 4846778.02853752207011 ], [ 736154.267064544023015, 4848642.085334270261228 ], [ 734198.648426815168932, 4848094.4027766790241 ], [ 730138.366962205152959, 4835052.110596763901412 ], [ 726068.526000622659922, 4830039.070638954639435 ], [ 725720.733467165147886, 4823625.929474266245961 ], [ 661501.155685757286847, 4821862.152220699936152 ], [ 658373.699884212575853, 4822456.501518847420812 ], [ 603505.628653279272839, 4820929.546228914521635 ], [ 603232.095831492682919, 4839347.92886003665626 ] ] ] } },
{ "type": "Feature", "properties": { "drag_region": "West", "NAME": "Cascade", "NAMELSAD": "Cascade" }, "geometry": { "type": "Polygon", "coordinates": [ [ [ 315711.785020659910515, 5297338.081905716098845 ], [ 325155.266679339518305, 5295976.870956112630665 ], [ 325296.086920746020041, 5307815.45402664039284 ], [ 344717.827741406857967, 5307616.59315709490329 ], [ 344799.735117453150451, 5317164.048790602944791 ], [ 396506.48580233217217, 5317045.632801467552781 ], [ 390843.816521183820441, 5305971.518731146119535 ], [ 399482.590260785655119, 5300243.779439394362271 ], [ 402992.814999097259715, 5300820.550281441770494 ], [ 404888.514354117796756, 5297768.398801986128092 ], [ 412183.479784602066502, 5297881.136961297132075 ], [ 412210.014874747139402, 5289002.217495016753674 ], [ 421680.571345216711052, 5289133.624078380875289 ], [ 421996.397476467303932, 5279396.85645773075521 ], [ 412238.793678962159902, 5279359.660600851289928 ], [ 412259.284514790284447, 5272485.848048714920878 ], [ 410628.019519731926266, 5273626.852154430001974 ], [ 410645.563621904700994, 5267134.97395989112556 ], [ 412280.038888162060175, 5265516.641856217756867 ], [ 412053.34910543722799, 5250145.668578782118857 ], [ 421586.927713535842486, 5250181.200307497754693 ], [ 422537.934360916377045, 5221450.444123528897762 ], [ 421176.16570982686244, 5219916.859575993381441 ], [ 417881.645156854996458, 5222289.776985409669578 ], [ 413503.312359242932871, 5222178.963304006494582 ], [ 412669.686385076260194, 5226376.762484541162848 ], [ 405551.306117040221579, 5230750.897069270722568 ], [ 401444.817144284665119, 5237236.362058808095753 ], [ 394893.228929068369325, 5240001.00304410699755 ], [ 389163.421105472953059, 5240099.034912670962512 ], [ 386711.249384034308605, 5242679.363773895427585 ], [ 388894.856425436853897, 5244490.666874439455569 ], [ 388626.989968463720288, 5249168.738603325560689 ], [ 382633.68043260864215, 5249273.355771949514747 ], [ 382616.429635591979604, 5240776.970532890409231 ], [ 373067.831783513422124, 5240804.003068502992392 ], [ 373063.323523192142602, 5239562.968287411145866 ], [ 353689.298422728956211, 5239664.853923841379583 ], [ 353622.300845537800342, 5229927.609103869646788 ], [ 334490.955317825078964, 5230185.257805491797626 ], [ 334731.916187628172338, 5254051.237382147461176 ], [ 328470.865049558866303, 5254117.868289747275412 ], [ 323318.24657595314784, 5255800.812914456240833 ], [ 320652.929555214592256, 5260321.116659808903933 ], [ 315500.168118432746269, 5261438.153755208477378 ], [ 315711.785020659910515, 5297338.081905716098845 ] ] ] } }
]
}
