{
"type": "FeatureCollection",
"name": "map",
"crs": { "type": "name", "properties": { "name": "urn:ogc:def:crs:EPSG::32615" } },
"features": [
{ "type": "Feature", "properties": { "drag_region": "Southeast", "NAME": "Tangipahoa", "NAMELSAD": "Tangipahoa" }, "geometry": { "type": "Polygon", "coordinates": [ [ [ 813114.867596007999964, 3392626.933965728152543 ], [ 834026.618168191867881, 3393105.151754605118185 ], [ 834276.218086265027523, 3382627.314033904112875 ], [ 837403.734402585541829, 3381081.923463467042893 ], [ 842892.990585873019882, 3367299.877461213152856 ], [ 844934.506894846796058, 3354196.979040246456861 ], [ 845707.208870819653384, 3322573.355378428474069 ], [ 851023.277102750493214, 3317080.66769880708307 ], [ 853997.583431199542247, 3308671.960894332733005 ], [ 840362.271864188602194, 3315011.089879053644836 ], [ 822794.822013545082882, 3312606.53365861158818 ], [ 822255.421058812178671, 3321361.020819317083806 ], [ 819007.677034427877516, 3327768.943526494316757 ], [ 816554.172232497949153, 3329525.843326078727841 ], [ 814349.816301434533671, 3335766.92800539592281 ], [ 813114.867596007999964, 3392626.933965728152543 ] ] ] } },
{ "type": "Feature", "properties": { "drag_region": "Southwest", "NAME": "Acadia", "NAMELSAD": "Acadia" }, "geometry": { "type": "Polygon", "coordinates": [ [ [ 470988.409727786609437, 3294734.653382655233145 ], [ 508195.657340671808925, 3294824.852613375987858 ], [ 508228.161706371640321, 3289969.575973168481141 ], [ 514776.206943063589279, 3290110.565622987225652 ], [ 514846.939112489519175, 3280400.02878066059202 ], [ 517994.164684912597295, 3274806.21331122983247 ], [ 514911.268599536211696, 3271546.415199779439718 ], [ 514934.058114410087001, 3268404.835840706247836 ], [ 507709.197588894574437, 3264165.936744962353259 ], [ 508067.898340172891039, 3262169.064345037098974 ], [ 495700.566421862400603, 3248861.743050803430378 ], [ 491212.708517693856265, 3246934.245663239620626 ], [ 483239.916639401053544, 3250228.742718133609742 ], [ 478381.252107503067236, 3254302.178920821286738 ], [ 471820.204006743675563, 3251613.161148290615529 ], [ 471459.122284239449073, 3256276.505459707695991 ], [ 474897.19844026613282, 3261619.214916052762419 ], [ 471424.264601038245019, 3266938.280163638293743 ], [ 472074.295324425504077, 3279125.644992940593511 ], [ 471025.363069319690112, 3283406.092358427587897 ], [ 474457.627542994159739, 3287987.362615677062422 ], [ 470988.409727786609437, 3294734.653382655233145 ] ] ] } },
{ "type": "Feature", "properties": { "drag_region": "Northwest", "NAME": "Bienville", "NAMELSAD": "Bienville" }, "geometry": { "type": "Polygon", "coordinates": [ [ [ 401247.95850330212852, 3663918.104830998461694 ], [ 414073.158084239985328, 3663786.190416000783443 ], [ 414084.170318718708586, 3668738.002284752670676 ], [ 422517.961980807245709, 3668818.006591292563826 ], [ 420169.379692702263128, 3676725.468402026686817 ], [ 419506.182572065794375, 3683202.148993809707463 ], [ 447465.419476075214334, 3683193.948540769983083 ], [ 447818.75742269580951, 3668719.637744035571814 ], [ 457264.649614093301352, 3668639.59061477240175 ], [ 457652.713957663625479, 3644548.169829337392002 ], [ 455290.938571720034815, 3641686.761827875860035 ], [ 453950.107688294781838, 3634637.81472777063027 ], [ 418747.790895705111325, 3634828.487353899981827 ], [ 416388.010238962073345, 3639689.26603539288044 ], [ 416397.610353699070401, 3644545.679579574614763 ], [ 396108.093874833313748, 3644606.152108279056847 ], [ 398157.238530127389822, 3649930.887735408265144 ], [ 396140.365394190710504, 3652700.323156504426152 ], [ 398530.294284446106758, 3659261.782607840839773 ], [ 396517.11930045223562, 3662507.334081517998129 ], [ 401247.95850330212852, 3663918.104830998461694 ] ] ] } },
{ "type": "Feature", "properties": { "drag_region": "Northeast", "NAME": "East Carroll", "NAMELSAD": "East Carroll" }, "geometry": { "type": "Polygon", "coordinates": [ [ [ 677104.876394325634465, 3726453.211026943288743 ], [ 681775.812913734815083, 3729571.055133434012532 ], [ 681299.747960597276688, 3738804.818378733471036 ], [ 686237.366584904491901, 3745930.60484559321776 ], [ 686725.812578719574958, 3757656.785356548149139 ], [ 689364.007122038048692, 3760747.457240784540772 ], [ 689281.552931538317353, 3765891.022541177459061 ], [ 691939.922928835731, 3767553.74196568550542 ], [ 693518.620496423100121, 3773582.208184290677309 ], [ 702574.587967816740274, 3773640.653024198487401 ], [ 699302.455197698087431, 3768820.032984960824251 ], [ 698373.47975747147575, 3764230.725108690094203 ], [ 701430.65208253392484, 3762186.819901616778225 ], [ 706087.12716929835733, 3764745.660220494493842 ], [ 705638.384144891984761, 3771121.829186045564711 ], [ 709321.362859996501356, 3771568.979839202482253 ], [ 712466.47107025468722, 3764765.60144480317831 ], [ 711863.155251982156187, 3761038.284375792369246 ], [ 704898.584880034672096, 3755958.537705918308347 ], [ 703280.081956198322587, 3752404.807878646533936 ], [ 703061.220731360255741, 3745636.048967884387821 ], [ 713539.298601023503579, 3742964.445967151783407 ], [ 712913.497713219956495, 3740380.262737521436065 ], [ 707585.29443363728933, 3737139.99580125650391 ], [ 704618.921065116184764, 3733467.231709076091647 ], [ 705715.720077343052253, 3728531.819909965153784 ], [ 707760.631598380627111, 3727233.847887594718486 ], [ 714453.919634644407779, 3729831.822534050326794 ], [ 716393.666146283270791, 3734250.810820968355983 ], [ 718170.073980259941891, 3729329.039445869158953 ], [ 712522.686875362414867, 3724841.805738767143339 ], [ 708815.45563633623533, 3724775.244613092858344 ], [ 706504.739741950528696, 3721971.35411484958604 ], [ 676165.901924799662083, 3721485.845057491213083 ], [ 678487.644617789192125, 3724091.883508959785104 ], [ 677104.876394325634465, 3726453.211026943288743 ] ] ] } },
{ "type": "Feature", "properties": { "drag_region": "Southwest", "NAME": "Vermilion", "NAMELSAD": "Vermilion" }, "geometry": { "type": "Polygon", "coordinates": [ [ [ 475305.485353999421932, 3235968.676639299374074 ], [ 481866.533454758813605, 3238657.694411830045283 ], [ 486725.197986656799912, 3234584.258209142368287 ], [ 494697.989864949602634, 3231289.761154248379171 ], [ 499185.847769118146971, 3233217.258541812188923 ], [ 507778.374884105403908, 3242311.455625885631889 ], [ 515733.002888504532166, 3241792.881129417568445 ], [ 523015.265165516990237, 3238894.794616927858442 ], [ 526808.394458841066808, 3240257.264587593730539 ], [ 528931.892077702796087, 3234276.509216987993568 ], [ 539001.481661050580442, 3230269.334979565814137 ], [ 536283.952344260062091, 3224437.50725843058899 ], [ 538511.63200110476464, 3207701.254942570813 ], [ 537851.002955709700473, 3203982.438841572962701 ], [ 529553.277556867455132, 3200484.732028287369758 ], [ 524720.103877224028111, 3197209.814934843685478 ], [ 522614.699472989886999, 3200240.203031158074737 ], [ 516379.199464423581958, 3198672.095461620017886 ], [ 516400.291895350441337, 3195625.959117259830236 ], [ 519545.146685287472792, 3192792.26719537191093 ], [ 525801.284654807881452, 3192077.447233272716403 ], [ 522697.281490836990997, 3189197.902700427919626 ], [ 525522.297981146723032, 3183221.930410499218851 ], [ 532456.387086179456674, 3185276.65940992673859 ], [ 534208.300599301233888, 3183577.794197251088917 ], [ 529701.18025091115851, 3182207.719908182043582 ], [ 531802.316005534725264, 3180320.910684634931386 ], [ 520682.418997016968206, 3179663.467514438554645 ], [ 511673.900157120078802, 3174937.219175964128226 ], [ 504723.295326743973419, 3174037.820109977386892 ], [ 476183.868134416639805, 3179904.340429696720093 ], [ 476461.768239036086015, 3200751.50686831632629 ], [ 476017.314917013398372, 3229973.830239114817232 ], [ 464251.811776758288033, 3229845.503726590890437 ], [ 475305.485353999421932, 3235968.676639299374074 ] ] ] } },
{ "type": "Feature", "properties": { "drag_region": "Southwest", "NAME": "Evangeline", "NAMELSAD": "Evangeline" }, "geometry": { "type": "Polygon", "coordinates": [ [ [ 471188.911829588061664, 3306425.467907109297812 ], [ 475634.83669394167373, 3315199.395581156946719 ], [ 474251.258743867452722, 3317098.409495112951845 ], [ 474127.533265625883359, 3351656.985374800860882 ], [ 482703.333894969371613, 3351691.27701867884025 ], [ 485436.066942075092811, 3354179.060059054754674 ], [ 485418.751406497030985, 3357892.105525480117649 ], [ 494988.449799282068852, 3363272.853944354690611 ], [ 499810.440000777889509, 3359206.733375428244472 ], [ 504608.406653057027142, 3359427.129243657924235 ], [ 504628.734460535750259, 3356285.257450498640537 ], [ 508433.699509419326205, 3351454.705501994583756 ], [ 508810.619724428455811, 3346506.257497561629862 ], [ 511212.44184967916226, 3346618.158941723871976 ], [ 511606.255454234255012, 3339480.059348645620048 ], [ 515054.049624589446466, 3337695.995101578533649 ], [ 515131.41012335679261, 3327223.32698497409001 ], [ 511396.009707282471936, 3320531.776104469783604 ], [ 511431.370106233691331, 3315485.977062129415572 ], [ 506612.484007325780112, 3315453.304400569293648 ], [ 506633.699392432521563, 3312216.41338558960706 ], [ 491828.559650769631844, 3312129.552371987141669 ], [ 487702.413637251884211, 3310966.522116512060165 ], [ 487030.859892190143, 3307345.62991777388379 ], [ 484282.907465981727, 3305619.349832373205572 ], [ 471191.400134359428193, 3305663.877626257482916 ], [ 471188.911829588061664, 3306425.467907109297812 ] ] ] } },
{ "type": "Feature", "properties": { "drag_region": "Southwest", "NAME": "Cameron", "NAMELSAD": "Cameron" }, "geometry": { "type": "Polygon", "coordinates": [ [ [ 331415.0655517289415, 3210964.052276181522757 ], [ 335272.273270287143532, 3217123.987686894834042 ], [ 337748.709635169769172, 3224532.219826319720596 ], [ 342620.001691074925475, 3228212.459305352531374 ], [ 344371.616273957770318, 3231533.238603764679283 ], [ 401462.652180742705241, 3231415.841245688032359 ], [ 401460.923142610990908, 3229892.77635560464114 ], [ 450945.796873023267835, 3229852.37276616320014 ], [ 451390.250195045955479, 3200630.049395364709198 ], [ 451112.350090426509269, 3179782.882956745103002 ], [ 438937.115756804705597, 3183747.070143025368452 ], [ 419126.102651239430998, 3193334.293505446054041 ], [ 411141.613772387208883, 3196379.450625283643603 ], [ 396916.701608537521679, 3200199.63631388777867 ], [ 385467.778819246101193, 3200698.974405099637806 ], [ 380606.346492496726569, 3199379.816200332250446 ], [ 368116.955823993601371, 3200090.501997471321374 ], [ 347977.609563696605619, 3197811.638817558530718 ], [ 342069.517626532586291, 3196610.594963946845382 ], [ 333008.18380420235917, 3191627.178465442731977 ], [ 327174.189085471793078, 3200619.586513163521886 ], [ 324074.297146652068477, 3203500.151837287005037 ], [ 324787.16686222422868, 3205874.43217312078923 ], [ 331415.0655517289415, 3210964.052276181522757 ] ] ] } },
{ "type": "Feature", "properties": { "drag_region": "Southwest", "NAME": "Pointe Coupee", "NAMELSAD": "Pointe Coupee" }, "geometry": { "type": "Polygon", "coordinates": [ [ [ 579521.780532257515006, 3367487.016569996252656 ], [ 585690.223264703643508, 3367462.849347506649792 ], [ 588463.468626805697568, 3364829.478898216038942 ], [ 588151.660207411856391, 3362254.480406815186143 ], [ 589922.487088625668548, 3357609.574029334355146 ], [ 588302.490549717796966, 3349685.905748586636037 ], [ 592101.292205860256217, 3347827.478311788290739 ], [ 598267.962658569333144, 3348857.615922692231834 ], [ 597532.5189526170725, 3352657.482007794082165 ], [ 592681.521961592836305, 3356405.481884717475623 ], [ 598856.766425821580924, 3356388.736894072499126 ], [ 601639.93883756280411, 3353472.972332522273064 ], [ 602039.909971780492924, 3349192.682839809916914 ], [ 600067.517086434760131, 3342500.335417822469026 ], [ 594950.431579793919809, 3339673.090961148496717 ], [ 598779.744357963791117, 3335817.346802420914173 ], [ 608738.279254848952405, 3336521.827328372281045 ], [ 615921.964444386772811, 3338909.335609264671803 ], [ 620206.503366444376297, 3328114.81329119252041 ], [ 622284.471019435906783, 3327193.457433866802603 ], [ 617224.657092638197355, 3320261.3539027152583 ], [ 614158.181688394513912, 3318026.778079537209123 ], [ 612526.659024676773697, 3311622.908055671025068 ], [ 605982.05336820834782, 3311532.900023407302797 ], [ 605658.041718983673491, 3310004.843006071634591 ], [ 598788.804132100543939, 3308296.003217662218958 ], [ 596356.682792016072199, 3309884.075428555719554 ], [ 579821.394560422981158, 3309689.108790844678879 ], [ 581872.250750918756239, 3311140.240459705237299 ], [ 579741.523133273469284, 3316925.026216119993478 ], [ 581677.330808139988221, 3328468.576137005817145 ], [ 581631.146284144488163, 3332562.691398383118212 ], [ 578094.326258506975137, 3341569.600511673372239 ], [ 574285.881548387696967, 3344385.102842993568629 ], [ 573555.795030430657789, 3348471.954047346487641 ], [ 574567.167894509853795, 3350196.750494162086397 ], [ 574437.614634924684651, 3362288.931153664831072 ], [ 579521.780532257515006, 3367487.016569996252656 ] ] ] } },
{ "type": "Feature", "properties": { "drag_region": "Southeast", "NAME": "St. Mary", "NAMELSAD": "St. Mary" }, "geometry": { "type": "Polygon", "coordinates": [ [ [ 657236.140812368597835, 3216734.636504684109241 ], [ 671332.391289211343974, 3229069.873168766964227 ], [ 679523.723422861658037, 3240114.461244857404381 ], [ 694403.552544104051776, 3241540.527033822145313 ], [ 700024.789135022438131, 3235903.262029398232698 ], [ 703947.47318656637799, 3228149.453124190680683 ], [ 702985.70723168423865, 3222517.585956294089556 ], [ 706135.890027676708996, 3220657.5951989563182 ], [ 719350.905160581227392, 3219139.844220713712275 ], [ 722861.187525816261768, 3216718.511266855057329 ], [ 727382.597667128546163, 3216314.44847496971488 ], [ 730900.31874638539739, 3213609.87989809224382 ], [ 730308.579637853079475, 3207314.432882183231413 ], [ 732423.572751029045321, 3205539.692091790027916 ], [ 724835.99211, 3201702.645202990155667 ], [ 723415.359485476510599, 3203584.901726359501481 ], [ 720319.175977966748178, 3201441.549680205062032 ], [ 717610.022116243606433, 3196638.570872884243727 ], [ 714498.066129940794781, 3195353.839825979433954 ], [ 714244.871846901369281, 3188969.859962076414376 ], [ 717794.54926730482839, 3184452.096543355844915 ], [ 712977.099517279071733, 3180476.072859633713961 ], [ 708466.708474872051738, 3179172.917730260174721 ], [ 709107.456830146489665, 3183086.216669401153922 ], [ 705634.547052642563358, 3182370.395331622567028 ], [ 706626.819996063131839, 3186098.024617176968604 ], [ 709721.576649195863865, 3188808.475808795075864 ], [ 706187.28327831462957, 3192566.958030215464532 ], [ 696160.372592271654867, 3187668.823427504394203 ], [ 692581.266131994081661, 3195239.400510664097965 ], [ 689112.588412807555869, 3194433.334910570643842 ], [ 686885.512924072798342, 3205640.82461408758536 ], [ 677849.440967465634458, 3205626.913029168266803 ], [ 679897.122796323033981, 3208793.039224935695529 ], [ 680148.106358584016562, 3216889.21423004148528 ], [ 669022.940831736661494, 3218285.421621160116047 ], [ 664520.824035394354723, 3217285.001229422632605 ], [ 657614.377443246077746, 3213596.58618945395574 ], [ 657236.140812368597835, 3216734.636504684109241 ] ] ] } },
{ "type": "Feature", "properties": { "drag_region": "Northwest", "NAME": "Red River", "NAMELSAD": "Red River" }, "geometry": { "type": "Polygon", "coordinates": [ [ [ 370726.535942009883001, 3636583.882210466545075 ], [ 408599.40608933538897, 3636247.640096757095307 ], [ 408589.805974598391913, 3631391.226552575360984 ], [ 410949.586631341429893, 3626530.44787108246237 ], [ 414327.57074600411579, 3621668.78388153668493 ], [ 412971.096236170153134, 3620432.891610004939139 ], [ 415675.365108147612773, 3616334.560621378943324 ], [ 413634.754123032966163, 3611100.19325807550922 ], [ 417020.048223812249489, 3607001.310934233479202 ], [ 406167.879738671297673, 3607019.379667328670621 ], [ 405474.123089181666728, 3600165.066466105170548 ], [ 402073.885296453780029, 3597602.371161357499659 ], [ 395628.4292342174449, 3598858.940527575556189 ], [ 394961.821483074279968, 3602574.72036086441949 ], [ 390235.116491977125406, 3608780.782059348188341 ], [ 386845.127661371720023, 3608984.524714518804103 ], [ 383136.136798462597653, 3613666.329442382790148 ], [ 383148.878837232361548, 3616523.002545302268118 ], [ 377415.724536194233224, 3621882.84156747488305 ], [ 380477.512875534594059, 3624819.890898989047855 ], [ 379150.248288013797719, 3630349.411996599752456 ], [ 372735.516759017831646, 3632953.896187109872699 ], [ 370726.535942009883001, 3636583.882210466545075 ] ] ] } },
{ "type": "Feature", "properties": { "drag_region": "Southeast", "NAME": "St. Charles", "NAMELSAD": "St. Charles" }, "geometry": { "type": "Polygon", "coordinates": [ [ [ 845804.159871742827818, 3276777.825411916710436 ], [ 844031.197353000403382, 3264060.382254811003804 ], [ 844243.926592886680737, 3255107.36183218145743 ], [ 845451.152006091899239, 3248083.984397515654564 ], [ 848339.204054089961573, 3243388.035428119357675 ], [ 855393.751043998869136, 3238794.315448596607894 ], [ 849832.968381315469742, 3224554.677203027065843 ], [ 838710.378595394315198, 3224484.205256380606443 ], [ 836938.457255315734074, 3225968.241671171039343 ], [ 835764.13561871019192, 3231754.025324729736894 ], [ 830166.610253809136339, 3233533.639668249059469 ], [ 825566.403654191177338, 3237433.856305059511214 ], [ 825136.042446242528968, 3241235.666522591374815 ], [ 820189.81987006671261, 3245320.684097531251609 ], [ 819991.121394312125631, 3254558.422597168013453 ], [ 818258.869384949211963, 3254521.251554313581437 ], [ 819189.756084492895752, 3259590.972215846646577 ], [ 825022.204321198049001, 3262195.310896119568497 ], [ 827798.370804888545536, 3261971.02256269287318 ], [ 831827.858009523013607, 3267588.420933671295643 ], [ 837269.862347341142595, 3271811.040178968571126 ], [ 839267.403341829427518, 3275193.037190420553088 ], [ 845804.159871742827818, 3276777.825411916710436 ] ] ] } },
{ "type": "Feature", "properties": { "drag_region": "Southwest", "NAME": "Iberia", "NAMELSAD": "Iberia" }, "geometry": { "type": "MultiPolygon", "coordinates": [ [ [ [ 557384.292780137737282, 3230355.925845969934016 ], [ 558385.920999703812413, 3234363.759605437982827 ], [ 565656.616532556712627, 3233861.507038596086204 ], [ 571219.774007262778468, 3231251.60532179242 ], [ 576700.148290102020837, 3236546.26428299723193 ], [ 576333.675786837353371, 3238446.588483652099967 ], [ 582196.841936102951877, 3239939.759840535465628 ], [ 586360.990280066966079, 3238749.948654094245285 ], [ 591259.515469678328373, 3234142.6547990902327 ], [ 592344.077385543612763, 3230347.077477484475821 ], [ 601343.149306332110427, 3230460.757329854182899 ], [ 603383.346859576762654, 3233249.069883587770164 ], [ 624144.656080398126505, 3233638.71039674943313 ], [ 628702.485292112804018, 3229899.088596207089722 ], [ 625282.698235251824372, 3227084.743237181566656 ], [ 625676.763473216211423, 3223947.986179219558835 ], [ 590038.845238830544986, 3220511.67113144416362 ], [ 581847.513105180230923, 3209467.083055353723466 ], [ 567751.262628337484784, 3197131.84639127086848 ], [ 565646.365291244583204, 3199396.184314329177141 ], [ 568383.964895036420785, 3203326.538039699662477 ], [ 571162.357218157732859, 3203068.920936898794025 ], [ 570424.031036791042425, 3207440.975854612886906 ], [ 564867.783375198254362, 3208147.597588769160211 ], [ 560032.183943742420524, 3206007.44862836971879 ], [ 556894.44312019192148, 3207787.845808974932879 ], [ 554666.763463347218931, 3224524.098124834708869 ], [ 557384.292780137737282, 3230355.925845969934016 ] ] ], [ [ [ 552614.505261448677629, 3180903.80890364991501 ], [ 556068.098620839999057, 3183503.998825167771429 ], [ 560242.93131781485863, 3183065.449987736530602 ], [ 561262.696942102513276, 3185550.087636893615127 ], [ 568912.972016563056968, 3185052.281433205585927 ], [ 576967.36535759549588, 3179327.565404212567955 ], [ 580089.288097670068964, 3180027.646883555687964 ], [ 582205.930993705638684, 3177289.891155452933162 ], [ 577026.022347090998664, 3173806.214142388198525 ], [ 576718.44751602888573, 3169994.724043839611113 ], [ 571865.157316348631866, 3168135.583983649965376 ], [ 551240.724739211145788, 3178893.089254862163216 ], [ 552614.505261448677629, 3180903.80890364991501 ] ] ] ] } },
{ "type": "Feature", "properties": { "drag_region": "Southeast", "NAME": "East Baton Rouge", "NAMELSAD": "East Baton Rouge" }, "geometry": { "type": "Polygon", "coordinates": [ [ [ 722059.061308276257478, 3349938.46982986619696 ], [ 726434.444404162582941, 3356196.513164013624191 ], [ 764910.96782422112301, 3358389.097728751134127 ], [ 759210.420845308224671, 3350564.917280262336135 ], [ 757219.889163078274578, 3346527.088351293466985 ], [ 752114.068221004330553, 3343290.936962418723851 ], [ 753535.584778745891526, 3340839.718121767509729 ], [ 752582.724575172294863, 3336345.48852206626907 ], [ 753996.555973260779865, 3334370.438326980918646 ], [ 752012.480320006259717, 3329667.333681576419622 ], [ 757375.30829657218419, 3319190.314255730248988 ], [ 761904.781215382972732, 3316892.226694089360535 ], [ 752587.504406598862261, 3316722.800176792312413 ], [ 749528.372672444558702, 3314001.834093841724098 ], [ 737790.00967449019663, 3313993.710369441192597 ], [ 734645.410890905885026, 3316323.75043655699119 ], [ 728779.377519835950807, 3316230.838312139734626 ], [ 728725.982102265814319, 3319658.695855391677469 ], [ 732406.550436300109141, 3326859.983198775909841 ], [ 730881.196848825202323, 3336074.447760298382491 ], [ 725745.551809976575896, 3333994.05058757821098 ], [ 723661.25025292171631, 3335105.066853752825409 ], [ 727414.680002235691063, 3337448.619846396613866 ], [ 725286.884642488439567, 3341415.901182977948338 ], [ 721498.692655702470802, 3341453.513119344133884 ], [ 722059.061308276257478, 3349938.46982986619696 ] ] ] } },
{ "type": "Feature", "properties": { "drag_region": "Northwest", "NAME": "Grant", "NAMELSAD": "Grant" }, "geometry": { "type": "Polygon", "coordinates": [ [ [ 460915.150840961316135, 3552962.205571285448968 ], [ 494244.304369407240301, 3553119.763168286532164 ], [ 494210.425795766874216, 3562831.950890054926276 ], [ 518675.028994366293773, 3562851.246052380185574 ], [ 520398.648798504727893, 3558766.908178053796291 ], [ 517716.032070007291622, 3552371.213846616446972 ], [ 520100.362901093671098, 3551813.878572939895093 ], [ 518430.628631083294749, 3546471.631457420065999 ], [ 519807.766993796685711, 3543813.539681093301624 ], [ 516746.746889444533736, 3543319.710471242200583 ], [ 523917.436815694207326, 3539934.687306742183864 ], [ 522907.670498290914111, 3538023.932117909193039 ], [ 527021.385898877866566, 3534051.065663660876453 ], [ 527050.961633104132488, 3529575.889360197354108 ], [ 530455.178914171410725, 3530265.479132634587586 ], [ 534565.066235414356925, 3527628.569269756786525 ], [ 524349.857038624817505, 3525463.959836521185935 ], [ 493343.057527677970938, 3517791.696797620039433 ], [ 490613.914440455730073, 3517497.259108209982514 ], [ 486158.939030963578261, 3524434.965977397281677 ], [ 487516.667351372539997, 3526723.811412757728249 ], [ 484775.895010464359075, 3531858.028567397966981 ], [ 477262.464592133648694, 3540601.306669222656637 ], [ 467044.872887605975848, 3543539.274611523840576 ], [ 467381.755674885469489, 3547538.597814820706844 ], [ 461596.386905314051546, 3549725.068733863066882 ], [ 460915.150840961316135, 3552962.205571285448968 ] ] ] } },
{ "type": "Feature", "properties": { "drag_region": "Northwest", "NAME": "De Soto", "NAMELSAD": "De Soto" }, "geometry": { "type": "Polygon", "coordinates": [ [ [ 315086.544818143011071, 3629767.247011243831366 ], [ 323544.745114846155047, 3629688.840886649675667 ], [ 332392.155555187375285, 3635995.085534132085741 ], [ 333440.340538791264407, 3640272.32550670998171 ], [ 338887.094960193848237, 3645563.847991721238941 ], [ 342267.617274246178567, 3645920.403299960773438 ], [ 345962.748802075511776, 3642847.6023592017591 ], [ 350694.117907698499039, 3643007.61099266493693 ], [ 355393.639992618234828, 3637646.664963416755199 ], [ 355373.473849114612676, 3634123.285129215102643 ], [ 357382.454666122561321, 3630493.299105858430266 ], [ 363797.186195118585601, 3627888.814915348310024 ], [ 365124.450782639323734, 3622359.293817737605423 ], [ 362062.662443298962899, 3619422.244486223440617 ], [ 367795.816744337091222, 3614062.405464050825685 ], [ 367783.074705567327328, 3611205.732361131347716 ], [ 371492.065568476449698, 3606523.927633267361671 ], [ 374882.054399081855081, 3606320.184978096745908 ], [ 379608.75939017906785, 3600114.123279612977058 ], [ 371457.842248909408227, 3598144.495656229555607 ], [ 371426.793340635602362, 3590526.916334176901728 ], [ 329994.016760934260674, 3590683.952261694706976 ], [ 327322.532714811735786, 3596134.080576356034726 ], [ 321239.119144282885827, 3599139.082468565553427 ], [ 317570.475460073677823, 3606029.578660052735358 ], [ 314868.530236954684369, 3607198.067919104825705 ], [ 315086.544818143011071, 3629767.247011243831366 ] ] ] } },
{ "type": "Feature", "properties": { "drag_region": "Northwest", "NAME": "Webster", "NAMELSAD": "Webster" }, "geometry": { "type": "Polygon", "coordinates": [ [ [ 378784.167007336625829, 3748684.610946866218001 ], [ 405267.053600905928761, 3748493.823060448747128 ], [ 405191.829636408481747, 3715066.7763717379421 ], [ 409900.962391672306694, 3715057.33828192204237 ], [ 411231.526692628511228, 3705912.907278773840517 ], [ 410548.977545122615993, 3700485.934036732185632 ], [ 411212.174665759084746, 3694009.253444949164987 ], [ 413560.756953864125535, 3686101.791634215041995 ], [ 405126.965291775530204, 3686021.787327675148845 ], [ 405115.953057296806946, 3681069.975458923261613 ], [ 385878.017762072966434, 3681226.370547682978213 ], [ 385581.058691069949418, 3690941.066179944667965 ], [ 385703.308566162013449, 3720081.75626050774008 ], [ 383024.788872239529155, 3722569.511306255590171 ], [ 385059.854032074450515, 3726846.188459017314017 ], [ 382425.08707875595428, 3738476.730616569053382 ], [ 379745.07022860692814, 3739441.72354549402371 ], [ 377754.395822460064664, 3743927.793125612661242 ], [ 378784.167007336625829, 3748684.610946866218001 ] ] ] } },
{ "type": "Feature", "properties": { "drag_region": "Southwest", "NAME": "Calcasieu", "NAMELSAD": "Calcasieu" }, "geometry": { "type": "Polygon", "coordinates": [ [ [ 338761.103285931050777, 3282504.8774379407987 ], [ 363241.246654518297873, 3282467.600693908520043 ], [ 363282.920900369761512, 3292177.892683505546302 ], [ 372928.04701289604418, 3292140.736632401589304 ], [ 372895.004449140047655, 3282430.508024802431464 ], [ 397373.958970177685842, 3282374.868851360399276 ], [ 397371.010673678363673, 3279804.561212054919451 ], [ 407026.917164033744484, 3279797.771914708428085 ], [ 407023.488411373225972, 3266565.607709140051156 ], [ 410130.93481188104488, 3266660.439931589178741 ], [ 410131.227589264279231, 3255141.989237162750214 ], [ 420154.65208146290388, 3255051.624467935413122 ], [ 418776.05067388783209, 3250195.58264934970066 ], [ 420854.013280518469401, 3246960.923268393147737 ], [ 410131.437531735980883, 3246860.240863718092442 ], [ 410131.560380825772882, 3242005.466683922335505 ], [ 397327.896223400603049, 3242012.570872288197279 ], [ 397329.625261532259174, 3243535.635762371588498 ], [ 340238.589354747324251, 3243653.033120448235422 ], [ 342323.999208630761132, 3245163.24730264628306 ], [ 339221.901255901437253, 3246991.481728636194021 ], [ 343413.060171411954798, 3253629.357427725568414 ], [ 340349.415469445055351, 3261169.179008356761187 ], [ 342100.290370486327447, 3264966.265754131134599 ], [ 341785.771656378405169, 3269918.717555132228881 ], [ 336296.149415318039246, 3274904.899300797376782 ], [ 337028.232441667234525, 3281183.475151051301509 ], [ 338761.103285931050777, 3282504.8774379407987 ] ] ] } },
{ "type": "Feature", "properties": { "drag_region": "Northwest", "NAME": "Lincoln", "NAMELSAD": "Lincoln" }, "geometry": { "type": "Polygon", "coordinates": [ [ [ 468490.725747669581324, 3715457.275109289679676 ], [ 486309.485421686433256, 3715597.390270057599992 ], [ 492702.072256891173311, 3714478.482446416746825 ], [ 495070.529897315311246, 3711059.943244801834226 ], [ 497423.78271788416896, 3711356.029834496788681 ], [ 497448.793197505525313, 3705832.561870028264821 ], [ 507209.051904300693423, 3705786.277870160527527 ], [ 507315.233164751203731, 3686454.347690559457988 ], [ 487757.474688900983892, 3686461.501928529236466 ], [ 488111.95082902465947, 3681606.051796552725136 ], [ 463822.284928970388137, 3681739.508775074034929 ], [ 463468.946982349851169, 3696213.819571808446199 ], [ 465484.858678780612536, 3700215.900629313196987 ], [ 464803.593306880793534, 3706500.234235120005906 ], [ 468498.59155203984119, 3710600.463450292125344 ], [ 468490.725747669581324, 3715457.275109289679676 ] ] ] } },
{ "type": "Feature", "properties": { "drag_region": "Northeast", "NAME": "Union", "NAMELSAD": "Union" }, "geometry": { "type": "Polygon", "coordinates": [ [ [ 513526.765566942282021, 3778043.711754006333649 ], [ 574883.542136910022236, 3777729.484837345313281 ], [ 573248.516537697520107, 3772952.751951433718204 ], [ 573328.673274894128554, 3763714.54174203472212 ], [ 576058.998091312474571, 3758785.777486192062497 ], [ 575499.196525555104017, 3746113.228840369265527 ], [ 573178.237228787154891, 3742188.034744108561426 ], [ 560791.010310965124518, 3733517.871482628863305 ], [ 560470.884444770636037, 3731229.819163276348263 ], [ 556098.988524112850428, 3730151.334300055168569 ], [ 542622.077441666508093, 3730353.925832388456911 ], [ 542569.184768570703454, 3739972.341787646990269 ], [ 532808.926061775535345, 3740018.625787514727563 ], [ 532783.915582154178992, 3745542.093751983251423 ], [ 530430.662761585321277, 3745246.007162288296968 ], [ 528062.205121161183342, 3748664.546363903209567 ], [ 521669.618285956443287, 3749783.454187544062734 ], [ 513600.66168444021605, 3749759.16353956470266 ], [ 513526.765566942282021, 3778043.711754006333649 ] ] ] } },
{ "type": "Feature", "properties": { "drag_region": "Northwest", "NAME": "Sabine", "NAMELSAD": "Sabine" }, "geometry": { "type": "Polygon", "coordinates": [ [ [ 335114.003232665476389, 3567695.098080820403993 ], [ 376546.779812366818078, 3567538.062153302598745 ], [ 376487.952870341367088, 3553064.887020086403936 ], [ 386350.191780512803234, 3553029.584774069488049 ], [ 386289.500038517289795, 3533415.204506116453558 ], [ 395829.864537851884961, 3533485.349260937422514 ], [ 395788.045142315677367, 3514157.220636593643576 ], [ 381110.037283638259396, 3514199.189477652311325 ], [ 376292.165623738896102, 3504505.727293619886041 ], [ 367408.781146085006185, 3504545.077010178938508 ], [ 365678.956013240851462, 3500268.998779152985662 ], [ 365649.88364609295968, 3494461.15259158378467 ], [ 361198.220465473947115, 3493437.013054273556918 ], [ 359205.46065689844545, 3504016.795746656134725 ], [ 357154.204471486154944, 3503838.118309774436057 ], [ 353081.663613653741777, 3508337.815570024773479 ], [ 355161.42672938934993, 3513371.563655876554549 ], [ 354165.90088359627407, 3518043.283749870955944 ], [ 351445.15313794312533, 3519488.628258585929871 ], [ 351805.769484430900775, 3522533.326682799030095 ], [ 347053.924024053732865, 3525992.647491491865367 ], [ 349116.895900853094645, 3528549.684342740103602 ], [ 348116.705682075116783, 3531889.114265841897577 ], [ 343690.564844279666431, 3532491.282084253616631 ], [ 339309.835220518871211, 3538998.876342114526778 ], [ 341043.171426912304014, 3543080.447826791554689 ], [ 340054.315743166138418, 3547372.993294735439122 ], [ 342465.667369068833068, 3551354.46317437896505 ], [ 339785.061669326736592, 3556707.168737264350057 ], [ 340489.483998117386363, 3559939.5267364224419 ], [ 335433.642457143985666, 3565216.559287054929882 ], [ 335114.003232665476389, 3567695.098080820403993 ] ] ] } },
{ "type": "Feature", "properties": { "drag_region": "Southwest", "NAME": "Vernon", "NAMELSAD": "Vernon" }, "geometry": { "type": "Polygon", "coordinates": [ [ [ 361622.525911160977557, 3398374.590595725923777 ], [ 361651.59827830886934, 3404182.436783295124769 ], [ 363381.423411153024063, 3408458.515014321077615 ], [ 372264.807888806913979, 3408419.165297762025148 ], [ 377082.679548706277274, 3418112.627481794450432 ], [ 414972.308114067534916, 3417665.450783421751112 ], [ 417704.184395108488388, 3414524.020241850987077 ], [ 425901.044063303852454, 3412911.266534286551178 ], [ 425904.606021297746338, 3409674.12732423376292 ], [ 430693.502463445416652, 3405681.674067530315369 ], [ 431101.191375282010995, 3363886.536949244793504 ], [ 401594.869321672478691, 3364166.640228497330099 ], [ 399537.111420489032753, 3364740.523125480860472 ], [ 372776.494995067361742, 3364620.838545302394778 ], [ 368648.885689064860344, 3362162.344719982240349 ], [ 364541.570532344398089, 3364465.691604560241103 ], [ 361104.470964454580098, 3363244.586132085882127 ], [ 361128.231514238752425, 3368004.881748440209776 ], [ 364224.901472372701392, 3370084.446334203705192 ], [ 360136.650483864941634, 3375340.993474922142923 ], [ 360495.325661440845579, 3378481.096688361372799 ], [ 364958.973195712082088, 3380458.791390069760382 ], [ 364298.104464285890572, 3385603.233787084929645 ], [ 361573.536685620783828, 3388568.005923947319388 ], [ 363674.055079373647459, 3398269.31637001177296 ], [ 361622.525911160977557, 3398374.590595725923777 ] ] ] } },
{ "type": "Feature", "properties": { "drag_region": "Northeast", "NAME": "Caldwell", "NAMELSAD": "Caldwell" }, "geometry": { "type": "Polygon", "coordinates": [ [ [ 565631.00563000398688, 3625313.735646937042475 ], [ 565383.510941335815005, 3664070.246982242446393 ], [ 579242.924806149560027, 3664073.454063875135034 ], [ 580272.764349898672663, 3662081.597957440186292 ], [ 584667.939116818481125, 3662117.209483134560287 ], [ 584651.296898850589059, 3664117.02534341905266 ], [ 595468.153207197319716, 3664212.85554163902998 ], [ 594164.511280814534985, 3658962.576511456165463 ], [ 596883.737612150260247, 3657559.508608921431005 ], [ 596597.806239338591695, 3652032.972477743867785 ], [ 604723.277645547990687, 3651827.422873800620437 ], [ 604736.962558761704713, 3650494.197343181353062 ], [ 607515.062863608356565, 3643856.23032347811386 ], [ 603458.153484152629972, 3643052.481542746070772 ], [ 604236.304401349858381, 3633155.580664813052863 ], [ 605620.006110745598562, 3630503.056325431913137 ], [ 603924.203716226154938, 3630485.768043077085167 ], [ 603973.282451041974127, 3625629.179542682599276 ], [ 565631.00563000398688, 3625313.735646937042475 ] ] ] } },
{ "type": "Feature", "properties": { "drag_region": "Southwest", "NAME": "Lafayette", "NAMELSAD": "Lafayette" }, "geometry": { "type": "Polygon", "coordinates": [ [ [ 514036.641519275610335, 3254426.222307049669325 ], [ 517811.446322598843835, 3258639.346517209894955 ], [ 517452.745571320527233, 3260636.21891713514924 ], [ 524677.606096836039796, 3264875.118012879043818 ], [ 524654.816581962164491, 3268016.697371952235699 ], [ 527737.712667338550091, 3271276.495483402628452 ], [ 532887.562220923951827, 3274744.04836683627218 ], [ 533549.912910283659585, 3278176.87693185871467 ], [ 536635.230306316516362, 3280487.329805925954133 ], [ 538379.114764712168835, 3278217.066209622658789 ], [ 542510.811477974522859, 3279110.049153367988765 ], [ 545968.812239868799224, 3278189.344016829505563 ], [ 544623.696877564419992, 3274368.546083119232208 ], [ 546399.282585020759143, 3268957.816189820412546 ], [ 543653.607818022486754, 3267123.778459217399359 ], [ 547131.413171063759364, 3264489.704721984919161 ], [ 543702.366697406279854, 3261697.280506549868733 ], [ 543385.844186659669504, 3258457.346137059852481 ], [ 549254.289160543819889, 3259177.849194960203022 ], [ 550672.145783953834325, 3255478.160680623259395 ], [ 546261.376515786862001, 3246391.935420197900385 ], [ 545259.74829622078687, 3242384.101660729851574 ], [ 535190.158712873002514, 3246391.275898152031004 ], [ 533066.661094011273235, 3252372.031268757767975 ], [ 529273.531800687196665, 3251009.561298091895878 ], [ 521991.269523674738593, 3253907.647810581605881 ], [ 514036.641519275610335, 3254426.222307049669325 ] ] ] } },
{ "type": "Feature", "properties": { "drag_region": "Southeast", "NAME": "St. Bernard", "NAMELSAD": "St. Bernard" }, "geometry": { "type": "MultiPolygon", "coordinates": [ [ [ [ 1007421.606303769163787, 3266568.617210673633963 ], [ 1012144.333775440813042, 3260726.992212120909244 ], [ 1014142.295877462136559, 3253546.061701357364655 ], [ 1013451.773943425272591, 3243881.081241105217487 ], [ 1010339.898135731113143, 3233747.525163014419377 ], [ 1008939.7443218837725, 3233983.644836431834847 ], [ 1011410.051043767365627, 3242661.83745179278776 ], [ 1012452.964660237077624, 3252243.757327686063945 ], [ 1011946.765047623077407, 3256615.733807412907481 ], [ 1007421.606303769163787, 3266568.617210673633963 ] ] ], [ [ [ 962715.367178390268236, 3265714.582148200832307 ], [ 966407.770854774396867, 3269458.263592468574643 ], [ 977229.080175939132459, 3277541.856074470095336 ], [ 977965.810564862447791, 3276230.86088527366519 ], [ 973665.94690874859225, 3270077.362294646445662 ], [ 974446.735761894029565, 3267431.9943135404028 ], [ 979054.134287845925428, 3264437.081444198265672 ], [ 974015.113599567557685, 3259499.613925588317215 ], [ 972828.14790774253197, 3263944.221447237767279 ], [ 969395.104322919505648, 3262877.847320500295609 ], [ 963475.245278834132478, 3263640.414853274356574 ], [ 962715.367178390268236, 3265714.582148200832307 ] ] ], [ [ [ 913385.913879959145561, 3257381.93586260965094 ], [ 914553.798107721144333, 3252742.627335108350962 ], [ 917392.721856988384388, 3250437.670762772206217 ], [ 921542.19223002018407, 3250934.964602559804916 ], [ 925981.018686365685426, 3253444.370087753981352 ], [ 924754.272477137390524, 3247784.075280521530658 ], [ 927621.263268070644699, 3244624.041677726898342 ], [ 932877.285393178695813, 3242963.993369672447443 ], [ 937356.853838310926221, 3244144.024490737356246 ], [ 939356.435767818824388, 3246968.553109532687813 ], [ 940803.061895607155748, 3256643.057748013641685 ], [ 940072.970033389865421, 3257860.925368571653962 ], [ 948231.636926974519156, 3263257.675707887392491 ], [ 949141.661717371316627, 3267481.988060831557959 ], [ 955475.512611143756658, 3264436.034932340495288 ], [ 959959.906202135956846, 3265149.800279857590795 ], [ 960023.434782087686472, 3263148.767326706554741 ], [ 954235.789436661056243, 3259723.788685266394168 ], [ 954336.745683272718452, 3256484.145632868632674 ], [ 959586.911921932245605, 3255027.447031560353935 ], [ 960810.988239438389428, 3249247.886878940276802 ], [ 965970.780962162883952, 3250747.826255071442574 ], [ 969531.647943477495573, 3258684.990801871754229 ], [ 975155.549126796540804, 3256484.488916339352727 ], [ 973941.262723093270324, 3251197.606451775413007 ], [ 969432.700072364183143, 3251050.392191607039422 ], [ 965405.44631537864916, 3246723.432481221389025 ], [ 973031.866362825850956, 3247161.160713944584131 ], [ 972081.190925017348491, 3244363.672688371036202 ], [ 961390.043695695814677, 3241921.831321154721081 ], [ 966103.236261932062916, 3235776.387689149472862 ], [ 969855.549057171097957, 3237995.556101023219526 ], [ 967605.44551738735754, 3232295.205370637122542 ], [ 964400.208284987485968, 3234672.855419464875013 ], [ 959505.128750703413971, 3235567.405937093775719 ], [ 955500.37773787335027, 3230196.941386938095093 ], [ 955444.294029335258529, 3220753.37113244086504 ], [ 952329.478180794860236, 3220180.889429183676839 ], [ 949994.004444733262062, 3228311.241162607446313 ], [ 946169.114021171466447, 3228290.81939649162814 ], [ 945662.939301869133487, 3221981.723857237026095 ], [ 942203.487139279604889, 3221306.37816112395376 ], [ 936591.038829280179925, 3222857.597844161093235 ], [ 930917.536454890505411, 3226602.660526502411813 ], [ 927310.2785608015256, 3231171.486692299135029 ], [ 920353.656020663212985, 3231357.133140792138875 ], [ 917799.01815804943908, 3235767.101964432280511 ], [ 913659.368064794805832, 3234700.141964580398053 ], [ 908576.648752061999403, 3242856.240150506142527 ], [ 906684.225931124063209, 3248715.784080669749528 ], [ 902513.751191190793179, 3248986.228604868520051 ], [ 898638.184600195032544, 3251267.613375666551292 ], [ 900590.191142284194939, 3256180.106660924386233 ], [ 904080.116577455075458, 3255319.149908729828894 ], [ 909559.496646528015845, 3257849.520187447778881 ], [ 913385.913879959145561, 3257381.93586260965094 ] ] ] ] } },
{ "type": "Feature", "properties": { "drag_region": "Southeast", "NAME": "East Feliciana", "NAMELSAD": "East Feliciana" }, "geometry": { "type": "Polygon", "coordinates": [ [ [ 733355.17752482870128, 3401997.422432374209166 ], [ 766945.449232926592231, 3402601.109883168246597 ], [ 763638.495853113592602, 3396249.032478923909366 ], [ 765126.280726053519174, 3390275.587038232479244 ], [ 764158.922690802603029, 3387017.7695696875453 ], [ 766316.318174535175785, 3382010.006600025109947 ], [ 765143.683277937001549, 3371507.755671010352671 ], [ 726667.15985787846148, 3369315.171106272842735 ], [ 722291.776761992136016, 3363057.127772125415504 ], [ 721252.688938750652596, 3363517.659799797926098 ], [ 720145.33318899886217, 3368548.868089824449271 ], [ 722868.176903161220253, 3370399.590154146775603 ], [ 724169.983347540488467, 3375181.728613561950624 ], [ 728228.520856812247075, 3379340.544872495811433 ], [ 728177.413829316967167, 3382578.168764179572463 ], [ 732440.111170493299142, 3395029.014276764821261 ], [ 733355.17752482870128, 3401997.422432374209166 ] ] ] } },
{ "type": "Feature", "properties": { "drag_region": "Southwest", "NAME": "West Feliciana", "NAMELSAD": "West Feliciana" }, "geometry": { "type": "MultiPolygon", "coordinates": [ [ [ [ 597684.984569289954379, 3371946.223852482624352 ], [ 641553.412616923684254, 3372574.537518346682191 ], [ 640638.346262588282116, 3365606.129362737294286 ], [ 636375.648921411950141, 3353155.283850152045488 ], [ 636426.755948907230049, 3349917.659958468284458 ], [ 632368.218439635471441, 3345758.843699534423649 ], [ 631066.411995256203227, 3340976.705240119248629 ], [ 628343.568281093845144, 3339125.983175796922296 ], [ 629450.924030845635571, 3334094.774885770399123 ], [ 627378.685195128549822, 3334635.249526564031839 ], [ 623094.146273070946336, 3345429.771844636183232 ], [ 615910.46108353312593, 3343042.263563743792474 ], [ 605951.926186647964641, 3342337.783037792425603 ], [ 602122.613408478093334, 3346193.527196520008147 ], [ 607239.698915118933655, 3349020.771653193980455 ], [ 609212.091800464666449, 3355713.119075181428343 ], [ 608812.120666246977635, 3359993.408567893784493 ], [ 606028.948254505754448, 3362909.173129444010556 ], [ 599853.70379027700983, 3362925.918120088987052 ], [ 604704.700781301246025, 3359177.918243165593594 ], [ 605440.144487253506668, 3355378.052158063743263 ], [ 599273.474034544429742, 3354347.914547159802169 ], [ 595474.672378401970491, 3356206.341983958147466 ], [ 597094.668917309842072, 3364130.010264705866575 ], [ 595323.842036096029915, 3368774.916642186697572 ], [ 597684.984569289954379, 3371946.223852482624352 ] ] ], [ [ [ 589402.15529702801723, 3376895.098651882261038 ], [ 595568.994727200712077, 3376872.559261992573738 ], [ 595635.650455489871092, 3371349.915133587550372 ], [ 592862.405093387817033, 3373983.285582878161222 ], [ 586693.96236094168853, 3374007.452805367764086 ], [ 589402.15529702801723, 3376895.098651882261038 ] ] ] ] } },
{ "type": "Feature", "properties": { "drag_region": "Southeast", "NAME": "St. Helena", "NAMELSAD": "St. Helena" }, "geometry": { "type": "Polygon", "coordinates": [ [ [ 776712.194309437880293, 3369690.370674568694085 ], [ 777884.829206036054529, 3380192.62160358345136 ], [ 775727.433722303481773, 3385200.384573245886713 ], [ 776694.791757554397918, 3388458.202041790820658 ], [ 775207.006884614471346, 3394431.64748248225078 ], [ 778513.960264427470975, 3400783.724886726588011 ], [ 803192.767315841396339, 3401390.319282754324377 ], [ 804036.709272715612315, 3362626.062796481419355 ], [ 771011.647330524981953, 3361866.190226079896092 ], [ 776712.194309437880293, 3369690.370674568694085 ] ] ] } },
{ "type": "Feature", "properties": { "drag_region": "Northeast", "NAME": "Richland", "NAMELSAD": "Richland" }, "geometry": { "type": "Polygon", "coordinates": [ [ [ 610460.018383578048088, 3694591.756325260270387 ], [ 615749.023424357641488, 3705122.420949374791235 ], [ 620497.720685714972205, 3702410.941637488082051 ], [ 620467.589110445929691, 3705172.803923667874187 ], [ 623466.773658627993427, 3708253.968587295152247 ], [ 628875.770908205071464, 3706792.12587240897119 ], [ 632844.3554579828633, 3713031.067077324725688 ], [ 635877.837666475796141, 3712877.978725716937333 ], [ 639166.355701896362007, 3719111.29075374500826 ], [ 642868.851869319798425, 3719159.538180405274034 ], [ 642993.331103204516694, 3709730.603110666386783 ], [ 657143.77070278278552, 3709927.22948111128062 ], [ 658526.538926246343181, 3707565.90196312777698 ], [ 656204.796233256813139, 3704959.86351165920496 ], [ 653575.767927048262209, 3700159.053714807610959 ], [ 654727.615190317621455, 3690363.596208389848471 ], [ 639875.715500712045468, 3690067.452248827554286 ], [ 633848.209909684024751, 3685991.652818323113024 ], [ 631532.033542214077897, 3681963.259391118772328 ], [ 627813.688768747728318, 3682110.105426069349051 ], [ 626578.628928461694159, 3671904.540555777959526 ], [ 622556.245218122261576, 3668621.220832532271743 ], [ 621580.796878790599294, 3664991.314977499656379 ], [ 615523.041500679915771, 3661689.086184065323323 ], [ 615509.356587466201745, 3663022.311714684590697 ], [ 607383.885181256802753, 3663227.861318627838045 ], [ 607669.816554068471305, 3668754.397449805401266 ], [ 604950.590222732746042, 3670157.465352340135723 ], [ 606254.232149115530774, 3675407.74438252300024 ], [ 602197.036253443104215, 3675465.68086342792958 ], [ 604475.228951062890701, 3685010.362714375369251 ], [ 606785.848900937475264, 3690651.22689932025969 ], [ 610460.018383578048088, 3694591.756325260270387 ] ] ] } },
{ "type": "Feature", "properties": { "drag_region": "Northeast", "NAME": "LaSalle", "NAMELSAD": "LaSalle" }, "geometry": { "type": "Polygon", "coordinates": [ [ [ 557465.851164874155074, 3591267.243121702689677 ], [ 562152.817293719854206, 3602341.903635750990361 ], [ 562130.437905589817092, 3605865.118275034241378 ], [ 590972.665504405158572, 3605993.791176186874509 ], [ 590947.832897252868861, 3571424.6513561764732 ], [ 591578.813272366765887, 3539338.963102009147406 ], [ 589854.401579159428366, 3541228.040954743977636 ], [ 584056.940217003924772, 3540321.289630095474422 ], [ 584370.625701123615727, 3543656.697847422212362 ], [ 577850.902260768576525, 3547984.537428695242852 ], [ 576774.14844755420927, 3554927.481746734119952 ], [ 573355.888405922218226, 3556044.566339079290628 ], [ 569246.001084679272026, 3558681.476201957091689 ], [ 565841.78380361199379, 3557991.886429519858211 ], [ 565812.208069385727867, 3562467.062732983380556 ], [ 561698.492668798775412, 3566439.929187231697142 ], [ 562708.258986202068627, 3568350.684376064687967 ], [ 555537.569059952395037, 3571735.707540564704686 ], [ 558598.589164304547012, 3572229.536750415805727 ], [ 557221.450801591156051, 3574887.628526742570102 ], [ 558891.1850716015324, 3580229.875642262399197 ], [ 556506.854240515152924, 3580787.210915938951075 ], [ 559189.470969012589194, 3587182.905247376300395 ], [ 557465.851164874155074, 3591267.243121702689677 ] ] ] } },
{ "type": "Feature", "properties": { "drag_region": "Southeast", "NAME": "Assumption", "NAMELSAD": "Assumption" }, "geometry": { "type": "Polygon", "coordinates": [ [ [ 733328.971969176083803, 3257984.01026249723509 ], [ 744683.594965816126205, 3262356.743652237113565 ], [ 754341.732728898408823, 3264330.755038493312895 ], [ 758519.344515087897889, 3262975.695742676500231 ], [ 759040.334684238303453, 3253174.057118297088891 ], [ 762155.934714214527048, 3253325.244559924118221 ], [ 762243.749265067046508, 3248468.940891051664948 ], [ 766053.742365831974894, 3248633.700249466113746 ], [ 766115.088967952760868, 3245300.916239994112402 ], [ 760446.687923290301114, 3232625.075836343690753 ], [ 755042.684242879971862, 3223958.097832636442035 ], [ 747565.181244061212055, 3214021.823644666932523 ], [ 745450.18813088524621, 3215796.56443506013602 ], [ 746549.177744003711268, 3233433.947167633101344 ], [ 742320.859773695003241, 3237364.744644547346979 ], [ 737098.893872701213695, 3238519.408359864261001 ], [ 734570.753404862480238, 3244955.902533531654626 ], [ 730303.250150279491208, 3252032.907845509704202 ], [ 729909.184912315104157, 3255169.664903471712023 ], [ 733328.971969176083803, 3257984.01026249723509 ] ] ] } },
{ "type": "Feature", "properties": { "drag_region": "Northwest", "NAME": "Claiborne", "NAMELSAD": "Claiborne" }, "geometry": { "type": "Polygon", "coordinates": [ [ [ 418004.825731836550403, 3754524.715410958044231 ], [ 465943.672300385194831, 3754152.454198913183063 ], [ 466017.568417883128859, 3725867.905984471552074 ], [ 456267.765345382445958, 3725752.081471682991832 ], [ 456275.631149752705824, 3720895.2698126854375 ], [ 452580.632904593658168, 3716795.040597513318062 ], [ 453261.898276493477169, 3710510.706991706509143 ], [ 451245.986580062715802, 3706508.625934201758355 ], [ 423286.749676053295843, 3706516.826387241482735 ], [ 423969.29882355913287, 3711943.799629283137619 ], [ 422638.734522602986544, 3721088.230632431339473 ], [ 417929.60176733910339, 3721097.668722247239202 ], [ 418004.825731836550403, 3754524.715410958044231 ] ] ] } },
{ "type": "Feature", "properties": { "drag_region": "Northeast", "NAME": "Concordia", "NAMELSAD": "Concordia" }, "geometry": { "type": "Polygon", "coordinates": [ [ [ 655117.967513463459909, 3575060.727664450183511 ], [ 668714.893175977049395, 3575442.142347254790366 ], [ 670788.893783163046464, 3573186.727753868792206 ], [ 669123.600058446521871, 3570780.726092626806349 ], [ 668931.488884122925811, 3560681.126377833541483 ], [ 662802.922294171527028, 3560593.181160599924624 ], [ 659361.588918829802424, 3563212.317646675277501 ], [ 657708.760438826400787, 3559570.374248118139803 ], [ 660812.843768656253815, 3556755.494480118621141 ], [ 666925.762429119902663, 3558080.175786446314305 ], [ 668332.394206959288567, 3555052.549872318748385 ], [ 664291.658021058305167, 3551660.805759673006833 ], [ 657499.469021300552413, 3549852.482635408639908 ], [ 657935.505286784260534, 3542810.269061473663896 ], [ 662468.548585030715913, 3535729.017416862770915 ], [ 662506.919349555042572, 3532967.443378640338778 ], [ 659443.591692790971138, 3532258.639628894627094 ], [ 656675.59086530643981, 3534983.406037531327456 ], [ 655247.431019437382929, 3539726.559284316841513 ], [ 652225.114220912684686, 3535972.621900035534054 ], [ 654634.024133274215274, 3534480.158978277351707 ], [ 655031.777683131746016, 3530199.531429158523679 ], [ 659177.038956603384577, 3526730.933237345423549 ], [ 658549.03721595776733, 3522627.045848045963794 ], [ 652764.582866033422761, 3520645.99013560032472 ], [ 646604.59397849382367, 3521234.970496537163854 ], [ 646307.289393941638991, 3517612.348828358575702 ], [ 651495.928522437461652, 3512915.444670955184847 ], [ 648154.951584339723922, 3506492.623065972235054 ], [ 648530.312981811235659, 3503830.709700064733624 ], [ 654068.86781904741656, 3499139.144556535873562 ], [ 651741.700579023337923, 3493585.688285124488175 ], [ 647311.86985133914277, 3491530.547427823767066 ], [ 644950.727318145218305, 3488359.240217527840286 ], [ 645195.880009249900468, 3496456.882837333716452 ], [ 639029.040579077205621, 3496479.422227223403752 ], [ 640662.838907594792545, 3503259.725223143119365 ], [ 639256.160079501452856, 3506481.245411165524274 ], [ 643292.138796988409013, 3512433.132149594370276 ], [ 630237.092787962872535, 3517713.051721388939768 ], [ 628151.880433318670839, 3520928.628257699776441 ], [ 629145.602699518552981, 3523891.290938142687082 ], [ 625376.803368470398709, 3524899.277258324902505 ], [ 625316.859018117189407, 3530707.632182582747191 ], [ 626998.93865664396435, 3533105.895476214122027 ], [ 632462.425079164211638, 3532974.211134800221771 ], [ 625920.43289252219256, 3538332.299309130292386 ], [ 625837.051769974990748, 3546330.856028821785003 ], [ 628911.306191734853201, 3545791.993377803824842 ], [ 630678.104171805200167, 3540097.114465087652206 ], [ 637169.089111656765454, 3539312.614051326178014 ], [ 637123.094450555741787, 3543311.965939146466553 ], [ 631318.630284284241498, 3543913.42705141659826 ], [ 632952.587535570375621, 3550312.16031289845705 ], [ 628473.517677523894235, 3554834.467502679675817 ], [ 629439.727143962518312, 3559987.539725942071527 ], [ 633487.793986586271785, 3563365.468200055416673 ], [ 636935.339270389056765, 3559595.263248803559691 ], [ 639962.391574132372625, 3562773.572852348908782 ], [ 638897.564552421914414, 3566475.326971484813839 ], [ 640524.888853825046681, 3572685.246097520925105 ], [ 646309.353889200720005, 3572470.295716325286776 ], [ 649663.498482338502072, 3576132.12737083574757 ], [ 654821.179592714877799, 3571818.359824379906058 ], [ 655117.967513463459909, 3575060.727664450183511 ] ] ] } },
{ "type": "Feature", "properties": { "drag_region": "Northeast", "NAME": "Tensas", "NAMELSAD": "Tensas" }, "geometry": { "type": "Polygon", "coordinates": [ [ [ 661012.09391577495262, 3617002.170097495429218 ], [ 667050.004984331899323, 3622417.301242484245449 ], [ 665309.341187475016341, 3625632.053221898153424 ], [ 668314.745142525993288, 3629102.444659070577472 ], [ 666912.371567099587992, 3632416.886330793611705 ], [ 668839.774857581476681, 3640063.974146438296884 ], [ 667397.496282969252206, 3646330.678295337129384 ], [ 668323.73846589808818, 3652725.740190694574267 ], [ 684565.261300493148156, 3652871.183979230001569 ], [ 689251.507153541548178, 3656089.29036651365459 ], [ 692671.504847491160035, 3653858.483194956090301 ], [ 697342.024868387263268, 3657842.424713954329491 ], [ 702070.160218807635829, 3658304.591029535979033 ], [ 703157.947530370904133, 3654131.455665113404393 ], [ 699792.632912585628219, 3653025.243067661300302 ], [ 699244.146702051744796, 3645489.393578398507088 ], [ 710098.782153910724446, 3644631.95960580278188 ], [ 712139.426903558080085, 3644192.684900584165007 ], [ 712151.618318820605054, 3643525.958006490487605 ], [ 707479.462540341541171, 3639535.31526783760637 ], [ 705845.797131140832789, 3636076.506946020293981 ], [ 701375.824096761178225, 3639714.31815142929554 ], [ 699722.348458971362561, 3637304.248036043252796 ], [ 706204.901948915212415, 3634939.554543942213058 ], [ 706288.886079650954343, 3630177.366654491983354 ], [ 699868.12352542008739, 3628732.450532078742981 ], [ 697533.833383170072921, 3626311.370559495408088 ], [ 698292.335767027921975, 3621560.721131385304034 ], [ 691929.845037537976168, 3616121.11397745879367 ], [ 689912.130828067660332, 3614850.34330936986953 ], [ 692335.618682871689089, 3612031.366780636832118 ], [ 690679.693029110669158, 3609337.424237223342061 ], [ 688275.610495116678067, 3610918.71070836763829 ], [ 687531.84298363304697, 3615003.20736991846934 ], [ 683472.620068109012209, 3613892.417376411613077 ], [ 681229.939509508782066, 3604904.233895789366215 ], [ 691104.83562386338599, 3604009.601351050194353 ], [ 679932.64255348360166, 3600693.592520717065781 ], [ 677858.641946297604591, 3602949.007114103063941 ], [ 664261.716283784015104, 3602567.592431298457086 ], [ 660798.423199109267443, 3607379.391681813634932 ], [ 661771.488214826560579, 3610916.301842391956598 ], [ 661012.09391577495262, 3617002.170097495429218 ] ] ] } },
{ "type": "Feature", "properties": { "drag_region": "Northwest", "NAME": "Jackson", "NAMELSAD": "Jackson" }, "geometry": { "type": "Polygon", "coordinates": [ [ [ 476727.317254973691888, 3668288.499256496783346 ], [ 491571.090963630471379, 3668235.089407238643616 ], [ 491216.614823506795801, 3673090.539539215154946 ], [ 510774.37329935701564, 3673083.385301245376468 ], [ 510827.533362051355653, 3663370.005113828461617 ], [ 520677.691414297209121, 3653810.173886173404753 ], [ 520802.197285736910999, 3634383.909016984980553 ], [ 473412.775329175172374, 3634286.723369495011866 ], [ 474753.606212600425351, 3641335.670469600241631 ], [ 477115.381598544016015, 3644197.078471061773598 ], [ 476727.317254973691888, 3668288.499256496783346 ] ] ] } },
{ "type": "Feature", "properties": { "drag_region": "Southwest", "NAME": "Jefferson Davis", "NAMELSAD": "Jefferson Davis" }, "geometry": { "type": "Polygon", "coordinates": [ [ [ 414133.983204572054092, 3287296.356772014405578 ], [ 420338.637388489034493, 3287386.201313466299325 ], [ 420339.571645250369329, 3289004.55164592480287 ], [ 448256.251142674882431, 3288833.919883946888149 ], [ 448245.047503020323347, 3294450.593652297277004 ], [ 462024.059616424550768, 3294486.858550911769271 ], [ 462026.547921195917297, 3293725.268270059954375 ], [ 465495.765736403467599, 3286977.977503081783652 ], [ 462063.501262728997972, 3282396.707245832309127 ], [ 463112.433517834811937, 3278116.259880345314741 ], [ 462462.402794447552878, 3265928.895051043014973 ], [ 465935.33663367544068, 3260609.829803457483649 ], [ 462497.260477648756932, 3255267.120347112417221 ], [ 462858.342200152983423, 3250603.776035695336759 ], [ 451804.668622911849525, 3244480.603122986853123 ], [ 426888.962190179910976, 3244642.229036586359143 ], [ 426888.839341090118978, 3249497.003216382116079 ], [ 437611.415089872549288, 3249597.685621057171375 ], [ 435533.452483241911978, 3252832.345002013724297 ], [ 436912.053890817041975, 3257688.38682059943676 ], [ 426888.629398618359119, 3257778.751589826773852 ], [ 426888.336621235182974, 3269297.202284253202379 ], [ 423780.890220727364067, 3269202.370061804074794 ], [ 423784.318973387882579, 3282434.534267372451723 ], [ 414128.412483032443561, 3282441.323564718943089 ], [ 414133.983204572054092, 3287296.356772014405578 ] ] ] } },
{ "type": "Feature", "properties": { "drag_region": "Southeast", "NAME": "Jefferson", "NAMELSAD": "Jefferson" }, "geometry": { "type": "Polygon", "coordinates": [ [ [ 853581.695824867463671, 3270782.237070807721466 ], [ 863190.853204519138671, 3273972.294020102825016 ], [ 868101.279698025435209, 3271331.838325298856944 ], [ 866908.916312570334412, 3249951.662235080264509 ], [ 865672.588629969279282, 3243916.239432639442384 ], [ 868821.533530381857418, 3242851.413789327722043 ], [ 872599.008697888464667, 3244376.939132775645703 ], [ 873570.650320466258563, 3247070.649020062293857 ], [ 878567.188767505460419, 3241671.411441641394049 ], [ 876607.178480189410038, 3236949.946659397799522 ], [ 872859.008395598386414, 3234184.953106793109328 ], [ 873113.439494740334339, 3224183.573333486448973 ], [ 878507.865705611300655, 3217173.184640804771334 ], [ 879696.028475866303779, 3211580.248507918324322 ], [ 881452.001388350850902, 3210958.596510749310255 ], [ 881302.122716121957637, 3203329.342576939612627 ], [ 882390.693337028496899, 3201641.921699053607881 ], [ 882633.260015588952228, 3192307.210800474975258 ], [ 884429.588929230696522, 3190256.990061883348972 ], [ 887492.320089522749186, 3179852.203585976269096 ], [ 890403.235215716878884, 3175353.625142919365317 ], [ 872622.302356820437126, 3160410.742446315474808 ], [ 875581.960976858972572, 3167822.957418371457607 ], [ 880974.251471438794397, 3175489.174888203386217 ], [ 878089.150293561047874, 3179132.621722584590316 ], [ 877287.76452943647746, 3183210.577448319178075 ], [ 878511.84889845631551, 3189913.518828972242773 ], [ 875633.06761364871636, 3193462.052060998976231 ], [ 867232.49274073925335, 3194967.728972582146525 ], [ 862124.736998534644954, 3204468.371362676844001 ], [ 864891.625555906561203, 3205202.913323716260493 ], [ 864944.644553615828045, 3217212.414379637688398 ], [ 857610.504334440105595, 3218559.088861918076873 ], [ 863171.286997123504989, 3232798.727107487618923 ], [ 856116.740007214597426, 3237392.447087010368705 ], [ 853228.687959216535091, 3242088.396056406665593 ], [ 852021.46254601131659, 3249111.77349107246846 ], [ 851808.733306125039235, 3258064.793913702014834 ], [ 853581.695824867463671, 3270782.237070807721466 ] ] ] } },
{ "type": "Feature", "properties": { "drag_region": "Northeast", "NAME": "Madison", "NAMELSAD": "Madison" }, "geometry": { "type": "MultiPolygon", "coordinates": [ [ [ [ 673184.747126490576193, 3690084.758183633442968 ], [ 672032.899863221216947, 3699880.215690051205456 ], [ 674661.928169429767877, 3704681.025486902799457 ], [ 705000.76598658063449, 3705166.534544261172414 ], [ 707311.481880966341123, 3707970.425042504444718 ], [ 711018.71311999252066, 3708036.986168178729713 ], [ 710375.647677287110128, 3706310.256202521268278 ], [ 717186.89135260344483, 3702719.458424288779497 ], [ 718919.72353080403991, 3700274.592736032325774 ], [ 715559.136526996269822, 3699544.718298988416791 ], [ 709742.619314201525412, 3704012.076214418746531 ], [ 708058.537756710313261, 3703886.645324124023318 ], [ 707144.875587456626818, 3698344.182836879976094 ], [ 714990.001086403266527, 3693817.158049824181944 ], [ 718329.304092977195978, 3695785.021443482488394 ], [ 721092.406957568600774, 3692502.27457361901179 ], [ 718427.685402317321859, 3690546.177099918480963 ], [ 718531.293884206097573, 3685021.614999456796795 ], [ 726332.570612293086015, 3683550.931377319153398 ], [ 728284.67858565878123, 3687400.815483642276376 ], [ 729669.703377900528722, 3685712.983890646137297 ], [ 724410.091625221539289, 3678082.242271929513663 ], [ 720339.121650120709091, 3678766.857789901085198 ], [ 721110.752185854478739, 3673731.376732049509883 ], [ 719494.793963293079287, 3669699.048985572531819 ], [ 714704.337083305814303, 3672564.099512659013271 ], [ 712383.202627361519262, 3669949.413299525622278 ], [ 706647.052145794616081, 3668990.107558317948133 ], [ 705559.264834231347777, 3673163.242922740522772 ], [ 700831.129483810975216, 3672701.07660715887323 ], [ 696160.609462914871983, 3668717.135088160634041 ], [ 692740.611768965260126, 3670947.942259718198329 ], [ 688054.365915916860104, 3667729.835872434545308 ], [ 667752.924172696191818, 3667528.291455247439444 ], [ 669030.214876019861549, 3673070.585443758871406 ], [ 668620.071530851884745, 3678304.030931887682527 ], [ 673663.779348655836657, 3680184.586713233496994 ], [ 672234.041954841930419, 3685689.304331691935658 ], [ 675608.51902143494226, 3685928.137458909768611 ], [ 673184.747126490576193, 3690084.758183633442968 ] ] ], [ [ [ 715628.531518981792033, 3659051.336793788708746 ], [ 713587.886769334436394, 3659490.611499007325619 ], [ 712804.071613185340539, 3665383.661375788040459 ], [ 717923.35638688900508, 3663190.614300992339849 ], [ 715628.531518981792033, 3659051.336793788708746 ] ] ] ] } },
{ "type": "Feature", "properties": { "drag_region": "Northwest", "NAME": "Bossier", "NAMELSAD": "Bossier" }, "geometry": { "type": "Polygon", "coordinates": [ [ [ 341128.432764260563999, 3748098.031575881876051 ], [ 368617.003086859942414, 3747828.063439140561968 ], [ 367587.231901983439457, 3743071.24561788700521 ], [ 369577.906308130244724, 3738585.176037768367678 ], [ 372257.923158279270865, 3737620.183108843397349 ], [ 374892.6901115977671, 3725989.640951291657984 ], [ 372857.62495176284574, 3721712.963798529934138 ], [ 375536.144645685330033, 3719225.208752782084048 ], [ 375413.894770593266003, 3690084.518672219011933 ], [ 375710.853841596283019, 3680369.82303995732218 ], [ 382123.58955588232493, 3680345.34236619528383 ], [ 377392.750353032432031, 3678934.571616714820266 ], [ 379405.925337026303168, 3675689.02014303766191 ], [ 377015.996446770906914, 3669127.560691701248288 ], [ 379032.869582707586233, 3666358.12527060508728 ], [ 376983.724927413510159, 3661033.389643475878984 ], [ 372926.213405093178153, 3661145.591187275014818 ], [ 373946.807132152025588, 3662569.573746466543525 ], [ 366530.851396736805327, 3667079.816026523709297 ], [ 364864.79366897867294, 3671659.343008351046592 ], [ 358798.580449269793462, 3674168.718461555894464 ], [ 358152.786570548720192, 3679219.769774353597313 ], [ 352757.330444651190192, 3680110.046087609604001 ], [ 353451.153240418061614, 3683057.849531981162727 ], [ 351807.520593784342054, 3689734.836719204671681 ], [ 346445.868438585719559, 3694533.130291308276355 ], [ 347835.783086063514929, 3700523.299101748038083 ], [ 345145.129733798850793, 3701113.810358268674463 ], [ 346848.779174081108067, 3703863.53287560492754 ], [ 343892.637715799792204, 3713980.219554939307272 ], [ 340549.290641865169164, 3716672.228243072982877 ], [ 343258.921506998070981, 3719223.148488283157349 ], [ 342626.683911362721119, 3724561.405719796661288 ], [ 343675.920589854766149, 3730077.577080192044377 ], [ 340356.028750689758454, 3735055.528603742830455 ], [ 342395.445530463883188, 3738373.355325103271753 ], [ 338384.651913799112663, 3740404.803700247313827 ], [ 340755.378952748549636, 3743243.428331484086812 ], [ 341128.432764260563999, 3748098.031575881876051 ] ] ] } },
{ "type": "Feature", "properties": { "drag_region": "Northeast", "NAME": "Morehouse", "NAMELSAD": "Morehouse" }, "geometry": { "type": "Polygon", "coordinates": [ [ [ 597059.386596575030126, 3775605.787382410373539 ], [ 653728.861830892506987, 3775985.970049703028053 ], [ 656076.137745760846883, 3776020.605957044754177 ], [ 649233.586100299376994, 3761821.707556487526745 ], [ 644231.545658795628697, 3759180.285916867665946 ], [ 640636.168556054239161, 3751606.450142482761294 ], [ 641365.251464441302232, 3747329.370132523588836 ], [ 637395.838111567893066, 3742133.641816669143736 ], [ 637782.477820928324945, 3738233.041598639916629 ], [ 634493.959785507759079, 3731999.729570611845702 ], [ 631460.477577014826238, 3732152.817922219634056 ], [ 627491.893027237034403, 3725913.876717303879559 ], [ 622082.895777659956366, 3727375.719432190060616 ], [ 619083.71122947789263, 3724294.554768562782556 ], [ 619113.842804746935144, 3721532.69248238299042 ], [ 614365.145543389604427, 3724244.171794269699603 ], [ 612854.837920389138162, 3721496.29919112380594 ], [ 609261.289263714803383, 3729049.682921130675822 ], [ 610881.05185905424878, 3735447.438897632528096 ], [ 606096.958163627539761, 3742734.042891098652035 ], [ 598372.332669845432974, 3741233.639427987858653 ], [ 597675.040985220111907, 3743989.531385434325784 ], [ 598234.84255097748246, 3756662.080031257122755 ], [ 595504.517734559136443, 3761590.844287099782377 ], [ 595424.360997362527996, 3770829.054496498778462 ], [ 597059.386596575030126, 3775605.787382410373539 ] ] ] } },
{ "type": "Feature", "properties": { "drag_region": "Southeast", "NAME": "Orleans", "NAMELSAD": "Orleans" }, "geometry": { "type": "Polygon", "coordinates": [ [ [ 873417.482323618140072, 3282092.710890857037157 ], [ 880015.477749207057059, 3281213.674703927244991 ], [ 893029.34333373233676, 3286326.148777584545314 ], [ 901037.387878234148957, 3284544.853061374742538 ], [ 905251.923805970349349, 3282375.088479204103351 ], [ 908307.833088218932971, 3284464.257637494243681 ], [ 911472.64913783420343, 3282743.524291056208313 ], [ 914195.492345693870448, 3284348.091467691585422 ], [ 920151.431600951706059, 3281948.45732825435698 ], [ 915103.873606065870263, 3276936.981513867620379 ], [ 914516.854761192458682, 3273296.508588298223913 ], [ 910403.362061392981559, 3271747.625536706764251 ], [ 911551.564219216234051, 3267966.632176430430263 ], [ 901808.46744628099259, 3269311.975633345078677 ], [ 898137.954608319792897, 3264157.631422241684049 ], [ 894311.53737488866318, 3264625.21574707981199 ], [ 888832.157305815722793, 3262094.845468361862004 ], [ 885342.231870644842274, 3262955.802220556419343 ], [ 883390.22532855567988, 3258043.308935298584402 ], [ 887265.791919551440515, 3255761.924164500553161 ], [ 891436.266659484710544, 3255491.479640301782638 ], [ 893328.689480422646739, 3249631.935710138175637 ], [ 890826.77018672786653, 3252329.413377172779292 ], [ 883883.391393098165281, 3252432.284007199574262 ], [ 878886.852946058963425, 3257831.52158562047407 ], [ 877915.211323481169529, 3255137.811698333825916 ], [ 874137.73615597456228, 3253612.286354885902256 ], [ 870988.791255561984144, 3254677.111998197622597 ], [ 872225.118938163039275, 3260712.534800638444722 ], [ 873417.482323618140072, 3282092.710890857037157 ] ] ] } },
{ "type": "Feature", "properties": { "drag_region": "Northeast", "NAME": "Ouachita", "NAMELSAD": "Ouachita" }, "geometry": { "type": "Polygon", "coordinates": [ [ [ 553593.993426745757461, 3693110.243020871654153 ], [ 553487.544776696711779, 3712537.137432631105185 ], [ 566964.455859143054113, 3712334.545900297816843 ], [ 571336.351779800839722, 3713413.030763518996537 ], [ 571656.477645995328203, 3715701.083082871511579 ], [ 584043.704563817358576, 3724371.2463443512097 ], [ 586364.663860585307702, 3728296.4404406119138 ], [ 587061.95554521062877, 3725540.548483165446669 ], [ 594786.581038992735557, 3727040.951946276240051 ], [ 599570.674734419444576, 3719754.347952810116112 ], [ 597950.912139079999179, 3713356.591976308263838 ], [ 601738.992448227945715, 3705394.316546439193189 ], [ 600738.24163630255498, 3704336.363011165056378 ], [ 597765.763377975206822, 3698020.416225332766771 ], [ 594091.593895334633999, 3694079.886799392756075 ], [ 591780.973945460049435, 3688439.022614447865635 ], [ 589502.781247840262949, 3678894.340763500425965 ], [ 582743.120835165958852, 3678740.574084375519305 ], [ 582759.763053133850917, 3676740.758224091026932 ], [ 578364.588286214042455, 3676705.146698396652937 ], [ 577334.748742464929819, 3678697.002804831601679 ], [ 563475.334877651184797, 3678693.795723198913038 ], [ 563444.151478991610929, 3683550.411793216597289 ], [ 553593.993426745757461, 3693110.243020871654153 ] ] ] } },
{ "type": "Feature", "properties": { "drag_region": "Southeast", "NAME": "Washington", "NAMELSAD": "Washington" }, "geometry": { "type": "Polygon", "coordinates": [ [ [ 846177.385497796698473, 3404469.655984540469944 ], [ 905486.050989227602258, 3406336.441609662026167 ], [ 905589.836125493282452, 3402811.129503482952714 ], [ 903249.862744854413904, 3400644.642563490197062 ], [ 903718.145618271431886, 3396367.186797406058758 ], [ 901367.968343152548186, 3394487.102495359256864 ], [ 898619.147961080190726, 3382488.911180792376399 ], [ 896281.002812051447108, 3380038.66990764811635 ], [ 897753.476261140662245, 3376647.892725647427142 ], [ 895096.594097293564118, 3373235.583928138483316 ], [ 894881.109502084203996, 3368652.938512347172946 ], [ 880427.017352616763674, 3368352.196919961832464 ], [ 855875.854893685667776, 3372775.463700292631984 ], [ 855043.757915477850474, 3378664.381691148504615 ], [ 849554.501732190372422, 3392446.427693402394652 ], [ 846426.985415869858116, 3393991.818263839464635 ], [ 846177.385497796698473, 3404469.655984540469944 ] ] ] } },
{ "type": "Feature", "properties": { "drag_region": "Southeast", "NAME": "Lafourche", "NAMELSAD": "Lafourche" }, "geometry": { "type": "MultiPolygon", "coordinates": [ [ [ [ 785204.168181730783544, 3234443.569008626975119 ], [ 794906.186951713520102, 3234816.841137887910008 ], [ 794874.976348780095577, 3236435.674931755755097 ], [ 804271.146961376070976, 3234715.510558837559074 ], [ 807425.996258666273206, 3233064.583987229503691 ], [ 810185.930235934094526, 3233788.101883186493069 ], [ 819571.35730051912833, 3232842.496695142239332 ], [ 824517.579876694944687, 3228757.479120202362537 ], [ 824947.941084643593058, 3224955.668902670498937 ], [ 829548.147684261552058, 3221055.452265860047191 ], [ 835145.67304916260764, 3219275.837922340724617 ], [ 836319.994685768149793, 3213490.054268782027066 ], [ 838091.916025846730918, 3212006.017853991594166 ], [ 849214.505811767885461, 3212076.489800638053566 ], [ 856548.646030943607911, 3210729.815318357665092 ], [ 856495.62703323434107, 3198720.314262436237186 ], [ 853728.738475862424821, 3197985.772301396820694 ], [ 858836.494218067033216, 3188485.129911302123219 ], [ 867237.069090976496227, 3186979.452999718952924 ], [ 870115.850375784095377, 3183430.919767692219466 ], [ 868891.766006764257327, 3176727.978387039154768 ], [ 869693.151770888827741, 3172650.022661304567009 ], [ 872578.252948766574264, 3169006.575826923362911 ], [ 867185.962454186752439, 3161340.3583570914343 ], [ 864226.303834148216993, 3153928.143385035451502 ], [ 851510.173471385845914, 3144853.460241807159036 ], [ 849041.23040772555396, 3145748.38233158737421 ], [ 850347.413817066582851, 3149685.858933261595666 ], [ 846119.624239470460452, 3151111.770925383549184 ], [ 845330.706944747595116, 3155000.254817851353437 ], [ 847419.279620267217979, 3155334.621475119143724 ], [ 843010.085343939368613, 3164761.198783037718385 ], [ 839113.899380582966842, 3167244.855386373586953 ], [ 835989.527326357201673, 3166507.429164479952306 ], [ 835087.29536559979897, 3175634.190668509341776 ], [ 831542.896284042624757, 3178223.138934538699687 ], [ 826863.928641869453713, 3184980.500414369627833 ], [ 822972.085889359237626, 3187754.714787574950606 ], [ 816168.528658401803114, 3196661.551638687495142 ], [ 811558.515217010630295, 3200853.176906017586589 ], [ 808060.160605381941423, 3201829.851571867708117 ], [ 803066.31751881306991, 3208112.566053430084139 ], [ 797093.086100148269907, 3211425.102993880398571 ], [ 792756.85969053232111, 3220201.094562688376755 ], [ 790040.818073737085797, 3216911.194262324366719 ], [ 785876.417619634885341, 3216738.784799784887582 ], [ 786283.048500766861252, 3213507.6686269515194 ], [ 774131.763456657994539, 3213100.750601269304752 ], [ 779535.767137068323791, 3221767.72860497655347 ], [ 785204.168181730783544, 3234443.569008626975119 ] ] ], [ [ [ 836423.685471125878394, 3147080.122432268690318 ], [ 838811.805907473433763, 3149706.162520718760788 ], [ 843495.136295745614916, 3143619.130641447845846 ], [ 840728.93931872153189, 3142222.256572076585144 ], [ 836423.685471125878394, 3147080.122432268690318 ] ] ] ] } },
{ "type": "Feature", "properties": { "drag_region": "Southeast", "NAME": "St. James", "NAMELSAD": "St. James" }, "geometry": { "type": "Polygon", "coordinates": [ [ [ 767608.689789106254466, 3267435.413340752013028 ], [ 772011.910957603133284, 3272753.838462708052248 ], [ 798179.394185485551134, 3279169.852542002685368 ], [ 797302.80767187254969, 3271339.371754587162286 ], [ 795578.689440537942573, 3271018.262889749836177 ], [ 796714.161762653151527, 3266277.896806257311255 ], [ 793977.700054796761833, 3264602.675435571931303 ], [ 796179.031110377516598, 3258550.06875356612727 ], [ 797426.262318906607106, 3248381.648816672153771 ], [ 794271.413021616404876, 3250032.575388280209154 ], [ 784875.242409020429477, 3251752.739761198405176 ], [ 784906.453011953854002, 3250133.905967330560088 ], [ 775204.434241971117444, 3249760.633838069625199 ], [ 775143.08763985033147, 3253093.417847541626543 ], [ 771333.094539085403085, 3252928.658489127177745 ], [ 771245.279988232883625, 3257784.962157999631017 ], [ 768129.679958256660029, 3257633.774716372601688 ], [ 767608.689789106254466, 3267435.413340752013028 ] ] ] } },
{ "type": "Feature", "properties": { "drag_region": "Southeast", "NAME": "Terrebonne", "NAMELSAD": "Terrebonne" }, "geometry": { "type": "MultiPolygon", "coordinates": [ [ [ [ 738166.82414112763945, 3174822.817403198219836 ], [ 734617.146720724180341, 3179340.580821918789297 ], [ 734870.341003763605841, 3185724.560685821808875 ], [ 737982.296990066417493, 3187009.291732726618648 ], [ 740691.450851789559238, 3191812.270540047436953 ], [ 743787.634359299321659, 3193955.622586201876402 ], [ 745208.266983822803013, 3192073.366062832530588 ], [ 752795.847624851856381, 3195910.412951632402837 ], [ 760273.350623670616187, 3205846.687139601912349 ], [ 772424.635667779482901, 3206253.605165284126997 ], [ 772018.00478664750699, 3209484.721338117495179 ], [ 776182.405240749707446, 3209657.130800656974316 ], [ 778898.446857544942759, 3212947.031101020984352 ], [ 783234.673267160891555, 3204171.039532213006169 ], [ 789207.904685825691558, 3200858.502591762691736 ], [ 794201.747772394563071, 3194575.788110200315714 ], [ 797700.102384023251943, 3193599.113444350194186 ], [ 802310.115825414424762, 3189407.488177020102739 ], [ 809113.673056371859275, 3180500.651325907558203 ], [ 813005.515808882075362, 3177726.43695270223543 ], [ 817684.483451055246405, 3170969.075472871307284 ], [ 821228.882532612420619, 3168380.127206841949373 ], [ 822131.114493369823322, 3159253.365702812559903 ], [ 821850.451508143451065, 3156198.111441191285849 ], [ 820093.150525898556225, 3156730.627728960011154 ], [ 820348.809206777950749, 3160928.595660482533276 ], [ 816743.88919658632949, 3166184.420552689116448 ], [ 812343.538140207994729, 3159990.984555893577635 ], [ 807432.402316394378431, 3161219.962622684892267 ], [ 805035.051983285346068, 3159073.659175886772573 ], [ 802532.360918430960737, 3161974.863930178340524 ], [ 800492.883925727219321, 3159360.66784858237952 ], [ 804105.499321630923077, 3153433.5322175482288 ], [ 799910.108262215624563, 3153728.17480444861576 ], [ 797519.363437596592121, 3151107.5615529040806 ], [ 796226.34256875468418, 3145937.499312617816031 ], [ 793419.689910057117231, 3146548.418054850306362 ], [ 791780.411558615858667, 3141086.488777611404657 ], [ 788963.702823044266552, 3142174.645590205676854 ], [ 782386.383691373630427, 3138905.891022192314267 ], [ 780424.555790252401493, 3131630.428950232453644 ], [ 774803.629720515338704, 3133051.406678322702646 ], [ 776514.867506830836646, 3135082.601450311020017 ], [ 771857.768599356641062, 3141379.845408331137151 ], [ 765476.742294430849142, 3146696.205680141225457 ], [ 761657.669810768333264, 3145392.500969543121755 ], [ 752547.78899310331326, 3147241.063812226988375 ], [ 749007.113223325810395, 3150326.771572006400675 ], [ 740265.733012082404457, 3151333.577519596088678 ], [ 734648.066158469882794, 3153630.316377173177898 ], [ 728985.43000676704105, 3159261.779684859793633 ], [ 733149.963378711487167, 3160654.899122197180986 ], [ 735508.508651538402773, 3166212.616068524308503 ], [ 738313.418777483864687, 3165111.851235171314329 ], [ 742571.815586162381805, 3160224.96234369231388 ], [ 744979.635805016267113, 3162357.405509542208165 ], [ 744732.050908819888718, 3155877.945988039951771 ], [ 749989.911201006150804, 3154342.18150254804641 ], [ 748436.70412660180591, 3164221.429229042027146 ], [ 740327.35417431499809, 3170189.476702772080898 ], [ 740266.215340796043165, 3174188.144807504024357 ], [ 738166.82414112763945, 3174822.817403198219836 ] ] ], [ [ [ 804778.763560394756496, 3137823.982531395275146 ], [ 818476.498570109717548, 3134971.930476639885455 ], [ 811851.085470761056058, 3134066.656573603861034 ], [ 804778.763560394756496, 3137823.982531395275146 ] ] ], [ [ [ 786338.603889843914658, 3133265.695790704339743 ], [ 795041.644183442229405, 3135244.93623924953863 ], [ 795772.888906957581639, 3133640.097360014915466 ], [ 786720.901727480697446, 3131558.476789740845561 ], [ 786338.603889843914658, 3133265.695790704339743 ] ] ] ] } },
{ "type": "Feature", "properties": { "drag_region": "Southeast", "NAME": "Livingston", "NAMELSAD": "Livingston" }, "geometry": { "type": "Polygon", "coordinates": [ [ [ 771845.866086432244629, 3345545.200436802580953 ], [ 804870.92802862287499, 3346305.073007204104215 ], [ 805261.934777175192721, 3328209.323533144779503 ], [ 807466.290708238608204, 3321968.238853827584535 ], [ 809919.795510168536566, 3320211.33905424317345 ], [ 813167.539534552837722, 3313803.416347065940499 ], [ 813706.940489285741933, 3305048.929186360444874 ], [ 811401.985107818385586, 3299852.740711319260299 ], [ 807337.476177582750097, 3295953.25178563548252 ], [ 799673.743759549572133, 3298649.462150100618601 ], [ 797922.366882575326599, 3299756.437791297677904 ], [ 793903.610409739660099, 3293386.220990448724478 ], [ 791451.222920655505732, 3294956.407002246007323 ], [ 788227.378294737776741, 3300608.330024518072605 ], [ 786503.770279032294638, 3300383.828072128351778 ], [ 780863.245894496212713, 3306180.907504781149328 ], [ 780463.318570530973375, 3309031.169810826424509 ], [ 770010.753537696204148, 3314170.597412270493805 ], [ 764647.925561130279675, 3324647.616838116664439 ], [ 766632.001214384799823, 3329350.721483521163464 ], [ 765218.169816296314821, 3331325.771678606513888 ], [ 766171.030019869911484, 3335820.001278307754546 ], [ 764749.513462128350511, 3338271.220118958968669 ], [ 769855.334404202294536, 3341507.371507833711803 ], [ 771845.866086432244629, 3345545.200436802580953 ] ] ] } },
{ "type": "Feature", "properties": { "drag_region": "Southeast", "NAME": "Ascension", "NAMELSAD": "Ascension" }, "geometry": { "type": "Polygon", "coordinates": [ [ [ 757453.021553817903623, 3301070.162136279046535 ], [ 760512.153287972207181, 3303791.128219229634851 ], [ 769829.430096756317653, 3303960.554736526682973 ], [ 775752.522210780298337, 3301119.214696723502129 ], [ 776152.449534745537676, 3298268.952390678226948 ], [ 781792.973919281619601, 3292471.872958025429398 ], [ 783516.581934987101704, 3292696.374910415150225 ], [ 786740.426560904830694, 3287044.451888143084943 ], [ 789192.814049988985062, 3285474.265876345802099 ], [ 793211.570522824651562, 3291844.482677194755524 ], [ 794962.947399798897095, 3290737.507035997696221 ], [ 794052.485471237450838, 3284621.019023709464818 ], [ 767885.002243355032988, 3278205.004944414831698 ], [ 763481.78107485815417, 3272886.579822458792478 ], [ 759304.169288668665104, 3274241.639118275605142 ], [ 749646.031525586382486, 3272267.627732019405812 ], [ 749562.354389267740771, 3277314.186416050419211 ], [ 752577.348275879514404, 3283174.677322768606246 ], [ 757453.021553817903623, 3301070.162136279046535 ] ] ] } },
{ "type": "Feature", "properties": { "drag_region": "Southwest", "NAME": "Rapides", "NAMELSAD": "Rapides" }, "geometry": { "type": "Polygon", "coordinates": [ [ [ 434705.901000158803072, 3418300.703879561740905 ], [ 438119.987981294107158, 3418301.794962734915316 ], [ 445280.232132700504735, 3426305.446527383755893 ], [ 450734.416338429786265, 3428788.767043861094862 ], [ 459580.620696414320264, 3437281.505283128004521 ], [ 462321.393037322501186, 3432147.288128487765789 ], [ 460963.664716913539451, 3429858.442693127319217 ], [ 465418.640126405691262, 3422920.735823940020055 ], [ 468147.783213627932128, 3423215.173513350076973 ], [ 499154.582724574778695, 3430887.436552251223475 ], [ 509369.791921364318114, 3433052.045985486824065 ], [ 512788.051962996309157, 3431934.961393141653389 ], [ 513864.805776210676413, 3424992.017075102776289 ], [ 520384.529216565715615, 3420664.177493829745799 ], [ 520070.84373244602466, 3417328.769276503007859 ], [ 516340.363031927205157, 3414060.940056675113738 ], [ 512585.200942703464534, 3413746.148384555708617 ], [ 509827.442649971751962, 3417153.517437953967601 ], [ 506081.217960331065115, 3415698.467306232545525 ], [ 506239.200961765542161, 3392942.654555834829807 ], [ 508756.549993938708212, 3375916.872294106055051 ], [ 497100.630542549246456, 3375935.517914876807481 ], [ 492278.6403410534258, 3380001.638483803253621 ], [ 482708.941948268387932, 3374620.890064928680658 ], [ 482726.257483846449759, 3370907.844598503317684 ], [ 479993.524436740728561, 3368420.061558127403259 ], [ 449807.928612164629158, 3367663.515612776391208 ], [ 449402.779644192429259, 3407840.186890647280961 ], [ 444613.883202044758946, 3411832.640147350728512 ], [ 444610.321244050806854, 3415069.779357403516769 ], [ 436413.461575855442788, 3416682.533064967952669 ], [ 434705.901000158803072, 3418300.703879561740905 ] ] ] } },
{ "type": "Feature", "properties": { "drag_region": "Northeast", "NAME": "Catahoula", "NAMELSAD": "Catahoula" }, "geometry": { "type": "Polygon", "coordinates": [ [ [ 603395.685789883020334, 3539586.827335631474853 ], [ 602764.705414769123308, 3571672.515589798800647 ], [ 602789.538021921413019, 3606241.655409809201956 ], [ 612289.587244144058786, 3606428.426404402125627 ], [ 612240.508509328239597, 3611285.014904796611518 ], [ 613936.310903847683221, 3611302.303187151439488 ], [ 618027.599646466318518, 3609345.149049319792539 ], [ 624235.580246497527696, 3600365.414072833023965 ], [ 628975.681890044128522, 3601562.699297534767538 ], [ 634688.711471143527888, 3606393.412244277074933 ], [ 636661.723104205913842, 3611465.88709368603304 ], [ 641411.466891857096925, 3611431.118282834067941 ], [ 641536.020276597817428, 3601812.701051064766943 ], [ 643574.292446209583431, 3601744.01803629193455 ], [ 644333.68674526119139, 3595658.14978118846193 ], [ 643360.621729543898255, 3592121.239620610140264 ], [ 646823.914814218645915, 3587309.440370094962418 ], [ 646527.126893470063806, 3584067.072530024684966 ], [ 641369.445783093688078, 3588380.840076480526477 ], [ 638015.301189955906011, 3584719.008421970065683 ], [ 632230.836154580232687, 3584933.958803165704012 ], [ 630603.51185317710042, 3578724.039677129592746 ], [ 631668.338874887558632, 3575022.285557993687689 ], [ 628641.286571144242771, 3571843.975954448338598 ], [ 625193.741287341457792, 3575614.180905700195581 ], [ 621145.674444717704318, 3572236.252431586850435 ], [ 620179.464978279080242, 3567083.180208324454725 ], [ 624658.534836325561628, 3562560.873018543235958 ], [ 623024.577585039427504, 3556162.139757061377168 ], [ 628829.041751310927793, 3555560.678644791245461 ], [ 628875.03641241195146, 3551561.326756970956922 ], [ 622384.051472560386173, 3552345.827170732431114 ], [ 620617.253492490039207, 3558040.706083448603749 ], [ 617542.999070730176754, 3558579.56873446656391 ], [ 617626.380193277378567, 3550581.012014775071293 ], [ 624168.372379919397645, 3545222.923840445000678 ], [ 618704.885957399150357, 3545354.608181858900934 ], [ 617022.806318872375414, 3542956.344888227526098 ], [ 617082.750669225584716, 3537147.989963969681412 ], [ 620851.550000273738988, 3536140.00364378746599 ], [ 619857.827734073856845, 3533177.340963344555348 ], [ 612647.602193695143797, 3536531.826646911911666 ], [ 609257.834538526949473, 3533737.308505251072347 ], [ 610318.780033162911423, 3530033.697810159530491 ], [ 604862.607439754530787, 3528554.140616157557815 ], [ 603096.919252476422116, 3534822.929782004561275 ], [ 603395.685789883020334, 3539586.827335631474853 ] ] ] } },
{ "type": "Feature", "properties": { "drag_region": "Northwest", "NAME": "Natchitoches", "NAMELSAD": "Natchitoches" }, "geometry": { "type": "Polygon", "coordinates": [ [ [ 394080.389099799736869, 3562187.552492017392069 ], [ 394170.26495009905193, 3584278.306947286240757 ], [ 402321.182091368653346, 3586247.934570669662207 ], [ 402987.789842511818279, 3582532.154737380798906 ], [ 409433.245904748153407, 3581275.585371162742376 ], [ 412833.483697476040106, 3583838.280675910413265 ], [ 413527.240346965671051, 3590692.593877133913338 ], [ 424379.408832106622867, 3590674.525144038721919 ], [ 420994.114731327339541, 3594773.407467880751938 ], [ 423034.725716441986151, 3600007.774831184186041 ], [ 420330.456844464526512, 3604106.105819810181856 ], [ 421686.931354298489168, 3605341.998091341927648 ], [ 418308.947239635803271, 3610203.662080887705088 ], [ 441664.16180521552451, 3610094.66451370017603 ], [ 445055.544475407630671, 3602765.025725296232849 ], [ 447100.056240659265313, 3591626.202613036613911 ], [ 444738.739033860678319, 3577150.595194750465453 ], [ 441003.015086579544004, 3577909.832571879960597 ], [ 441683.811883484129794, 3574863.212754950392991 ], [ 438968.139711073657963, 3569529.889953514561057 ], [ 438630.393310554616619, 3561436.396931687369943 ], [ 439311.62937490735203, 3558199.260094264987856 ], [ 445096.998144478769973, 3556012.789175222627819 ], [ 444760.115357199276332, 3552013.465971925761551 ], [ 454977.707061726949178, 3549075.498029624577612 ], [ 462491.137480057659559, 3540332.219927799887955 ], [ 453644.93312207312556, 3531839.481688532978296 ], [ 448190.74891634384403, 3529356.161172055639327 ], [ 441030.504764937446453, 3521352.50960740679875 ], [ 437616.417783802142367, 3521351.418524233624339 ], [ 436592.102078457886819, 3522874.678251210600138 ], [ 413380.48137177398894, 3523279.886108524631709 ], [ 413422.300767310254741, 3542608.014732868410647 ], [ 403881.936267975659575, 3542537.869978047441691 ], [ 403942.628009971173014, 3562152.250246000476182 ], [ 394080.389099799736869, 3562187.552492017392069 ] ] ] } },
{ "type": "Feature", "properties": { "drag_region": "Northeast", "NAME": "Franklin", "NAMELSAD": "Franklin" }, "geometry": { "type": "Polygon", "coordinates": [ [ [ 618008.707074253354222, 3652857.893194681499153 ], [ 624066.462452364037745, 3656160.12198811583221 ], [ 625041.910791695700027, 3659790.027843148447573 ], [ 629064.294502035132609, 3663073.347566394135356 ], [ 630299.354342321166769, 3673278.912436685524881 ], [ 634017.699115787516348, 3673132.066401734948158 ], [ 636333.875483257463202, 3677160.459828939288855 ], [ 642361.381074285483919, 3681236.259259443730116 ], [ 657213.280763891059905, 3681532.403219006024301 ], [ 659637.052658835425973, 3677375.782494282349944 ], [ 656262.575592242414132, 3677136.949367064516991 ], [ 657692.312986056320369, 3671632.231748606078327 ], [ 652648.605168252368458, 3669751.67596726026386 ], [ 653058.748513420345262, 3664518.230479131452739 ], [ 651781.45781009667553, 3658975.936490620020777 ], [ 655841.37671872228384, 3659032.037119271699339 ], [ 654915.134535793447867, 3652636.975223914254457 ], [ 656357.413110405672342, 3646370.271075015421957 ], [ 654430.009819923783652, 3638723.183259370736778 ], [ 655832.383395350188948, 3635408.741587647702545 ], [ 652826.979440299212001, 3631938.350150475278497 ], [ 654567.643237156094983, 3628723.598171061370522 ], [ 648529.732168599148281, 3623308.46702607255429 ], [ 646491.459998987382278, 3623377.150040845386684 ], [ 646366.906614246661775, 3632995.567272614687681 ], [ 641617.162826595478691, 3633030.336083466652781 ], [ 639644.151193533092737, 3627957.861234057694674 ], [ 633931.121612433693372, 3623127.148287315387279 ], [ 629191.019968887092546, 3621929.863062613643706 ], [ 622983.039368855883367, 3630909.598039100412279 ], [ 618891.750626237248071, 3632866.752176932059228 ], [ 617508.048916841507889, 3635519.276516313198954 ], [ 616729.89799964427948, 3645416.177394246216863 ], [ 620786.807379100006074, 3646219.926174978259951 ], [ 618008.707074253354222, 3652857.893194681499153 ] ] ] } },
{ "type": "Feature", "properties": { "drag_region": "Southwest", "NAME": "St. Landry", "NAMELSAD": "St. Landry" }, "geometry": { "type": "Polygon", "coordinates": [ [ [ 522000.004392570350319, 3343794.218095338437706 ], [ 559755.212440964882262, 3344032.316590655129403 ], [ 560485.298958921921439, 3339945.465386302210391 ], [ 564293.74366904119961, 3337129.963054982014 ], [ 567830.563694678712636, 3328123.053941691759974 ], [ 567876.748218674212694, 3324028.938680314458907 ], [ 565940.940543807693757, 3312485.38875942863524 ], [ 568071.668161452980712, 3306700.603003013879061 ], [ 566020.811970957205631, 3305249.47133415332064 ], [ 573388.350107861915603, 3293906.504887785762548 ], [ 560629.160329640377313, 3293765.221059203147888 ], [ 555086.107383070746437, 3296279.318438296671957 ], [ 548559.041662986972369, 3293740.559122608508915 ], [ 544753.905302853090689, 3295038.509599161334336 ], [ 543757.816445012576878, 3290745.050378412008286 ], [ 539626.119731750222854, 3289852.067434666678309 ], [ 537882.235273354570381, 3292122.331030969973654 ], [ 534796.917877321713604, 3289811.87815690273419 ], [ 534134.567187962005846, 3286379.0495918802917 ], [ 528984.71763437660411, 3282911.496708446647972 ], [ 525837.49206195352599, 3288505.312177877407521 ], [ 525766.759892527596094, 3298215.849020204041153 ], [ 519218.714655835647136, 3298074.859370385296643 ], [ 519186.21029013581574, 3302930.136010592803359 ], [ 495070.470008872915059, 3302795.408985987771302 ], [ 497818.422435081331059, 3304521.68907138844952 ], [ 498489.97618014307227, 3308142.581270126625896 ], [ 502616.122193660819903, 3309305.611525601707399 ], [ 517421.261935323709622, 3309392.47253920417279 ], [ 517400.046550216968171, 3312629.363554183859378 ], [ 522218.93264912487939, 3312662.036215743981302 ], [ 522183.572250173659995, 3317707.835258084349334 ], [ 525918.972666247980669, 3324399.38613858865574 ], [ 525841.612167480634525, 3334872.05425519309938 ], [ 522393.817997125443071, 3336656.118502260185778 ], [ 522000.004392570350319, 3343794.218095338437706 ] ] ] } },
{ "type": "Feature", "properties": { "drag_region": "Southeast", "NAME": "St. John the Baptist", "NAMELSAD": "St. John the Baptist" }, "geometry": { "type": "Polygon", "coordinates": [ [ [ 805260.417565636686049, 3273734.754971471615136 ], [ 807047.46600781113375, 3287681.72377117536962 ], [ 814711.198425844311714, 3284985.513406710233539 ], [ 818775.707356079947203, 3288885.002332394011319 ], [ 821080.66273754730355, 3294081.190807435195893 ], [ 838648.112588190822862, 3296485.747027877252549 ], [ 852283.424155201762915, 3290146.618043156340718 ], [ 852752.730635851388797, 3285202.143005149904639 ], [ 843143.573256199713796, 3282012.086055854801089 ], [ 836606.816726286313497, 3280427.29783435864374 ], [ 834609.275731798028573, 3277045.300822906661779 ], [ 829167.271393979899585, 3272822.681577609386295 ], [ 825137.784189345431514, 3267205.283206630963832 ], [ 822361.61770565493498, 3267429.571540057659149 ], [ 816529.169468949781731, 3264825.232859784737229 ], [ 815598.282769406097941, 3259755.512198251672089 ], [ 817330.534778769011609, 3259792.683241106104106 ], [ 817529.233254523598589, 3250554.944741469342262 ], [ 808143.806189938564785, 3251500.549929513595998 ], [ 805383.872212670743465, 3250777.032033556606621 ], [ 804136.641004141652957, 3260945.45197045058012 ], [ 801935.309948560898192, 3266998.058652456384152 ], [ 804671.771656417287886, 3268673.280023141764104 ], [ 803536.299334302078933, 3273413.646106634289026 ], [ 805260.417565636686049, 3273734.754971471615136 ] ] ] } },
{ "type": "Feature", "properties": { "drag_region": "Southeast", "NAME": "West Baton Rouge", "NAMELSAD": "West Baton Rouge" }, "geometry": { "type": "Polygon", "coordinates": [ [ [ 711169.245449539390393, 3348634.13942703884095 ], [ 714280.572108497959562, 3347633.132758572697639 ], [ 713720.203455924172886, 3339148.176048050634563 ], [ 717508.395442710141651, 3339110.564111684449017 ], [ 719636.190802457393147, 3335143.282775103114545 ], [ 715882.761053143418394, 3332799.729782459326088 ], [ 717967.06261019827798, 3331688.713516284711659 ], [ 723102.707649046904407, 3333769.11068900488317 ], [ 724628.061236521811225, 3324554.64612748241052 ], [ 720947.492902487516403, 3317353.358784098178148 ], [ 721000.888320057652891, 3313925.501240846235305 ], [ 726866.92169112758711, 3314018.413365263491869 ], [ 730011.520474711898714, 3311688.373298147693276 ], [ 713791.628041242365725, 3311339.473578349221498 ], [ 712721.000319646554999, 3313704.495697619393468 ], [ 705372.499412638018839, 3320835.907429475802928 ], [ 701855.700813065632246, 3325738.744422794785351 ], [ 696620.783802078687586, 3330524.16914191795513 ], [ 696944.795451303361915, 3332052.226159253623337 ], [ 703489.401107771787792, 3332142.234191517345607 ], [ 705120.923771489528008, 3338546.104215383529663 ], [ 708187.39917573321145, 3340780.68003856157884 ], [ 713247.213102530920878, 3347712.783569713123143 ], [ 711169.245449539390393, 3348634.13942703884095 ] ] ] } },
{ "type": "Feature", "properties": { "drag_region": "Southwest", "NAME": "Allen", "NAMELSAD": "Allen" }, "geometry": { "type": "Polygon", "coordinates": [ [ [ 428432.362187002552673, 3347677.259975252207369 ], [ 443185.750733718276024, 3347404.60031142923981 ], [ 443183.210789853939787, 3349023.066151843871921 ], [ 464793.005985086550936, 3349745.320453316904604 ], [ 464916.731463328120299, 3315186.744573628995568 ], [ 466300.309413402341306, 3313287.730659672990441 ], [ 461854.384549048729241, 3304513.802985625341535 ], [ 448075.37243564450182, 3304477.538087010849267 ], [ 448086.576075299060903, 3298860.864318660460413 ], [ 420169.896577874547802, 3299031.496080638375133 ], [ 420168.962321113212965, 3297413.145748179871589 ], [ 413964.308137196232565, 3297323.301206727977842 ], [ 413986.554079205612652, 3316648.560672712046653 ], [ 428438.114496086258441, 3316736.758692684117705 ], [ 428432.362187002552673, 3347677.259975252207369 ] ] ] } },
{ "type": "Feature", "properties": { "drag_region": "Southeast", "NAME": "Iberville", "NAMELSAD": "Iberville" }, "geometry": { "type": "Polygon", "coordinates": [ [ [ 675492.303952999180183, 3322350.524488960858434 ], [ 686860.374727824237198, 3322487.276819982100278 ], [ 689292.496067908708937, 3320899.204609088599682 ], [ 696161.733654791838489, 3322608.044397498015314 ], [ 701396.65066577878315, 3317822.619678374845535 ], [ 704913.449265351169743, 3312919.782685055863112 ], [ 712261.950172359705903, 3305788.370953199453652 ], [ 713332.577893955516629, 3303423.348833929281682 ], [ 741290.83332537941169, 3303780.372278128284961 ], [ 736415.160047441022471, 3285884.887464617844671 ], [ 733400.166160829248838, 3280024.396557899657637 ], [ 733483.843297147890553, 3274977.837873868644238 ], [ 722129.220300507848151, 3270605.104484128765762 ], [ 717571.391088793170638, 3274344.72628467110917 ], [ 708229.456405755481683, 3274112.177479760255665 ], [ 706084.737300648936071, 3278938.485531847923994 ], [ 698821.06833705236204, 3278838.430211938917637 ], [ 697594.932144246413372, 3292915.606436943169683 ], [ 689286.368875265936367, 3294235.778792433440685 ], [ 683323.597682112944312, 3301684.550700807012618 ], [ 681421.887583815143444, 3316325.995539265684783 ], [ 675492.303952999180183, 3322350.524488960858434 ] ] ] } },
{ "type": "Feature", "properties": { "drag_region": "Southwest", "NAME": "Beauregard", "NAMELSAD": "Beauregard" }, "geometry": { "type": "Polygon", "coordinates": [ [ [ 357377.614261730981525, 3347671.189387913793325 ], [ 360814.713829620799515, 3348892.294860388152301 ], [ 364922.028986341203563, 3346588.947975810151547 ], [ 369049.638292343763169, 3349047.441801130305976 ], [ 395810.254717765434179, 3349167.12638130877167 ], [ 397868.012618948880117, 3348593.243484325241297 ], [ 412620.946125842572656, 3348585.799868895672262 ], [ 412626.698434926336631, 3317645.298586327582598 ], [ 398175.138018045632634, 3317557.100566355511546 ], [ 398150.269650996022392, 3295947.115532381460071 ], [ 373671.315129958442412, 3296002.754705823492259 ], [ 373704.357693714438938, 3305712.983313422650099 ], [ 364059.231581188156269, 3305750.139364526607096 ], [ 364017.557335336634424, 3296039.847374929580837 ], [ 339537.413966749445535, 3296077.124118961859494 ], [ 343701.266670998651534, 3300334.879836890846491 ], [ 342032.843601247994229, 3309008.963633443694562 ], [ 339637.193671005836222, 3311309.365061901509762 ], [ 340694.753848431282677, 3315110.739593327045441 ], [ 345530.536653288872913, 3317936.691416698042303 ], [ 346257.397287829080597, 3324406.372335145249963 ], [ 350397.31892584549496, 3326762.568931574933231 ], [ 351467.025947455083951, 3333706.720132189337164 ], [ 354590.64422430517152, 3339687.990223827306181 ], [ 357696.698025819379836, 3342814.015407988335937 ], [ 357377.614261730981525, 3347671.189387913793325 ] ] ] } },
{ "type": "Feature", "properties": { "drag_region": "Southwest", "NAME": "Avoyelles", "NAMELSAD": "Avoyelles" }, "geometry": { "type": "Polygon", "coordinates": [ [ [ 516927.477510321594309, 3372672.630665152333677 ], [ 523785.430309431918431, 3372433.589176151901484 ], [ 521268.08127725875238, 3389459.37143788067624 ], [ 521110.098275824275333, 3412215.184188278391957 ], [ 524856.322965465020388, 3413670.234319999814034 ], [ 527614.081258196732961, 3410262.865266601555049 ], [ 531369.243347420473583, 3410577.65693872096017 ], [ 535099.724047939293087, 3413845.486158548854291 ], [ 540897.18541009479668, 3414752.237483197357506 ], [ 542621.597103302134201, 3412863.159630462527275 ], [ 542322.830565895535983, 3408099.262076835613698 ], [ 544088.518753173644654, 3401830.472910988610238 ], [ 549544.69134658202529, 3403310.030104990582913 ], [ 548483.74585194606334, 3407013.64080008212477 ], [ 551873.513507114257663, 3409808.158941742964089 ], [ 559083.739047492970712, 3406453.673258175607771 ], [ 561168.951402137172408, 3403238.096721864771098 ], [ 574223.997411162708886, 3397958.177150070201606 ], [ 570188.018693675752729, 3392006.290411641355604 ], [ 571594.697521769092418, 3388784.770223618950695 ], [ 569960.899193251505494, 3382004.467227699235082 ], [ 562168.540359832346439, 3373918.735964853316545 ], [ 562298.093619417515583, 3361826.555305350571871 ], [ 561286.720755338319577, 3360101.758858534973115 ], [ 521129.690581693022978, 3359751.758919056039304 ], [ 520752.770366683893371, 3364700.206923488993198 ], [ 516947.805317800317425, 3369530.758871993049979 ], [ 516927.477510321594309, 3372672.630665152333677 ] ] ] } },
{ "type": "Feature", "properties": { "drag_region": "Southwest", "NAME": "St. Martin", "NAMELSAD": "St. Martin" }, "geometry": { "type": "MultiPolygon", "coordinates": [ [ [ [ 608368.356008642585948, 3230145.471878198906779 ], [ 629126.445121785858646, 3232155.721137009561062 ], [ 633393.948376368847676, 3225078.715825031511486 ], [ 635922.088844207581133, 3218642.221651364117861 ], [ 641144.054745201370679, 3217487.557936047203839 ], [ 645372.372715510078706, 3213556.760459132958204 ], [ 644865.122210923931561, 3202214.824742469005287 ], [ 641347.401131667080335, 3204919.393319346476346 ], [ 636825.99099035479594, 3205323.456111231818795 ], [ 633315.708625119761564, 3207744.789065090473741 ], [ 620100.693492215243168, 3209262.540043333079666 ], [ 616950.510696222772822, 3211122.530800670851022 ], [ 617912.276651104912162, 3216754.397968567442149 ], [ 613989.592599560972303, 3224508.206873774994165 ], [ 608368.356008642585948, 3230145.471878198906779 ] ] ], [ [ [ 580348.033136405749246, 3289794.02925213938579 ], [ 585515.250593173783273, 3289852.243558829184622 ], [ 591444.834223989746533, 3283827.714609134010971 ], [ 593346.544322287547402, 3269186.269770675338805 ], [ 599309.315515440539457, 3261737.497862301766872 ], [ 607617.878784421016462, 3260417.32550681149587 ], [ 608844.014977226965129, 3246340.149281807243824 ], [ 616107.68394082353916, 3246440.204601716250181 ], [ 618252.403045930084772, 3241613.896549628581852 ], [ 606833.028508146409877, 3241456.804841377772391 ], [ 604792.83095490175765, 3238668.492287644185126 ], [ 595793.759034113259986, 3238554.812435274478048 ], [ 594709.197118247975595, 3242350.389756880234927 ], [ 589810.671928636613302, 3246957.683611884247512 ], [ 585646.5235846725991, 3248147.494798325467855 ], [ 579783.357435407000594, 3246654.323441442102194 ], [ 580149.82993867166806, 3244753.999240787234157 ], [ 574669.455655832425691, 3239459.340279582422227 ], [ 569106.29818112635985, 3242069.241996386088431 ], [ 561835.602648273459636, 3242571.494563227985054 ], [ 566246.37191644043196, 3251657.719823653344065 ], [ 564828.515293030417524, 3255357.408337990287691 ], [ 558960.070319146267138, 3254636.90528008993715 ], [ 559276.592829892877489, 3257876.839649579953402 ], [ 562705.639303550356999, 3260669.26386501500383 ], [ 559227.833950509084389, 3263303.337602247484028 ], [ 561973.508717507356778, 3265137.375332850497216 ], [ 560197.923010051017627, 3270548.105226149316877 ], [ 561543.038372355396859, 3274368.903159859590232 ], [ 558085.037610461120494, 3275289.608296398073435 ], [ 559081.126468301634304, 3279583.067517147399485 ], [ 562886.262828435515985, 3278285.117040594574064 ], [ 569413.328548519290052, 3280823.876356282737106 ], [ 574956.381495088920929, 3278309.778977189213037 ], [ 587715.571273310459219, 3278451.062805771827698 ], [ 580348.033136405749246, 3289794.02925213938579 ] ] ] ] } },
{ "type": "Feature", "properties": { "drag_region": "Northwest", "NAME": "Winn", "NAMELSAD": "Winn" }, "geometry": { "type": "Polygon", "coordinates": [ [ [ 458532.936076989630237, 3618994.970608844421804 ], [ 517769.460260561318137, 3619010.481197392567992 ], [ 517946.011864579399116, 3591300.404021974653006 ], [ 513259.045735733699985, 3580225.743507926352322 ], [ 488794.442537134280428, 3580206.448345601093024 ], [ 488828.321110774646513, 3570494.260623832698911 ], [ 455499.167582328722347, 3570336.703026831615716 ], [ 455836.913982847763691, 3578430.196048658806831 ], [ 458552.586155258235522, 3583763.518850094638765 ], [ 457871.789358353649732, 3586810.13866702420637 ], [ 461607.513305634784047, 3586050.901289894711226 ], [ 463968.830512433371041, 3600526.508708180859685 ], [ 461924.318747181736398, 3611665.331820440478623 ], [ 458532.936076989630237, 3618994.970608844421804 ] ] ] } },
{ "type": "Feature", "properties": { "drag_region": "Northeast", "NAME": "West Carroll", "NAMELSAD": "West Carroll" }, "geometry": { "type": "Polygon", "coordinates": [ [ [ 668744.916868310072459, 3775146.669196445029229 ], [ 684842.416046461439691, 3775304.040722753852606 ], [ 683263.71847887407057, 3769275.574504148680717 ], [ 680605.348481576656923, 3767612.855079640634358 ], [ 680687.802672076388262, 3762469.289779247716069 ], [ 678049.608128757914528, 3759378.617895011324435 ], [ 677561.162134942831472, 3747652.437384056393057 ], [ 672623.543510635616258, 3740526.650917196646333 ], [ 673099.608463773154654, 3731292.887671897187829 ], [ 668428.671944363974035, 3728175.04356540646404 ], [ 654278.232344785705209, 3727978.417194961570203 ], [ 654153.75311090098694, 3737407.352264700457454 ], [ 650451.256943477550521, 3737359.10483804019168 ], [ 650064.617234117118642, 3741259.705056069418788 ], [ 654034.030586990527809, 3746455.433371923863888 ], [ 653304.947678603464738, 3750732.513381883036345 ], [ 656900.324781344854273, 3758306.349156267940998 ], [ 661902.365222848602571, 3760947.770795887801796 ], [ 668744.916868310072459, 3775146.669196445029229 ] ] ] } },
{ "type": "Feature", "properties": { "drag_region": "Northwest", "NAME": "Caddo", "NAMELSAD": "Caddo" }, "geometry": { "type": "Polygon", "coordinates": [ [ [ 307770.671998573117889, 3653322.817899391055107 ], [ 308665.489105871645734, 3744654.257297726348042 ], [ 329785.662534851464443, 3744467.728364763315767 ], [ 329412.608723339508288, 3739613.125120365526527 ], [ 327041.881684390013106, 3736774.500489128753543 ], [ 331052.675301054841839, 3734743.052113984711468 ], [ 329013.258521280717105, 3731425.225392624270171 ], [ 332333.1503604457248, 3726447.273869073484093 ], [ 331283.91368195367977, 3720931.102508678101003 ], [ 331916.151277589029633, 3715592.845277164597064 ], [ 329206.520412456127815, 3713041.925031954422593 ], [ 332549.867486390750855, 3710349.916343820746988 ], [ 335506.008944672066718, 3700233.229664486367255 ], [ 333802.359504389809445, 3697483.507147150114179 ], [ 336493.01285665447358, 3696892.995890629477799 ], [ 335103.09820917667821, 3690902.827080189716071 ], [ 340464.750364375300705, 3686104.533508086111397 ], [ 342108.383011008962058, 3679427.546320862602443 ], [ 341414.560215242090635, 3676479.742876491043717 ], [ 346810.016341139678843, 3675589.466563235037029 ], [ 347455.810219860752113, 3670538.41525043733418 ], [ 353522.023439569631591, 3668029.039797232486308 ], [ 355188.081167327705771, 3663449.512815405149013 ], [ 362604.036902742926031, 3658939.270535347983241 ], [ 361583.443175684078597, 3657515.287976156454533 ], [ 348057.601029544719495, 3657678.856017362326384 ], [ 348077.767173048225231, 3661202.23585156397894 ], [ 343378.245088128489442, 3666563.181880812160671 ], [ 338646.875982505618595, 3666403.173247348982841 ], [ 334951.744454676168971, 3669475.974188107997179 ], [ 331571.222140623955056, 3669119.418879868462682 ], [ 326124.467719221254811, 3663827.896394857205451 ], [ 325076.282735617482103, 3659550.656422279309481 ], [ 316228.872295276261866, 3653244.411774796899408 ], [ 307770.671998573117889, 3653322.817899391055107 ] ] ] } },
{ "type": "Feature", "properties": { "drag_region": "Southeast", "NAME": "Plaquemines", "NAMELSAD": "Plaquemines" }, "geometry": { "type": "MultiPolygon", "coordinates": [ [ [ [ 898022.639825082151219, 3228020.633731780573726 ], [ 904966.018618711852469, 3227917.763101753778756 ], [ 907467.937912406632677, 3225220.2854347191751 ], [ 912550.657225139439106, 3217064.187248793430626 ], [ 916690.307318394072354, 3218131.147248645313084 ], [ 919244.945181007846259, 3213721.178425005637109 ], [ 926201.567721146158874, 3213535.531976512633264 ], [ 929808.825615235138685, 3208966.705810715444386 ], [ 935482.327989624813199, 3205221.64312837459147 ], [ 941094.776299624238163, 3203670.423445337451994 ], [ 944554.228462213766761, 3204345.76914145052433 ], [ 949241.483785439515486, 3198956.098060548305511 ], [ 944625.628936865134165, 3201963.884021022357047 ], [ 939743.559726552688517, 3202295.430249254219234 ], [ 937009.444263595156372, 3200594.012348419986665 ], [ 931776.951664617052302, 3201014.15031423419714 ], [ 938144.953672301024199, 3197480.636920600198209 ], [ 938234.366772555513307, 3194431.954386790283024 ], [ 930098.440424262080342, 3198868.309388417750597 ], [ 930166.627647012239322, 3196486.625567228533328 ], [ 934429.206699080416001, 3193558.254711917601526 ], [ 930291.974247340927832, 3192104.340733171440661 ], [ 930732.609058448346332, 3188875.218488750047982 ], [ 934660.772446418646723, 3185555.675482152029872 ], [ 941655.831895304610953, 3184711.131341332569718 ], [ 941369.366422162856907, 3182604.879479015246034 ], [ 945617.336763142142445, 3180442.247471853159368 ], [ 945365.397046486148611, 3177192.568376502022147 ], [ 947936.131641022861004, 3172882.809213970787823 ], [ 950987.411370211979374, 3175835.471624954603612 ], [ 952790.955069159157574, 3173887.492778955958784 ], [ 960466.509793665260077, 3173932.53788820002228 ], [ 966146.909324329113588, 3170867.494904235936701 ], [ 967102.738644116325304, 3173759.070269590243697 ], [ 974355.44959875382483, 3165310.590040341950953 ], [ 978057.432523796567693, 3169627.556251832284033 ], [ 986781.041050320491195, 3159325.403939485549927 ], [ 986967.549710927181877, 3153702.994868263602257 ], [ 989104.881629100535065, 3152533.814369389787316 ], [ 995303.465535575873218, 3155413.495367845520377 ], [ 997881.896797075867653, 3151589.27987782843411 ], [ 989543.216534026432782, 3149877.167212631553411 ], [ 988948.846562152262777, 3146709.143581022508442 ], [ 994551.54488753573969, 3146610.495401480235159 ], [ 991920.693243741290644, 3141561.08865478169173 ], [ 987998.034980302443728, 3143720.20445622317493 ], [ 984101.493074452737346, 3134434.032540887594223 ], [ 984938.453178506577387, 3130264.077805995941162 ], [ 977477.624716881429777, 3133456.515605262480676 ], [ 976609.869135863729753, 3138674.879835846833885 ], [ 973763.251321705058217, 3140110.082185884937644 ], [ 963327.819275256828405, 3126621.6653963169083 ], [ 958194.863330421969295, 3122555.010531006380916 ], [ 960451.469012694084086, 3129013.034805384464562 ], [ 963516.399178161518648, 3131872.776784344576299 ], [ 965124.217641531256959, 3136500.326301896013319 ], [ 968209.743241916061379, 3138599.396290255710483 ], [ 968048.428388330386952, 3143744.653560024686158 ], [ 971125.328493140172213, 3146035.348604581318796 ], [ 970621.947649089735933, 3150883.804872965440154 ], [ 967056.478319685906172, 3153060.441253993660212 ], [ 965843.896359123522416, 3147109.176834003999829 ], [ 960337.284623311832547, 3144172.897111864760518 ], [ 956058.908844206132926, 3146807.871766269207001 ], [ 950946.796227942919359, 3153996.452674584463239 ], [ 938955.103165108710527, 3157743.009150318801403 ], [ 935341.428055442171171, 3161929.345284932292998 ], [ 915717.503171973396093, 3164528.591605816036463 ], [ 909858.686273293569684, 3161702.847433058544993 ], [ 906947.771147099439986, 3166201.425876115448773 ], [ 903885.039986807387322, 3176606.212352022528648 ], [ 902088.711073165643029, 3178656.433090614154935 ], [ 901846.144394605187699, 3187991.143989193253219 ], [ 900757.573773698648438, 3189678.564867079257965 ], [ 900907.452445927541703, 3197307.818800888955593 ], [ 899151.47953344299458, 3197929.470798057503998 ], [ 897963.316763187991455, 3203522.406930943951011 ], [ 892568.89055231702514, 3210532.79562362562865 ], [ 892314.459453175077215, 3220534.175396932289004 ], [ 896062.629537766100839, 3223299.168949536979198 ], [ 898022.639825082151219, 3228020.633731780573726 ] ] ], [ [ [ 935951.202696772757918, 3189120.985073944553733 ], [ 941840.687912138528191, 3190247.21738023404032 ], [ 938825.267911357106641, 3186153.579663171432912 ], [ 935951.202696772757918, 3189120.985073944553733 ] ] ] ] } },
{ "type": "Feature", "properties": { "drag_region": "Southeast", "NAME": "St. Tammany", "NAMELSAD": "St. Tammany" }, "geometry": { "type": "Polygon", "coordinates": [ [ [ 857343.970802432508208, 3354249.922840758226812 ], [ 881895.133261363604106, 3349826.656060427427292 ], [ 896349.225410831044428, 3350127.397652812767774 ], [ 899546.051129873027094, 3346689.751856145914644 ], [ 900442.625661874189973, 3339373.404989365488291 ], [ 903979.976474161492661, 3336232.336198422592133 ], [ 905465.061785149504431, 3332556.266026549041271 ], [ 912162.201790256309323, 3327696.874276151414961 ], [ 913028.059382619452663, 3321714.769038466271013 ], [ 918422.239216902875341, 3314531.426802556496114 ], [ 918617.590085099567659, 3307957.339558827225119 ], [ 920186.919856270658784, 3301710.190415477380157 ], [ 924824.747649122145958, 3297080.955025279894471 ], [ 928975.111778835183941, 3297206.825012948364019 ], [ 923195.385418135090731, 3293694.266890964470804 ], [ 919730.14892104070168, 3293781.739969320595264 ], [ 913774.209665782866068, 3296181.374108757823706 ], [ 911051.36645792319905, 3294576.806932122446597 ], [ 907886.550408307928592, 3296297.540278560481966 ], [ 904830.64112605934497, 3294208.371120270341635 ], [ 900616.105198323144577, 3296378.135702440980822 ], [ 892608.06065382133238, 3298159.431418650783598 ], [ 879594.195069296052679, 3293046.957344993483275 ], [ 872996.199643707135692, 3293925.993531923275441 ], [ 868085.773150200839154, 3296566.449226727243513 ], [ 867616.466669551213272, 3301510.924264733679593 ], [ 864642.160341102164239, 3309919.631069208029658 ], [ 859326.09210917132441, 3315412.318748829420656 ], [ 858553.390133198467083, 3347035.942410647403449 ], [ 857343.970802432508208, 3354249.922840758226812 ] ] ] } }
]
}
