{
"type": "FeatureCollection",
"name": "tmpewhkn0yh",
"crs": { "type": "name", "properties": { "name": "urn:ogc:def:crs:EPSG::32618" } },
"features": [
{ "type": "Feature", "properties": { "drag_region": "Valley", "NAME": "Waynesboro" }, "geometry": { "type": "Polygon", "coordinates": [ [ [ 101411.967566297069425, 4288077.648312428034842 ], [ 103439.67412174664787, 4283787.842374683357775 ], [ 107895.860181058786111, 4284651.638573173433542 ], [ 108780.449061734048882, 4290728.915903088636696 ], [ 105336.700411513593281, 4291350.925275740213692 ], [ 101411.967566297069425, 4288077.648312428034842 ] ] ] } },
{ "type": "Feature", "properties": { "drag_region": "Tidewater", "NAME": "Emporia" }, "geometry": { "type": "Polygon", "coordinates": [ [ [ 342251.298458667064551, 4016900.076753536704928 ], [ 342136.880953444284387, 4012610.64474009629339 ], [ 346329.819773624360096, 4013358.342502880841494 ], [ 345455.247692601114977, 4016719.789516845718026 ], [ 342251.298458667064551, 4016900.076753536704928 ] ] ] } },
{ "type": "Feature", "properties": { "drag_region": "Valley", "NAME": "Buena Vista" }, "geometry": { "type": "Polygon", "coordinates": [ [ [ 40796.7852974452544, 4233487.494431396014988 ], [ 41505.259349504194688, 4228292.481862477958202 ], [ 45869.01305175741436, 4233442.260062552988529 ], [ 45320.170088449027389, 4235283.790879885666072 ], [ 40796.7852974452544, 4233487.494431396014988 ] ] ] } },
{ "type": "Feature", "properties": { "drag_region": "Southwest", "NAME": "Danville" }, "geometry": { "type": "Polygon", "coordinates": [ [ [ 80655.938909330056049, 4016846.427646478638053 ], [ 81454.08532950427616, 4020250.723978553898633 ], [ 84338.217931790102739, 4019929.779794051777571 ], [ 81926.236615608155262, 4023574.194365569856018 ], [ 79065.03613902151119, 4024372.916797634214163 ], [ 76357.408621372072957, 4028510.714394906070083 ], [ 73889.562251809053123, 4023845.449756906367838 ], [ 66910.406339304754511, 4026081.882581418380141 ], [ 65227.776293840383005, 4024536.03081422438845 ], [ 70552.422457908804063, 4021323.697292386554182 ], [ 69401.712235268496443, 4017362.763723395764828 ], [ 80655.938909330056049, 4016846.427646478638053 ] ] ] } },
{ "type": "Feature", "properties": { "drag_region": "Southwest", "NAME": "Galax" }, "geometry": { "type": "Polygon", "coordinates": [ [ [ -105238.423843490076251, 4047349.824588743038476 ], [ -103779.921524349367246, 4044864.303525413852185 ], [ -100273.336257308721542, 4049438.043305701110512 ], [ -103799.838094560080208, 4049751.587091508787125 ], [ -105238.423843490076251, 4047349.824588743038476 ] ] ] } },
{ "type": "Feature", "properties": { "drag_region": "Northern", "NAME": "Harrisonburg" }, "geometry": { "type": "Polygon", "coordinates": [ [ [ 170097.453331948257983, 4325649.197900157421827 ], [ 170187.947963040089235, 4320390.393569526262581 ], [ 173110.980515897390433, 4322655.280957366339862 ], [ 177853.452446248964407, 4323412.164855154231191 ], [ 177377.459320939320605, 4327062.324128889478743 ], [ 174368.431410058867186, 4330150.036183248274028 ], [ 170097.453331948257983, 4325649.197900157421827 ] ] ] } },
{ "type": "Feature", "properties": { "drag_region": "Southwest", "NAME": "Martinsville" }, "geometry": { "type": "Polygon", "coordinates": [ [ [ 15943.099242864453117, 4040028.154084243811667 ], [ 19601.480645335905137, 4036015.922629723325372 ], [ 22151.434514589243918, 4035504.33759493008256 ], [ 21832.264332630424178, 4041927.965088882017881 ], [ 18024.987672323404695, 4042982.226711467839777 ], [ 15943.099242864453117, 4040028.154084243811667 ] ] ] } },
{ "type": "Feature", "properties": { "drag_region": "Valley", "NAME": "Charlottesville" }, "geometry": { "type": "Polygon", "coordinates": [ [ [ 162707.151449810306076, 4281394.367227744311094 ], [ 162957.321609620878007, 4279665.973485718481243 ], [ 168677.469319118012208, 4280692.781195828691125 ], [ 169144.959744240099099, 4284781.423385420814157 ], [ 166037.75350592751056, 4286043.398547218181193 ], [ 162707.151449810306076, 4281394.367227744311094 ] ] ] } },
{ "type": "Feature", "properties": { "drag_region": "Piedmont", "NAME": "King George" }, "geometry": { "type": "Polygon", "coordinates": [ [ [ 378725.000399316370022, 4279806.288263509981334 ], [ 375578.511880665144417, 4279503.266879514791071 ], [ 373459.207090791256633, 4270207.721507403068244 ], [ 374983.993278611334972, 4268356.660635735839605 ], [ 383770.639956584607717, 4267758.914219175465405 ], [ 381539.126322161813732, 4266477.41743725631386 ], [ 381115.814015713811386, 4262004.303834985010326 ], [ 384594.458343500911724, 4262778.881797460839152 ], [ 386736.242743478855118, 4260247.868091302923858 ], [ 393276.279847014462575, 4257329.852827498689294 ], [ 398024.014532753557432, 4258558.262226671911776 ], [ 399376.701313080557156, 4262820.327999628148973 ], [ 399524.251269871776458, 4269493.60876448918134 ], [ 403962.21189518290339, 4271304.172448859550059 ], [ 400904.1269137323834, 4275090.568921962752938 ], [ 402940.786400324723218, 4282104.065287863835692 ], [ 400182.052058124507312, 4285026.101035772822797 ], [ 396338.669839022739325, 4281487.572755223140121 ], [ 391634.698290562897455, 4281595.284976936876774 ], [ 389695.051857626473065, 4279160.403286170214415 ], [ 382756.663984331476968, 4277799.544229128398001 ], [ 378725.000399316370022, 4279806.288263509981334 ] ] ] } },
{ "type": "Feature", "properties": { "drag_region": "Piedmont", "NAME": "Richmond" }, "geometry": { "type": "Polygon", "coordinates": [ [ [ 420710.102428445767146, 4234979.552767836488783 ], [ 423365.788235016807448, 4226246.057172227650881 ], [ 428036.521908103022724, 4223290.759719431400299 ], [ 429213.000493338506203, 4218976.100501352921128 ], [ 432662.716879747866187, 4217859.804146657697856 ], [ 439106.604189944046084, 4207916.320712563581765 ], [ 442876.395905211102217, 4206703.381752737797797 ], [ 446286.090783534396905, 4202924.080054416321218 ], [ 451062.413668536464684, 4204939.28264850564301 ], [ 453006.128555359959137, 4207766.918952516280115 ], [ 458062.873590325762052, 4207874.400216242298484 ], [ 454643.865936426213011, 4211267.465110560879111 ], [ 454128.432958423160017, 4218236.431955419480801 ], [ 447257.017358218843583, 4222263.401512152515352 ], [ 445395.700315222260542, 4224012.639773732051253 ], [ 435663.062833081407007, 4226289.417473899200559 ], [ 436358.29859206819674, 4229709.198877665214241 ], [ 430758.847762959601823, 4233440.893764270469546 ], [ 426168.494851768075023, 4240112.647090273909271 ], [ 420710.102428445767146, 4234979.552767836488783 ] ] ] } },
{ "type": "Feature", "properties": { "drag_region": "Southwest", "NAME": "Scott" }, "geometry": { "type": "Polygon", "coordinates": [ [ [ -312230.627134706068318, 4075608.451956144534051 ], [ -317854.746568934351671, 4070106.084563672542572 ], [ -317659.163609469600488, 4068550.918157982639968 ], [ -329118.787877216178458, 4063053.891805235762149 ], [ -333416.435693370003719, 4054271.556579854805022 ], [ -299615.881091736780945, 4051511.86917960876599 ], [ -271279.72833096497925, 4049494.464797663036734 ], [ -273850.853023452393245, 4062373.565393765456975 ], [ -275173.958516895014327, 4070354.525821382645518 ], [ -278827.485834885796066, 4081496.784437194466591 ], [ -278439.838548246130813, 4082331.451031770091504 ], [ -299333.478646028146613, 4083313.567371928598732 ], [ -301557.941763883049134, 4079742.731591645628214 ], [ -305663.236531238479074, 4076901.231481027789414 ], [ -310008.398442230361979, 4079081.749608803540468 ], [ -312230.627134706068318, 4075608.451956144534051 ] ] ] } },
{ "type": "Feature", "properties": { "drag_region": "Valley", "NAME": "Botetourt" }, "geometry": { "type": "Polygon", "coordinates": [ [ [ -47342.497415115911281, 4191987.033488458953798 ], [ -46152.988497291429667, 4190392.049030635040253 ], [ -29441.78574031041353, 4180614.2523202765733 ], [ -27639.943027212662855, 4178417.181420719251037 ], [ -22313.56290843556053, 4182735.804061194881797 ], [ -21184.816507793526398, 4186121.454568584915251 ], [ -24243.365236006997293, 4188668.293252178002149 ], [ -19030.653390837978804, 4190889.79569762898609 ], [ -13028.390107270184672, 4196230.428625199012458 ], [ -10122.381165986967972, 4197042.060146450996399 ], [ -8054.452996620355407, 4193784.312820044346154 ], [ -3961.452128781325882, 4192818.647847725544125 ], [ -1851.141585550591117, 4196922.789201732724905 ], [ 4424.81976966172806, 4201687.019945421256125 ], [ -2301.457060755667044, 4207270.806419202126563 ], [ -1900.507629614527104, 4208972.274018865078688 ], [ -11363.696441640058765, 4216802.89401941280812 ], [ -10029.669979248108575, 4218074.994170052930713 ], [ -11273.936974327574717, 4224926.952416045591235 ], [ -9850.276448613818502, 4228011.384289621375501 ], [ -22290.073296305112308, 4232852.217341379262507 ], [ -31728.438665011286503, 4222248.181695176288486 ], [ -41235.67915185468155, 4216726.264019426889718 ], [ -42007.985263774258783, 4214184.447870259173214 ], [ -37088.695069487410365, 4205024.476607355289161 ], [ -41096.002358981088037, 4201506.45056370832026 ], [ -44676.290209031110862, 4194139.803634275682271 ], [ -47342.497415115911281, 4191987.033488458953798 ] ] ] } },
{ "type": "Feature", "properties": { "drag_region": "Tidewater", "NAME": "York" }, "geometry": { "type": "Polygon", "coordinates": [ [ [ 452626.70921523834113, 4105990.497124691493809 ], [ 451330.161719654104672, 4104583.2147306650877 ], [ 445296.172649944317527, 4104978.402545103803277 ], [ 443992.873118972172961, 4103286.269172873347998 ], [ 447970.576086406945251, 4094632.109857578761876 ], [ 450546.950320897158235, 4096302.142330665141344 ], [ 452057.396654382697307, 4091698.974115621298552 ], [ 457445.02107933035586, 4090175.972325521986932 ], [ 458353.777006953605451, 4087395.825045603327453 ], [ 460595.870800049975514, 4088121.173931940458715 ], [ 464979.745833586785011, 4083378.443071278743446 ], [ 469630.219133869162761, 4074916.213052141014487 ], [ 471849.962284139473923, 4074024.378397170919925 ], [ 475378.48022501997184, 4075306.358847291674465 ], [ 473864.762625738745555, 4080762.542119957972318 ], [ 475472.468409794731997, 4081692.009609369095415 ], [ 475890.645771570503712, 4088454.266404204070568 ], [ 468868.616823377786204, 4087511.837264634203166 ], [ 466682.932367898290977, 4090310.794720919802785 ], [ 457587.025298555730842, 4098563.493854159489274 ], [ 452626.70921523834113, 4105990.497124691493809 ] ] ] } },
{ "type": "Feature", "properties": { "drag_region": "Northern", "NAME": "Rappahannock" }, "geometry": { "type": "Polygon", "coordinates": [ [ [ 250769.864621880318737, 4369241.692604370415211 ], [ 247563.611994562059408, 4366970.352871311828494 ], [ 246485.067291038489202, 4363094.574281143024564 ], [ 247966.773689116322203, 4360844.611603198572993 ], [ 245558.273408451786963, 4354820.911071827635169 ], [ 254561.891844074270921, 4343900.273549001663923 ], [ 259213.28304247171036, 4342496.952347123995423 ], [ 267010.768805264495313, 4350727.380038419738412 ], [ 280806.141457938007079, 4361251.405380986630917 ], [ 274050.38428147014929, 4364907.436011245474219 ], [ 273366.609446075512096, 4372566.815216330811381 ], [ 271196.824896779027767, 4373020.834910098463297 ], [ 264586.241068460396491, 4380500.167445879429579 ], [ 262677.737381666200235, 4379420.210505681112409 ], [ 259634.406352735386463, 4372651.671589091420174 ], [ 253570.769938859302783, 4368950.591875856742263 ], [ 250769.864621880318737, 4369241.692604370415211 ] ] ] } },
{ "type": "Feature", "properties": { "drag_region": "Northern", "NAME": "Greene" }, "geometry": { "type": "Polygon", "coordinates": [ [ [ 222242.747389246331295, 4316756.565060527063906 ], [ 216985.458242206746945, 4310654.024737726897001 ], [ 215915.735820312955184, 4307352.552956085652113 ], [ 206250.939285598375136, 4301426.663540095090866 ], [ 231626.728777076437837, 4290052.936724225059152 ], [ 238894.163046324363677, 4299625.852835069410503 ], [ 233572.031443617393961, 4300294.41809572186321 ], [ 227034.425128122646129, 4310560.603802396915853 ], [ 225957.811248004116351, 4315375.379235580563545 ], [ 226748.479076311487006, 4319738.563706192187965 ], [ 225289.232140926382272, 4322658.041169732809067 ], [ 222242.747389246331295, 4316756.565060527063906 ] ] ] } },
{ "type": "Feature", "properties": { "drag_region": "Piedmont", "NAME": "Louisa" }, "geometry": { "type": "Polygon", "coordinates": [ [ [ 259187.058752398355864, 4234203.468516597524285 ], [ 265700.821497687778901, 4230919.448110606521368 ], [ 280251.944605194847099, 4222218.254842951893806 ], [ 284309.063697853358462, 4220654.246208522468805 ], [ 286396.64202451496385, 4216769.261020733974874 ], [ 290150.616528370941523, 4215504.510231916792691 ], [ 294906.804268118867185, 4205716.906053578481078 ], [ 299940.82448136707535, 4204703.990328623913229 ], [ 303023.817559356801212, 4201939.302650968544185 ], [ 313408.409320223669056, 4232646.057263752445579 ], [ 309077.34103559871437, 4235539.7525590127334 ], [ 305124.311598353611771, 4240428.648154277354479 ], [ 293620.005885397840757, 4245458.567409752868116 ], [ 290472.771189637540374, 4245558.221426754258573 ], [ 286452.315002629416995, 4247882.598265577107668 ], [ 282355.668081076990347, 4247825.362489307299256 ], [ 277696.470008117670659, 4249793.573892937041819 ], [ 271631.221168811025564, 4247421.360669894143939 ], [ 268176.199067137495149, 4247731.168269081041217 ], [ 264135.826928834721912, 4240329.901101673021913 ], [ 259187.058752398355864, 4234203.468516597524285 ] ] ] } },
{ "type": "Feature", "properties": { "drag_region": "Valley", "NAME": "Salem" }, "geometry": { "type": "Polygon", "coordinates": [ [ [ -61762.441602691440494, 4160137.593842924572527 ], [ -62620.85880691978673, 4162001.147003034129739 ], [ -70483.541398138695513, 4158310.194604657124728 ], [ -66841.252068709130981, 4154764.565628723241389 ], [ -62987.364648005823256, 4155132.259127997793257 ], [ -61762.441602691440494, 4160137.593842924572527 ] ] ] } },
{ "type": "Feature", "properties": { "drag_region": "Tidewater", "NAME": "Hopewell" }, "geometry": { "type": "Polygon", "coordinates": [ [ [ 369972.761588001274504, 4099723.171292961575091 ], [ 370484.662385195842944, 4094655.306723866611719 ], [ 372380.596392235951498, 4094036.604764820542186 ], [ 376921.335573972202837, 4097456.127906739711761 ], [ 374428.73647659830749, 4099709.67406126158312 ], [ 369972.761588001274504, 4099723.171292961575091 ] ] ] } },
{ "type": "Feature", "properties": { "drag_region": "Valley", "NAME": "Lexington" }, "geometry": { "type": "Polygon", "coordinates": [ [ [ 30083.375798730849056, 4241538.037505144253373 ], [ 30602.137329003977356, 4239123.238880702294409 ], [ 34204.034359189186944, 4241533.244838035665452 ], [ 30083.375798730849056, 4241538.037505144253373 ] ] ] } },
{ "type": "Feature", "properties": { "drag_region": "Valley", "NAME": "Cumberland" }, "geometry": { "type": "Polygon", "coordinates": [ [ [ 178456.886441021983046, 4168542.965815937146544 ], [ 184363.308583011734299, 4164509.330438616219908 ], [ 189190.703653932258021, 4165864.574184503406286 ], [ 191059.452985633164644, 4164653.055444928817451 ], [ 198921.83283388131531, 4170966.737764046527445 ], [ 203659.852750265505165, 4179300.846413834486157 ], [ 208144.60835925716674, 4180295.751526884268969 ], [ 212905.974497250805143, 4199418.589767607860267 ], [ 214279.581652058754116, 4202618.643807143904269 ], [ 211194.782243237714283, 4205202.089528086595237 ], [ 211960.695078147924505, 4209185.584808015264571 ], [ 207019.689179667155258, 4212978.159355846233666 ], [ 205108.766390128294006, 4212661.116028930991888 ], [ 199519.505059735965915, 4206743.499010166153312 ], [ 198674.704150254838169, 4200663.168333752080798 ], [ 178456.886441021983046, 4168542.965815937146544 ] ] ] } },
{ "type": "Feature", "properties": { "drag_region": "Southwest", "NAME": "Pulaski" }, "geometry": { "type": "Polygon", "coordinates": [ [ [ -90134.126849811887951, 4108897.590706462971866 ], [ -97064.754976914744475, 4105688.659962027333677 ], [ -95754.143738716389635, 4101007.687364033423364 ], [ -94477.122104057707475, 4095754.472670430783182 ], [ -91758.991648644398083, 4092999.304276120848954 ], [ -81721.796318700377014, 4078497.036054488271475 ], [ -76494.225351142653381, 4079907.144419713877141 ], [ -72087.9387777478114, 4083762.794158576987684 ], [ -68494.069665954870288, 4084795.280826505739242 ], [ -63420.940909852812183, 4089189.617069573141634 ], [ -65251.020842533282121, 4096286.481081770267338 ], [ -63008.422359719537781, 4096250.823351989500225 ], [ -66253.881060438419809, 4101037.403676850255579 ], [ -66964.030331029629451, 4105292.589821332134306 ], [ -63329.193828378643957, 4107185.065257208421826 ], [ -61497.969924821358291, 4105641.53896133042872 ], [ -64106.979108474813984, 4110294.862416734453291 ], [ -60704.487138349810266, 4113733.688734521623701 ], [ -66278.191848870439571, 4111476.279806614853442 ], [ -68329.749758909994853, 4114662.245760237332433 ], [ -67470.934486176774953, 4118345.919925949070603 ], [ -85123.693283545915619, 4112228.959625476505607 ], [ -90134.126849811887951, 4108897.590706462971866 ] ] ] } },
{ "type": "Feature", "properties": { "drag_region": "Northern", "NAME": "Loudoun" }, "geometry": { "type": "Polygon", "coordinates": [ [ [ 311748.764460795908235, 4427069.559558967128396 ], [ 308775.69908972538542, 4421435.724312664009631 ], [ 299838.417146122199483, 4414276.557346874848008 ], [ 326027.118070511380211, 4405546.295945910736918 ], [ 329102.694009229890071, 4404216.615543495863676 ], [ 331483.605088638607413, 4400331.405159819871187 ], [ 334876.091426462866366, 4399090.616350692696869 ], [ 336311.078735005692579, 4394661.166429316624999 ], [ 354665.793837128556333, 4417548.015344603918493 ], [ 343227.638575884746388, 4419853.400646808557212 ], [ 341466.18776239908766, 4423622.815075683407485 ], [ 338396.758307722397149, 4424947.944430277682841 ], [ 338860.535605614772066, 4430469.749386654235423 ], [ 343972.482584827579558, 4435863.989678353071213 ], [ 340968.130857321782969, 4439381.458942344412208 ], [ 336984.087643564445898, 4441019.17973286472261 ], [ 335247.495757135329768, 4445362.560095711611211 ], [ 330601.729974439367652, 4445400.244787281379104 ], [ 325410.191062051570043, 4447938.288713441230357 ], [ 321688.198857190902345, 4447763.171752547845244 ], [ 318772.329217055579647, 4443556.454268915578723 ], [ 311748.764460795908235, 4427069.559558967128396 ] ] ] } },
{ "type": "Feature", "properties": { "drag_region": "Valley", "NAME": "Appomattox" }, "geometry": { "type": "Polygon", "coordinates": [ [ [ 108756.56891537559568, 4186887.565883515402675 ], [ 106405.165240347647341, 4183832.390140266623348 ], [ 98895.191778750711819, 4179179.220696893986315 ], [ 94896.594827077031368, 4174954.409393643960357 ], [ 102455.272214631579118, 4157726.264455181080848 ], [ 102945.685962146468228, 4154171.40149498032406 ], [ 108018.788381878955988, 4153389.429976247716695 ], [ 108527.592492228111951, 4150216.538254630286247 ], [ 111364.764656148821814, 4149337.271733539644629 ], [ 115614.350645255850395, 4151840.910691879689693 ], [ 119399.737217339134077, 4150735.551403340417892 ], [ 123982.941223389789229, 4153707.403394362423569 ], [ 129389.927593715168769, 4161615.504493643995374 ], [ 132351.585333207185613, 4164080.532609914429486 ], [ 132576.930267937044846, 4169992.478748691733927 ], [ 129339.619160574831767, 4168588.633389313705266 ], [ 128839.976888211007463, 4172141.294886654242873 ], [ 124764.753206876135664, 4173732.198329839389771 ], [ 122974.730245734477649, 4176763.090429104864597 ], [ 112614.30454389724764, 4187971.229888025205582 ], [ 108756.56891537559568, 4186887.565883515402675 ] ] ] } },
{ "type": "Feature", "properties": { "drag_region": "Southwest", "NAME": "Norton" }, "geometry": { "type": "Polygon", "coordinates": [ [ [ -301633.473887436906807, 4095538.412767574656755 ], [ -297284.763199602020904, 4093457.376831328496337 ], [ -295527.789204671047628, 4099277.41283305361867 ], [ -298784.849871602957137, 4098866.243864822667092 ], [ -301633.473887436906807, 4095538.412767574656755 ] ] ] } },
{ "type": "Feature", "properties": { "drag_region": "Piedmont", "NAME": "Henrico" }, "geometry": { "type": "Polygon", "coordinates": [ [ [ 335773.208523137611337, 4164754.586921651847661 ], [ 341137.107975625549443, 4163650.544718516990542 ], [ 346855.281198336801026, 4163876.12575195915997 ], [ 345971.098035222326871, 4166380.436353135854006 ], [ 351986.421257311478257, 4165933.583856241777539 ], [ 355213.356853351928294, 4168043.273751608561724 ], [ 358880.200277830357663, 4162606.947999605443329 ], [ 358751.507452728343196, 4157554.539823636412621 ], [ 356881.929955744708423, 4158937.828149705659598 ], [ 356366.127650182810612, 4151224.393249442800879 ], [ 359055.086696463171393, 4144478.576422078069299 ], [ 365691.629874913953245, 4142787.10284461081028 ], [ 368494.808338247530628, 4140334.382602827623487 ], [ 371117.996268753078766, 4143609.669120439793915 ], [ 373725.709045027382672, 4146313.76738043455407 ], [ 377754.412164026172832, 4155566.487095876131207 ], [ 372484.222256836656015, 4160936.090214993339032 ], [ 358085.130417059699539, 4168732.324125158600509 ], [ 354511.541627955040894, 4177601.115903757512569 ], [ 350447.166412741062231, 4179616.352895646356046 ], [ 344690.56356288108509, 4177577.444672118406743 ], [ 338434.168195762322284, 4180422.265390740707517 ], [ 336330.167664288193919, 4173230.379317007958889 ], [ 339303.530504118825775, 4166181.995858278591186 ], [ 335773.208523137611337, 4164754.586921651847661 ] ] ] } },
{ "type": "Feature", "properties": { "drag_region": "Southwest", "NAME": "Henry" }, "geometry": { "type": "Polygon", "coordinates": [ [ [ 3996.448136120969139, 4052939.960945171769708 ], [ -898.749081978639879, 4051573.487755461130291 ], [ -1224.400683276595373, 4045467.774090147111565 ], [ 1585.740505121000751, 4037760.748189890291542 ], [ 1237.830860664071224, 4025055.640455968212336 ], [ 31785.676562314321927, 4023405.886100111529231 ], [ 39911.052822485849902, 4058002.867771502118558 ], [ 37194.791769844996452, 4054980.306736394297332 ], [ 30673.27835477678309, 4053007.182475443463773 ], [ 28966.220006349954929, 4050988.424654031638056 ], [ 25138.681803588340699, 4051562.676183769479394 ], [ 7732.761920677141461, 4056761.15610484033823 ], [ 5844.617367368766281, 4051407.601262654177845 ], [ 3996.448136120969139, 4052939.960945171769708 ] ], [ [ 15551.184514136628422, 4040094.867661462165415 ], [ 17633.07294359558, 4043048.940288686193526 ], [ 21440.349603902599483, 4041994.678666100371629 ], [ 21759.519785861419223, 4035571.051172148436308 ], [ 19209.565916608080443, 4036082.63620694167912 ], [ 15551.184514136628422, 4040094.867661462165415 ] ] ] } },
{ "type": "Feature", "properties": { "drag_region": "Tidewater", "NAME": "Hampton" }, "geometry": { "type": "Polygon", "coordinates": [ [ [ 478655.234100661706179, 4067209.180927916895598 ], [ 477281.81249217200093, 4060842.949651064816862 ], [ 482630.822790665319189, 4055424.76975468499586 ], [ 489057.69925049378071, 4058097.801282807253301 ], [ 490315.422053109621629, 4056650.631647581700236 ], [ 493313.384789322619326, 4065856.393051701132208 ], [ 491767.3961802625563, 4069499.53285842621699 ], [ 490470.894737527589314, 4067992.039288664236665 ], [ 482183.752041542204097, 4068491.161378037650138 ], [ 478655.234100661706179, 4067209.180927916895598 ] ] ] } },
{ "type": "Feature", "properties": { "drag_region": "Northern", "NAME": "Highland" }, "geometry": { "type": "Polygon", "coordinates": [ [ [ 74101.120751084017684, 4341321.458051577210426 ], [ 69130.58723673906934, 4330001.950966936536133 ], [ 69754.139519905394991, 4323753.285400222986937 ], [ 65697.66402201053279, 4318222.20433634519577 ], [ 58361.957630371514824, 4310280.252549128606915 ], [ 59395.108042063380708, 4305921.953161058947444 ], [ 66993.430511573460535, 4300461.714220775291324 ], [ 79447.965491432594717, 4297350.840105292387307 ], [ 83753.378757239275728, 4295131.621258839033544 ], [ 86774.120264042241615, 4298904.856090695597231 ], [ 90547.258217465088819, 4298722.859717552550137 ], [ 93203.708940340162371, 4301559.435107979923487 ], [ 93390.392553846075316, 4305470.214239311404526 ], [ 101152.789202431406011, 4316574.358784419484437 ], [ 102568.361497971243807, 4319949.314305577427149 ], [ 88390.122540896831197, 4325693.480572880245745 ], [ 83576.300252506058314, 4336352.182609084062278 ], [ 74101.120751084017684, 4341321.458051577210426 ] ] ] } },
{ "type": "Feature", "properties": { "drag_region": "Piedmont", "NAME": "King William" }, "geometry": { "type": "Polygon", "coordinates": [ [ [ 373892.100733163068071, 4196538.362053461372852 ], [ 378184.137489360640757, 4190994.741601364687085 ], [ 378114.036351835064124, 4188134.859733680728823 ], [ 383807.171240706054959, 4187901.9344088495709 ], [ 382784.959066093550064, 4184874.093882364220917 ], [ 387842.765990178508218, 4184468.556573709473014 ], [ 387459.50711169251008, 4181616.132486434653401 ], [ 394119.820705591177102, 4181940.344752200879157 ], [ 392764.730645188363269, 4178060.61924087209627 ], [ 395911.261198498075828, 4177036.210691317450255 ], [ 405292.793237120728008, 4171015.345336874946952 ], [ 406608.82773167284904, 4173276.422218310646713 ], [ 408766.30430922540836, 4170275.263008248060942 ], [ 416720.752006439026445, 4171545.007366289384663 ], [ 414410.378529868670739, 4167013.6830073739402 ], [ 419842.760763661004603, 4169004.783522742334753 ], [ 421993.343121132347733, 4165340.053979385178536 ], [ 423339.714600457344204, 4169414.692227398976684 ], [ 414372.065650670730975, 4180936.908619755413383 ], [ 412151.725838247220963, 4180791.036114867776632 ], [ 411289.539589220599737, 4185099.931922852993011 ], [ 401228.235044126398861, 4188363.813545779790729 ], [ 397560.757426520809531, 4194261.991934943012893 ], [ 395061.593974732502829, 4195653.090830663219094 ], [ 391198.193467646022327, 4206423.400864419527352 ], [ 383379.170673923799768, 4209659.7552121989429 ], [ 382658.405347629217431, 4205957.044247667305171 ], [ 373892.100733163068071, 4196538.362053461372852 ] ] ] } },
{ "type": "Feature", "properties": { "drag_region": "Piedmont", "NAME": "Richmond" }, "geometry": { "type": "Polygon", "coordinates": [ [ [ 338711.327105611562729, 4162984.249307449441403 ], [ 338648.124731886549853, 4160696.270111741963774 ], [ 344667.100874943425879, 4160246.027036908548325 ], [ 346379.837095465045422, 4153045.308532713446766 ], [ 353940.346780168823898, 4150558.09783837525174 ], [ 354456.149085730779916, 4158271.532738638110459 ], [ 356325.726582714356482, 4156888.244412568863481 ], [ 356454.419407816370949, 4161940.652588537894189 ], [ 352787.57598333794158, 4167376.978340541012585 ], [ 349560.640387297491543, 4165267.2884451742284 ], [ 343545.317165208398364, 4165714.140942068304867 ], [ 344429.500328322872519, 4163209.830340891610831 ], [ 338711.327105611562729, 4162984.249307449441403 ] ] ] } },
{ "type": "Feature", "properties": { "drag_region": "Valley", "NAME": "Amherst" }, "geometry": { "type": "Polygon", "coordinates": [ [ [ 42384.731456260342384, 4214121.375986391678452 ], [ 47318.580902062094538, 4210925.953632920049131 ], [ 48065.543634937232127, 4206494.131102650426328 ], [ 50735.992792015051236, 4202355.808820745907724 ], [ 54157.891722985223169, 4200669.289753305725753 ], [ 60533.247126082278555, 4200953.533222187310457 ], [ 69212.804108496551635, 4188527.928620937746018 ], [ 72375.289024932688335, 4188007.951576596591622 ], [ 73774.764413606055314, 4190909.310457698535174 ], [ 78260.605847413040465, 4191576.393952967599034 ], [ 82259.202799086720916, 4195801.205256217159331 ], [ 89769.176260683656437, 4200454.374699589796364 ], [ 92120.579935711604776, 4203509.550442839041352 ], [ 89594.296842358802678, 4203900.647224865853786 ], [ 82693.6094275918731, 4221005.011384300887585 ], [ 75531.458078531402862, 4224084.156667827628553 ], [ 75493.331223457033047, 4230487.79156753513962 ], [ 72047.834443865722278, 4231403.187230889685452 ], [ 69661.616503660654416, 4234757.668378743343055 ], [ 63214.119934445101535, 4232274.727808044292033 ], [ 61437.772069632279454, 4235031.084826462902129 ], [ 58500.915914093231549, 4233157.744533054530621 ], [ 50531.108943818922853, 4218518.787579483352602 ], [ 42384.731456260342384, 4214121.375986391678452 ] ] ] } },
{ "type": "Feature", "properties": { "drag_region": "Piedmont", "NAME": "Mathews" }, "geometry": { "type": "Polygon", "coordinates": [ [ [ 479467.222372439398896, 4149947.025761410593987 ], [ 478148.373381588316988, 4146725.807214186526835 ], [ 478354.459982013155241, 4139477.09170103026554 ], [ 482133.3035478349193, 4137227.27748179808259 ], [ 487795.175596519664396, 4133141.041780755389482 ], [ 493435.539631216728594, 4127057.298950404394418 ], [ 496093.367413877334911, 4135601.260319446679205 ], [ 494645.184661575069185, 4146106.645955942105502 ], [ 492160.005547080654651, 4150048.935854815412313 ], [ 488954.27666779741412, 4147710.299099439289421 ], [ 486783.912206977140158, 4151268.546021885704249 ], [ 482357.800107433169615, 4152286.785117737948895 ], [ 479467.222372439398896, 4149947.025761410593987 ] ] ] } },
{ "type": "Feature", "properties": { "drag_region": "Tidewater", "NAME": "Petersburg" }, "geometry": { "type": "Polygon", "coordinates": [ [ [ 356885.942863652133383, 4086900.166132360231131 ], [ 356147.58992359880358, 4083008.328014340251684 ], [ 361197.773063246451784, 4080971.249661384616047 ], [ 365988.015618584468029, 4081232.934196138754487 ], [ 367323.776681778486818, 4083679.887305418495089 ], [ 363315.838901275303215, 4089120.931761380285025 ], [ 360749.168031777138822, 4088422.701621977146715 ], [ 359781.676856449921615, 4087970.413015078287572 ], [ 356885.942863652133383, 4086900.166132360231131 ] ] ] } },
{ "type": "Feature", "properties": { "drag_region": "Piedmont", "NAME": "Goochland" }, "geometry": { "type": "Polygon", "coordinates": [ [ [ 281942.062151727383025, 4210738.346061026677489 ], [ 273203.156373718054965, 4195279.786488965153694 ], [ 272832.11938762688078, 4193669.569982237182558 ], [ 277773.125286107650027, 4189876.995434406213462 ], [ 277007.212451197439805, 4185893.500154477544129 ], [ 280092.011860018479638, 4183310.054433534387499 ], [ 287891.242642999626696, 4179335.852605779655278 ], [ 291445.342424466041848, 4181418.548027792479843 ], [ 291248.550136321340688, 4185242.149290630593896 ], [ 294453.158123934525065, 4186382.554367228411138 ], [ 301230.061250286758877, 4179971.944066059309989 ], [ 302097.251653860672377, 4177178.486269347369671 ], [ 307492.870354547689203, 4177304.21754454402253 ], [ 316533.928128091502003, 4171795.517280662897974 ], [ 320064.250109072658233, 4173222.9262172896415 ], [ 317090.887269242084585, 4180271.309676019009203 ], [ 319194.887800716212951, 4187463.19574975175783 ], [ 312235.24918078497285, 4187757.174264378845692 ], [ 304713.935105889337137, 4190459.393869042862207 ], [ 301630.942027899553068, 4193224.081546698696911 ], [ 296596.921814651344903, 4194236.9972716527991 ], [ 291840.734074903419241, 4204024.601449991576374 ], [ 288086.759571047499776, 4205289.352238808758557 ], [ 285999.181244385894388, 4209174.337426597252488 ], [ 281942.062151727383025, 4210738.346061026677489 ] ] ] } },
{ "type": "Feature", "properties": { "drag_region": "Valley", "NAME": "Albemarle" }, "geometry": { "type": "Polygon", "coordinates": [ [ [ 130371.156263679236872, 4283640.124092956073582 ], [ 143918.278378416172927, 4251000.061798069626093 ], [ 142242.626140292471973, 4248678.308048438280821 ], [ 146021.008481085795211, 4248052.654466359876096 ], [ 148648.318860770115862, 4250433.707594139501452 ], [ 158795.78356575986254, 4250715.879175362177193 ], [ 159574.563360191212269, 4254601.781027656048536 ], [ 176839.342097442800878, 4277269.221268297173083 ], [ 181788.110273879166925, 4283395.65385337267071 ], [ 185828.482412181940163, 4290796.921020780690014 ], [ 172196.894857883075019, 4297200.216522726230323 ], [ 146821.105366405012319, 4308573.943338596262038 ], [ 147373.834871464030584, 4306641.779466265812516 ], [ 142255.289605442463653, 4304553.369072861969471 ], [ 138961.984590041771298, 4300960.883793014101684 ], [ 135140.739347538590664, 4292232.63081793487072 ], [ 135564.173704224900575, 4287152.532180730253458 ], [ 130371.156263679236872, 4283640.124092956073582 ] ], [ [ 158008.118411301373271, 4280157.220883578062057 ], [ 161338.720467418577755, 4284806.252203051932156 ], [ 164445.926705731166294, 4283544.27704125456512 ], [ 163978.436280609079404, 4279455.634851662442088 ], [ 158258.288571111945203, 4278428.827141552232206 ], [ 158008.118411301373271, 4280157.220883578062057 ] ] ] } },
{ "type": "Feature", "properties": { "drag_region": "Tidewater", "NAME": "Prince Edward" }, "geometry": { "type": "Polygon", "coordinates": [ [ [ 219234.394343043386471, 4096806.634771067649126 ], [ 218085.250415270158555, 4091885.43532975949347 ], [ 222506.424424841068685, 4090663.57229918288067 ], [ 223037.656709906528704, 4087873.811604254879057 ], [ 227697.395618031208869, 4084449.595874815247953 ], [ 230929.629341301391833, 4085473.842583612073213 ], [ 233725.429785971005913, 4083364.566066572442651 ], [ 236403.615125525160693, 4078014.474668828304857 ], [ 239890.202342163072899, 4077218.961331827566028 ], [ 247336.069379953900352, 4079911.587152705993503 ], [ 254983.719084017386194, 4079357.81796578830108 ], [ 258236.242365965794306, 4081059.814523522276431 ], [ 259541.403354291338474, 4100583.303206101525575 ], [ 259497.612356692028698, 4108603.100961907766759 ], [ 251635.232508443878032, 4102289.418642790056765 ], [ 249766.483176742971409, 4103500.9373823646456 ], [ 244939.088105822447687, 4102145.693636477459222 ], [ 239032.665963832696434, 4106179.329013798385859 ], [ 234854.906017633678857, 4105187.965747555717826 ], [ 231427.140932518756017, 4107225.942047190386802 ], [ 227828.383387590642087, 4113091.710125396959484 ], [ 227603.038452860782854, 4107179.763986619655043 ], [ 224641.38071336876601, 4104714.735870349220932 ], [ 219234.394343043386471, 4096806.634771067649126 ] ] ] } },
{ "type": "Feature", "properties": { "drag_region": "Piedmont", "NAME": "Caroline" }, "geometry": { "type": "Polygon", "coordinates": [ [ [ 341168.085494498955086, 4230304.256331794895232 ], [ 343890.36124364414718, 4226124.613599696196616 ], [ 346742.217102213413455, 4226522.215326533652842 ], [ 349453.025244070624467, 4221772.62030098028481 ], [ 351043.779156619682908, 4222206.352994405664504 ], [ 354721.058844496146776, 4218005.11061042919755 ], [ 358226.258167069521733, 4219152.675907568074763 ], [ 360033.465139441424981, 4215766.552177185192704 ], [ 359616.050448113295715, 4211866.095322404056787 ], [ 362383.63908018427901, 4208837.380246178247035 ], [ 361994.206163846247364, 4205985.525779128074646 ], [ 366769.932123508886434, 4207199.868361175991595 ], [ 375536.236737975035794, 4216618.550555381923914 ], [ 376257.002064269618131, 4220321.261519913561642 ], [ 381259.347298807057086, 4218199.535357111133635 ], [ 381411.187940795149188, 4224681.992131694220006 ], [ 384307.043681602575816, 4227094.539883737452328 ], [ 391224.603790090011898, 4226079.264787761494517 ], [ 389769.951125504681841, 4231548.295285668224096 ], [ 383008.457759626675397, 4239047.550449816510081 ], [ 385318.031023868359625, 4243572.326582975685596 ], [ 388477.676695961039513, 4244072.232897073961794 ], [ 387909.255047719518188, 4246755.856082729063928 ], [ 381369.217944183910731, 4249673.871346533298492 ], [ 379227.433544205967337, 4252204.885052691213787 ], [ 375748.789216418866999, 4251430.30709021538496 ], [ 376172.101522866869345, 4255903.420692486688495 ], [ 378403.61515728966333, 4257184.917474405840039 ], [ 365852.16991659568157, 4258069.013768372125924 ], [ 352545.194390092336107, 4242678.200602491386235 ], [ 341168.085494498955086, 4230304.256331794895232 ] ] ] } },
{ "type": "Feature", "properties": { "drag_region": "Valley", "NAME": "Fluvanna" }, "geometry": { "type": "Polygon", "coordinates": [ [ [ 176265.633893830992747, 4242542.567192247137427 ], [ 178642.733808115241118, 4238348.098963269963861 ], [ 182358.057659533224069, 4236015.155900259502232 ], [ 197985.171599847439211, 4229921.357334773987532 ], [ 203574.432930239767302, 4235838.974353538826108 ], [ 205485.355719778628554, 4236156.017680454067886 ], [ 205856.392705869744532, 4237766.234187182039022 ], [ 214595.298483879072592, 4253224.793759243562818 ], [ 200044.175376372004393, 4261925.987026898190379 ], [ 193530.412631082581356, 4265210.007432889193296 ], [ 176265.633893830992747, 4242542.567192247137427 ] ] ] } },
{ "type": "Feature", "properties": { "drag_region": "Piedmont", "NAME": "Northumberland" }, "geometry": { "type": "Polygon", "coordinates": [ [ [ 468938.969571635825559, 4227867.877954434603453 ], [ 464199.319279932999052, 4227088.518664323724806 ], [ 460369.114819167065434, 4224293.611164434812963 ], [ 458726.413715858012438, 4220508.179054488427937 ], [ 465597.829316062270664, 4216481.209497755393386 ], [ 466113.262294065323658, 4209512.242652897723019 ], [ 469532.269947964930907, 4206119.177758579142392 ], [ 472978.091584102716297, 4204252.737913059070706 ], [ 476463.345102793187834, 4204866.080410772003233 ], [ 478910.460596176795661, 4199489.975973029620945 ], [ 482051.89776550908573, 4198108.802358732558787 ], [ 481011.043272890499793, 4191831.756876037456095 ], [ 485708.38017745281104, 4188332.063323168549687 ], [ 487178.098419765359722, 4202897.753805593587458 ], [ 491948.058559127151966, 4205120.449001767672598 ], [ 493609.355060491478071, 4211295.063828714191914 ], [ 484233.951529905549251, 4217907.635859502479434 ], [ 477959.673317863605917, 4220193.366780147887766 ], [ 473311.445203478215262, 4225413.969476067461073 ], [ 468938.969571635825559, 4227867.877954434603453 ] ] ] } },
{ "type": "Feature", "properties": { "drag_region": "Northern", "NAME": "Manassas Park" }, "geometry": { "type": "Polygon", "coordinates": [ [ [ 350671.942583661526442, 4372593.497290693223476 ], [ 346935.179481070721522, 4372884.692466125823557 ], [ 348468.638151014980394, 4371889.139101562090218 ], [ 350671.942583661526442, 4372593.497290693223476 ] ] ] } },
{ "type": "Feature", "properties": { "drag_region": "Piedmont", "NAME": "King and Queen" }, "geometry": { "type": "Polygon", "coordinates": [ [ [ 403238.61085730738705, 4215183.144586772657931 ], [ 396321.050748819950968, 4216198.419682748615742 ], [ 393425.19500801252434, 4213785.87193070538342 ], [ 393273.354366024432238, 4207303.415156122297049 ], [ 396090.031925209215842, 4206188.786971145309508 ], [ 399953.432432295696344, 4195418.47693738900125 ], [ 402452.595884084003046, 4194027.378041668795049 ], [ 406120.073501689592376, 4188129.199652505572885 ], [ 416181.378046783793252, 4184865.318029578775167 ], [ 417043.564295810414478, 4180556.422221593558788 ], [ 419263.904108233924489, 4180702.294726481195539 ], [ 428231.553058020537719, 4169180.07833412475884 ], [ 426885.181578695541248, 4165105.440086110960692 ], [ 431222.245099432358984, 4159398.287237149197608 ], [ 433690.684858453285415, 4155443.729066902305931 ], [ 437866.452652362233493, 4158038.576174373738468 ], [ 439532.2662379895919, 4162490.518136367201805 ], [ 437694.386547674541362, 4166241.443506302312016 ], [ 439107.461668020696379, 4174416.340972757898271 ], [ 433514.155081843258813, 4180523.989633036311716 ], [ 430812.47640191426035, 4188488.378638644237071 ], [ 426209.306546433246695, 4195918.390311358496547 ], [ 420177.67461027984973, 4194702.071375992149115 ], [ 417361.939637801260687, 4196189.457194665446877 ], [ 414171.765225317503791, 4194824.659219882450998 ], [ 413958.89122660132125, 4199788.13738364353776 ], [ 408924.733973737456836, 4200848.271468911319971 ], [ 405529.3512253848603, 4204545.988621421158314 ], [ 407463.033116270613391, 4206315.946534560993314 ], [ 406613.682855389139149, 4210816.928822249174118 ], [ 403238.61085730738705, 4215183.144586772657931 ] ] ] } },
{ "type": "Feature", "properties": { "drag_region": "Southwest", "NAME": "Bristol" }, "geometry": { "type": "Polygon", "coordinates": [ [ [ -253380.048354790953454, 4045448.094804991036654 ], [ -244699.23502918536542, 4044698.687621519900858 ], [ -241440.718172724067699, 4049353.424853026866913 ], [ -247329.730793856957462, 4048449.459614414256066 ], [ -253380.048354790953454, 4045448.094804991036654 ] ] ] } },
{ "type": "Feature", "properties": { "drag_region": "Tidewater", "NAME": "Colonial Heights" }, "geometry": { "type": "Polygon", "coordinates": [ [ [ 360830.108404727769084, 4090522.352520212996751 ], [ 362755.156078235711902, 4091045.953269326128066 ], [ 364184.077876981347799, 4097210.059625393245369 ], [ 358711.239214360597543, 4094868.954889487009495 ], [ 359862.617229400551878, 4090070.063913314137608 ], [ 360830.108404727769084, 4090522.352520212996751 ] ] ] } },
{ "type": "Feature", "properties": { "drag_region": "Southwest", "NAME": "Tazewell" }, "geometry": { "type": "Polygon", "coordinates": [ [ [ -200413.531350162811577, 4117349.170439107809216 ], [ -199692.22142192022875, 4114032.607411642093211 ], [ -194416.689540314022452, 4107026.713250421453267 ], [ -191018.412637620582245, 4096129.308798571117222 ], [ -184466.831556083750911, 4097774.546299931127578 ], [ -182576.192614669213071, 4092651.490591708105057 ], [ -172532.262968615512364, 4098281.636043557431549 ], [ -163351.111963856033981, 4100910.840805558022112 ], [ -163918.917922254418954, 4097304.975370693020523 ], [ -159897.678034835145809, 4099716.502661448437721 ], [ -161941.519754766253754, 4102732.817917750682682 ], [ -156337.780351573950611, 4104845.797579443547875 ], [ -152501.850695879780687, 4104587.37459562998265 ], [ -144570.972095303586684, 4107989.510687639936805 ], [ -144317.813534457352944, 4111807.737003634218127 ], [ -149344.345440399600193, 4113389.176269432064146 ], [ -147914.031823053606786, 4115594.736379534006119 ], [ -143343.76746548851952, 4116824.522166956216097 ], [ -144940.8861732337391, 4121724.547392358537763 ], [ -139379.914260811754502, 4123465.053492499049753 ], [ -147509.638419844093733, 4131197.040761255659163 ], [ -150724.181596881011501, 4135728.729461998213083 ], [ -153408.013015326345339, 4133896.702355955727398 ], [ -156314.25369314244017, 4128819.684839925728738 ], [ -163757.632922205957584, 4127699.450946573168039 ], [ -164593.024998171254992, 4124879.457761003170162 ], [ -168931.687580811209045, 4122398.063878360204399 ], [ -179827.118988709989935, 4122490.561490061692894 ], [ -184958.499605405610055, 4126981.87122419802472 ], [ -187485.668356787995435, 4123036.143624376505613 ], [ -196004.899620649404824, 4120579.660960837733001 ], [ -200413.531350162811577, 4117349.170439107809216 ] ] ] } },
{ "type": "Feature", "properties": { "drag_region": "Northern", "NAME": "Clarke" }, "geometry": { "type": "Polygon", "coordinates": [ [ [ 281339.624146338668652, 4442425.681360918097198 ], [ 277395.952164265559986, 4435875.858678549528122 ], [ 277605.66447366977809, 4432909.118384026922286 ], [ 270236.602015432494227, 4417408.697988403961062 ], [ 274809.959724866144825, 4414673.702844086103141 ], [ 278251.643571061722469, 4415225.469251715578139 ], [ 282768.897404028684832, 4410683.539503047242761 ], [ 286624.841631282586604, 4414375.507257261313498 ], [ 295562.123574885830749, 4421534.674223050475121 ], [ 298535.188945956353564, 4427168.509469353593886 ], [ 281339.624146338668652, 4442425.681360918097198 ] ] ] } },
{ "type": "Feature", "properties": { "drag_region": "Tidewater", "NAME": "Halifax" }, "geometry": { "type": "Polygon", "coordinates": [ [ [ 149731.447710649023065, 4004317.14370269421488 ], [ 193133.194107106101001, 4002521.164267487358302 ], [ 194910.18702237479738, 4006844.960864847991616 ], [ 195489.720051421638345, 4013507.045437384396791 ], [ 198901.381001986999763, 4018627.575646023731679 ], [ 201508.107497980148764, 4019578.277671306859702 ], [ 197845.927382139925612, 4024588.663890789728612 ], [ 200185.333345133141847, 4026981.468451160937548 ], [ 198519.719218858430395, 4033729.997011050581932 ], [ 199943.95127926665009, 4037399.312231992837042 ], [ 193170.977527496143011, 4044538.869376449845731 ], [ 195488.541522055544192, 4046453.399856884032488 ], [ 194486.725121939758537, 4053559.78655229927972 ], [ 189491.90283055594773, 4048695.866715195588768 ], [ 187699.669600078574149, 4051919.347233949229121 ], [ 180009.009508369868854, 4051753.837750444654375 ], [ 179881.344123639137251, 4056439.586741332430393 ], [ 174262.290456734743202, 4059824.890158894937485 ], [ 171295.56879192814813, 4057752.221992859151214 ], [ 163457.205472994450247, 4061525.724916228558868 ], [ 149731.447710649023065, 4004317.14370269421488 ] ] ] } },
{ "type": "Feature", "properties": { "drag_region": "Northern", "NAME": "Arlington" }, "geometry": { "type": "Polygon", "coordinates": [ [ [ 395193.628902898402885, 4394171.997753519564867 ], [ 390417.547632236906793, 4389705.339291896671057 ], [ 395582.036894797231071, 4384051.223317262716591 ], [ 401492.620249547762796, 4383535.235596112906933 ], [ 401882.961625694995746, 4387055.904647309333086 ], [ 395193.628902898402885, 4394171.997753519564867 ] ] ] } },
{ "type": "Feature", "properties": { "drag_region": "Tidewater", "NAME": "Surry" }, "geometry": { "type": "Polygon", "coordinates": [ [ [ 396229.469853265269194, 4071877.706965611316264 ], [ 403136.014589547470678, 4066669.589877267368138 ], [ 406654.711801989062224, 4066974.919778212439269 ], [ 413001.690631424018648, 4065124.929607065860182 ], [ 412558.294220010691788, 4059126.729084390681237 ], [ 413708.883382489031646, 4052905.049347296822816 ], [ 423089.517929240537342, 4058438.83550351113081 ], [ 436629.366355996404309, 4065146.522274556104094 ], [ 439026.323077675246168, 4074352.077403896953911 ], [ 440044.544370671734214, 4077861.800749383866787 ], [ 437863.074879915860947, 4080665.274225738365203 ], [ 435214.474768297630362, 4075182.911873517557979 ], [ 432349.001091302779969, 4075425.933888013008982 ], [ 427667.10196117463056, 4080757.702356877271086 ], [ 421957.166036005655769, 4082107.841560837812722 ], [ 418119.419021302310284, 4081421.523875519167632 ], [ 415324.69958385679638, 4085006.534688435029238 ], [ 412811.009276685130317, 4086679.586791612673551 ], [ 408954.059126090549398, 4085044.308071494568139 ], [ 409223.919404881598894, 4082749.912604179233313 ], [ 403740.22274389048107, 4079721.105480397120118 ], [ 396229.469853265269194, 4071877.706965611316264 ] ] ] } },
{ "type": "Feature", "properties": { "drag_region": "Northern", "NAME": "Warren" }, "geometry": { "type": "Polygon", "coordinates": [ [ [ 240854.672762839647476, 4384475.669173433445394 ], [ 249725.349396941659506, 4379471.860695845447481 ], [ 250263.419868439843412, 4377065.387777008116245 ], [ 253064.325185418827459, 4376774.287048494443297 ], [ 259127.961599294911139, 4380475.366761729121208 ], [ 262171.292628225695807, 4387243.905678317882121 ], [ 264079.796315019950271, 4388323.862618517130613 ], [ 270100.603295143635478, 4391174.439883979037404 ], [ 268932.368316840438638, 4393504.972946796566248 ], [ 275403.332708662026562, 4400735.154014888219535 ], [ 270886.078875695005991, 4405277.083763556554914 ], [ 267444.395029499428347, 4404725.317355927079916 ], [ 262871.037320065777749, 4407460.312500244937837 ], [ 261865.818303089821711, 4405394.744071317836642 ], [ 248772.719025475089438, 4404810.700634432025254 ], [ 246669.762153182702605, 4398394.111724797636271 ], [ 249756.909236093517393, 4397613.212237373925745 ], [ 246393.997175135300495, 4390860.377409644424915 ], [ 240854.672762839647476, 4384475.669173433445394 ] ] ] } },
{ "type": "Feature", "properties": { "drag_region": "Southwest", "NAME": "Washington" }, "geometry": { "type": "Polygon", "coordinates": [ [ [ -207602.385965420457069, 4083167.329360886011273 ], [ -212084.741485317645129, 4079075.889565436635166 ], [ -217735.249443184875418, 4076703.258065443485975 ], [ -220821.846010445442516, 4078561.585431861225516 ], [ -229347.863514123659115, 4076599.726112124044448 ], [ -233517.434484328899998, 4072589.449071413371712 ], [ -232391.042783194745425, 4070392.46859530126676 ], [ -243606.472305622242857, 4067202.662257452961057 ], [ -253694.896393103234004, 4062017.120592508930713 ], [ -251123.771700615820009, 4049138.019996406510472 ], [ -246618.698602763761301, 4048795.439517435152084 ], [ -240568.381041829765309, 4051796.804326858371496 ], [ -234679.368420696875546, 4052700.769565470982343 ], [ -237937.885277158173267, 4048046.032333964016289 ], [ -218961.625899070582818, 4046552.755901957862079 ], [ -217816.632869333669078, 4048965.645790131296962 ], [ -209153.194895426335279, 4048054.592684565111995 ], [ -193085.95419895631494, 4046730.577132542617619 ], [ -189028.936639437626582, 4049327.450185444205999 ], [ -190347.934180669893976, 4048939.025812962092459 ], [ -196207.922038455086295, 4066713.589379812125117 ], [ -207602.385965420457069, 4083167.329360886011273 ] ] ] } },
{ "type": "Feature", "properties": { "drag_region": "Southwest", "NAME": "Wise" }, "geometry": { "type": "Polygon", "coordinates": [ [ [ -319089.684313728939742, 4104349.460557686630636 ], [ -318556.818211968522519, 4099110.183665357530117 ], [ -320797.478154223412275, 4095447.954851157031953 ], [ -317367.886054454138502, 4090065.261457850690931 ], [ -312022.788989510503598, 4084335.819521403871477 ], [ -309800.560297034797259, 4087809.117174062877893 ], [ -305455.398386042914353, 4085628.599046287126839 ], [ -301350.103618687484413, 4088470.099156904965639 ], [ -299125.640500832581893, 4092040.934937187936157 ], [ -278232.000403050566092, 4091058.818597029428929 ], [ -278619.647689690231346, 4090224.152002453804016 ], [ -268751.625479431007989, 4092726.886910926550627 ], [ -270754.582425700617023, 4100183.478649007156491 ], [ -274090.232451779418625, 4098712.415041733067483 ], [ -275475.859378858353011, 4101606.942531934473664 ], [ -284071.101749745779671, 4106990.868299980647862 ], [ -285025.62491849635262, 4111199.640323992818594 ], [ -288923.73505778668914, 4118815.786146885249764 ], [ -288866.661411218345165, 4127559.624029057100415 ], [ -290205.053121397388168, 4126897.9001136100851 ], [ -296650.755086405435577, 4122706.398472464643419 ], [ -304990.010489190812223, 4119057.845357315149158 ], [ -305661.952048809151165, 4110841.779835740569979 ], [ -311088.387424389016815, 4107535.658632415346801 ], [ -314945.888911577989347, 4107661.497095203958452 ], [ -319089.684313728939742, 4104349.460557686630636 ] ], [ [ -301312.751769574941136, 4096928.882596920710057 ], [ -298464.127753740991466, 4100256.713694168720394 ], [ -295207.067086809081957, 4100667.882662399671972 ], [ -296964.041081740055233, 4094847.846660674549639 ], [ -301312.751769574941136, 4096928.882596920710057 ] ] ] } },
{ "type": "Feature", "properties": { "drag_region": "Northern", "NAME": "Winchester" }, "geometry": { "type": "Polygon", "coordinates": [ [ [ 262101.378766019712202, 4435874.458851239643991 ], [ 262240.68378966365708, 4431000.021321075968444 ], [ 266479.572657627868466, 4436771.90576702915132 ], [ 262218.840898759197444, 4439212.194528764113784 ], [ 262101.378766019712202, 4435874.458851239643991 ] ] ] } },
{ "type": "Feature", "properties": { "drag_region": "Tidewater", "NAME": "Charles City" }, "geometry": { "type": "Polygon", "coordinates": [ [ [ 384352.323049447499216, 4110232.058494401164353 ], [ 382282.44705595402047, 4103509.784945049323142 ], [ 395278.565457657794468, 4101204.467746686190367 ], [ 398797.125924578052945, 4101984.375798353459686 ], [ 400287.608454934321344, 4097374.073268538340926 ], [ 405465.308834742056206, 4101267.658411543816328 ], [ 408833.625601974199526, 4094902.959929652046412 ], [ 411347.315909145865589, 4093229.9078264744021 ], [ 417455.945469079946633, 4096062.746421076357365 ], [ 417686.581871489761397, 4107691.417409580200911 ], [ 414469.290232753031887, 4105848.780219934880733 ], [ 415170.517013359698467, 4109076.756249511614442 ], [ 415230.126821737270802, 4112031.630179054103792 ], [ 411688.205715161922853, 4109815.226641122251749 ], [ 411749.062186170020141, 4112770.121325423009694 ], [ 404774.243640888365917, 4113584.28080739825964 ], [ 398162.639862004085444, 4116399.010340405628085 ], [ 395699.549424368073232, 4119887.561097925994545 ], [ 390988.738944720593281, 4122188.876469837501645 ], [ 386960.035825721803121, 4112936.156754395924509 ], [ 384352.323049447499216, 4110232.058494401164353 ] ] ] } },
{ "type": "Feature", "properties": { "drag_region": "Northern", "NAME": "Page" }, "geometry": { "type": "Polygon", "coordinates": [ [ [ 210484.557910348288715, 4351268.924528117291629 ], [ 206005.79858866968425, 4341131.715734536759555 ], [ 210954.659459170128684, 4339406.261183932423592 ], [ 211755.062639394309372, 4335840.66321674361825 ], [ 217312.72937031451147, 4333522.611109580844641 ], [ 218164.5802937267581, 4331197.607449195347726 ], [ 223471.260987385525368, 4330421.953266903758049 ], [ 226517.745739065576345, 4336323.42937610950321 ], [ 228276.245013850566465, 4341414.302029839716852 ], [ 233132.882534529198892, 4345626.732080993242562 ], [ 232907.970450478314888, 4348022.288218667730689 ], [ 237154.079021753394045, 4352832.090888471342623 ], [ 239562.579302417929284, 4358855.79141984321177 ], [ 238080.872904340096284, 4361105.754097786732018 ], [ 239159.41760786366649, 4364981.532687956467271 ], [ 242365.670235181925818, 4367252.872421015053988 ], [ 241827.599763683741912, 4369659.345339852385223 ], [ 232956.923129581729881, 4374663.153817440383136 ], [ 222568.478101626795251, 4364264.138398939743638 ], [ 219157.253432801808231, 4364968.856547933071852 ], [ 215533.222431869304273, 4360239.147129396907985 ], [ 210484.557910348288715, 4351268.924528117291629 ] ] ] } },
{ "type": "Feature", "properties": { "drag_region": "Southwest", "NAME": "Bland" }, "geometry": { "type": "Polygon", "coordinates": [ [ [ -130761.580124469342991, 4122338.002315556164831 ], [ -136322.552036891342141, 4120597.496215415652841 ], [ -134725.43332914612256, 4115697.470990013331175 ], [ -139295.697686711209826, 4114467.685202591121197 ], [ -140726.011304057203233, 4112262.125092489179224 ], [ -135699.479398114955984, 4110680.685826691333205 ], [ -135952.637958961189725, 4106862.459510697051883 ], [ -143883.516559537383728, 4103460.323418687097728 ], [ -147719.446215231553651, 4103718.746402500662953 ], [ -153323.185618423856795, 4101605.76674080779776 ], [ -146591.535098989028484, 4091847.56026999745518 ], [ -137775.484382210182957, 4098737.99400359718129 ], [ -132131.887718781013973, 4101529.18779636034742 ], [ -127184.826444155289209, 4098617.486531951930374 ], [ -122400.680239159948542, 4098115.885583508294076 ], [ -115195.805175541070639, 4100337.615752303041518 ], [ -104143.340801805592491, 4102611.139946143142879 ], [ -105453.952040003947332, 4107292.112544137053192 ], [ -98523.323912901090807, 4110501.043288572691381 ], [ -111662.63478438158927, 4125603.558487775269896 ], [ -108673.460922498823493, 4127329.92641163431108 ], [ -108606.818610702510341, 4128379.78169608162716 ], [ -120560.957600624285988, 4126559.355128178372979 ], [ -130761.580124469342991, 4122338.002315556164831 ] ] ] } },
{ "type": "Feature", "properties": { "drag_region": "Tidewater", "NAME": "Sussex" }, "geometry": { "type": "Polygon", "coordinates": [ [ [ 342958.510090517578647, 4041114.383812212385237 ], [ 346720.860945271444507, 4038150.089881749823689 ], [ 352782.130042311153375, 4037225.504505782388151 ], [ 357315.00003911065869, 4039110.656776001211256 ], [ 354024.992394518805668, 4023457.443261572625488 ], [ 359436.633002812624909, 4021792.294074714183807 ], [ 367253.826140213175677, 4026556.994412683416158 ], [ 387704.946494297939353, 4037905.235991852357984 ], [ 402620.472688641399145, 4047122.635099178180099 ], [ 401469.883526163059287, 4053344.314836272038519 ], [ 401913.279937576386146, 4059342.515358947217464 ], [ 395566.301108141429722, 4061192.505530093796551 ], [ 392047.603895699838176, 4060887.17562914872542 ], [ 385141.059159417636693, 4066095.292717492673546 ], [ 363117.395389848505147, 4053365.642162680160254 ], [ 342958.510090517578647, 4041114.383812212385237 ] ] ] } },
{ "type": "Feature", "properties": { "drag_region": "Tidewater", "NAME": "Lunenburg" }, "geometry": { "type": "Polygon", "coordinates": [ [ [ 241390.045911121036625, 4046555.917214105837047 ], [ 247632.306722445733612, 4041938.020297643728554 ], [ 249920.795885840809206, 4043192.777762077283114 ], [ 256586.171633128979011, 4041335.354252815712243 ], [ 263473.867885226558428, 4036516.952538885176182 ], [ 274970.587143666634802, 4035084.806577103678137 ], [ 282586.127936684293672, 4032549.893377844709903 ], [ 285364.897785864712205, 4059659.318915756884962 ], [ 278316.656535295594949, 4059216.963193475734442 ], [ 270799.978039656707551, 4063950.023626219946891 ], [ 265521.821441780601162, 4068518.591349220369011 ], [ 264971.493017696542665, 4071114.57139854086563 ], [ 261718.96973574810545, 4069412.574840806890279 ], [ 254071.320031684619607, 4069966.344027724582702 ], [ 246625.452993893792154, 4067273.718206846155226 ], [ 241390.045911121036625, 4046555.917214105837047 ] ] ] } },
{ "type": "Feature", "properties": { "drag_region": "Southwest", "NAME": "Buchanan" }, "geometry": { "type": "Polygon", "coordinates": [ [ [ -215557.965976427600253, 4167985.45396580779925 ], [ -248471.644030053226743, 4143500.468205770011991 ], [ -246469.910193099698517, 4144497.98636540863663 ], [ -242931.967075393476989, 4140477.408409946598113 ], [ -242170.14665243512718, 4133693.835465114563704 ], [ -236011.08652671094751, 4121792.90294451918453 ], [ -234598.279474792128894, 4114962.745625541545451 ], [ -235949.781594650645275, 4114104.323285156395286 ], [ -225636.22935863834573, 4114387.540162986610085 ], [ -220843.418053166533355, 4122673.801819123327732 ], [ -213064.735785077267792, 4123637.814351994544268 ], [ -208656.104055563861039, 4126868.304873724468052 ], [ -200136.87279170245165, 4129324.787537263240665 ], [ -197609.704040320066269, 4133270.515137084759772 ], [ -198049.387086664151866, 4136085.033873250242323 ], [ -201703.50023414514726, 4138746.932096409611404 ], [ -207420.43953846214572, 4139449.101882044691592 ], [ -209288.771456706745084, 4144577.097144273109734 ], [ -213530.668957480869722, 4147864.669003186747432 ], [ -213532.734886681137141, 4156505.563589550554752 ], [ -218148.256409915804397, 4158960.581343662459403 ], [ -218231.197127854742575, 4162135.479638949036598 ], [ -212268.211099204898346, 4164956.87720507197082 ], [ -215557.965976427600253, 4167985.45396580779925 ] ] ] } },
{ "type": "Feature", "properties": { "drag_region": "Tidewater", "NAME": "Mecklenburg" }, "geometry": { "type": "Polygon", "coordinates": [ [ [ 222082.070056469470728, 4016659.925450599286705 ], [ 219475.343560476321727, 4015709.223425316158682 ], [ 216063.682609910960309, 4010588.693216676823795 ], [ 215484.149580864119343, 4003926.608644140418619 ], [ 213707.156665595422965, 3999602.812046779785305 ], [ 238462.468851022829767, 3998772.212565867230296 ], [ 275109.932202905532904, 3997723.120527796447277 ], [ 277856.759507374605164, 4023592.314869087655097 ], [ 270241.218714356946293, 4026127.228068346623331 ], [ 258744.49945591686992, 4027559.374030128121376 ], [ 251856.803203819319606, 4032377.775744058657438 ], [ 245191.427456531149801, 4034235.199253320228308 ], [ 242902.938293136074208, 4032980.441788886673748 ], [ 236660.67748181137722, 4037598.338705348782241 ], [ 222082.070056469470728, 4016659.925450599286705 ] ] ] } },
{ "type": "Feature", "properties": { "drag_region": "Tidewater", "NAME": "Amelia" }, "geometry": { "type": "Polygon", "coordinates": [ [ [ 273550.755334763787687, 4110805.302622081711888 ], [ 273594.546332363039255, 4102785.504866275470704 ], [ 309245.078829374746419, 4091241.514014957472682 ], [ 311763.046086571412161, 4090117.191674832254648 ], [ 316224.199337629484944, 4089986.64986210456118 ], [ 325051.881472831475548, 4097749.268030019011348 ], [ 320374.888742608833127, 4101316.344904420897365 ], [ 315197.114232892578002, 4098508.244127016048878 ], [ 311174.905620637757238, 4102538.780274143908173 ], [ 312225.44665124209132, 4105751.815566399134696 ], [ 308741.083022067788988, 4106332.864761652890593 ], [ 305020.511510498006828, 4109594.493122531566769 ], [ 305510.00623492122395, 4115209.641314342617989 ], [ 307419.172028510598466, 4115247.017811158206314 ], [ 306596.545719031768385, 4119566.094224334228784 ], [ 303485.722171667846851, 4121760.768757094629109 ], [ 293384.681678198394366, 4123891.62984426273033 ], [ 293314.390561653766781, 4121698.796282220166177 ], [ 288798.055299170082435, 4119649.579470274504274 ], [ 282773.530860139639117, 4120134.316384919453412 ], [ 278288.775251147919334, 4119139.4112718696706 ], [ 273550.755334763787687, 4110805.302622081711888 ] ] ] } },
{ "type": "Feature", "properties": { "drag_region": "Piedmont", "NAME": "Gloucester" }, "geometry": { "type": "Polygon", "coordinates": [ [ [ 452389.616401871084236, 4160082.871602435130626 ], [ 450976.541281524929218, 4151907.974135979544371 ], [ 452814.420971839979757, 4148157.04876604443416 ], [ 451148.60738621262135, 4143705.106804050970823 ], [ 446972.839592303673271, 4141110.259696579538286 ], [ 451635.985317447804846, 4135306.130460886284709 ], [ 456596.301400765194558, 4127879.127190354280174 ], [ 465692.208470107754692, 4119626.428057114593685 ], [ 472735.094711037585512, 4122091.943183458875865 ], [ 478797.335337605676614, 4123051.882559333927929 ], [ 475952.700726387556642, 4124427.591933647170663 ], [ 473803.448669945239089, 4129702.549274638760835 ], [ 470362.52132330997847, 4133472.566102206241339 ], [ 474232.007291688583791, 4137132.137778377626091 ], [ 470453.163725866819732, 4139381.951997609809041 ], [ 470247.07712544198148, 4146630.667510766070336 ], [ 471565.926116293063387, 4149851.886057990137488 ], [ 465895.42159354488831, 4152419.218042060732841 ], [ 457746.97500994137954, 4158273.940142783336341 ], [ 452389.616401871084236, 4160082.871602435130626 ] ] ] } },
{ "type": "Feature", "properties": { "drag_region": "Northern", "NAME": "Shenandoah" }, "geometry": { "type": "Polygon", "coordinates": [ [ [ 218157.037239993398543, 4410136.835614920593798 ], [ 215566.587782814458478, 4407563.832548880018294 ], [ 217371.702357828675304, 4405964.842597155831754 ], [ 212781.93695698142983, 4400127.715419992804527 ], [ 210684.125391880399548, 4402216.962772455997765 ], [ 205764.44145196833415, 4396109.784648582339287 ], [ 202558.416569680266548, 4393947.238732286728919 ], [ 202698.483472815540154, 4397380.631377273239195 ], [ 195257.998798307031393, 4390904.466235304251313 ], [ 188502.295233813405503, 4378767.777599032968283 ], [ 207454.975331535446458, 4360316.674169815145433 ], [ 212503.639853056462016, 4369286.896771094761789 ], [ 216127.670853988965973, 4374016.606189630925655 ], [ 219538.895522813952994, 4373311.888040637597442 ], [ 229927.340550768887624, 4383710.90345913823694 ], [ 235466.664963064540643, 4390095.611695349216461 ], [ 238829.577024022757541, 4396848.446523078717291 ], [ 235742.429941111942753, 4397629.346010502427816 ], [ 237845.386813404329587, 4404045.9349201368168 ], [ 235258.146612117532641, 4409870.300994428806007 ], [ 235405.747660249646287, 4413875.660300486721098 ], [ 231394.271338929363992, 4414693.072212459519506 ], [ 226234.646949057991151, 4409825.866549621336162 ], [ 225804.348366753954906, 4406690.5448237657547 ], [ 218157.037239993398543, 4410136.835614920593798 ] ] ] } },
{ "type": "Feature", "properties": { "drag_region": "Southwest", "NAME": "Dickenson" }, "geometry": { "type": "Polygon", "coordinates": [ [ [ -279829.807083454390522, 4131624.642156009096652 ], [ -279886.880730022734497, 4122880.804273837246001 ], [ -275988.770590732397977, 4115264.658450944814831 ], [ -275034.247421981825028, 4111055.886426932644099 ], [ -266439.005051094398368, 4105671.960658886469901 ], [ -265053.378124015463982, 4102777.43316868506372 ], [ -261717.72809793666238, 4104248.496775959152728 ], [ -257960.409929408633616, 4107033.230675097554922 ], [ -255800.434708708955441, 4105810.513135343790054 ], [ -249682.760308530007023, 4110050.51011474756524 ], [ -245437.241049283475149, 4110881.280178738757968 ], [ -244085.738929424958769, 4111739.702519123908132 ], [ -245498.545981343777385, 4118569.859838101547211 ], [ -251657.606107067957055, 4130470.792358696926385 ], [ -252419.426530026306864, 4137254.365303528960794 ], [ -255957.369647732528392, 4141274.943258990999311 ], [ -257959.103484686056618, 4140277.425099352374673 ], [ -261734.867729570425581, 4137112.55361364223063 ], [ -273832.782765175274108, 4134318.11523547815159 ], [ -279829.807083454390522, 4131624.642156009096652 ] ] ] } },
{ "type": "Feature", "properties": { "drag_region": "Valley", "NAME": "Staunton" }, "geometry": { "type": "Polygon", "coordinates": [ [ [ 80284.372697071026778, 4304721.368857935070992 ], [ 82667.046900780434953, 4301557.924712006933987 ], [ 85793.976938790787244, 4300942.871130510233343 ], [ 88415.798921506124316, 4303217.526220170781016 ], [ 89541.649487180198776, 4307372.994744500145316 ], [ 87423.090316223184345, 4309376.169682454317808 ], [ 82328.36956140017719, 4308166.578579292632639 ], [ 80284.372697071026778, 4304721.368857935070992 ] ] ] } },
{ "type": "Feature", "properties": { "drag_region": "Southwest", "NAME": "Floyd" }, "geometry": { "type": "Polygon", "coordinates": [ [ [ -54312.432178755952918, 4085431.657475617714226 ], [ -59385.560934858011024, 4081037.321232550311834 ], [ -62979.430046650952136, 4080004.834564621560276 ], [ -49038.354865540772153, 4054299.245769760105759 ], [ -47183.168984262585582, 4058596.822506460826844 ], [ -42713.231664125130919, 4057960.180607524234802 ], [ -41737.566267705136852, 4063839.650892568286508 ], [ -37794.058697644060885, 4065340.601926737464964 ], [ -32710.624017289745098, 4070033.768410510383546 ], [ -27816.403267636276723, 4071390.148945698048919 ], [ -24116.345794548069534, 4074440.940955503378063 ], [ -21569.226679665815027, 4079947.765906221233308 ], [ -19025.345869078089891, 4079522.660304949618876 ], [ -16858.89597070650052, 4083998.38232350256294 ], [ -15061.112742157441971, 4093565.228505818173289 ], [ -16703.618123771702813, 4098725.155949072446674 ], [ -21235.003852393732814, 4097823.579117564484477 ], [ -30706.174069207183493, 4094518.683379303198308 ], [ -36810.751523178674688, 4088543.957091125659645 ], [ -42684.343631605814153, 4086771.129569713491946 ], [ -44515.378991338679043, 4088407.434103036299348 ], [ -47860.790149992761144, 4086014.855557356029749 ], [ -51907.177608313933888, 4088163.874311024323106 ], [ -54312.432178755952918, 4085431.657475617714226 ] ] ] } },
{ "type": "Feature", "properties": { "drag_region": "Valley", "NAME": "Roanoke" }, "geometry": { "type": "Polygon", "coordinates": [ [ [ -56251.972892373451032, 4155023.662713122554123 ], [ -53126.698230522859376, 4153709.606121317483485 ], [ -49538.323668588942382, 4149024.421711454167962 ], [ -44494.19264554878464, 4153831.117835172452033 ], [ -42918.518949306220748, 4159584.204289257992059 ], [ -45674.383665372792166, 4161831.879536954220384 ], [ -50726.84063687978778, 4162862.349069982767105 ], [ -55027.04984705906827, 4160028.997428049333394 ], [ -56251.972892373451032, 4155023.662713122554123 ] ] ] } },
{ "type": "Feature", "properties": { "drag_region": "Valley", "NAME": "Alleghany" }, "geometry": { "type": "Polygon", "coordinates": [ [ [ -53888.141343817100278, 4266202.923126786015928 ], [ -65552.398600389875355, 4255744.321645284071565 ], [ -72793.083203263799078, 4245430.435293019749224 ], [ -72353.320905199201661, 4241959.986443455331028 ], [ -76363.918791134710773, 4238453.474157959222794 ], [ -75317.743067846269696, 4234469.880732592195272 ], [ -70110.876158901824965, 4230923.509536804631352 ], [ -63641.559784782395582, 4227120.250631020404398 ], [ -53429.732018788796267, 4233645.900386735796928 ], [ -52555.884292097223806, 4232163.772608000785112 ], [ -43048.643805253828759, 4237685.69028375018388 ], [ -33610.278436547654564, 4248289.725929953157902 ], [ -21170.481588856360759, 4243448.892878195270896 ], [ -14617.103688136252458, 4254119.776627852581441 ], [ -18342.145208558809827, 4255643.58630367461592 ], [ -22301.440701668019756, 4252495.018934652209282 ], [ -27124.955259514026693, 4257330.090325771830976 ], [ -32203.851745191015652, 4257112.531543355435133 ], [ -39399.813736228490598, 4258826.50693849939853 ], [ -43146.661042624429683, 4265816.685970746912062 ], [ -49107.424115174202598, 4266805.222211448475718 ], [ -53888.141343817100278, 4266202.923126786015928 ] ], [ [ -50613.279593697210657, 4244688.864740731194615 ], [ -48398.369386907535954, 4250502.090747737325728 ], [ -46878.265063278187881, 4249272.862887036055326 ], [ -49424.014738650104846, 4243190.021170880645514 ], [ -50613.279593697210657, 4244688.864740731194615 ] ] ] } },
{ "type": "Feature", "properties": { "drag_region": "Southwest", "NAME": "Giles" }, "geometry": { "type": "Polygon", "coordinates": [ [ [ -98809.950615303692757, 4132898.504791523329914 ], [ -101799.124477186458535, 4131172.136867664288729 ], [ -88659.813605705960072, 4116069.621668461710215 ], [ -83649.38003943998774, 4119400.990587475243956 ], [ -65996.621242070847075, 4125517.950887947808951 ], [ -54261.72152212121, 4129328.782040573656559 ], [ -49917.145858921852778, 4132619.681568982545286 ], [ -53044.337147232829011, 4144768.190378866624087 ], [ -54879.5649057689443, 4146119.979920544661582 ], [ -55848.919962683969061, 4151347.174826508387923 ], [ -59712.378428833195358, 4150713.056468853261322 ], [ -66018.309309637275874, 4146587.394568328280002 ], [ -79470.040062247004244, 4140601.929256292060018 ], [ -80590.363707126511144, 4143161.323612301144749 ], [ -87039.166492684555124, 4147296.914873829111457 ], [ -87033.215113918340649, 4147392.350616229232401 ], [ -89575.802879059381667, 4142473.308304723817855 ], [ -86967.325789121256093, 4138190.911158769391477 ], [ -93297.966366251683212, 4134083.528534983750433 ], [ -98809.950615303692757, 4132898.504791523329914 ] ] ] } },
{ "type": "Feature", "properties": { "drag_region": "Southwest", "NAME": "Franklin" }, "geometry": { "type": "Polygon", "coordinates": [ [ [ -1887.11891323706368, 4099939.811137158889323 ], [ -244.613531622802839, 4094779.883693904615939 ], [ -2042.396760171861388, 4085213.037511589005589 ], [ -4208.846658543450758, 4080737.315493036061525 ], [ -6752.727469131175894, 4081162.421094307675958 ], [ -9299.846584013430402, 4075655.596143589820713 ], [ -12999.904057101637591, 4072604.804133784491569 ], [ 2189.87032126361737, 4068338.853243040386587 ], [ 4155.186348987859674, 4062972.981698803603649 ], [ 6003.355580235656817, 4061440.622016286011785 ], [ 7891.500133544031996, 4066794.176858472172171 ], [ 25297.420016455231234, 4061595.696937401313335 ], [ 29124.958219216845464, 4061021.445407663471997 ], [ 30832.016567643673625, 4063040.203229075297713 ], [ 37353.529982711886987, 4065013.327490026131272 ], [ 40069.791035352740437, 4068035.888525133952498 ], [ 45233.006473624962382, 4088532.278018233366311 ], [ 38501.840815436153207, 4101386.897948233876377 ], [ 35930.854920877318364, 4101131.842084958683699 ], [ 34559.606050935632084, 4105694.577070615254343 ], [ 23909.208223243011162, 4109963.504768241662532 ], [ 12875.30061017756816, 4100683.582778544630855 ], [ 9252.902710442140233, 4104796.667348511051387 ], [ 2168.769844302441925, 4103930.892742086667567 ], [ -1887.11891323706368, 4099939.811137158889323 ] ] ] } },
{ "type": "Feature", "properties": { "drag_region": "Valley", "NAME": "Bath" }, "geometry": { "type": "Polygon", "coordinates": [ [ [ -28921.021367242850829, 4294500.614463541656733 ], [ -33801.964956693293061, 4286056.241818422451615 ], [ -38105.904475809598807, 4282557.834103480912745 ], [ -33325.187247166701127, 4283160.133188143372536 ], [ -27364.424174616928212, 4282171.596947441808879 ], [ -23617.576868220989127, 4275181.417915194295347 ], [ -16421.614877183514182, 4273467.44252005033195 ], [ -11342.718391506525222, 4273685.001302466727793 ], [ -6519.203833660518285, 4268849.929911347106099 ], [ -2559.908340551308356, 4271998.497280369512737 ], [ 1250.680167178099509, 4278598.373913608491421 ], [ 8247.040248148026876, 4285808.104988457635045 ], [ 13109.11552115320228, 4294846.177545943297446 ], [ 12215.014845869154669, 4295941.189811810851097 ], [ 17610.648720060766209, 4303138.40133065264672 ], [ 13876.305098268028814, 4304178.794014112092555 ], [ 9683.463207020016853, 4302279.343450590036809 ], [ 11100.472947007452603, 4305461.048656315542758 ], [ 6795.059681200771593, 4307680.26750276889652 ], [ -5659.47529865836259, 4310791.141618251800537 ], [ -13257.797768168442417, 4316251.380558535456657 ], [ -16500.111967304139398, 4314507.314184747636318 ], [ -24769.888201899128035, 4307194.904945096932352 ], [ -27257.994832609430887, 4301969.94922187179327 ], [ -25516.09557697083801, 4299102.599150192923844 ], [ -28921.021367242850829, 4294500.614463541656733 ] ] ] } },
{ "type": "Feature", "properties": { "drag_region": "Southwest", "NAME": "Pittsylvania" }, "geometry": { "type": "Polygon", "coordinates": [ [ [ 56050.046125813409162, 4061486.899211155250669 ], [ 47924.669865641881188, 4026889.917539764661342 ], [ 69786.960477634769632, 4025749.023191426880658 ], [ 70937.670700275077252, 4029709.956760417670012 ], [ 65613.024536206648918, 4032922.29028225550428 ], [ 67295.654581671027699, 4034468.142049449495971 ], [ 74274.810494175326312, 4032231.709224937483668 ], [ 76742.656863738346146, 4036896.973862937185913 ], [ 79450.284381387784379, 4032759.176265665329993 ], [ 82311.484857974428451, 4031960.453833600971848 ], [ 84723.466174156375928, 4028316.039262082893401 ], [ 81839.333571870549349, 4028636.983446585014462 ], [ 81041.187151696329238, 4025232.687114509753883 ], [ 92299.055767309822841, 4024826.519231788348407 ], [ 106024.813529655250022, 4082035.100445322692394 ], [ 102968.449335664598038, 4085320.522849791683257 ], [ 98079.31333729319158, 4083241.435512146912515 ], [ 91363.104395886097336, 4090420.778318027965724 ], [ 88038.501643247989705, 4087608.299978549592197 ], [ 84955.7934237641457, 4090137.942757660988718 ], [ 78396.759349108586321, 4086617.118292725179344 ], [ 78255.026568179804599, 4083565.057494878768921 ], [ 74697.449717043753481, 4082775.091503199189901 ], [ 70558.839123396639479, 4083256.710353588685393 ], [ 72925.632926839898573, 4079130.264553518034518 ], [ 71242.466292329394491, 4077393.280689316336066 ], [ 66023.459695465600817, 4082134.186585786752403 ], [ 61213.261564085631107, 4081983.288704254664481 ], [ 56050.046125813409162, 4061486.899211155250669 ] ] ] } },
{ "type": "Feature", "properties": { "drag_region": "Tidewater", "NAME": "Northampton" }, "geometry": { "type": "Polygon", "coordinates": [ [ [ 542952.204497580067255, 4128926.431265563238412 ], [ 539343.875956763746217, 4117334.123719878960401 ], [ 538302.550051840720698, 4108861.587021260056645 ], [ 535381.385505348793231, 4103268.837365473620594 ], [ 534672.853525599464774, 4096604.233373245224357 ], [ 535883.865813939715736, 4090776.84553394978866 ], [ 539015.012892580358312, 4085501.635095486417413 ], [ 539251.663697226438671, 4077492.822313369251788 ], [ 542127.521561466041021, 4077940.41999440593645 ], [ 540885.081486377166584, 4081288.779057952575386 ], [ 545985.208416522131301, 4081048.384100732393563 ], [ 551778.539758636965416, 4087095.479962076991796 ], [ 555352.286742662778124, 4095261.569926855619997 ], [ 555079.730565540376119, 4100696.638068316038698 ], [ 557951.355309485574253, 4101721.346287957858294 ], [ 561825.928489637561142, 4109220.486557106487453 ], [ 567606.760281533934176, 4117851.596792981028557 ], [ 566028.979576747398823, 4119197.124249872751534 ], [ 562525.809123544255272, 4117697.962370997760445 ], [ 553976.901801900938153, 4120436.018656624946743 ], [ 556249.512614891864359, 4126516.926526571623981 ], [ 551834.93608077627141, 4129414.529660488944501 ], [ 542952.204497580067255, 4128926.431265563238412 ] ] ] } },
{ "type": "Feature", "properties": { "drag_region": "Northern", "NAME": "Culpeper" }, "geometry": { "type": "Polygon", "coordinates": [ [ [ 287204.618081183056347, 4353645.454419353976846 ], [ 273409.245428509602789, 4343121.429076787084341 ], [ 265611.759665716788732, 4334891.001385491341352 ], [ 260960.368467319349293, 4336294.322587369009852 ], [ 270293.093294024874922, 4325088.658372899517417 ], [ 271993.752488765108865, 4319685.403098591603339 ], [ 270047.761851275514346, 4317841.790179735980928 ], [ 273031.296884387382306, 4313159.392275374382734 ], [ 272029.082942154200282, 4311379.212017400190234 ], [ 277054.587249645788688, 4311307.810540932230651 ], [ 277741.828417459328193, 4313098.85051157604903 ], [ 288245.22264570184052, 4317437.660418577492237 ], [ 288597.940759484190494, 4318667.302147698588669 ], [ 295496.704120781854726, 4318452.692141599953175 ], [ 299515.668759380991105, 4316421.729785156436265 ], [ 300551.177192536764778, 4319539.835898962803185 ], [ 306404.722004572977312, 4315835.188599898479879 ], [ 311477.939033367787488, 4317596.582107968628407 ], [ 313954.121018812409602, 4316380.87995785754174 ], [ 312519.512859121547081, 4321097.380808017216623 ], [ 307557.330454611568712, 4323053.902555025182664 ], [ 303751.510143697843887, 4321639.150946892797947 ], [ 297255.330347842536867, 4334909.540734468959272 ], [ 293595.027342362329364, 4338076.62103009223938 ], [ 292657.125797116663307, 4348127.507254158146679 ], [ 289705.382782762637362, 4353661.098220821470022 ], [ 287204.618081183056347, 4353645.454419353976846 ] ] ] } },
{ "type": "Feature", "properties": { "drag_region": "Tidewater", "NAME": "James City" }, "geometry": { "type": "Polygon", "coordinates": [ [ [ 424053.095840743393637, 4108654.176657534204423 ], [ 423351.869060136727057, 4105426.200627957470715 ], [ 426569.160698873456568, 4107268.837817602790892 ], [ 426338.524296463641804, 4095640.166829098947346 ], [ 427568.690361098910216, 4093422.775937872938812 ], [ 433279.90253095474327, 4092263.662022326141596 ], [ 436382.782653242815286, 4087819.44811621773988 ], [ 438975.080143655068241, 4090155.349363416433334 ], [ 445997.11832526337821, 4090888.057399799581617 ], [ 449398.119216823717579, 4084823.058484115637839 ], [ 452294.958664901147131, 4086490.379716225899756 ], [ 451396.668813730415422, 4089937.57759953616187 ], [ 450487.912886107107624, 4092717.724879454821348 ], [ 445100.288461159449071, 4094240.726669554132968 ], [ 439368.345863943803124, 4094248.026181570719928 ], [ 439481.476990568102337, 4100443.462650146335363 ], [ 437035.764925748924725, 4105828.021726806182414 ], [ 438339.064456721127499, 4107520.155099036637694 ], [ 444373.053526430856436, 4107124.967284597922117 ], [ 445669.601022015092894, 4108532.249678624328226 ], [ 441006.45529687096132, 4114336.378914317581803 ], [ 438538.015537850034889, 4118290.93708456447348 ], [ 435932.252698146272451, 4114811.536229609511793 ], [ 431201.868470695801079, 4116618.100868135690689 ], [ 425128.967860949225724, 4114735.390263303183019 ], [ 424053.095840743393637, 4108654.176657534204423 ] ] ] } },
{ "type": "Feature", "properties": { "drag_region": "Northern", "NAME": "Fauquier" }, "geometry": { "type": "Polygon", "coordinates": [ [ [ 287317.937430749472696, 4394634.381897086277604 ], [ 280846.97303892794298, 4387404.200828994624317 ], [ 282015.20801723113982, 4385073.667766177095473 ], [ 275994.401037107454613, 4382223.090500715188682 ], [ 282604.984865426085889, 4374743.7579649342224 ], [ 284774.76941472251201, 4374289.738271166570485 ], [ 285458.544250117149204, 4366630.359066080302 ], [ 292214.301426585006993, 4362974.32843582239002 ], [ 294715.0661281645298, 4362989.972237289883196 ], [ 297666.809142518613953, 4357456.381270626559854 ], [ 298604.71068776428001, 4347405.495046560652554 ], [ 302265.013693244487513, 4344238.414750937372446 ], [ 308761.193489099794533, 4330968.024963361211121 ], [ 312567.013800013519358, 4332382.776571493595839 ], [ 317529.196204523497727, 4330426.254824485629797 ], [ 317709.231832771969493, 4336719.004925629124045 ], [ 327064.781158386147581, 4346379.893953308463097 ], [ 312301.840671377663966, 4376479.685754212550819 ], [ 314068.24865846906323, 4383489.569156594574451 ], [ 317362.582582392555196, 4389596.088250336237252 ], [ 291173.881658003374469, 4398326.349651300348341 ], [ 287317.937430749472696, 4394634.381897086277604 ] ] ] } },
{ "type": "Feature", "properties": { "drag_region": "Northern", "NAME": "Orange" }, "geometry": { "type": "Polygon", "coordinates": [ [ [ 246341.648449216445442, 4287012.982017371803522 ], [ 259973.236003515310585, 4280609.686515426263213 ], [ 263428.258105188841, 4280299.878916239365935 ], [ 269493.506944495486096, 4282672.092139282263815 ], [ 274152.705017454805784, 4280703.880735652521253 ], [ 278249.351939007232431, 4280761.116511922329664 ], [ 282269.808126015355811, 4278436.739673099480569 ], [ 304063.354952639783733, 4301914.254911627620459 ], [ 305088.457068630319554, 4304746.976464945822954 ], [ 299234.912256594048813, 4308451.62376401014626 ], [ 298199.403823438333347, 4305333.51765020377934 ], [ 294180.439184839138761, 4307364.48000664729625 ], [ 287281.675823541532736, 4307579.090012745931745 ], [ 286928.957709759182762, 4306349.448283624835312 ], [ 276425.563481516670436, 4302010.638376623392105 ], [ 275738.322313703130931, 4300219.598405979573727 ], [ 270712.818006211542524, 4300290.999882447533309 ], [ 267777.956824615306687, 4297144.19017190951854 ], [ 262697.60865492571611, 4295694.78601807449013 ], [ 263276.638554782723077, 4294242.869586417451501 ], [ 256598.912986298149917, 4292183.776594100520015 ], [ 253609.082718464371283, 4296585.898128216154873 ], [ 246341.648449216445442, 4287012.982017371803522 ] ] ] } },
{ "type": "Feature", "properties": { "drag_region": "Valley", "NAME": "Lynchburg" }, "geometry": { "type": "Polygon", "coordinates": [ [ [ 61941.069361978094094, 4183968.02317904913798 ], [ 59730.513130541017745, 4184353.416467909235507 ], [ 54458.190568214398809, 4180386.08151691686362 ], [ 57447.323293111170642, 4176046.110706234816462 ], [ 55036.423018708010204, 4172045.343399077188224 ], [ 58738.476434869808145, 4169298.748407118022442 ], [ 61966.865004603809211, 4170206.250520954839885 ], [ 70490.763305970525835, 4175661.277943050954491 ], [ 67328.278389534389134, 4176181.254987392108887 ], [ 61941.069361978094094, 4183968.02317904913798 ] ] ] } },
{ "type": "Feature", "properties": { "drag_region": "Valley", "NAME": "Campbell" }, "geometry": { "type": "Polygon", "coordinates": [ [ [ 41186.009781931927137, 4124981.080439439043403 ], [ 44743.586633067978255, 4125771.046431118622422 ], [ 44885.319413996759977, 4128823.107228965032846 ], [ 51444.353488652319356, 4132343.93169390084222 ], [ 54527.061708136163361, 4129814.288914789445698 ], [ 57851.664460774270992, 4132626.767254267819226 ], [ 64567.873402181365236, 4125447.424448386766016 ], [ 69457.00940055277897, 4127526.511786031536758 ], [ 72513.373594543430954, 4124241.089381562545896 ], [ 80351.736913477128837, 4120467.586458193138242 ], [ 83318.458578283723909, 4122540.254624228924513 ], [ 88937.512245188117959, 4119154.95120666641742 ], [ 97104.305561283137649, 4139167.398162547964603 ], [ 94267.133397362427786, 4140046.66468363860622 ], [ 93758.329287013271824, 4143219.556405256036669 ], [ 88685.226867280784063, 4144001.527923988644034 ], [ 88194.813119765894953, 4147556.390884189400822 ], [ 80636.135732211347204, 4164784.535822652280331 ], [ 76150.294298404362053, 4164117.45232738321647 ], [ 74750.818909730995074, 4161216.093446281272918 ], [ 66226.920608364278451, 4155761.066024185158312 ], [ 62998.532038630270108, 4154853.563910348340869 ], [ 59296.478622468472167, 4157600.158902307506651 ], [ 41186.009781931927137, 4124981.080439439043403 ] ] ] } },
{ "type": "Feature", "properties": { "drag_region": "Tidewater", "NAME": "Norfolk" }, "geometry": { "type": "Polygon", "coordinates": [ [ [ 491367.937311885179952, 4038130.29379617003724 ], [ 495105.808746251626872, 4030643.971447120420635 ], [ 500893.732983616995625, 4032569.551995437126607 ], [ 503437.440215535112657, 4031202.906324750278145 ], [ 504539.688667380600236, 4042627.198765887878835 ], [ 497236.693697151262313, 4046438.607293830718845 ], [ 491796.659411912667565, 4045940.784493240062147 ], [ 492642.07339120504912, 4037731.318562658969313 ], [ 491367.937311885179952, 4038130.29379617003724 ] ] ] } },
{ "type": "Feature", "properties": { "drag_region": "Tidewater", "NAME": "Poquoson" }, "geometry": { "type": "Polygon", "coordinates": [ [ [ 482489.366420304053463, 4077769.757830186747015 ], [ 480881.660636248067021, 4076840.290340775623918 ], [ 482395.378235529293306, 4071384.107068109326065 ], [ 490682.520931514794938, 4070884.984978735912591 ], [ 491979.022374249761924, 4072392.478548497892916 ], [ 487874.995840878458694, 4075404.317294870037585 ], [ 486641.921498388401233, 4078376.91427526762709 ], [ 482489.366420304053463, 4077769.757830186747015 ] ] ] } },
{ "type": "Feature", "properties": { "drag_region": "Tidewater", "NAME": "Portsmouth" }, "geometry": { "type": "Polygon", "coordinates": [ [ [ 480941.85782172717154, 4037570.46807303186506 ], [ 479611.48169770615641, 4034158.466309868264943 ], [ 483083.993708363152109, 4030866.46119883749634 ], [ 481125.793026146944612, 4028321.262510670349002 ], [ 483641.882476630387828, 4025139.040622058790177 ], [ 491027.639717730809934, 4026465.859939128626138 ], [ 491382.55396406550426, 4029034.694684357848018 ], [ 485779.670139743713662, 4040360.189758476335555 ], [ 482902.298411948024295, 4040401.520357352681458 ], [ 480941.85782172717154, 4037570.46807303186506 ] ] ] } },
{ "type": "Feature", "properties": { "drag_region": "Tidewater", "NAME": "Suffolk" }, "geometry": { "type": "Polygon", "coordinates": [ [ [ 426535.443133550637867, 4005099.260473398026079 ], [ 424727.458004736923613, 3994933.272895231377333 ], [ 462955.248360667552333, 3994065.520652390085161 ], [ 466295.720556708809454, 4023564.87325519323349 ], [ 469579.533577962720301, 4029044.290231239050627 ], [ 470909.909701983735431, 4032456.291994402650744 ], [ 464192.239410412788857, 4032462.707941920496523 ], [ 464248.542913609475363, 4036084.330477733630687 ], [ 460069.666060750663746, 4034720.384150626603514 ], [ 440231.928751537925564, 4016851.717874870169908 ], [ 426535.443133550637867, 4005099.260473398026079 ] ] ] } },
{ "type": "Feature", "properties": { "drag_region": "Valley", "NAME": "Craig" }, "geometry": { "type": "Polygon", "coordinates": [ [ [ -85436.135862311464734, 4210542.504371379502118 ], [ -89455.334824593446683, 4206939.125804026611149 ], [ -95349.594854993221816, 4204017.872103488072753 ], [ -95840.560762628447264, 4200982.679696687497199 ], [ -91735.146274114027619, 4200367.456865035928786 ], [ -93161.299476382089779, 4197672.145896792411804 ], [ -109268.20160064578522, 4189214.4244503704831 ], [ -106141.010312334808987, 4177065.9156404864043 ], [ -96259.896725041791797, 4182341.039923015516251 ], [ -91021.635112733172718, 4178983.767333631869406 ], [ -85384.268368829973042, 4182785.789472247939557 ], [ -80586.472870859084651, 4183000.492106897756457 ], [ -73987.962258768093307, 4187043.536911607719958 ], [ -71321.755052683292888, 4189196.307057424448431 ], [ -67741.467202633270063, 4196562.95398685708642 ], [ -63734.159913139592391, 4200080.980030504055321 ], [ -68653.450107426440809, 4209240.951293407939374 ], [ -67881.143995506863575, 4211782.767442575655878 ], [ -68754.991722198436037, 4213264.895221310667694 ], [ -78966.819488192035351, 4206739.245465595275164 ], [ -85436.135862311464734, 4210542.504371379502118 ] ] ] } },
{ "type": "Feature", "properties": { "drag_region": "Northern", "NAME": "Frederick" }, "geometry": { "type": "Polygon", "coordinates": [ [ [ 231104.460775201732758, 4429136.316463513299823 ], [ 227857.671985354449134, 4425632.884953985922039 ], [ 235504.983112115005497, 4422186.59416283108294 ], [ 235935.281694419041742, 4425321.915888686664402 ], [ 241094.906084290414583, 4430189.121551524847746 ], [ 245106.382405610696878, 4429371.709639552049339 ], [ 244958.781357478583232, 4425366.350333494134247 ], [ 247546.021558765380178, 4419541.98425920214504 ], [ 260639.120836380112451, 4420126.027696087956429 ], [ 269013.402311593352351, 4437692.016520638018847 ], [ 268803.690002189134248, 4440658.756815160624683 ], [ 272747.361984262242913, 4447208.579497529193759 ], [ 256522.706488520954736, 4461806.321842381730676 ], [ 246627.687325776554644, 4470475.273713590577245 ], [ 245171.729739263479132, 4464608.344908661209047 ], [ 246618.214876861369703, 4461880.555921430699527 ], [ 244635.010844944044948, 4458516.232851793989539 ], [ 246761.56311864888994, 4457386.774780784733593 ], [ 239263.034801926463842, 4447544.034590331837535 ], [ 241067.97864836739609, 4446043.415139797143638 ], [ 237464.024983902578242, 4441022.309388408437371 ], [ 240435.514603674702812, 4437471.925139872357249 ], [ 235246.864459030795842, 4431747.035708606243134 ], [ 231104.460775201732758, 4429136.316463513299823 ] ], [ [ 259076.257373619941063, 4437653.409384232014418 ], [ 259193.719506359426305, 4440991.14506175648421 ], [ 263454.451265228097327, 4438550.856300021521747 ], [ 259215.562397263885941, 4432778.971854068338871 ], [ 259076.257373619941063, 4437653.409384232014418 ] ] ] } },
{ "type": "Feature", "properties": { "drag_region": "Tidewater", "NAME": "Chesapeake" }, "geometry": { "type": "Polygon", "coordinates": [ [ [ 481915.292735523195006, 4027492.539508437737823 ], [ 478631.479714269284159, 4022013.122532391920686 ], [ 475291.007518228027038, 3992513.769929588772357 ], [ 508059.188482004567049, 3992068.576380037236959 ], [ 508529.347988297173288, 4004834.667064195964485 ], [ 513035.037151241034735, 4006117.574625295586884 ], [ 512116.919070673757233, 4010035.591953972820193 ], [ 506726.19815401348751, 4015054.360096122138202 ], [ 501296.294205630780198, 4016455.265521080698818 ], [ 499474.289239247969817, 4024294.34843124402687 ], [ 493686.365001882601064, 4022368.767882927320898 ], [ 493331.45075554784853, 4019799.933137698099017 ], [ 485945.693514447426423, 4018473.113820628263056 ], [ 483429.604063964041416, 4021655.335709239821881 ], [ 485387.804746180190705, 4024200.534397406969219 ], [ 481915.292735523195006, 4027492.539508437737823 ] ] ] } },
{ "type": "Feature", "properties": { "drag_region": "Tidewater", "NAME": "Dinwiddie" }, "geometry": { "type": "Polygon", "coordinates": [ [ [ 320670.068291052302811, 4080407.672762976493686 ], [ 311262.598935137619264, 4075251.575994354207069 ], [ 311694.205594949948136, 4057967.132554260548204 ], [ 316193.10088777996134, 4058690.434131420683116 ], [ 322833.028241589025129, 4056109.622762059792876 ], [ 327114.161379860306624, 4049212.645957872271538 ], [ 332172.859082951035816, 4046971.341666311956942 ], [ 335319.444431317271665, 4044976.347503208555281 ], [ 355478.329730648198165, 4057227.605853676330298 ], [ 355976.568675120070111, 4076959.380086742341518 ], [ 350926.385535472421907, 4078996.458439697977155 ], [ 351664.73847552575171, 4082888.296557717956603 ], [ 345276.828813381376676, 4082388.187714878004044 ], [ 341798.706793680496048, 4083435.469196220394224 ], [ 337160.743161190766841, 4088618.467183307278901 ], [ 333958.903677312307991, 4088039.749118163250387 ], [ 325131.221542110317387, 4080277.130950248800218 ], [ 320670.068291052302811, 4080407.672762976493686 ] ] ] } },
{ "type": "Feature", "properties": { "drag_region": "Piedmont", "NAME": "Powhatan" }, "geometry": { "type": "Polygon", "coordinates": [ [ [ 273228.581177037209272, 4153254.635701768565923 ], [ 279253.105616067652591, 4152769.898787123616785 ], [ 283769.440878551336937, 4154819.115599069278687 ], [ 283839.731995096022729, 4157011.949161111842841 ], [ 293940.772488565417007, 4154881.08807394374162 ], [ 297051.596035929396749, 4152686.413541183341295 ], [ 297874.222345408168621, 4148367.337128007318825 ], [ 302032.819550182670355, 4149196.607553341891617 ], [ 303093.409710345091298, 4152791.002800959628075 ], [ 315805.470737911760807, 4164062.990829156246036 ], [ 306764.412964368006214, 4169571.691093037370592 ], [ 301368.794263680931181, 4169445.959817840717733 ], [ 300501.603860107017681, 4172239.417614552658051 ], [ 293724.700733754783869, 4178650.0279157217592 ], [ 290520.092746141657699, 4177509.622839123941958 ], [ 290716.885034286358859, 4173686.021576285827905 ], [ 287162.785252819943707, 4171603.32615427300334 ], [ 279363.554469838796649, 4175577.527982027735561 ], [ 277989.947315030847676, 4172377.473942492157221 ], [ 273228.581177037209272, 4153254.635701768565923 ] ] ] } },
{ "type": "Feature", "properties": { "drag_region": "Tidewater", "NAME": "Greensville" }, "geometry": { "type": "Polygon", "coordinates": [ [ [ 322250.068488650547806, 3998094.528402528725564 ], [ 364344.072481906099711, 3996890.469532995484769 ], [ 359228.396536024578381, 3998063.294152115937322 ], [ 357517.558393602899741, 4006879.769660703837872 ], [ 354046.873694342270028, 4009350.857135263737291 ], [ 349870.467138691223226, 4009266.308704258408397 ], [ 346392.842426458315458, 4011359.363832133356482 ], [ 352913.169030087941792, 4015292.993958289269358 ], [ 347501.528421794064343, 4016958.143145147711039 ], [ 350791.536066385917366, 4032611.356659576296806 ], [ 346258.666069586470257, 4030726.204389357473701 ], [ 340197.396972546703182, 4031650.78976532490924 ], [ 336435.046117792895529, 4034615.083695787470788 ], [ 333288.460769426659681, 4036610.077858890872449 ], [ 332729.389353968319483, 4016496.653126428835094 ], [ 322250.068488650547806, 3998094.528402528725564 ] ], [ [ 341707.607581021671649, 4016252.340207201894373 ], [ 344911.556814955722075, 4016072.052970510907471 ], [ 345786.128895978967194, 4012710.605956546030939 ], [ 341593.190075798891485, 4011962.908193761482835 ], [ 341707.607581021671649, 4016252.340207201894373 ] ] ] } },
{ "type": "Feature", "properties": { "drag_region": "Piedmont", "NAME": "Hanover" }, "geometry": { "type": "Polygon", "coordinates": [ [ [ 321974.672851224080659, 4192130.026984926313162 ], [ 329495.98692611977458, 4189427.807380262296647 ], [ 336455.625546050956473, 4189133.828865635208786 ], [ 342712.020913169719279, 4186289.008147012908012 ], [ 348468.62376302969642, 4188327.916370540857315 ], [ 352532.998978243675083, 4186312.679378652013838 ], [ 356106.587767348333728, 4177443.887600053101778 ], [ 370505.679607125290204, 4169647.653689887840301 ], [ 376681.550184092251584, 4175988.331685982178897 ], [ 379522.843949208850972, 4175446.20408330950886 ], [ 382231.981343782565091, 4183110.134399252478033 ], [ 375571.667749883898068, 4182785.922133486252278 ], [ 375954.926628369896207, 4185638.346220761071891 ], [ 370897.119704284938052, 4186043.883529415819794 ], [ 371919.331878897442948, 4189071.724055901169777 ], [ 366226.196990026452113, 4189304.6493807323277 ], [ 366296.298127552028745, 4192164.531248416285962 ], [ 362004.26137135445606, 4197708.15170051343739 ], [ 357228.535411691816989, 4196493.809118465520442 ], [ 357617.968328029848635, 4199345.66358551569283 ], [ 354850.379695958865341, 4202374.378661741502583 ], [ 355267.794387286994606, 4206274.835516521707177 ], [ 353460.587414915091358, 4209660.959246905520558 ], [ 349955.388092341716401, 4208513.393949766643345 ], [ 346278.108404465252534, 4212714.636333743110299 ], [ 344687.354491916194092, 4212280.903640317730606 ], [ 341976.54635005898308, 4217030.498665871098638 ], [ 339124.690491489716806, 4216632.896939033642411 ], [ 336402.414742344524711, 4220812.539671132341027 ], [ 332359.264612090948503, 4222836.781597710214555 ], [ 321974.672851224080659, 4192130.026984926313162 ] ] ] } },
{ "type": "Feature", "properties": { "drag_region": "Valley", "NAME": "Rockbridge" }, "geometry": { "type": "Polygon", "coordinates": [ [ [ 11021.688217511735274, 4241736.347189503721893 ], [ 9598.02769179797906, 4238651.915315927006304 ], [ 10842.294686877445201, 4231799.957069934345782 ], [ 9508.268224485495011, 4230527.856919294223189 ], [ 18971.457036511026672, 4222697.236918746493757 ], [ 18570.507605369886733, 4220995.769319084472954 ], [ 25296.784435787281836, 4215411.982845302671194 ], [ 31216.727545595364063, 4219527.71376267913729 ], [ 29173.276724357201601, 4223352.880548250861466 ], [ 31134.316544549001264, 4224502.547149920836091 ], [ 39280.694032107581734, 4228899.958743011578918 ], [ 47250.50100238189043, 4243538.915696582756937 ], [ 50187.357157920938334, 4245412.255989992059767 ], [ 51963.705022733760416, 4242655.898971572518349 ], [ 55510.579707202661666, 4244025.694908645935357 ], [ 57986.735351264520432, 4249840.238810612820089 ], [ 57213.357621620394639, 4253792.816940066404641 ], [ 54802.716526730087935, 4256481.120733758434653 ], [ 29519.048459513796843, 4276778.720880555920303 ], [ 24656.973186508621438, 4267740.648323070257902 ], [ 17660.613105538694072, 4260530.917248221114278 ], [ 13850.024597809286206, 4253931.040614982135594 ], [ 17575.066118231843575, 4252407.230939160101116 ], [ 11021.688217511735274, 4241736.347189503721893 ] ], [ [ 29811.984857937131892, 4243398.373178326524794 ], [ 33932.64341839546978, 4243393.580511218868196 ], [ 30330.746388210260193, 4240983.574553885497153 ], [ 29811.984857937131892, 4243398.373178326524794 ] ], [ [ 36537.284454351916793, 4238108.842812365852296 ], [ 41060.669245355689782, 4239905.139260854572058 ], [ 41609.512208664076752, 4238063.608443522825837 ], [ 37245.75850641085708, 4232913.83024344779551 ], [ 36537.284454351916793, 4238108.842812365852296 ] ] ] } },
{ "type": "Feature", "properties": { "drag_region": "Piedmont", "NAME": "Spotsylvania" }, "geometry": { "type": "Polygon", "coordinates": [ [ [ 302577.532504293543752, 4253703.142145773395896 ], [ 305724.767200053844135, 4253603.488128772005439 ], [ 317229.072913009615149, 4248573.568873296491802 ], [ 321182.102350254775956, 4243684.673278031870723 ], [ 325513.170634879672434, 4240790.977982771582901 ], [ 329556.320765133248642, 4238766.736056193709373 ], [ 340933.429660726629663, 4251140.680326890200377 ], [ 354240.405187229975127, 4266531.493492770940065 ], [ 349874.935360766830854, 4267884.73894474003464 ], [ 347440.492573512659874, 4270906.392039170488715 ], [ 341773.355152709409595, 4270486.042053383775055 ], [ 340292.138418975984678, 4273770.474202695302665 ], [ 332945.580461147939786, 4280559.070295578800142 ], [ 330469.398475703317672, 4281774.772445689886808 ], [ 325396.181446908507496, 4280013.378937619738281 ], [ 324371.079330917971674, 4277180.657384301535785 ], [ 302577.532504293543752, 4253703.142145773395896 ] ] ] } },
{ "type": "Feature", "properties": { "drag_region": "Northern", "NAME": "Stafford" }, "geometry": { "type": "Polygon", "coordinates": [ [ [ 332078.787085746589582, 4315781.855812114663422 ], [ 333513.395245437452104, 4311065.354961954988539 ], [ 340859.953203265496995, 4304276.758869071491063 ], [ 343422.615959784772713, 4306115.16533125191927 ], [ 346537.689050427230541, 4305172.677484430372715 ], [ 348008.307357802172191, 4301412.676705546677113 ], [ 350442.750145056343172, 4298391.023611116223037 ], [ 354808.219971519487444, 4297037.778159147128463 ], [ 358573.018534240196459, 4296751.428281741216779 ], [ 357048.23234642011812, 4298602.489153408445418 ], [ 359167.537136294005904, 4307898.034525520168245 ], [ 362314.025654945231508, 4308201.055909515358508 ], [ 360235.276320413860958, 4312927.344270040281117 ], [ 359142.497785088198725, 4319346.62045471649617 ], [ 361490.24848905717954, 4325488.612807205878198 ], [ 355276.639715201279614, 4327459.163447678089142 ], [ 351333.804716939979699, 4332332.317735735327005 ], [ 345473.904967131500598, 4335542.069334777072072 ], [ 341614.372039609239437, 4331735.494940937496722 ], [ 332258.822713995061349, 4322074.60591325815767 ], [ 332078.787085746589582, 4315781.855812114663422 ] ] ] } },
{ "type": "Feature", "properties": { "drag_region": "Southwest", "NAME": "Carroll" }, "geometry": { "type": "Polygon", "coordinates": [ [ [ -77396.892361787293339, 4071605.853928214870393 ], [ -92759.875455621717265, 4067460.343670410569757 ], [ -110047.83745558836381, 4063749.044701667968184 ], [ -101359.469608470302774, 4048160.488626492209733 ], [ -99920.88385954030673, 4050562.251129257958382 ], [ -96394.382022288948065, 4050248.707343450281769 ], [ -99900.967289329593768, 4045674.967563163023442 ], [ -93448.870796184492065, 4035124.551340469624847 ], [ -81524.319690324977273, 4034789.867053131572902 ], [ -73189.636094357905677, 4033819.26896044658497 ], [ -73762.69515023889835, 4040555.534235020633787 ], [ -71233.923761978308903, 4045194.938155473675579 ], [ -64919.948414125508862, 4042913.109467308036983 ], [ -59594.241725196159678, 4045862.137369719799608 ], [ -59049.530607282271376, 4049755.914872216526419 ], [ -72990.605788392451359, 4075461.503667077980936 ], [ -77396.892361787293339, 4071605.853928214870393 ] ] ] } },
{ "type": "Feature", "properties": { "drag_region": "Tidewater", "NAME": "Newport News" }, "geometry": { "type": "Polygon", "coordinates": [ [ [ 457418.421224057907239, 4077286.079762930516154 ], [ 456689.93162836227566, 4071959.524970760568976 ], [ 461083.624458655714989, 4067595.61181992245838 ], [ 470246.65518525900552, 4061634.110808563418686 ], [ 473342.091826231277082, 4055104.704876808449626 ], [ 476888.744788154144771, 4057244.741056686732918 ], [ 471539.734489660768304, 4062662.920953066553921 ], [ 472913.156098150473554, 4069029.152229918632656 ], [ 470693.412947880104184, 4069920.986884888727218 ], [ 466042.939647597726434, 4078383.216904026456177 ], [ 461659.064614060916938, 4083125.947764688171446 ], [ 459416.970820964605082, 4082400.598878351040184 ], [ 460315.26067213533679, 4078953.400995040778071 ], [ 457418.421224057907239, 4077286.079762930516154 ] ] ] } },
{ "type": "Feature", "properties": { "drag_region": "Southwest", "NAME": "Grayson" }, "geometry": { "type": "Polygon", "coordinates": [ [ [ -175611.345376949640922, 4045098.45436280593276 ], [ -178370.763591159367934, 4042604.267825954593718 ], [ -149521.119693910819478, 4039106.110039760824293 ], [ -133776.744510463089682, 4037788.494808995630592 ], [ -103306.525895122424117, 4034440.993134285788983 ], [ -111217.124707408234826, 4047476.930420308373868 ], [ -119905.492554526295862, 4063065.48649548413232 ], [ -123881.590314467888675, 4061305.96625125175342 ], [ -124348.628412137026316, 4059035.708629521075636 ], [ -133079.747731976560317, 4058543.235517427325249 ], [ -140102.088603095035069, 4059576.774341334588826 ], [ -151185.400202528224327, 4057723.095547953620553 ], [ -156174.636289070127532, 4055469.268373393453658 ], [ -165605.210606443230063, 4054384.346404851414263 ], [ -164831.043175497674383, 4051549.683618998154998 ], [ -171554.327817430952564, 4047695.327415707521141 ], [ -175611.345376949640922, 4045098.45436280593276 ] ] ] } },
{ "type": "Feature", "properties": { "drag_region": "Piedmont", "NAME": "Accomack" }, "geometry": { "type": "MultiPolygon", "coordinates": [ [ [ [ 579659.764113760786131, 4211510.251810037530959 ], [ 571734.229850556352176, 4206423.548498797230422 ], [ 578030.432235530461185, 4204373.097640510648489 ], [ 577695.090687218122184, 4201706.628580959513783 ], [ 572909.898961770930327, 4195547.582018653862178 ], [ 566260.442816749215126, 4193982.700128998141736 ], [ 567496.681521651567891, 4190731.078015541192144 ], [ 561708.650697217555717, 4180297.584026738535613 ], [ 556569.409340193029493, 4172816.455643389839679 ], [ 555562.780145010096021, 4167202.547634904272854 ], [ 564445.511728206416592, 4167690.646029829978943 ], [ 568860.088262321893126, 4164793.042895912658423 ], [ 566587.47744933096692, 4158712.135025965981185 ], [ 575136.384770974284038, 4155974.078740338794887 ], [ 578639.55522417742759, 4157473.240619213785976 ], [ 578972.606056534685194, 4159663.0471091135405 ], [ 585383.101057874620892, 4169627.553248311392963 ], [ 585105.346221705432981, 4175729.380967881064862 ], [ 588661.495769458357245, 4187716.834096998441964 ], [ 592493.729748354526237, 4194366.662872551940382 ], [ 598533.765505332616158, 4201769.774000022560358 ], [ 603272.331676399335265, 4202415.36628748383373 ], [ 604842.607719411375001, 4200407.206500901840627 ], [ 607378.436435795156285, 4202970.733818884938955 ], [ 612143.308252183487639, 4212294.949415052309632 ], [ 617207.687398329377174, 4219810.198464513756335 ], [ 583476.547105873934925, 4216345.078940701670945 ], [ 581549.199414985254407, 4211115.643408313393593 ], [ 579659.764113760786131, 4211510.251810037530959 ] ] ], [ [ [ 550526.162768004927784, 4200427.047136757522821 ], [ 550483.382241966668516, 4196423.803591392003 ], [ 552721.793496753554791, 4198973.982411611825228 ], [ 550526.162768004927784, 4200427.047136757522821 ] ] ], [ [ [ 550965.97050391533412, 4212052.278635472990572 ], [ 546551.169014819664881, 4212100.608295016922057 ], [ 547450.660450625000522, 4207896.093714904971421 ], [ 550965.97050391533412, 4212052.278635472990572 ] ] ] ] } },
{ "type": "Feature", "properties": { "drag_region": "Tidewater", "NAME": "Prince George" }, "geometry": { "type": "Polygon", "coordinates": [ [ [ 365337.833899137564003, 4080750.854573189746588 ], [ 364839.594954665692057, 4061019.080340123735368 ], [ 386863.258724234823603, 4073748.73089493624866 ], [ 394374.011614860035479, 4081592.129409722052515 ], [ 399857.708275851153303, 4084620.936533504165709 ], [ 399587.847997060103808, 4086915.332000819500536 ], [ 403444.798147654684726, 4088550.610720937605947 ], [ 400076.481380422541406, 4094915.309202829375863 ], [ 394898.781000614806544, 4091021.724059823900461 ], [ 393408.298470258538146, 4095632.026589639019221 ], [ 389889.738003338279668, 4094852.118537971749902 ], [ 376893.619601634505671, 4097157.435736334882677 ], [ 375918.63973923859885, 4096322.535052821971476 ], [ 378411.238836612494197, 4094068.988898300100118 ], [ 373870.49965487618465, 4090649.465756380930543 ], [ 371974.565647836076096, 4091268.167715427000076 ], [ 371462.664850641565863, 4096336.032284521963447 ], [ 369872.057770698913373, 4096375.471857409458607 ], [ 367455.899737166415434, 4088900.536673185415566 ], [ 371463.837517669599038, 4083459.49221722362563 ], [ 370128.076454475580249, 4081012.539107943885028 ], [ 365337.833899137564003, 4080750.854573189746588 ] ] ] } },
{ "type": "Feature", "properties": { "drag_region": "Piedmont", "NAME": "New Kent" }, "geometry": { "type": "Polygon", "coordinates": [ [ [ 384857.889748401416, 4159979.879356687888503 ], [ 390128.079655590932816, 4154610.276237570680678 ], [ 394838.890135238412768, 4152308.960865659173578 ], [ 397301.980572874424979, 4148820.410108138807118 ], [ 403913.584351758705452, 4146005.680575131438673 ], [ 410888.402897040359676, 4145191.521093156188726 ], [ 410827.546426032262389, 4142236.626408855430782 ], [ 414369.467532607610337, 4144453.029946787282825 ], [ 414309.857724230038002, 4141498.156017244793475 ], [ 415385.729744435870089, 4147579.36962301377207 ], [ 421458.630354182445444, 4149462.08022784627974 ], [ 426189.014581632916816, 4147655.515589320100844 ], [ 428794.777421336679254, 4151134.916444275062531 ], [ 424457.713900599861518, 4156842.069293236825615 ], [ 422307.131543128518388, 4160506.798836593981832 ], [ 416874.749309336184524, 4158515.698321225587279 ], [ 419185.12278590654023, 4163047.022680141031742 ], [ 411230.675088692922145, 4161777.278322099708021 ], [ 409073.198511140362825, 4164778.437532162293792 ], [ 407757.164016588241793, 4162517.360650726594031 ], [ 398375.631977965589613, 4168538.226005169097334 ], [ 395229.101424655877054, 4169562.634554723743349 ], [ 393875.054090484976768, 4165778.429750109557062 ], [ 391033.76032536837738, 4166320.557352782227099 ], [ 384857.889748401416, 4159979.879356687888503 ] ] ] } },
{ "type": "Feature", "properties": { "drag_region": "Southwest", "NAME": "Wythe" }, "geometry": { "type": "Polygon", "coordinates": [ [ [ -103864.694647099400754, 4097718.863737920764834 ], [ -114917.159020834878902, 4095445.339544080663472 ], [ -122122.034084453756805, 4093223.60937528591603 ], [ -126906.180289449097472, 4093725.210323729552329 ], [ -131853.241564074822236, 4096636.911588137969375 ], [ -137496.83822750399122, 4093845.717795374803245 ], [ -146312.888944282836746, 4086955.284061775077134 ], [ -142219.387929589080159, 4080832.295777101069689 ], [ -137886.852674365334678, 4068465.057780128903687 ], [ -137452.317401895474177, 4065272.799412904772907 ], [ -130429.976530776984873, 4064239.260588997509331 ], [ -121698.857210937465425, 4064731.733701091259718 ], [ -121231.819113268327783, 4067001.991322821937501 ], [ -117255.72135332673497, 4068761.511567054316401 ], [ -99967.759353360088426, 4072472.810535796917975 ], [ -89832.347227083388134, 4075208.212428375612944 ], [ -99869.542557027409202, 4089710.480650008190423 ], [ -102587.673012440718594, 4092465.649044318124652 ], [ -103864.694647099400754, 4097718.863737920764834 ] ] ] } },
{ "type": "Feature", "properties": { "drag_region": "Southwest", "NAME": "Patrick" }, "geometry": { "type": "Polygon", "coordinates": [ [ [ -46950.002930075548647, 4046713.32673521945253 ], [ -47494.714047989436949, 4042819.549232722725719 ], [ -52820.420736918786133, 4039870.521330310963094 ], [ -59134.396084771586175, 4042152.35001847660169 ], [ -61663.167473032175621, 4037512.946098023559898 ], [ -61090.108417151182948, 4030776.680823449511081 ], [ -46021.947664338025788, 4029046.763687558937818 ], [ -32871.408461517574324, 4027640.904723566025496 ], [ -11331.578201538453868, 4026288.086986972950399 ], [ -10983.668557081524341, 4038993.194720895029604 ], [ -13793.809745479120465, 4046700.220621151849627 ], [ -13468.158144181164971, 4052805.934286465868354 ], [ -8572.960926081555954, 4054172.407476176507771 ], [ -10538.276953805798257, 4059538.279020413290709 ], [ -25728.051332171053218, 4063804.229911157395691 ], [ -30622.272081824521592, 4062447.849375969730318 ], [ -35705.70676217883738, 4057754.682892196811736 ], [ -39649.214332239913347, 4056253.73185802763328 ], [ -40624.879728659907414, 4050374.261572983581573 ], [ -45094.817048797362077, 4051010.903471920173615 ], [ -46950.002930075548647, 4046713.32673521945253 ] ] ] } },
{ "type": "Feature", "properties": { "drag_region": "Tidewater", "NAME": "Southampton" }, "geometry": { "type": "Polygon", "coordinates": [ [ [ 371904.106440961360931, 4020225.960012829862535 ], [ 357566.58669993118383, 4011527.629548704717308 ], [ 361044.211412164091598, 4009434.574420829769224 ], [ 365220.6179678151384, 4009519.122851835098118 ], [ 368691.302667075768113, 4007048.035377275198698 ], [ 370402.140809497446753, 3998231.559868687298149 ], [ 375517.816755378968082, 3997058.735249566845596 ], [ 387411.25730709778145, 3996973.543114175088704 ], [ 409575.924387740844395, 3996217.169677567668259 ], [ 409594.921087887545582, 3997170.236411724239588 ], [ 411402.906216701259837, 4007336.223989890888333 ], [ 405679.435744719346985, 4010025.822871101554483 ], [ 405438.822878005797975, 4013940.084460995160043 ], [ 409298.165119232377037, 4014433.809591858182102 ], [ 411331.788241445086896, 4019923.318648642394692 ], [ 414602.964351148519199, 4023291.3462058682926 ], [ 416020.842993550235406, 4030319.341842751018703 ], [ 419280.951355009048712, 4033403.085406672209501 ], [ 419335.391779093886726, 4036262.38728992966935 ], [ 415605.632684879121371, 4041864.396057174541056 ], [ 416651.387536141090095, 4046325.386855538934469 ], [ 407270.7529893895844, 4040791.600699324626476 ], [ 392355.226795046124607, 4031574.201591998804361 ], [ 371904.106440961360931, 4020225.960012829862535 ] ] ] } },
{ "type": "Feature", "properties": { "drag_region": "Tidewater", "NAME": "Charlotte" }, "geometry": { "type": "Polygon", "coordinates": [ [ [ 198886.594768463517539, 4085366.270972600206733 ], [ 190719.801452368497849, 4065353.82401671865955 ], [ 190847.466837099229451, 4060668.075025830883533 ], [ 198538.126928807934746, 4060833.584509335458279 ], [ 200330.360159285308328, 4057610.103990581817925 ], [ 205325.182450669119135, 4062474.023827685508877 ], [ 206326.998850784904789, 4055367.637132270261645 ], [ 204009.434856225503609, 4053453.106651836074889 ], [ 210782.408607996010687, 4046313.549507379066199 ], [ 209358.176547587790992, 4042644.23428643681109 ], [ 211023.790673862502445, 4035895.705726547166705 ], [ 208684.384710869286209, 4033502.901166175957769 ], [ 212346.564826709509362, 4028492.514946693088859 ], [ 226925.172252051415853, 4049430.928201442584395 ], [ 232160.579334824171383, 4070148.729194182902575 ], [ 228673.992118186259177, 4070944.242531183641404 ], [ 225995.806778632104397, 4076294.333928927779198 ], [ 223200.006333962490316, 4078403.61044596740976 ], [ 219967.772610692307353, 4077379.3637371705845 ], [ 215308.033702567627188, 4080803.579466610215604 ], [ 214776.801417502167169, 4083593.340161538217217 ], [ 210355.627407931257039, 4084815.203192114830017 ], [ 211504.771335704484954, 4089736.402633422985673 ], [ 206921.567329653829802, 4086764.550642400979996 ], [ 203136.18075757054612, 4087869.909930940251797 ], [ 198886.594768463517539, 4085366.270972600206733 ] ] ] } },
{ "type": "Feature", "properties": { "drag_region": "Northern", "NAME": "Rockingham" }, "geometry": { "type": "Polygon", "coordinates": [ [ [ 159888.955721528123831, 4365540.2151730787009 ], [ 156876.02136371229426, 4361087.173906137235463 ], [ 156260.96455735413474, 4354329.216774960048497 ], [ 153765.533826613478595, 4354536.710221839137375 ], [ 143772.643980300490512, 4334728.786024183966219 ], [ 170203.313651192496764, 4314162.004114923998713 ], [ 171785.36994631003472, 4314381.711095362901688 ], [ 184209.804469861119287, 4302786.2182283019647 ], [ 187503.109485261811642, 4306378.703508149832487 ], [ 192621.654751283378573, 4308467.113901553675532 ], [ 192068.925246224360308, 4310399.277773884125054 ], [ 201733.721780938940356, 4316325.167189874686301 ], [ 202803.444202832732117, 4319626.638971515931189 ], [ 208060.733349872316467, 4325729.179294316098094 ], [ 202754.052656213549199, 4326504.833476607687771 ], [ 201902.201732801302569, 4328829.837136993184686 ], [ 196344.53500188110047, 4331147.889244155958295 ], [ 195544.131821656919783, 4334713.487211344763637 ], [ 190595.270951156475348, 4336438.9417619490996 ], [ 195074.030272835079813, 4346576.150555529631674 ], [ 176121.350175113038858, 4365027.253984747454524 ], [ 165623.14304896586691, 4375130.394732785411179 ], [ 159888.955721528123831, 4365540.2151730787009 ] ], [ [ 170521.57621787415701, 4329053.343167905695736 ], [ 174792.554295984766213, 4333554.181450996547937 ], [ 177801.582206865219632, 4330466.469396637752652 ], [ 178277.575332174863433, 4326816.3101229025051 ], [ 173535.10340182328946, 4326059.426225114613771 ], [ 170612.070848965988262, 4323794.53883727453649 ], [ 170521.57621787415701, 4329053.343167905695736 ] ] ] } },
{ "type": "Feature", "properties": { "drag_region": "Tidewater", "NAME": "Williamsburg" }, "geometry": { "type": "Polygon", "coordinates": [ [ [ 441769.440393159748055, 4098535.26545549556613 ], [ 441656.309266535448842, 4092339.828986919950694 ], [ 447388.251863751094788, 4092332.529474903363734 ], [ 445877.805530265555717, 4096935.697689947206527 ], [ 443301.431295775342733, 4095265.665216860827059 ], [ 441769.440393159748055, 4098535.26545549556613 ] ] ] } },
{ "type": "Feature", "properties": { "drag_region": "Southwest", "NAME": "Smyth" }, "geometry": { "type": "Polygon", "coordinates": [ [ [ -190565.801058171025943, 4089030.644514104351401 ], [ -195922.374653813254554, 4086151.894763418007642 ], [ -184527.91072684788378, 4069698.154782344121486 ], [ -178667.922869062691461, 4051923.591215494088829 ], [ -177348.925327830424067, 4052312.015587976202369 ], [ -170625.640685897145886, 4056166.371791266836226 ], [ -171399.808116842701565, 4059001.034577120095491 ], [ -161969.233799469599035, 4060085.956545662134886 ], [ -156979.997712927695829, 4062339.783720222301781 ], [ -145896.686113494506571, 4064193.462513603270054 ], [ -146331.221385964367073, 4067385.720880827400833 ], [ -150663.756641188112553, 4079752.958877799566835 ], [ -154757.257655881869141, 4085875.947162473574281 ], [ -159445.066455385589506, 4092617.8383769816719 ], [ -163466.306342804862652, 4090206.311086226254702 ], [ -162898.500384406477679, 4093812.176521091256291 ], [ -172079.651389165956061, 4091182.971759090665728 ], [ -182123.581035219656769, 4085552.826307241339236 ], [ -184014.219976634194609, 4090675.882015464361757 ], [ -190565.801058171025943, 4089030.644514104351401 ] ] ] } },
{ "type": "Feature", "properties": { "drag_region": "Piedmont", "NAME": "Middlesex" }, "geometry": { "type": "Polygon", "coordinates": [ [ [ 442272.063649806543253, 4183908.857324795797467 ], [ 444973.742329735541716, 4175944.468319187872112 ], [ 450567.048915912979282, 4169836.819658909458667 ], [ 455924.407523983274586, 4168027.888199257664382 ], [ 464072.854107586783357, 4162173.166098535060883 ], [ 469743.358630334958434, 4159605.834114464465529 ], [ 472633.936365328729153, 4161945.593470791820437 ], [ 477060.048464872757904, 4160927.354374939575791 ], [ 481870.241099950973876, 4164672.78048972832039 ], [ 472076.952877327450551, 4167102.086675889324397 ], [ 469910.887239054078236, 4170567.075360517017543 ], [ 460412.95231773389969, 4171099.22067410312593 ], [ 457013.479490130790509, 4176209.128884694073349 ], [ 454005.639637890039012, 4185413.859224155079573 ], [ 448364.536701744887978, 4188373.954430508892983 ], [ 442272.063649806543253, 4183908.857324795797467 ] ] ] } },
{ "type": "Feature", "properties": { "drag_region": "Northern", "NAME": "Alexandria" }, "geometry": { "type": "Polygon", "coordinates": [ [ [ 396110.878331512445584, 4380941.86046012211591 ], [ 393262.319564817938954, 4379100.324781403876841 ], [ 393814.217052369029261, 4376034.781263737007976 ], [ 397565.880961712391581, 4376424.947827911004424 ], [ 402198.967845703009516, 4374412.440806622616947 ], [ 402021.46168626297731, 4380425.872738972306252 ], [ 396110.878331512445584, 4380941.86046012211591 ] ] ] } },
{ "type": "Feature", "properties": { "drag_region": "Tidewater", "NAME": "Brunswick" }, "geometry": { "type": "Polygon", "coordinates": [ [ [ 290613.141365052724723, 4001255.815658880397677 ], [ 303789.878466878726613, 4000848.174293502233922 ], [ 315683.393004190642387, 4000592.982958977110684 ], [ 326162.713869508355856, 4018995.107682877220213 ], [ 326721.785284966696054, 4039108.532415339257568 ], [ 321663.087581875966862, 4041349.836706899572164 ], [ 317381.954443604685366, 4048246.813511087093502 ], [ 310742.027089795621578, 4050827.624880447983742 ], [ 306243.131796965608373, 4050104.32330328784883 ], [ 299210.591156171518378, 4050225.406387788709253 ], [ 296138.738518702215515, 4054234.435538083780557 ], [ 290613.141365052724723, 4001255.815658880397677 ] ] ] } },
{ "type": "Feature", "properties": { "drag_region": "Northern", "NAME": "Fairfax" }, "geometry": { "type": "Polygon", "coordinates": [ [ [ 366780.762711479677819, 4384317.579198637977242 ], [ 367966.165204953751527, 4381902.198947284370661 ], [ 372344.861138218548149, 4382460.033978558145463 ], [ 370250.253407835145481, 4385946.937774728052318 ], [ 366780.762711479677819, 4384317.579198637977242 ] ] ] } },
{ "type": "Feature", "properties": { "drag_region": "Tidewater", "NAME": "Nottoway" }, "geometry": { "type": "Polygon", "coordinates": [ [ [ 271978.745560717303306, 4096412.494846985209733 ], [ 270673.584572391759139, 4076889.00616440596059 ], [ 271223.912996475817636, 4074293.026115085463971 ], [ 276502.069594351924025, 4069724.458392085041851 ], [ 284018.748089990811422, 4064991.397959340829402 ], [ 291066.989340559928678, 4065433.753681621979922 ], [ 294138.841978029231541, 4061424.724531326908618 ], [ 301171.382618823321536, 4061303.641446826048195 ], [ 300739.775959010992665, 4078588.08488691970706 ], [ 310147.245314925676212, 4083744.181655541993678 ], [ 307629.27805772901047, 4084868.503995667211711 ], [ 271978.745560717303306, 4096412.494846985209733 ] ] ] } },
{ "type": "Feature", "properties": { "drag_region": "Southwest", "NAME": "Russell" }, "geometry": { "type": "Polygon", "coordinates": [ [ [ -254162.922374051820952, 4097469.108059438411146 ], [ -252159.965427782211918, 4090012.516321357805282 ], [ -262027.987638041435275, 4087509.781412885058671 ], [ -258374.460320050653536, 4076367.522797073237598 ], [ -257051.354826608032454, 4068386.562369456049055 ], [ -246962.930739127041306, 4073572.104034400079399 ], [ -235747.501216699543875, 4076761.910372248385102 ], [ -236873.892917833698448, 4078958.890848360490054 ], [ -232704.321947628457565, 4082969.16788907116279 ], [ -224178.304443950240966, 4084931.027208808343858 ], [ -221091.707876689673867, 4083072.699842390604317 ], [ -215441.199918822443578, 4085445.331342383753508 ], [ -210958.844398925255518, 4089536.771137833129615 ], [ -205602.270803283026908, 4092415.520888519473374 ], [ -209000.547705976467114, 4103312.925340369809419 ], [ -214276.079587582673412, 4110318.819501590449363 ], [ -214997.38951582525624, 4113635.382529056165367 ], [ -222776.071783914521802, 4112671.369996184948832 ], [ -227568.883089386334177, 4104385.108340048231184 ], [ -237882.435325398633722, 4104101.891462218016386 ], [ -242127.954584645165596, 4103271.121398226823658 ], [ -248245.628984824114013, 4099031.124418823048472 ], [ -250405.604205523792189, 4100253.84195857681334 ], [ -254162.922374051820952, 4097469.108059438411146 ] ] ] } },
{ "type": "Feature", "properties": { "drag_region": "Valley", "NAME": "Buckingham" }, "geometry": { "type": "Polygon", "coordinates": [ [ [ 145556.221124892821535, 4218412.127446909435093 ], [ 145668.574967614957131, 4213155.082992233335972 ], [ 138596.527578831417486, 4210758.847484615631402 ], [ 136562.795196052989922, 4207496.918768029659986 ], [ 131222.355210902460385, 4208858.058170515112579 ], [ 128599.786791018850636, 4199030.643207435496151 ], [ 138960.212492856080644, 4187822.503748515155166 ], [ 140750.235453997738659, 4184791.61164924968034 ], [ 144825.459135332610458, 4183200.708206064533442 ], [ 145325.101407696434762, 4179648.046708723995835 ], [ 148562.412515058647841, 4181051.892068102024496 ], [ 152161.170059986761771, 4175186.123989895451814 ], [ 155588.935145101684611, 4173148.147690260782838 ], [ 159766.695091300702188, 4174139.510956503450871 ], [ 179984.512800533557311, 4206259.713474317453802 ], [ 180829.313710014685057, 4212340.044150731526315 ], [ 165202.199769700469915, 4218433.842716217972338 ], [ 161486.875918282486964, 4220766.785779228433967 ], [ 159109.776003998238593, 4224961.254008205607533 ], [ 158330.996209566888865, 4221075.35215591173619 ], [ 148183.531504577142186, 4220793.18057468906045 ], [ 145556.221124892821535, 4218412.127446909435093 ] ] ] } },
{ "type": "Feature", "properties": { "drag_region": "Valley", "NAME": "Augusta" }, "geometry": { "type": "Polygon", "coordinates": [ [ [ 41885.437051000590145, 4309592.202459882944822 ], [ 40468.427311013154394, 4306410.497254157438874 ], [ 44661.269202261166356, 4308309.947817679494619 ], [ 48395.612824053903751, 4307269.555134220048785 ], [ 42999.978949862292211, 4300072.343615378253162 ], [ 43894.079625146339822, 4298977.331349510699511 ], [ 69177.74769236263819, 4278679.731202713213861 ], [ 71588.388787252944894, 4275991.427409021183848 ], [ 79923.947910779330414, 4278490.221842593513429 ], [ 81373.885553180007264, 4275464.949706413783133 ], [ 84806.573126616131049, 4274361.099397496320307 ], [ 90765.937087672005873, 4280603.679977839812636 ], [ 93949.635252711363137, 4281138.182885429821908 ], [ 97170.995423438143916, 4290174.728775061666965 ], [ 100409.513934621878434, 4292141.949945902451873 ], [ 105602.531375167542137, 4295654.358033676631749 ], [ 105179.097018481232226, 4300734.456670881249011 ], [ 109000.34226098441286, 4309462.709645960479975 ], [ 96575.907737433328293, 4321058.202513021416962 ], [ 94993.851442315790337, 4320838.495532582513988 ], [ 68563.181771423784085, 4341405.277441842481494 ], [ 60700.419791732558224, 4334409.895506621338427 ], [ 59284.847496192720428, 4331034.939985463395715 ], [ 51522.450847607389733, 4319930.795440355315804 ], [ 51335.767234101476788, 4316020.016309023834765 ], [ 48679.316511226403236, 4313183.440918596461415 ], [ 44906.178557803556032, 4313365.43729173950851 ], [ 41885.437051000590145, 4309592.202459882944822 ] ], [ [ 76670.913202893279959, 4305007.743203715421259 ], [ 78714.910067222430371, 4308452.952925072982907 ], [ 83809.630822045437526, 4309662.544028234668076 ], [ 85928.189993002451956, 4307659.369090280495584 ], [ 84802.339427328377496, 4303503.900565951131284 ], [ 82180.517444613040425, 4301229.245476290583611 ], [ 79053.587406602688134, 4301844.299057787284255 ], [ 76670.913202893279959, 4305007.743203715421259 ] ], [ [ 90742.79928943264531, 4294935.888213805854321 ], [ 94667.532134649169166, 4298209.165177118033171 ], [ 98111.280784869624767, 4297587.155804466456175 ], [ 97226.691904194361996, 4291509.878474551253021 ], [ 92770.505844882223755, 4290646.082276061177254 ], [ 90742.79928943264531, 4294935.888213805854321 ] ] ] } },
{ "type": "Feature", "properties": { "drag_region": "Northern", "NAME": "Madison" }, "geometry": { "type": "Polygon", "coordinates": [ [ [ 242377.35490617423784, 4344898.750270995311439 ], [ 238131.246334899158683, 4340088.947601191699505 ], [ 238356.158418950042687, 4337693.391463517211378 ], [ 233499.52089827141026, 4333480.961412363685668 ], [ 231741.02162348642014, 4328390.088758633472025 ], [ 233200.268558871524874, 4325470.611295092850924 ], [ 232409.600730564154219, 4321107.426824481226504 ], [ 233486.214610682683997, 4316292.651391297578812 ], [ 240023.820926177431829, 4306026.465684622526169 ], [ 245345.952528884401545, 4305357.900423970073462 ], [ 248335.78279671818018, 4300955.778889854438603 ], [ 255013.508365202753339, 4303014.871882171370089 ], [ 254434.478465345746372, 4304466.788313828408718 ], [ 259514.826635035336949, 4305916.192467663437128 ], [ 262449.687816631572787, 4309063.002178201451898 ], [ 263451.901758864754811, 4310843.182436175644398 ], [ 260468.36672575288685, 4315525.580340537242591 ], [ 262414.35736324248137, 4317369.193259392865002 ], [ 260713.698168502247427, 4322772.44853370077908 ], [ 242377.35490617423784, 4344898.750270995311439 ] ] ] } },
{ "type": "Feature", "properties": { "drag_region": "Northern", "NAME": "Fairfax" }, "geometry": { "type": "Polygon", "coordinates": [ [ [ 350471.179800940677524, 4383082.875851982273161 ], [ 352633.575256462558173, 4382355.194752940908074 ], [ 353749.594914339773823, 4377553.671835814602673 ], [ 358993.412264596845489, 4375313.13972229231149 ], [ 365064.963047556695528, 4368761.484884257428348 ], [ 372478.855039733287413, 4365520.785755978897214 ], [ 377009.123228689597454, 4359113.289695384912193 ], [ 378828.832763022568543, 4356779.922307169996202 ], [ 385125.703717823547777, 4358634.592203315347433 ], [ 384913.046588324126787, 4362932.139736481010914 ], [ 389052.885393989272416, 4366366.284582637250423 ], [ 392830.360041918174829, 4367711.955377581529319 ], [ 393308.168312509253155, 4375141.512794274836779 ], [ 388675.081428518635221, 4377154.019815563224256 ], [ 384923.417519175272901, 4376763.853251389227808 ], [ 384371.520031624182593, 4379829.396769056096673 ], [ 387220.078798318689223, 4381670.932447774335742 ], [ 382055.589535758364946, 4387325.048422408290207 ], [ 386831.670806419861037, 4391791.706884031184018 ], [ 384114.71263778192224, 4395385.021082738414407 ], [ 377908.678513244725764, 4396106.419765467755497 ], [ 375460.918686384859029, 4397788.408165634609759 ], [ 375884.875674250128213, 4402357.346869733184576 ], [ 368825.894903063483071, 4405969.724767269566655 ], [ 350471.179800940677524, 4383082.875851982273161 ] ], [ [ 367941.233249908022117, 4383571.19685436040163 ], [ 371410.723946263489779, 4385200.555430450476706 ], [ 373505.331676646950655, 4381713.651634280569851 ], [ 369126.635743382095825, 4381155.816603006795049 ], [ 367941.233249908022117, 4383571.19685436040163 ] ] ] } },
{ "type": "Feature", "properties": { "drag_region": "Piedmont", "NAME": "Westmoreland" }, "geometry": { "type": "Polygon", "coordinates": [ [ [ 414558.907338242977858, 4264001.108939670026302 ], [ 410120.946712931850925, 4262190.545255299657583 ], [ 409973.396756140631624, 4255517.264490438625216 ], [ 408620.7099758136319, 4251255.19871748238802 ], [ 410965.350886692176573, 4243382.522143584676087 ], [ 413524.784060223842971, 4245234.395243117585778 ], [ 419115.902570656151511, 4241586.910054014064372 ], [ 424574.294993978459388, 4246720.004376451484859 ], [ 429164.647905169986188, 4240048.251050448045135 ], [ 434764.098734278581105, 4236316.556163842789829 ], [ 434068.862975291791372, 4232896.774760076776147 ], [ 443801.5004574325867, 4230619.997059909626842 ], [ 445662.817500429227948, 4228870.75879833009094 ], [ 447305.518603738280945, 4232656.190908276475966 ], [ 451135.723064504214562, 4235451.098408165387809 ], [ 455875.37335620704107, 4236230.457698276266456 ], [ 453747.909262729575858, 4240937.639464241452515 ], [ 448774.747464408166707, 4244740.595243302173913 ], [ 447589.040570648969151, 4248956.737882086075842 ], [ 440056.143335418193601, 4249949.700228526256979 ], [ 438131.968452956643887, 4247982.683483031578362 ], [ 435980.278479177970439, 4250693.064590319059789 ], [ 428122.23384537466336, 4251035.808539266698062 ], [ 417235.007618024013937, 4256886.050537944771349 ], [ 417334.131641655345447, 4261557.29477524664253 ], [ 414558.907338242977858, 4264001.108939670026302 ] ] ] } },
{ "type": "Feature", "properties": { "drag_region": "Piedmont", "NAME": "Lancaster" }, "geometry": { "type": "Polygon", "coordinates": [ [ [ 467901.011836156249046, 4199618.5894865822047 ], [ 462844.266801190446131, 4199511.10822285618633 ], [ 460900.551914366951678, 4196683.471918845549226 ], [ 456124.2290293648839, 4194668.269324756227434 ], [ 461135.795541788917035, 4191912.101686146575958 ], [ 465118.969342285650782, 4184122.726332703139633 ], [ 465054.887481873331126, 4180214.68693653633818 ], [ 467232.627014666039031, 4177795.726244336925447 ], [ 470756.538274594873656, 4180313.879389133304358 ], [ 480482.08138887345558, 4174065.414623873308301 ], [ 486540.896789810911287, 4176839.778267623856664 ], [ 482455.068977154092863, 4179089.78180011222139 ], [ 484077.122065644129179, 4181831.475051172077656 ], [ 479379.785161081817932, 4185331.168604040984064 ], [ 480420.639653700462077, 4191608.214086736086756 ], [ 477279.202484368172009, 4192989.387701033148915 ], [ 474832.086990984564181, 4198365.492138775996864 ], [ 471346.833472294034436, 4197752.149641062133014 ], [ 467901.011836156249046, 4199618.5894865822047 ] ] ] } },
{ "type": "Feature", "properties": { "drag_region": "Piedmont", "NAME": "Essex" }, "geometry": { "type": "Polygon", "coordinates": [ [ [ 398572.28111745393835, 4242861.024274592287838 ], [ 399140.702765695459675, 4240177.401088937185705 ], [ 395981.057093602779787, 4239677.494774838909507 ], [ 393671.483829361095559, 4235152.718641679733992 ], [ 400432.977195239102002, 4227653.463477531448007 ], [ 401887.62985982443206, 4222184.432979624718428 ], [ 405262.701857906184159, 4217818.217215101234615 ], [ 406112.052118787658401, 4213317.234927413053811 ], [ 404178.370227901905309, 4211547.277014273218811 ], [ 407573.752976254501846, 4207849.559861763380468 ], [ 412607.91022911836626, 4206789.425776495598257 ], [ 412820.784227834548801, 4201825.947612734511495 ], [ 416010.958640318305697, 4203190.745587517507374 ], [ 418826.69361279689474, 4201703.359768844209611 ], [ 424858.325548950291704, 4202919.678704210557044 ], [ 429461.49540443130536, 4195489.667031495831907 ], [ 435553.968456369591877, 4199954.764137209393084 ], [ 431186.260854853026103, 4203181.268257389776409 ], [ 425075.90456224832451, 4214167.883403026498854 ], [ 416412.311080005660187, 4222827.835155909880996 ], [ 416470.894204606593121, 4225687.64941468834877 ], [ 413815.208398035552818, 4234421.145010297186673 ], [ 408224.089887603244279, 4238068.630199400708079 ], [ 405664.656714071577881, 4236216.757099867798388 ], [ 403320.015803193033207, 4244089.433673765510321 ], [ 398572.28111745393835, 4242861.024274592287838 ] ] ] } },
{ "type": "Feature", "properties": { "drag_region": "Valley", "NAME": "Bedford" }, "geometry": { "type": "Polygon", "coordinates": [ [ [ -13736.324734912894201, 4163216.987688572145998 ], [ -14936.953340106003452, 4158496.398701801430434 ], [ -14216.267791743564885, 4153868.377052317373455 ], [ -3565.869964050943963, 4149599.449354690965265 ], [ -2194.621094109257683, 4145036.714369034394622 ], [ 376.36480044957716, 4145291.7702323095873 ], [ 7107.530458638386335, 4132437.150302309077233 ], [ 11917.728590018348768, 4132588.048183841165155 ], [ 17136.735186882142443, 4127847.142287370748818 ], [ 18819.901821392646525, 4129584.12615157244727 ], [ 16453.108017949387431, 4133710.571951643098146 ], [ 20591.718611596501432, 4133228.953101253602654 ], [ 38702.187452133046463, 4165848.031564122065902 ], [ 41113.087726536206901, 4169848.79887127969414 ], [ 38123.955001639435068, 4174188.769681961741298 ], [ 43396.277563966054004, 4178156.104632954113185 ], [ 45606.833795403130352, 4177770.711344094015658 ], [ 42314.485840545152314, 4182409.547753687016666 ], [ 35939.130437448096927, 4182125.304284805431962 ], [ 32517.231506477924995, 4183811.823352245613933 ], [ 29846.782349400105886, 4187950.145634149666876 ], [ 29099.819616524968296, 4192381.968164419289678 ], [ 24165.970170723216143, 4195577.390517891384661 ], [ 22204.930350531416479, 4194427.723916221410036 ], [ 24248.381171769578941, 4190602.55713064968586 ], [ 18328.438061961496715, 4186486.826213273685426 ], [ 12052.476706749177538, 4181722.595469585619867 ], [ 9942.166163518442772, 4177618.454115578439087 ], [ 5849.165295679413248, 4178584.119087897241116 ], [ 3781.237126312800683, 4181841.866414303891361 ], [ 875.228185029583983, 4181030.23489305190742 ], [ -5127.03509853821015, 4175689.601965481881052 ], [ -10339.746943707228638, 4173468.099520030897111 ], [ -7281.198215493757743, 4170921.260836437810212 ], [ -8409.944616135791875, 4167535.610329047776759 ], [ -13736.324734912894201, 4163216.987688572145998 ] ] ] } },
{ "type": "Feature", "properties": { "drag_region": "Valley", "NAME": "Roanoke" }, "geometry": { "type": "Polygon", "coordinates": [ [ [ -83663.625088843109552, 4163644.800649812910706 ], [ -83547.682103715371341, 4160001.434477988630533 ], [ -77959.634207659517415, 4151270.272589252796024 ], [ -77735.053768907557242, 4137860.837061203550547 ], [ -73203.66804028552724, 4138762.413892711512744 ], [ -69147.779282746021636, 4142753.495497639290988 ], [ -62063.646416606323328, 4143619.270104063674808 ], [ -58441.248516870895401, 4139506.185534097254276 ], [ -47407.340903805452399, 4148786.107523794285953 ], [ -48128.026452167890966, 4153414.129173278342932 ], [ -46927.397846974781714, 4158134.718160049058497 ], [ -48729.240560072532389, 4160331.789059606380761 ], [ -65440.443317053548526, 4170109.585769964847714 ], [ -66629.95223487803014, 4171704.570227788761258 ], [ -73228.462846969021484, 4167661.525423078797758 ], [ -78026.258344939909875, 4167446.822788428980857 ], [ -83663.625088843109552, 4163644.800649812910706 ] ], [ [ -63762.88879937492311, 4153754.875931864138693 ], [ -67616.776220078230835, 4153387.182432589586824 ], [ -71259.065549507795367, 4156932.811408523470163 ], [ -63396.382958288886584, 4160623.763806900475174 ], [ -62537.965754060540348, 4158760.210646790917963 ], [ -58237.756543881259859, 4161593.562288724351674 ], [ -53185.299572374264244, 4160563.092755695804954 ], [ -50429.434856307692826, 4158315.417507999576628 ], [ -52005.108552550256718, 4152562.331053914036602 ], [ -57049.239575590414461, 4147755.634930195752531 ], [ -60637.614137524331454, 4152440.819340059068054 ], [ -63762.88879937492311, 4153754.875931864138693 ] ] ] } },
{ "type": "Feature", "properties": { "drag_region": "Northern", "NAME": "Fredericksburg" }, "geometry": { "type": "Polygon", "coordinates": [ [ [ 347022.507795555866323, 4295725.833216832950711 ], [ 345551.889488180924673, 4299485.833995716646314 ], [ 342436.816397538466845, 4300428.321842538192868 ], [ 339874.153641019191127, 4298589.915380357764661 ], [ 341355.370374752616044, 4295305.483231046237051 ], [ 347022.507795555866323, 4295725.833216832950711 ] ] ] } },
{ "type": "Feature", "properties": { "drag_region": "Tidewater", "NAME": "Virginia Beach" }, "geometry": { "type": "Polygon", "coordinates": [ [ [ 509377.842881650489289, 4025922.74361387360841 ], [ 511199.84784803329967, 4018083.660703710280359 ], [ 516629.751796416006982, 4016682.755278751254082 ], [ 522020.472713076276705, 4011663.987136602401733 ], [ 522938.590793643554207, 4007745.969807924702764 ], [ 518432.90163069969276, 4006463.062246825546026 ], [ 517962.742124407086521, 3993696.9715626668185 ], [ 541092.474305572803132, 3993457.831234477460384 ], [ 538926.772242567967623, 4002436.09040146227926 ], [ 536103.664173029130325, 4009229.409085160121322 ], [ 532390.373964876984246, 4022609.053957978263497 ], [ 529956.172056562732905, 4034833.740457925014198 ], [ 526450.840977119281888, 4035919.461765470914543 ], [ 520987.04090098378947, 4033406.989133946597576 ], [ 513023.798565414152108, 4035980.390384323894978 ], [ 511921.550113568664528, 4024556.097943186759949 ], [ 509377.842881650489289, 4025922.74361387360841 ] ] ] } },
{ "type": "Feature", "properties": { "drag_region": "Valley", "NAME": "Nelson" }, "geometry": { "type": "Polygon", "coordinates": [ [ [ 80655.056755141849862, 4251626.334328755736351 ], [ 81428.434484785975656, 4247673.756199302151799 ], [ 78952.27884072411689, 4241859.212297335267067 ], [ 81852.900725470768521, 4242972.356930961832404 ], [ 84239.118665675836382, 4239617.875783107243478 ], [ 87684.615445267147152, 4238702.480119752697647 ], [ 87722.742300341516966, 4232298.845220046117902 ], [ 94884.893649401987204, 4229219.699936518445611 ], [ 101785.581064168916782, 4212115.335777084343135 ], [ 104311.86415752171888, 4211724.238995056599379 ], [ 108169.599786043370841, 4212807.902999566867948 ], [ 110792.16820592698059, 4222635.317962646484375 ], [ 116132.608191077510128, 4221274.178560161031783 ], [ 118166.340573855937691, 4224536.107276747003198 ], [ 125238.387962639477337, 4226932.342784364707768 ], [ 125126.034119917341741, 4232189.38723904080689 ], [ 121347.651779124018503, 4232815.040821119211614 ], [ 123023.304017247719457, 4235136.794570750556886 ], [ 109476.181902510783402, 4267776.856865637004375 ], [ 106237.663391327048885, 4265809.635694796219468 ], [ 103016.303220600268105, 4256773.089805164374411 ], [ 99832.605055560910841, 4256238.586897574365139 ], [ 93873.241094505036017, 4249996.00631723087281 ], [ 90440.553521068912232, 4251099.856626148335636 ], [ 88990.615878668235382, 4254125.128762328065932 ], [ 80655.056755141849862, 4251626.334328755736351 ] ] ] } },
{ "type": "Feature", "properties": { "drag_region": "Valley", "NAME": "Covington" }, "geometry": { "type": "Polygon", "coordinates": [ [ [ -49409.107343980489532, 4244187.851648104377091 ], [ -48219.84248893338372, 4242689.008078253827989 ], [ -45674.092813561466755, 4248771.849794409237802 ], [ -47194.197137190814829, 4250001.077655110508204 ], [ -49409.107343980489532, 4244187.851648104377091 ] ] ] } },
{ "type": "Feature", "properties": { "drag_region": "Southwest", "NAME": "Lee" }, "geometry": { "type": "Polygon", "coordinates": [ [ [ -393629.516116991406307, 4066489.133786832913756 ], [ -399725.962854685029015, 4067225.580320294480771 ], [ -410769.981524210888892, 4063498.677114810794592 ], [ -413580.744403077638708, 4061151.403137309476733 ], [ -395257.419127607368864, 4059118.797208173200488 ], [ -377859.764154636533931, 4057688.128207730595022 ], [ -376291.138036153744906, 4057070.743530848994851 ], [ -351820.491074439836666, 4054988.476022645365447 ], [ -347522.843258286011405, 4063770.811248026322573 ], [ -336063.218990539433435, 4069267.837600773200393 ], [ -336258.801950004184619, 4070823.004006463102996 ], [ -330634.682515775901265, 4076325.371398935094476 ], [ -335979.77958071953617, 4082054.81333538191393 ], [ -339409.371680488809943, 4087437.506728688254952 ], [ -347754.984094999264926, 4084189.664068454876542 ], [ -357091.633178826887161, 4084593.863577714189887 ], [ -362880.044284535921179, 4077386.997802426572889 ], [ -363931.329165472881868, 4072663.654120817780495 ], [ -369105.974527385900728, 4072722.778285455424339 ], [ -380004.198644640971906, 4070297.885602944996208 ], [ -391038.549668714171275, 4066452.065068558324128 ], [ -393629.516116991406307, 4066489.133786832913756 ] ] ] } }
]
}
