{
"type": "FeatureCollection",
"name": "tmp6e9na3fg",
"crs": { "type": "name", "properties": { "name": "urn:ogc:def:crs:EPSG::32616" } },
"features": [
{ "type": "Feature", "properties": { "drag_region": "East", "NAME": "Scott" }, "geometry": { "type": "Polygon", "coordinates": [ [ [ 750344.35211399581749, 4071385.492027488071471 ], [ 755367.580251515028067, 4062729.119579528458416 ], [ 759140.716905394103378, 4052900.691264384426177 ], [ 762145.500504600116983, 4048490.825386521872133 ], [ 758345.583678399794735, 4045729.265503867063671 ], [ 766672.323459242354147, 4034773.051209878642112 ], [ 770229.087614762131125, 4034480.020660981535912 ], [ 770635.309493965702131, 4031152.182096669450402 ], [ 779440.424106388352811, 4027753.174907424952835 ], [ 782463.463308386737481, 4023349.625878806691617 ], [ 785659.555555060505867, 4024674.508378923404962 ], [ 788438.889187152031809, 4029423.234229174442589 ], [ 787987.045135757420212, 4034180.309867862612009 ], [ 792103.688874858431518, 4037059.212293019052595 ], [ 791143.490079259616323, 4048479.660800545942038 ], [ 789617.115777344675735, 4057118.268117394298315 ], [ 791414.992908253800124, 4061937.601028114557266 ], [ 795289.207786564948037, 4061473.619310481008142 ], [ 798409.157109077554196, 4064901.193906060885638 ], [ 797262.903365794802085, 4071260.326888190582395 ], [ 771879.265978286508471, 4071050.798619276843965 ], [ 750344.35211399581749, 4071385.492027488071471 ] ] ] } },
{ "type": "Feature", "properties": { "drag_region": "Middle", "NAME": "Giles" }, "geometry": { "type": "Polygon", "coordinates": [ [ [ 401312.704464141046628, 3899709.051133574452251 ], [ 400648.49812277633464, 3893898.784424220211804 ], [ 400611.557782006217167, 3876845.190965141169727 ], [ 399944.914131902623922, 3870844.626371500082314 ], [ 402230.517338652280159, 3869696.578920466825366 ], [ 400586.666831285343505, 3865317.588462797459215 ], [ 399574.53590638039168, 3851601.211928189266473 ], [ 400884.458136907080188, 3851503.081625183112919 ], [ 434949.201366138935555, 3850732.588191310409456 ], [ 435879.614835600252263, 3880839.117208306677639 ], [ 434237.260886868985835, 3887219.589681352954358 ], [ 432935.793685405456927, 3884740.586642799433321 ], [ 428691.818780896486714, 3886450.453652390278876 ], [ 427052.926138424139936, 3896262.08481217501685 ], [ 423793.103332372440491, 3897879.812120874412358 ], [ 420860.465755114564672, 3896831.099591566249728 ], [ 417276.467076777713373, 3899499.179246311541647 ], [ 408483.364330836106092, 3902173.972390193492174 ], [ 405548.318577053432819, 3899891.702048912644386 ], [ 401312.704464141046628, 3899709.051133574452251 ] ] ] } },
{ "type": "Feature", "properties": { "drag_region": "West", "NAME": "Chester" }, "geometry": { "type": "Polygon", "coordinates": [ [ [ 280772.582252927706577, 3900691.507834237068892 ], [ 280683.870841655356344, 3895927.050162604544312 ], [ 284811.902769338921644, 3889750.763621207326651 ], [ 285627.87820288707735, 3880680.872451359871775 ], [ 291504.831850500078872, 3880481.875286853406578 ], [ 294236.077150254568551, 3887392.79789849743247 ], [ 296538.041817880584858, 3888402.265659203752875 ], [ 298899.430377630225848, 3893033.132086838595569 ], [ 305458.165310861018952, 3895214.261837926227599 ], [ 324040.84898909938056, 3894843.663960541132838 ], [ 324424.52824516070541, 3899031.570230901706964 ], [ 324211.771461184311192, 3907230.357658555731177 ], [ 319637.20816734113032, 3906151.098622454795986 ], [ 311220.328191752312705, 3909516.066843692213297 ], [ 307703.94545812101569, 3913668.804507086984813 ], [ 306145.224927755480167, 3917982.401473083999008 ], [ 301593.816899275872856, 3918151.210758432745934 ], [ 301559.437180118227843, 3916054.876692044083029 ], [ 295878.892377749551088, 3907285.462396479677409 ], [ 283053.680127762607299, 3900649.302954334300011 ], [ 280772.582252927706577, 3900691.507834237068892 ] ] ] } },
{ "type": "Feature", "properties": { "drag_region": "Middle", "NAME": "Trousdale" }, "geometry": { "type": "Polygon", "coordinates": [ [ [ 511720.363362458476331, 4046956.260793894063681 ], [ 514655.301234120095614, 4042309.081941551528871 ], [ 514950.798623977869283, 4045742.023975167423487 ], [ 518488.683550962654408, 4046437.424625628162175 ], [ 524654.446568915387616, 4041344.141915517859161 ], [ 529748.622756016207859, 4047966.692429621703923 ], [ 533583.794357756734826, 4050958.378302470315248 ], [ 538396.873198501765728, 4052532.53790062200278 ], [ 538683.513019435456954, 4055871.198905866127461 ], [ 521933.920296397001948, 4057806.937692322768271 ], [ 519647.018786977336276, 4061980.644060855265707 ], [ 516427.219302063283976, 4062526.03090601740405 ], [ 515494.34081907995278, 4058516.078361706342548 ], [ 512919.704734304628801, 4058686.72366702882573 ], [ 512677.247145789850038, 4048202.268929403740913 ], [ 511720.363362458476331, 4046956.260793894063681 ] ] ] } },
{ "type": "Feature", "properties": { "drag_region": "West", "NAME": "Gibson" }, "geometry": { "type": "Polygon", "coordinates": [ [ [ 239861.292431026056875, 4020076.084973530843854 ], [ 238451.656289393431507, 4000274.191052481997758 ], [ 236121.044109651760664, 3997370.371094935573637 ], [ 240897.31914348830469, 3993736.475664906203747 ], [ 241056.574185222678352, 3986200.542231311555952 ], [ 242909.863033620582428, 3981965.101135877892375 ], [ 255796.155489546887111, 3977787.60627529816702 ], [ 260270.486424762231763, 3974362.175781461410224 ], [ 279072.518025431141723, 3973346.995303311385214 ], [ 279406.860056266945321, 3973913.099029596429318 ], [ 280892.489261393202469, 4003437.4269427228719 ], [ 274527.12756650231313, 4009079.610760144423693 ], [ 267765.813594469218515, 4010444.377962187863886 ], [ 263035.468011642456986, 4016446.166413002181798 ], [ 257328.545310649205931, 4021707.89423575764522 ], [ 256957.669504673103802, 4019331.854733205866069 ], [ 239861.292431026056875, 4020076.084973530843854 ] ] ] } },
{ "type": "Feature", "properties": { "drag_region": "West", "NAME": "Benton" }, "geometry": { "type": "Polygon", "coordinates": [ [ [ 373512.028279023536015, 4018121.41383912647143 ], [ 372811.039066742174327, 3987823.638108915183693 ], [ 376375.450469450617675, 3987684.74357684655115 ], [ 389658.244006784458179, 3986867.895273327361792 ], [ 389624.167804577096831, 3983628.226196400355548 ], [ 394818.351001415052451, 3984146.894501740112901 ], [ 395818.271119426528458, 3986900.51934776827693 ], [ 397789.767025522422045, 3989644.859983538277447 ], [ 399159.095370923401788, 3997350.550792144145817 ], [ 391401.373794297338463, 3998666.361842794343829 ], [ 390453.149809688096866, 4000868.067722542677075 ], [ 392465.481411582499277, 4007708.577012100256979 ], [ 400010.576062222709879, 4018974.494438970927149 ], [ 400364.956657475500833, 4022306.539316951762885 ], [ 397226.08559824898839, 4031485.340695726685226 ], [ 396979.634217517217621, 4039207.05702838441357 ], [ 394770.362243219860829, 4043803.601166188251227 ], [ 393811.996667257801164, 4044575.782477212138474 ], [ 384471.993556876957882, 4044581.201127168722451 ], [ 383766.050775686278939, 4039156.821536837611347 ], [ 385314.323789230606053, 4033516.403195529710501 ], [ 380423.93145122990245, 4028997.838441474363208 ], [ 376779.216475425346289, 4021131.004439802374691 ], [ 373512.028279023536015, 4018121.41383912647143 ] ] ] } },
{ "type": "Feature", "properties": { "drag_region": "Middle", "NAME": "Lewis" }, "geometry": { "type": "Polygon", "coordinates": [ [ [ 345524.122813794005197, 3931962.188526865560561 ], [ 346143.980593627376948, 3927384.5197485354729 ], [ 343200.787026754580438, 3925117.736611855216324 ], [ 342517.33688471413916, 3920453.707825969904661 ], [ 340220.765908827714156, 3917992.790419331286103 ], [ 346725.266300704912283, 3916804.524851734284312 ], [ 346702.850281122315209, 3913374.60091579053551 ], [ 350282.162567940424196, 3912684.980785770807415 ], [ 353189.92314673087094, 3908475.396320521831512 ], [ 358404.943131621635985, 3908446.662771147675812 ], [ 359066.138250658754259, 3910253.492073372472078 ], [ 364608.983459799434058, 3910893.595513462554663 ], [ 364627.560247685178183, 3914990.392182842828333 ], [ 375700.964183900563512, 3914851.723402494564652 ], [ 378628.299745591881219, 3913508.691419941373169 ], [ 380269.014269166917074, 3917791.333423739299178 ], [ 379311.057594214798883, 3924272.811008877586573 ], [ 376385.619052042777184, 3925139.283434270881116 ], [ 373471.609784259460866, 3929055.552087049465626 ], [ 374475.842646610399242, 3937341.20963917253539 ], [ 363731.618117744801566, 3932430.370357667095959 ], [ 355614.57209769502515, 3934186.972829413134605 ], [ 352054.925651256344281, 3936780.14233658881858 ], [ 345524.122813794005197, 3931962.188526865560561 ] ] ] } },
{ "type": "Feature", "properties": { "drag_region": "West", "NAME": "Madison" }, "geometry": { "type": "Polygon", "coordinates": [ [ [ 248842.482963296351954, 3942825.276472433935851 ], [ 247581.64350629481487, 3913869.089583197142929 ], [ 271360.757800468360074, 3912923.933225374203175 ], [ 284185.970050455303863, 3919560.092667519580573 ], [ 289866.514852823980618, 3928329.506963083986193 ], [ 289900.894571981625631, 3930425.841029472649097 ], [ 290916.344303916208446, 3952712.917213016189635 ], [ 281836.565198459487874, 3953057.224634874612093 ], [ 263034.533597790577915, 3954072.405113024637103 ], [ 264953.154934418620542, 3952605.101431233342737 ], [ 253338.850356300245039, 3940252.823450670111924 ], [ 248842.482963296351954, 3942825.276472433935851 ] ] ] } },
{ "type": "Feature", "properties": { "drag_region": "East", "NAME": "Washington" }, "geometry": { "type": "Polygon", "coordinates": [ [ [ 994669.103267301805317, 4058186.377957276534289 ], [ 992843.515957025811076, 4055715.738976208958775 ], [ 999241.944145469227806, 4056959.15655823238194 ], [ 998992.862464953330345, 4026654.098795015364885 ], [ 1004096.119255124940537, 4021246.141786695457995 ], [ 1009968.047133170650341, 4027440.302964076865464 ], [ 1018020.89092060236726, 4028389.16291401674971 ], [ 1023855.734364476287737, 4035070.890296889469028 ], [ 1026218.769167957128957, 4039773.219109519384801 ], [ 1029133.297558720223606, 4053012.6231808825396 ], [ 1028993.771510964725167, 4055874.140079004690051 ], [ 1022835.585289115901105, 4056340.793703823816031 ], [ 1019436.600731798214838, 4059906.353180277626961 ], [ 1015214.494129234110005, 4060470.577686144970357 ], [ 1001796.608790372614749, 4057553.262726622167975 ], [ 996227.528519419254735, 4059403.172198516316712 ], [ 994669.103267301805317, 4058186.377957276534289 ] ] ] } },
{ "type": "Feature", "properties": { "drag_region": "West", "NAME": "Crockett" }, "geometry": { "type": "Polygon", "coordinates": [ [ [ 213216.760868732642848, 3974100.005965794902295 ], [ 211750.448293145978823, 3967078.588582349009812 ], [ 215849.681292005407158, 3962022.220072580501437 ], [ 219372.811951194016729, 3959937.382206932175905 ], [ 228414.364362335938495, 3957634.813443208113313 ], [ 233195.564185733906925, 3953430.494161278940737 ], [ 237403.751024071883876, 3952673.337205780670047 ], [ 241900.118417075776961, 3950100.88418401684612 ], [ 253514.422995194152463, 3962453.162164580076933 ], [ 247121.470723350765184, 3967345.896340208128095 ], [ 234235.1782674244605, 3971523.39120078785345 ], [ 232381.889419026556425, 3975758.832296221517026 ], [ 232222.634377292182762, 3983294.765729816164821 ], [ 227446.359343455638736, 3986928.661159845534712 ], [ 225735.727628678781912, 3982867.082719571888447 ], [ 219063.222297009138856, 3974533.86474523646757 ], [ 213216.760868732642848, 3974100.005965794902295 ] ] ] } },
{ "type": "Feature", "properties": { "drag_region": "East", "NAME": "Hancock" }, "geometry": { "type": "Polygon", "coordinates": [ [ [ 900244.796898105298169, 4079049.921153913252056 ], [ 906930.077252230839804, 4072328.24988953769207 ], [ 909818.495360215427354, 4064034.48494485905394 ], [ 908402.505937831825577, 4058825.335372400004417 ], [ 911593.560418060049415, 4059709.342964101582766 ], [ 918139.622530838241801, 4057190.339316988363862 ], [ 925741.579949176753871, 4060733.88544912962243 ], [ 924700.573404231574386, 4062602.817884975112975 ], [ 932099.230794167960994, 4071015.766671200282872 ], [ 941517.761720539070666, 4076941.409892474301159 ], [ 947082.179287743056193, 4074786.078129325527698 ], [ 957443.458070435095578, 4080961.755876106210053 ], [ 919211.912451667012647, 4079386.292777965310961 ], [ 917587.174135590204969, 4079800.590278279501945 ], [ 900244.796898105298169, 4079049.921153913252056 ] ] ] } },
{ "type": "Feature", "properties": { "drag_region": "Middle", "NAME": "Smith" }, "geometry": { "type": "Polygon", "coordinates": [ [ [ 544892.196631038212217, 4050689.195300341118127 ], [ 544605.556810104520991, 4047350.534295096993446 ], [ 539792.477969359490089, 4045776.374696945305914 ], [ 535957.306367618963122, 4042784.688824096694589 ], [ 530863.130180518142879, 4036162.138309992849827 ], [ 538179.079786175512709, 4012977.608089075423777 ], [ 544641.200479716295376, 4013137.808734037447721 ], [ 547198.872278311289847, 4015737.905110124032944 ], [ 551414.648136060335673, 4014354.5714739295654 ], [ 551391.182990550412796, 4016450.935621165204793 ], [ 555619.580660568200983, 4014021.427744331303984 ], [ 557836.002798120607622, 4017859.718597652856261 ], [ 560738.232753781601787, 4018276.067409031558782 ], [ 563174.56143877923023, 4030029.05247433995828 ], [ 558634.785997866536491, 4031974.469027005601674 ], [ 556979.341478521353565, 4035576.245791709050536 ], [ 558424.793049365631305, 4049317.901030535344034 ], [ 544892.196631038212217, 4050689.195300341118127 ] ] ] } },
{ "type": "Feature", "properties": { "drag_region": "East", "NAME": "Loudon" }, "geometry": { "type": "Polygon", "coordinates": [ [ [ 777674.124598090536892, 3945180.377348925452679 ], [ 782929.899452316807583, 3943117.759473219048232 ], [ 783178.142419054172933, 3946175.717495249118656 ], [ 792220.970458464347757, 3948601.938344552647322 ], [ 794586.457137786550447, 3945230.835385635960847 ], [ 798087.834130777860992, 3948090.249047162476927 ], [ 804293.821682057576254, 3947114.801995396614075 ], [ 807650.542668538168073, 3943392.612221030518413 ], [ 813536.125326206209138, 3942414.303215434309095 ], [ 818578.053574010147713, 3948092.867595337331295 ], [ 814835.388995053595863, 3953803.353006193879992 ], [ 816315.3929673548555, 3958806.763322135433555 ], [ 814007.434130103210919, 3959980.12459390796721 ], [ 814862.536672031972557, 3964106.818248207680881 ], [ 805820.757877246593125, 3973960.933200897648931 ], [ 804266.901116249035113, 3971532.835129666142166 ], [ 799998.647501499508508, 3973418.207546026911587 ], [ 798562.154983717598952, 3966606.862618464510888 ], [ 795686.97778452327475, 3964907.882903614081442 ], [ 794858.782926470856182, 3959449.174951237160712 ], [ 792564.341217531822622, 3960246.720534089487046 ], [ 785595.744059303542599, 3953389.657537583261728 ], [ 783972.000838304404169, 3953348.321789537556469 ], [ 782475.395415375707671, 3948256.071037726476789 ], [ 777674.124598090536892, 3945180.377348925452679 ] ] ] } },
{ "type": "Feature", "properties": { "drag_region": "West", "NAME": "Shelby" }, "geometry": { "type": "Polygon", "coordinates": [ [ [ 95725.595246930417488, 3879111.707529712934047 ], [ 92649.468564659051481, 3874723.527253372129053 ], [ 92514.815317624641466, 3870434.201124597340822 ], [ 87260.774263718267321, 3869646.42409242875874 ], [ 88424.394042380197789, 3865124.789083511568606 ], [ 93303.606022915788344, 3864303.20208190055564 ], [ 95178.059805550656165, 3861478.031145973596722 ], [ 91127.820856831371202, 3857501.76287994813174 ], [ 95861.457981245752308, 3851820.841237454209477 ], [ 92515.798053824153612, 3849539.341075259260833 ], [ 88652.299540768071893, 3851664.211602061055601 ], [ 85628.734292186491075, 3849279.483550729230046 ], [ 82376.461201087848167, 3839842.095471697393805 ], [ 74227.317229170104838, 3841348.455954013392329 ], [ 73089.672156719127088, 3836710.272776821628213 ], [ 133714.220317755651195, 3834902.240623892750591 ], [ 135816.396748728700913, 3877095.688615443650633 ], [ 129658.782992012987961, 3878692.48139882273972 ], [ 129718.712687958017341, 3880884.562398638576269 ], [ 122861.665133036105544, 3880693.156311382073909 ], [ 122808.098139595720568, 3878786.959736698772758 ], [ 98704.937704169991775, 3880450.624037189874798 ], [ 98091.003348320184159, 3881709.8589336280711 ], [ 97424.156530554799247, 3881253.427245802711695 ], [ 95725.595246930417488, 3879111.707529712934047 ] ] ] } },
{ "type": "Feature", "properties": { "drag_region": "Middle", "NAME": "Houston" }, "geometry": { "type": "Polygon", "coordinates": [ [ [ 308613.099790909560397, 4045388.885319280438125 ], [ 310822.371765206917189, 4040792.341181476600468 ], [ 311068.823145938687958, 4033070.624848818872124 ], [ 321379.346125057723839, 4031832.036882607266307 ], [ 328483.671185728977434, 4032821.921309173107147 ], [ 336838.316445026663132, 4028281.956383436452597 ], [ 343934.874582917778753, 4027855.148647625930607 ], [ 345534.96585492050508, 4025558.697141508571804 ], [ 349450.922942916338798, 4033445.761433728970587 ], [ 350468.827918204537127, 4042969.397248113993555 ], [ 343708.807609585404862, 4043770.21118629956618 ], [ 343404.207271830237005, 4046630.859878135845065 ], [ 332135.128727900213562, 4046802.482613782864064 ], [ 328571.579388641344849, 4044066.076800989452749 ], [ 322760.093949089583475, 4042493.456394943408668 ], [ 316323.102057330543175, 4043217.606950431596488 ], [ 308613.099790909560397, 4045388.885319280438125 ] ] ] } },
{ "type": "Feature", "properties": { "drag_region": "East", "NAME": "Johnson" }, "geometry": { "type": "Polygon", "coordinates": [ [ [ 1080602.272972356295213, 4078317.038474169559777 ], [ 1084030.570919430116192, 4074478.868935158010572 ], [ 1082475.888455290347338, 4073345.07449160143733 ], [ 1074648.34765989612788, 4062322.307890043593943 ], [ 1077418.819824798498303, 4058734.444985460489988 ], [ 1080003.685047883074731, 4058772.315622964408249 ], [ 1082196.628030013525859, 4053912.128782821353525 ], [ 1086849.453081216663122, 4051572.331449048127979 ], [ 1088010.068685095757246, 4054120.564114548265934 ], [ 1095074.701738215750083, 4061192.740175635088235 ], [ 1098559.976336804451421, 4062528.391451080329716 ], [ 1101258.517745437799022, 4060473.727118476293981 ], [ 1106741.268486269051209, 4060773.075280534103513 ], [ 1104165.365042967256159, 4066469.299477699678391 ], [ 1105045.879501418210566, 4073981.856376205570996 ], [ 1106914.815539601724595, 4075233.184566350653768 ], [ 1105206.394465041812509, 4082794.962836838327348 ], [ 1107783.851365613285452, 4088679.761195086874068 ], [ 1110206.464019703678787, 4091494.549332334659994 ], [ 1094127.733335401164368, 4090802.65992992836982 ], [ 1085402.765018087811768, 4085169.974218089599162 ], [ 1080602.272972356295213, 4078317.038474169559777 ] ] ] } },
{ "type": "Feature", "properties": { "drag_region": "East", "NAME": "Meigs" }, "geometry": { "type": "Polygon", "coordinates": [ [ [ 723817.729374947375618, 3909378.586216067895293 ], [ 722580.279997794772498, 3906017.343005455099046 ], [ 727508.404416360426694, 3904305.413074807263911 ], [ 730617.573692244128324, 3895980.153069397900254 ], [ 732245.841896779253148, 3896204.696792141534388 ], [ 738302.165447223116644, 3903102.298748941160738 ], [ 743263.029669648385607, 3914842.760649942327291 ], [ 745517.781665642862208, 3916037.37401949102059 ], [ 748008.485778912785463, 3921147.241791342850775 ], [ 750261.024344331701286, 3922343.158825929742306 ], [ 759369.356964277452789, 3936289.71210871823132 ], [ 759200.695613505318761, 3943246.878009937703609 ], [ 757533.21755034243688, 3945018.401052814908326 ], [ 754340.406172355636954, 3942653.510903474874794 ], [ 749665.101910479832441, 3948074.38953741081059 ], [ 749828.765401445911266, 3941022.043083605822176 ], [ 744670.122494898387231, 3939187.63764790026471 ], [ 744868.03436109831091, 3930420.073757609818131 ], [ 742298.10073116607964, 3928932.304705200251192 ], [ 743671.729541347827762, 3925721.206033693626523 ], [ 736519.402204916113988, 3925277.964463721960783 ], [ 737949.252424660488032, 3919397.763776944484562 ], [ 734725.681178207625635, 3917802.987409349065274 ], [ 733517.840381325921044, 3913296.455554318148643 ], [ 730267.523387945489958, 3912846.935342418029904 ], [ 728249.745567110483535, 3915855.88660925719887 ], [ 723817.729374947375618, 3909378.586216067895293 ] ] ] } },
{ "type": "Feature", "properties": { "drag_region": "East", "NAME": "Cocke" }, "geometry": { "type": "Polygon", "coordinates": [ [ [ 919961.145182900829241, 3982641.684632740914822 ], [ 920062.071732172276825, 3979972.088678031694144 ], [ 924495.911673055961728, 3974411.768352844752371 ], [ 922329.747590740560554, 3971560.304732220713049 ], [ 923736.855551468906924, 3968749.371197455562651 ], [ 923647.741970720235258, 3962539.755413104314357 ], [ 925589.744707997655496, 3962804.692311325576156 ], [ 932024.21583852195181, 3964676.182040815707296 ], [ 934473.085646741092205, 3968591.656753695569932 ], [ 941180.840443926979788, 3971627.253569370601326 ], [ 949041.529734419775195, 3970226.540241560898721 ], [ 951880.900162189733237, 3972349.098893870133907 ], [ 953029.085079249227419, 3976026.295265115331858 ], [ 957023.046715940814465, 3981542.231297772843391 ], [ 955798.406381039414555, 3987508.915840898174793 ], [ 957010.311379270860925, 3989565.893802431877702 ], [ 937760.563129586633295, 4008354.725880711805075 ], [ 931138.067145703709684, 4012102.108761388342828 ], [ 931678.620712817995809, 4014797.437399015761912 ], [ 930082.525276912143454, 4014256.951459330040962 ], [ 930942.771318243001588, 4008847.47981110913679 ], [ 927290.983007417642511, 4011187.185058939270675 ], [ 924816.936230194056407, 4008226.312364686280489 ], [ 925956.648492196341977, 4003877.907936018891633 ], [ 923743.499593522865325, 3994052.739972225390375 ], [ 922404.860760006587952, 3995147.264133060816675 ], [ 920908.226211536442861, 3983345.913929458707571 ], [ 919961.145182900829241, 3982641.684632740914822 ] ] ] } },
{ "type": "Feature", "properties": { "drag_region": "Middle", "NAME": "Dickson" }, "geometry": { "type": "Polygon", "coordinates": [ [ [ 359973.501039074093569, 4018781.446249657776207 ], [ 361239.66947883280227, 4014390.843434541020542 ], [ 362765.951942983607296, 3998278.718384492211044 ], [ 392522.585988226754125, 3994450.033373970538378 ], [ 394483.281306212593336, 4004450.850029989611357 ], [ 396119.410601949843112, 4016072.620418633334339 ], [ 397414.695849287614692, 4018547.938695798628032 ], [ 393871.839193055871874, 4022460.859656943939626 ], [ 396134.758517219801433, 4025124.743491838686168 ], [ 393557.378071814251598, 4026558.799299569334835 ], [ 396786.314301553473342, 4029125.702853144612163 ], [ 397114.596206287678797, 4032841.377517436165363 ], [ 389063.561222815944348, 4034858.949892011005431 ], [ 385196.96826246380806, 4034678.966150864027441 ], [ 383582.787452684657183, 4033635.722285562660545 ], [ 364907.363102358125616, 4036192.146356263197958 ], [ 363889.458127069927286, 4026668.51054187817499 ], [ 359973.501039074093569, 4018781.446249657776207 ] ] ] } },
{ "type": "Feature", "properties": { "drag_region": "East", "NAME": "Grainger" }, "geometry": { "type": "Polygon", "coordinates": [ [ [ 869975.835290591930971, 4020588.947920647915453 ], [ 873090.094615565147251, 4014586.037909681908786 ], [ 876110.165728907566518, 4011444.008840633090585 ], [ 875293.827704958966933, 4016379.195528577081859 ], [ 879574.241356991580687, 4014236.031629031989723 ], [ 878775.803502887953073, 4018599.013364965096116 ], [ 881706.858810879755765, 4018032.950749330222607 ], [ 882252.732122565852478, 4020915.674730613362044 ], [ 887349.295238957041875, 4023100.666446204762906 ], [ 893835.767063073813915, 4022570.922474008984864 ], [ 895275.92772976111155, 4027396.97079143486917 ], [ 905918.055615363875404, 4036578.056239222176373 ], [ 910572.273483413737267, 4033127.568934927694499 ], [ 912400.91660171886906, 4035967.380814910400659 ], [ 909691.54208659613505, 4047608.024025302845985 ], [ 903145.479973817942664, 4050127.027672416064888 ], [ 899954.425493589718826, 4049243.020080714486539 ], [ 895446.601892353850417, 4049075.31029821978882 ], [ 894638.597401809762232, 4044749.239912712015212 ], [ 890433.446262351004407, 4045072.862117341253906 ], [ 888586.729521879227832, 4042619.370447741355747 ], [ 881780.059443902224302, 4043521.993856930173934 ], [ 879930.699721152661368, 4041070.533467341214418 ], [ 875103.648927626665682, 4040711.753410282544792 ], [ 872151.001555691706017, 4032688.40947583084926 ], [ 872720.450890108477324, 4025454.01760099362582 ], [ 869975.835290591930971, 4020588.947920647915453 ] ] ] } },
{ "type": "Feature", "properties": { "drag_region": "East", "NAME": "Hawkins" }, "geometry": { "type": "Polygon", "coordinates": [ [ [ 926333.307764807366766, 4055400.993096870835871 ], [ 929042.682279930100776, 4043760.349886478390545 ], [ 932571.730196760734543, 4044375.238900014199317 ], [ 937182.029528828687035, 4050287.063463360071182 ], [ 939977.9744772069389, 4044954.853056106250733 ], [ 944736.350321930949576, 4039129.369233955163509 ], [ 949098.204872295144014, 4043127.645844201091677 ], [ 952914.00289112853352, 4044622.346169684547931 ], [ 957535.67362520925235, 4049973.837263553868979 ], [ 959498.117616404080763, 4049387.950581229757518 ], [ 966066.979850386152975, 4054349.859396651387215 ], [ 968355.686889946926385, 4053684.544472811277956 ], [ 978116.357894624001347, 4059273.721661244519055 ], [ 979941.945204899995588, 4061744.360642312094569 ], [ 977890.805950542446226, 4064328.260067678056657 ], [ 984451.181206558947451, 4069019.826164707075804 ], [ 985937.885068110539578, 4071763.567040102090687 ], [ 985558.444262713077478, 4080061.013309706002474 ], [ 965637.143304404220544, 4079172.409655988682061 ], [ 955275.864521712181158, 4072996.731909207999706 ], [ 949711.446954508195631, 4075152.063672356773168 ], [ 940292.916028137085959, 4069226.42045108275488 ], [ 932894.258638200699352, 4060813.471664857584983 ], [ 933935.265183145878837, 4058944.539229012094438 ], [ 926333.307764807366766, 4055400.993096870835871 ] ] ] } },
{ "type": "Feature", "properties": { "drag_region": "West", "NAME": "Henderson" }, "geometry": { "type": "Polygon", "coordinates": [ [ [ 314598.43711799941957, 3953602.894925844855607 ], [ 313582.987386064836755, 3931315.818742301315069 ], [ 318134.395414544502273, 3931147.009456952568144 ], [ 319693.115944909979589, 3926833.412490955553949 ], [ 323209.498678541276604, 3922680.674827560782433 ], [ 331626.378654130152427, 3919315.706606323365122 ], [ 336200.941947973333299, 3920394.965642424300313 ], [ 336413.698731949669309, 3912196.178214770276099 ], [ 347173.677771772490814, 3912531.089510377962142 ], [ 347321.055591503391042, 3924250.692388058640063 ], [ 351984.260234891320579, 3933055.725647366605699 ], [ 353236.890930403140374, 3956102.751150062773377 ], [ 318229.325513317482546, 3957451.968693575356156 ], [ 314598.43711799941957, 3953602.894925844855607 ] ] ] } },
{ "type": "Feature", "properties": { "drag_region": "West", "NAME": "Haywood" }, "geometry": { "type": "Polygon", "coordinates": [ [ [ 204212.405323751532706, 3955263.697846625931561 ], [ 200334.513884723448427, 3955930.160601446870714 ], [ 196610.338208292931085, 3949728.184067338239402 ], [ 197856.598314496601233, 3947599.220447235740721 ], [ 194106.145660007809056, 3940540.358859874308109 ], [ 193537.042539593734546, 3930827.396548892837018 ], [ 190568.700336284033256, 3929281.147803927306086 ], [ 193403.183458042418351, 3925490.356292207725346 ], [ 192676.538006167887943, 3909487.593144600745291 ], [ 218744.373408735176781, 3908301.358257485087961 ], [ 219156.645300760603277, 3912201.288752673659474 ], [ 228604.868597675900673, 3911902.259580820798874 ], [ 229865.708054677437758, 3940858.446470057591796 ], [ 225657.521216339460807, 3941615.603425555862486 ], [ 220876.321392941492377, 3945819.922707485035062 ], [ 211834.768981799570611, 3948122.491471209097654 ], [ 208311.63832261096104, 3950207.329336857423186 ], [ 204212.405323751532706, 3955263.697846625931561 ] ] ] } },
{ "type": "Feature", "properties": { "drag_region": "West", "NAME": "Tipton" }, "geometry": { "type": "MultiPolygon", "coordinates": [ [ [ [ 123605.640763211267767, 3919096.352658428251743 ], [ 122547.161743657110492, 3916361.119203103240579 ], [ 115546.290379173209658, 3921914.116285121068358 ], [ 112591.059429724205984, 3921145.998357155825943 ], [ 110792.577919845556607, 3915667.771692092530429 ], [ 113600.971858563396381, 3911574.210278776474297 ], [ 110462.579422629176406, 3904992.139861645642668 ], [ 111076.513778478984023, 3903732.904965207446367 ], [ 135179.674213904712815, 3902069.240664716344327 ], [ 135233.241207345097791, 3903975.437239399645478 ], [ 142090.288762267009588, 3904166.843326656147838 ], [ 142030.359066321980208, 3901974.762326840311289 ], [ 148187.972823037707713, 3900377.969543461222202 ], [ 151504.432416384486714, 3902388.41237195301801 ], [ 162937.759963986900402, 3902953.465063285082579 ], [ 163664.405415861430811, 3918956.228210892062634 ], [ 160829.922294103045715, 3922747.019722611643374 ], [ 157966.019798861030722, 3925299.868543409276754 ], [ 147370.138848837232217, 3930634.180360550060868 ], [ 140507.249763984349556, 3929486.700194457080215 ], [ 137624.2389355438645, 3931093.384878964163363 ], [ 127325.177867474849336, 3923756.981649325694889 ], [ 123605.640763211267767, 3919096.352658428251743 ] ] ], [ [ [ 102411.263688351173187, 3908393.094551120419055 ], [ 99751.700883648736635, 3906855.950293057132512 ], [ 98632.577832890121499, 3902502.601364139933139 ], [ 102528.399963236675831, 3901805.643564180936664 ], [ 103310.555721735261614, 3905883.722751357592642 ], [ 108097.171321239409735, 3902393.988457730505615 ], [ 109795.732604863791494, 3904535.708173820283264 ], [ 107449.43625698206597, 3913004.882593487389386 ], [ 102411.263688351173187, 3908393.094551120419055 ] ] ] ] } },
{ "type": "Feature", "properties": { "drag_region": "West", "NAME": "McNairy" }, "geometry": { "type": "Polygon", "coordinates": [ [ [ 289890.629410000925418, 3862631.143202203325927 ], [ 289061.250684505677782, 3834623.47321212477982 ], [ 326078.99225463316543, 3834036.366131706163287 ], [ 328303.600196213228628, 3876793.93471138458699 ], [ 309720.91651797486702, 3877164.532588769681752 ], [ 303162.181584744073916, 3874983.402837682049721 ], [ 300800.793024994432926, 3870352.536410047207028 ], [ 298498.828357368416619, 3869343.068649340886623 ], [ 295767.58305761392694, 3862432.146037696860731 ], [ 289890.629410000925418, 3862631.143202203325927 ] ] ] } },
{ "type": "Feature", "properties": { "drag_region": "Middle", "NAME": "Perry" }, "geometry": { "type": "Polygon", "coordinates": [ [ [ 303097.575944394862745, 3959058.032396156806499 ], [ 301415.610407076543197, 3953071.421770000364631 ], [ 297469.648763559991494, 3948156.880997553933412 ], [ 298703.062279441393912, 3941854.680423741228878 ], [ 297033.386361897340976, 3937583.996247356757522 ], [ 302441.233323730877601, 3925617.480143554043025 ], [ 301103.928557256993372, 3922105.132519986946136 ], [ 296175.43562481016852, 3917963.182803186587989 ], [ 299408.781126055691857, 3915547.397649600170553 ], [ 301071.445210248813964, 3918865.662817071191967 ], [ 318037.863973116327543, 3922237.135652546770871 ], [ 325850.72895954438718, 3921986.384040133096278 ], [ 328147.299935430812184, 3924447.301446771714836 ], [ 328830.750077471253462, 3929111.3302326570265 ], [ 331773.943644344049972, 3931378.113369337283075 ], [ 331154.085864510678221, 3935955.782147667370737 ], [ 323722.355053269828204, 3942011.640823541209102 ], [ 326138.623615860880818, 3961432.01747258938849 ], [ 317059.75780117243994, 3961217.361966060008854 ], [ 313786.463536190101877, 3957624.301261310931295 ], [ 308633.037905910401605, 3961482.383401413448155 ], [ 304097.496062406338751, 3961811.657242184970528 ], [ 303097.575944394862745, 3959058.032396156806499 ] ] ] } },
{ "type": "Feature", "properties": { "drag_region": "Middle", "NAME": "Maury" }, "geometry": { "type": "Polygon", "coordinates": [ [ [ 389684.04152308718767, 3942186.301589067559689 ], [ 388679.808660736307502, 3933900.644036944489926 ], [ 391593.817928519565612, 3929984.375384165905416 ], [ 394519.256470691645518, 3929117.902958772610873 ], [ 395477.213145643705502, 3922636.425373634323478 ], [ 393836.498622068669647, 3918353.783369836397469 ], [ 401651.851080582360737, 3917095.393234482500702 ], [ 405887.46519349468872, 3917278.044149820692837 ], [ 408822.5109472774202, 3919560.314491101540625 ], [ 417615.613693219027482, 3916885.521347219590098 ], [ 421199.612371555878781, 3914217.441692474298179 ], [ 424132.249948813696392, 3915266.154221782460809 ], [ 424456.42348960833624, 3919077.22476840717718 ], [ 427386.872217712574638, 3920412.831986396107823 ], [ 434215.443972644745372, 3927280.458096617367119 ], [ 436156.941641492303461, 3933571.840481391176581 ], [ 437433.582619957975112, 3946246.021901066880673 ], [ 440353.599907058174722, 3947395.40883221803233 ], [ 434506.047395863104612, 3949385.096614225767553 ], [ 417304.30308001791127, 3957282.720348177477717 ], [ 401101.400990371243097, 3963401.316497165709734 ], [ 399447.623468541889451, 3949398.9866619897075 ], [ 389684.04152308718767, 3942186.301589067559689 ] ] ] } },
{ "type": "Feature", "properties": { "drag_region": "East", "NAME": "Sevier" }, "geometry": { "type": "Polygon", "coordinates": [ [ [ 875572.617061587865464, 3993320.820584457367659 ], [ 876186.43142077664379, 3984847.307408405467868 ], [ 865125.46194079623092, 3976173.671268575824797 ], [ 873883.481040746555664, 3956996.289869266096503 ], [ 877862.714502548915334, 3954744.931751482654363 ], [ 878319.505879193311557, 3941303.576637627091259 ], [ 883486.85066524380818, 3942625.748140166979283 ], [ 885505.424891005735844, 3940786.758847741875798 ], [ 894269.172743577393703, 3941763.648755703587085 ], [ 897676.814663614728488, 3946659.029552075546235 ], [ 904720.17807730124332, 3949971.545611473731697 ], [ 906253.868838706403039, 3952510.664023100398481 ], [ 909529.811510487925261, 3951964.8069216622971 ], [ 914557.022607404622249, 3956738.165355669334531 ], [ 914476.90834906778764, 3958835.709589833393693 ], [ 912534.905611790367402, 3958570.772691612131894 ], [ 912624.019192539039068, 3964780.388475963380188 ], [ 911216.911231810692698, 3967591.322010728530586 ], [ 913383.075314126093872, 3970442.785631352569908 ], [ 908949.235373242408969, 3976003.105956539511681 ], [ 908848.308823970961384, 3978672.701911248732358 ], [ 898970.483811290818267, 3982505.294120847713202 ], [ 893828.462950542685576, 3981172.314070724882185 ], [ 889129.378573822206818, 3985585.676417007576674 ], [ 877173.76089639950078, 3993852.9730319022201 ], [ 875572.617061587865464, 3993320.820584457367659 ] ] ] } },
{ "type": "Feature", "properties": { "drag_region": "East", "NAME": "Polk" }, "geometry": { "type": "Polygon", "coordinates": [ [ [ 760427.999001175863668, 3877828.27483901521191 ], [ 760931.288605615729466, 3870212.188942999113351 ], [ 756571.999694473808631, 3860482.744560470338911 ], [ 757891.930934207513928, 3860035.951876424252987 ], [ 754195.844677228480577, 3849560.715413930360228 ], [ 795808.864881289424375, 3850677.146904774475843 ], [ 797772.387935469858348, 3874955.136795158497989 ], [ 793204.501449507661164, 3874545.66100372094661 ], [ 791810.93466587131843, 3877751.123839305248111 ], [ 779249.180035938043147, 3883242.498366737738252 ], [ 777342.776962991803885, 3881096.568273704499006 ], [ 763625.059433174319565, 3880858.704804050736129 ], [ 760427.999001175863668, 3877828.27483901521191 ] ] ] } },
{ "type": "Feature", "properties": { "drag_region": "West", "NAME": "Dyer" }, "geometry": { "type": "Polygon", "coordinates": [ [ [ 162468.371082358789863, 4005665.037947968114167 ], [ 163661.688184800179442, 4002006.803600181359798 ], [ 169361.794163189129904, 3997175.770199876278639 ], [ 170268.948695220868103, 3994766.559532140847296 ], [ 171623.994378024886828, 3996923.736176070291549 ], [ 182001.29862517490983, 3997127.014615994878113 ], [ 184324.442279632843565, 3999260.982032313942909 ], [ 191767.111711664882023, 3998883.371796157211065 ], [ 197421.666286111751106, 3991498.181883202400059 ], [ 203268.127714388247114, 3991932.040662643965334 ], [ 209940.633046057890169, 4000265.25863697938621 ], [ 211651.264760834746994, 4004326.837077253032476 ], [ 213981.876940576417837, 4007230.657034799456596 ], [ 215391.513082209043205, 4027032.550955848302692 ], [ 185721.788050745206419, 4028600.321566383354366 ], [ 185328.173319024906959, 4025844.523545500356704 ], [ 172407.456191500939894, 4025899.267938760574907 ], [ 175854.322923167666886, 4021895.765772649087012 ], [ 174793.435563967563212, 4018490.358800973277539 ], [ 167579.768303364078747, 4014871.008027371484786 ], [ 166412.223299736360786, 4007749.128193789161742 ], [ 162468.371082358789863, 4005665.037947968114167 ] ] ] } },
{ "type": "Feature", "properties": { "drag_region": "Middle", "NAME": "Coffee" }, "geometry": { "type": "Polygon", "coordinates": [ [ [ 517196.722680697217584, 3909717.44332070928067 ], [ 514935.582429360947572, 3906937.595168321859092 ], [ 518228.860651963856071, 3902579.210172235965729 ], [ 516935.661880937055685, 3901044.975496610626578 ], [ 526042.669109197566286, 3904261.924044678919017 ], [ 537150.189030448091216, 3902266.811551854480058 ], [ 540443.584314109873958, 3899154.979505879338831 ], [ 542724.633140583639033, 3899464.108644105494022 ], [ 548632.132892766501755, 3896382.542897604871541 ], [ 549234.377229881705716, 3900963.03345219232142 ], [ 551495.331766829476692, 3902989.407691685948521 ], [ 550398.207443354534917, 3913554.317126096691936 ], [ 551600.368829741491936, 3922430.100187037140131 ], [ 545032.403734756633639, 3927884.525514237582684 ], [ 544327.280467069591396, 3933022.774074979592115 ], [ 541680.534529752330855, 3937473.751907117199153 ], [ 536825.820796938030981, 3935519.061874087899923 ], [ 527058.825925851706415, 3937525.119970459491014 ], [ 521498.133928697672673, 3942147.519435005728155 ], [ 517939.522385527496226, 3940404.313005082309246 ], [ 517987.792225171229802, 3934115.862739364616573 ], [ 518422.035823430283926, 3919921.919188213068992 ], [ 517196.722680697217584, 3909717.44332070928067 ] ] ] } },
{ "type": "Feature", "properties": { "drag_region": "Middle", "NAME": "Warren" }, "geometry": { "type": "Polygon", "coordinates": [ [ [ 560343.517958843847737, 3964088.130835295189172 ], [ 557771.309485318255611, 3962153.303184514399618 ], [ 550439.580787228653207, 3949782.28145378222689 ], [ 551797.478887627949007, 3944078.708314809482545 ], [ 554444.224824945209548, 3939627.730482671875507 ], [ 555149.348092632251792, 3934489.481921929866076 ], [ 561717.313187617110088, 3929035.056594729423523 ], [ 566624.097632947727107, 3926995.858827543910593 ], [ 577331.498576304060407, 3929798.502343787346035 ], [ 590667.479491344769485, 3930460.351623546332121 ], [ 586953.315891390666366, 3939841.84576813550666 ], [ 585836.210559586877935, 3949833.011574430856854 ], [ 587062.589324963395484, 3954901.767615988850594 ], [ 585104.648185644065961, 3955636.323320079594851 ], [ 586023.807359307305887, 3959461.653889829758555 ], [ 578834.061997250188142, 3963364.826313564088196 ], [ 572647.334613730781712, 3965380.327721152454615 ], [ 560343.517958843847737, 3964088.130835295189172 ] ] ] } },
{ "type": "Feature", "properties": { "drag_region": "Middle", "NAME": "Sumner" }, "geometry": { "type": "Polygon", "coordinates": [ [ [ 476853.982278889336158, 4081004.474572993349284 ], [ 470799.255915044865105, 4069925.132705598603934 ], [ 469218.282557198836002, 4062867.641083602327853 ], [ 465381.862581885128748, 4055803.104826856870204 ], [ 460550.994433396030217, 4057123.212260973639786 ], [ 459911.307245930773206, 4055596.930973226204515 ], [ 463149.836140697647352, 4048649.619540554471314 ], [ 470258.163246486627031, 4042669.940692929551005 ], [ 470271.959465810272377, 4038953.740887466818094 ], [ 474468.240125059674028, 4037922.149446458090097 ], [ 478943.599122513609473, 4046327.563119464553893 ], [ 481533.476894732273649, 4043862.61351663293317 ], [ 487311.131941082945559, 4047991.04158651875332 ], [ 492805.282150258484762, 4045165.232161281630397 ], [ 493742.575719244254287, 4049745.271567007992417 ], [ 496657.233474934415426, 4047382.155200307723135 ], [ 495381.865252693009097, 4045372.465875469148159 ], [ 500858.985622733423952, 4045505.689790331758559 ], [ 502441.067390267911833, 4049424.386206103023142 ], [ 503397.951173599285539, 4050670.394341612700373 ], [ 503640.408762114064302, 4061154.84907923778519 ], [ 506215.044846889388282, 4060984.203773915302008 ], [ 507147.923329872719478, 4064994.15631822636351 ], [ 508937.700219266058411, 4081876.865203411784023 ], [ 490640.578508639649954, 4082983.942302961368114 ], [ 481977.468367958383169, 4083125.723490255884826 ], [ 476853.982278889336158, 4081004.474572993349284 ] ] ] } },
{ "type": "Feature", "properties": { "drag_region": "East", "NAME": "Anderson" }, "geometry": { "type": "Polygon", "coordinates": [ [ [ 791702.703125302214175, 4013165.261266241315752 ], [ 790799.018825306091458, 4010661.604129390791059 ], [ 793802.422718961606734, 4007116.486150291748345 ], [ 797398.228475539479405, 4005686.617396207526326 ], [ 800770.967037932481617, 4000627.358941136859357 ], [ 802884.445596603676677, 3994389.771638433914632 ], [ 807668.752562699839473, 3985460.541770634241402 ], [ 807575.470969436690211, 3988796.567381212022156 ], [ 810841.025006013689563, 3987934.592294367030263 ], [ 814209.203209662577137, 3994803.798582766670734 ], [ 818436.133597044739872, 3994258.674270186107606 ], [ 826361.110636161756702, 4000027.805885626934469 ], [ 823327.287407922907732, 4004039.130842814687639 ], [ 836513.674670464126393, 4016943.569362968672067 ], [ 833847.260200002463534, 4019531.592482309322804 ], [ 830413.232853168970905, 4026104.052498419769108 ], [ 828047.338190000737086, 4029561.530137582216412 ], [ 824740.607444053865038, 4021541.454686334822327 ], [ 821856.479819350643083, 4020786.843141680583358 ], [ 810499.449806414428167, 4022648.753156004939228 ], [ 810063.598668153397739, 4015290.71496033994481 ], [ 804119.089946032967418, 4019892.887997412588447 ], [ 797678.129004067508504, 4019238.869616609066725 ], [ 794898.795371975982562, 4014490.143766358029097 ], [ 791702.703125302214175, 4013165.261266241315752 ] ] ] } },
{ "type": "Feature", "properties": { "drag_region": "Middle", "NAME": "Clay" }, "geometry": { "type": "Polygon", "coordinates": [ [ [ 578849.939098159549758, 4087686.29144569253549 ], [ 576769.98762556782458, 4074126.070250764954835 ], [ 580924.622500290162861, 4076084.441760063171387 ], [ 586702.007797933882102, 4076732.187000377569348 ], [ 587383.458912196103483, 4073881.936880808323622 ], [ 598354.766250305925496, 4071273.131086846347898 ], [ 605547.189116850611754, 4063852.065880913287401 ], [ 606746.146202480536886, 4069494.875857876148075 ], [ 609884.361005237209611, 4074406.466252333950251 ], [ 614693.898051230586134, 4075248.077628138009459 ], [ 619471.342319964314811, 4077903.14518647827208 ], [ 624285.025398422032595, 4078368.982348442077637 ], [ 625807.583079526200891, 4083067.682360057719052 ], [ 624738.041238919831812, 4088959.228403938002884 ], [ 610310.627028005197644, 4087759.089891027193516 ], [ 605822.843947369139642, 4087305.968656016048044 ], [ 578849.939098159549758, 4087686.29144569253549 ] ] ] } },
{ "type": "Feature", "properties": { "drag_region": "Middle", "NAME": "Fentress" }, "geometry": { "type": "Polygon", "coordinates": [ [ [ 664488.18596801313106, 4059439.684565601870418 ], [ 664708.6033236264484, 4048098.592306748498231 ], [ 668491.589674831717275, 4036160.027241018135101 ], [ 665374.998533891397528, 4030378.777954053599387 ], [ 667002.825199671089649, 4029743.109291002620012 ], [ 673390.889833473251201, 4033398.005766120739281 ], [ 675690.079928100924008, 4031538.152557261288166 ], [ 682164.899439003202133, 4030910.920212355442345 ], [ 684403.017209710436873, 4032007.711307239718735 ], [ 683632.165134871960618, 4037807.381901276763529 ], [ 686138.955786818522029, 4041294.313408005982637 ], [ 686995.815032168407924, 4046366.726720272097737 ], [ 693735.789301909855567, 4047852.382208250463009 ], [ 694950.960042629623786, 4051122.307582136709243 ], [ 699108.742699831607752, 4052553.646790103986859 ], [ 700298.660037073190324, 4056777.566968246828765 ], [ 702244.441436376189813, 4056251.4650201597251 ], [ 706044.358262576512061, 4059013.024902814533561 ], [ 703039.574663370498456, 4063422.890780677087605 ], [ 699266.438009491423145, 4073251.319095821119845 ], [ 694445.273276690277271, 4073138.974875632207841 ], [ 687262.117995036649518, 4078030.543780308682472 ], [ 680168.907299702404998, 4079115.41737836971879 ], [ 671559.735279423650354, 4075884.311553597450256 ], [ 667181.119059651624411, 4069789.503180168569088 ], [ 666090.080158196855336, 4059852.368424101732671 ], [ 664488.18596801313106, 4059439.684565601870418 ] ] ] } },
{ "type": "Feature", "properties": { "drag_region": "Middle", "NAME": "Overton" }, "geometry": { "type": "Polygon", "coordinates": [ [ [ 615248.184625070658512, 4055456.860602005850524 ], [ 615423.256146994885057, 4044211.725022017490119 ], [ 618643.128555565723218, 4044453.034072791691869 ], [ 619362.354613271192648, 4039793.753244451712817 ], [ 622311.108826666139066, 4036981.696318763308227 ], [ 630732.420084432931617, 4035121.208676164969802 ], [ 631089.672507258597761, 4033125.524542205967009 ], [ 641836.458575177821331, 4028074.694671425037086 ], [ 649603.186035407474265, 4027363.736131659708917 ], [ 652719.777176347794011, 4033144.98541862424463 ], [ 648936.790825142525136, 4045083.550484354607761 ], [ 648716.373469529207796, 4056424.642743207979947 ], [ 646358.893045802018605, 4061813.41937552113086 ], [ 639482.480861916788854, 4068262.172703792806715 ], [ 633986.020906642079353, 4069973.777069534640759 ], [ 629172.33782818436157, 4069507.939907570835203 ], [ 624394.893559450632893, 4066852.872349230572581 ], [ 619585.356513457256369, 4066011.260973426513374 ], [ 616447.141710700583644, 4061099.670578968711197 ], [ 615248.184625070658512, 4055456.860602005850524 ] ] ] } },
{ "type": "Feature", "properties": { "drag_region": "West", "NAME": "Obion" }, "geometry": { "type": "Polygon", "coordinates": [ [ [ 212086.648078916681698, 4081814.724418163299561 ], [ 210546.070677325682482, 4071456.996773143764585 ], [ 206524.269327694113599, 4065166.398438757285476 ], [ 206419.945223958260613, 4060972.635392250493169 ], [ 204010.729944249644177, 4054929.011358018033206 ], [ 199040.948444582900265, 4049904.836479918565601 ], [ 228710.673476046737051, 4048337.065869383513927 ], [ 245807.050549693783978, 4047592.835629058536142 ], [ 246177.926355669886107, 4049968.875131610315293 ], [ 247568.281928560492815, 4070916.228224361781031 ], [ 252998.850423856434645, 4068710.78040109295398 ], [ 259473.336587497411529, 4070493.349764154758304 ], [ 258702.78325784005574, 4080804.39422754291445 ], [ 243269.752547103184042, 4081015.603570780716836 ], [ 216277.60491827459191, 4082190.409517011139542 ], [ 212086.648078916681698, 4081814.724418163299561 ] ] ] } },
{ "type": "Feature", "properties": { "drag_region": "East", "NAME": "Blount" }, "geometry": { "type": "Polygon", "coordinates": [ [ [ 821913.285411134711467, 3942011.289469104725868 ], [ 827227.788589159725234, 3938348.990980484057218 ], [ 830484.112092786701396, 3938349.113009818363935 ], [ 831898.581808240618557, 3934574.997222252190113 ], [ 839669.881363809225149, 3936144.395554592832923 ], [ 838492.503823727718554, 3932006.111195164732635 ], [ 845102.394088695757091, 3929060.596870537381619 ], [ 843230.320884930319153, 3926331.207570798229426 ], [ 843890.799187883385457, 3926065.360685100778937 ], [ 847424.269068523892201, 3927797.227968892082572 ], [ 849885.8716984243365, 3932454.577166903764009 ], [ 855071.172293486422859, 3933383.450415880419314 ], [ 859814.478504518861882, 3937831.72753065591678 ], [ 869877.435998409520835, 3938930.931776165962219 ], [ 869420.644621765124612, 3952372.286890021525323 ], [ 865441.411159962764941, 3954623.645007804967463 ], [ 856683.392060012440197, 3973801.026407114695758 ], [ 851660.418583452235907, 3968580.032170092687011 ], [ 846453.654928513686173, 3968986.381461741402745 ], [ 843109.651466462179087, 3972125.410347004421055 ], [ 835654.390342918806709, 3971895.380973081570119 ], [ 837385.935403961106203, 3968322.648991585243493 ], [ 830874.927156074088998, 3968984.509263820946217 ], [ 826064.511491197976284, 3967029.589099933858961 ], [ 825216.757587538450025, 3962711.878969857469201 ], [ 823239.696756960474886, 3963703.804501878097653 ], [ 822384.594215031713247, 3959577.110847578383982 ], [ 824692.553052283357829, 3958403.749575805850327 ], [ 823212.549079982098192, 3953400.339259864296764 ], [ 826955.213658938650042, 3947689.853849007748067 ], [ 821913.285411134711467, 3942011.289469104725868 ] ] ] } },
{ "type": "Feature", "properties": { "drag_region": "West", "NAME": "Carroll" }, "geometry": { "type": "Polygon", "coordinates": [ [ [ 305042.810347920341883, 4003659.483653083443642 ], [ 303557.181142794084735, 3974135.15573995700106 ], [ 303222.839111958281137, 3973569.052013671956956 ], [ 312302.618217415001709, 3973224.744591813534498 ], [ 315933.506612733064685, 3977073.818359544035047 ], [ 350941.072029818722513, 3975724.600816031452268 ], [ 351304.290026445814874, 3978960.420345140621066 ], [ 347739.878623737371527, 3979099.314877209253609 ], [ 348476.547933075285982, 4012255.819175059441477 ], [ 319746.576076578814536, 4013328.992254728917032 ], [ 319683.454741597233806, 4009326.607506648171693 ], [ 308702.65837641467806, 4009697.254098477307707 ], [ 308602.155076585011557, 4003788.903296892996877 ], [ 305042.810347920341883, 4003659.483653083443642 ] ] ] } },
{ "type": "Feature", "properties": { "drag_region": "West", "NAME": "Henry" }, "geometry": { "type": "Polygon", "coordinates": [ [ [ 333831.814477234147489, 4079459.9779346967116 ], [ 331931.432258132961579, 4040694.161288083530962 ], [ 360661.404114629433025, 4039620.988208414055407 ], [ 360625.724017572880257, 4036762.259640775155276 ], [ 363892.91221397469053, 4039771.850241451058537 ], [ 367537.627189779246692, 4047638.684243123047054 ], [ 372428.019527779950295, 4052157.248997178394347 ], [ 370879.746514235623181, 4057797.667338486295193 ], [ 371585.689295426302124, 4063222.046928817406297 ], [ 380925.692405807145406, 4063216.62827886082232 ], [ 374586.736658263893332, 4072528.484725610818714 ], [ 375294.765293432865292, 4078429.688093225006014 ], [ 333831.814477234147489, 4079459.9779346967116 ] ] ] } },
{ "type": "Feature", "properties": { "drag_region": "East", "NAME": "Campbell" }, "geometry": { "type": "Polygon", "coordinates": [ [ [ 806538.729289516108111, 4069735.629358122125268 ], [ 807684.983032798860222, 4063376.496375992428511 ], [ 804565.033710286254063, 4059948.921780412551016 ], [ 800690.81883197510615, 4060412.90349804610014 ], [ 798892.941701065981761, 4055593.570587325841188 ], [ 800419.316002980922349, 4046954.963270477484912 ], [ 801379.514798579737544, 4035534.514762950595468 ], [ 797262.871059478726238, 4032655.612337794154882 ], [ 797714.715110873337835, 4027898.536699105985463 ], [ 804155.67605283879675, 4028552.555079909507185 ], [ 810100.18477495922707, 4023950.382042836863548 ], [ 810536.035913220257498, 4031308.420238501857966 ], [ 821893.065926156472415, 4029446.510224177502096 ], [ 824777.193550859694369, 4030201.121768831741065 ], [ 828083.924296806566417, 4038221.19722007913515 ], [ 830449.818959974800237, 4034763.719580916687846 ], [ 833254.08800395205617, 4037999.812722922768444 ], [ 833382.199493624037132, 4044206.199064642656595 ], [ 834830.510687991976738, 4049404.638272005598992 ], [ 837774.047177643980831, 4048066.747969603631645 ], [ 838949.043871593428776, 4051635.18243342358619 ], [ 837312.111375824781135, 4052441.639086875598878 ], [ 831377.282963243429549, 4067044.739377954043448 ], [ 830954.337569365510717, 4070275.880056119989604 ], [ 809426.50466947350651, 4069913.881170519161969 ], [ 806538.729289516108111, 4069735.629358122125268 ] ] ] } },
{ "type": "Feature", "properties": { "drag_region": "East", "NAME": "Jefferson" }, "geometry": { "type": "Polygon", "coordinates": [ [ [ 877397.328151754336432, 4005075.221479711122811 ], [ 873792.224315596860833, 4006383.99965524347499 ], [ 877233.881523170275614, 4000392.828431826550514 ], [ 878835.025357981910929, 4000924.980879271402955 ], [ 890790.643035404616967, 3992657.684264376759529 ], [ 895489.727412125095725, 3988244.32191809406504 ], [ 900631.748272873228416, 3989577.301968216896057 ], [ 910509.573285553371534, 3985744.709758617915213 ], [ 911456.654314188985154, 3986448.939055335707963 ], [ 912953.288862659130245, 3998250.289258937817067 ], [ 914291.927696175407618, 3997155.765098102390766 ], [ 916505.07659484888427, 4006980.933061895892024 ], [ 912750.492767441552132, 4011992.447625356260687 ], [ 903609.304829687695019, 4014128.581578785087913 ], [ 895848.907583733554929, 4014032.863560715224594 ], [ 895122.929485920583829, 4016202.135113087017089 ], [ 888636.457661803811789, 4016731.879085282795131 ], [ 883539.894545412622392, 4014546.887369691394269 ], [ 882994.021233726525679, 4011664.163388408254832 ], [ 880062.965925734722987, 4012230.226004043128341 ], [ 880861.403779838350601, 4007867.244268110021949 ], [ 876580.990127805736847, 4010010.408167655114084 ], [ 877397.328151754336432, 4005075.221479711122811 ] ] ] } },
{ "type": "Feature", "properties": { "drag_region": "Middle", "NAME": "DeKalb" }, "geometry": { "type": "Polygon", "coordinates": [ [ [ 542138.881735008093528, 4002841.603363020345569 ], [ 546157.284261744003743, 3988968.072400193661451 ], [ 547784.435926650534384, 3988126.969960517250001 ], [ 557615.658768566674553, 3977655.261618794873357 ], [ 557962.525002385140397, 3975657.947913663927466 ], [ 570266.341657272074372, 3976950.144799521192908 ], [ 576453.069040791480802, 3974934.643391932826489 ], [ 580633.24651696824003, 3977469.906729226466268 ], [ 577388.167205233476125, 3977711.145144638139755 ], [ 580265.354649991379119, 3980609.916822378057986 ], [ 577861.733292517601512, 3990488.708604877348989 ], [ 579412.435729651479051, 3995370.835841167718172 ], [ 575779.772488303482533, 4000848.975872045382857 ], [ 572522.183636595611461, 4002711.727879400830716 ], [ 567679.243907287833281, 4002268.195789790246636 ], [ 564698.034702614182606, 4008140.062682976480573 ], [ 561795.804746953188442, 4007723.713871597778052 ], [ 559579.382609400781803, 4003885.423018276225775 ], [ 555350.984939382993616, 4006314.930895110126585 ], [ 555374.450084892916493, 4004218.566747874487191 ], [ 551158.674227143870667, 4005601.900384068954736 ], [ 548601.002428548876196, 4003001.804007982369512 ], [ 542138.881735008093528, 4002841.603363020345569 ] ] ] } },
{ "type": "Feature", "properties": { "drag_region": "Middle", "NAME": "Stewart" }, "geometry": { "type": "Polygon", "coordinates": [ [ [ 295151.806523002567701, 4091623.621327260509133 ], [ 298208.305692893918604, 4077579.872125436551869 ], [ 296214.039626573678106, 4071501.882316270843148 ], [ 295506.010991404706147, 4065600.678948656655848 ], [ 301844.96673894795822, 4056288.822501906659454 ], [ 302803.332314910017885, 4055516.641190882772207 ], [ 310513.334581331000663, 4053345.36282203393057 ], [ 316950.326473090040963, 4052621.21226654574275 ], [ 322761.811912641802337, 4054193.832672591786832 ], [ 326325.36125190067105, 4056930.238485385198146 ], [ 337594.439795830694493, 4056758.615749738179147 ], [ 333286.581814689561725, 4086804.390997316688299 ], [ 314350.602252459328156, 4086475.366847883444279 ], [ 314701.039075675711501, 4089807.868752709124237 ], [ 295151.806523002567701, 4091623.621327260509133 ] ] ] } },
{ "type": "Feature", "properties": { "drag_region": "Middle", "NAME": "Humphreys" }, "geometry": { "type": "Polygon", "coordinates": [ [ [ 309356.950454269303009, 4022862.024178594350815 ], [ 312495.821513495815452, 4013683.222799819428474 ], [ 312141.440918243024498, 4010351.177921838592738 ], [ 304596.346267602813896, 3999085.260494967922568 ], [ 302584.014665708411485, 3992244.751205410342664 ], [ 303532.238650317653082, 3990043.045325662009418 ], [ 311289.960226943716407, 3988727.234275011811405 ], [ 309920.631881542736664, 3981021.543466405943036 ], [ 307949.135975446843076, 3978277.202830635942519 ], [ 312484.67781895090593, 3977947.928989864420146 ], [ 317638.103449230606202, 3974089.846849761903286 ], [ 320911.397714212944265, 3977682.907554510980844 ], [ 329990.263528901385143, 3977897.563061040360481 ], [ 331016.442101076827385, 3985322.526303468737751 ], [ 335234.028070329746697, 3986341.194142691791058 ], [ 339789.282122129749041, 3989741.915304637048393 ], [ 346601.451275526604149, 3992274.720268413424492 ], [ 346615.544067160633858, 3994847.368606118485332 ], [ 345089.261603009828832, 4010959.49365616729483 ], [ 343823.093163251120131, 4015350.096471284050494 ], [ 342223.001891248393804, 4017646.547977401409298 ], [ 335126.443753357278183, 4018073.355713211931288 ], [ 326771.798494059592485, 4022613.320638948585838 ], [ 319667.47343338833889, 4021623.436212382744998 ], [ 309356.950454269303009, 4022862.024178594350815 ] ] ] } },
{ "type": "Feature", "properties": { "drag_region": "West", "NAME": "Hardeman" }, "geometry": { "type": "Polygon", "coordinates": [ [ [ 230970.462893683987204, 3884023.767587372567505 ], [ 229046.52761307999026, 3841258.731287355534732 ], [ 228676.972161621495616, 3839360.129964708350599 ], [ 245385.957754584844224, 3839007.393198374193162 ], [ 266354.891726427478716, 3838703.412059832364321 ], [ 267184.270451922726352, 3866711.082049910910428 ], [ 266368.295018374570645, 3875780.973219758365303 ], [ 262240.263090691005345, 3881957.259761155582964 ], [ 262328.974501963355578, 3886721.717432788107544 ], [ 240830.958082624711096, 3887624.668910708278418 ], [ 231382.7347857094137, 3887923.698082561139017 ], [ 230970.462893683987204, 3884023.767587372567505 ] ] ] } },
{ "type": "Feature", "properties": { "drag_region": "East", "NAME": "Carter" }, "geometry": { "type": "Polygon", "coordinates": [ [ [ 1042412.63473989139311, 4057187.426010712515563 ], [ 1042552.160787646891549, 4054325.909112590365112 ], [ 1039637.632396883796901, 4041086.505041227210313 ], [ 1041537.370252497494221, 4041943.126811325084418 ], [ 1047169.30416698101908, 4039253.663352959323674 ], [ 1046326.64141979184933, 4036630.844771513249725 ], [ 1049987.46494260802865, 4034611.402089066337794 ], [ 1050817.109026334481314, 4030923.20931173209101 ], [ 1057647.335864419816062, 4030402.07736864965409 ], [ 1059179.777194196358323, 4025697.450257178861648 ], [ 1063712.524075948400423, 4025830.473595487419516 ], [ 1068422.16666845860891, 4028844.255962619557977 ], [ 1076367.814191367011517, 4044274.061133556533605 ], [ 1071714.989140163874254, 4046613.858467329759151 ], [ 1069522.046158033423126, 4051474.045307472813874 ], [ 1066937.180934948846698, 4051436.174669968895614 ], [ 1064166.708770046243444, 4055024.037574551999569 ], [ 1071994.249565440695733, 4066046.804176109842956 ], [ 1073548.932029580464587, 4067180.598619666416198 ], [ 1070120.634082506410778, 4071018.768158677965403 ], [ 1065422.233729412779212, 4068287.876915101427585 ], [ 1052381.686689056456089, 4058061.938123787287623 ], [ 1046796.334096280159429, 4059984.037904167547822 ], [ 1042412.63473989139311, 4057187.426010712515563 ] ] ] } },
{ "type": "Feature", "properties": { "drag_region": "Middle", "NAME": "Robertson" }, "geometry": { "type": "Polygon", "coordinates": [ [ [ 415371.593300550535787, 4084495.783708345144987 ], [ 413755.275078574777581, 4075730.980892355088145 ], [ 415038.239611544820946, 4074299.942547289188951 ], [ 414703.792335159145296, 4063818.401162249967456 ], [ 424995.237904174660798, 4056760.180584489367902 ], [ 426604.965273627138231, 4054187.435117917135358 ], [ 433365.187472855148371, 4055715.481221238616854 ], [ 434974.084355214668903, 4056384.095696253702044 ], [ 441419.903485490998719, 4052105.493653019424528 ], [ 447523.578296914754901, 4058217.291614619083703 ], [ 448163.265484380011912, 4059743.572902366518974 ], [ 452994.133632869110443, 4058423.465468249749392 ], [ 456830.553608182817698, 4065488.001724995207042 ], [ 458411.5269660288468, 4072545.493346991483122 ], [ 464466.253329873317853, 4083624.835214386228472 ], [ 462211.078840119182132, 4085711.406817835755646 ], [ 415371.593300550535787, 4084495.783708345144987 ] ] ] } },
{ "type": "Feature", "properties": { "drag_region": "East", "NAME": "Bradley" }, "geometry": { "type": "Polygon", "coordinates": [ [ [ 727912.45982936641667, 3882423.298388773109764 ], [ 722594.298309838864952, 3870780.007495149970055 ], [ 721064.045086546218954, 3865506.541020676959306 ], [ 724234.001397965592332, 3854321.468251246958971 ], [ 727225.929332373547368, 3852189.62034379132092 ], [ 725649.963103527319618, 3849107.125319444108754 ], [ 743998.67763395269867, 3849496.943876897450536 ], [ 747694.763890931615606, 3859972.180339391343296 ], [ 746374.832651197910309, 3860418.973023437429219 ], [ 750734.121562339947559, 3870148.41740596620366 ], [ 750230.831957900081761, 3877764.503301982302219 ], [ 747582.74452966672834, 3879229.106233816593885 ], [ 742865.398091290611774, 3885605.744385860394686 ], [ 735597.05158434540499, 3889545.444068316370249 ], [ 729540.728033901541494, 3882647.842111516743898 ], [ 727912.45982936641667, 3882423.298388773109764 ] ] ] } },
{ "type": "Feature", "properties": { "drag_region": "West", "NAME": "Weakley" }, "geometry": { "type": "Polygon", "coordinates": [ [ [ 281753.728720042970963, 4075518.344558287877589 ], [ 282524.282049700326752, 4065207.300094899721444 ], [ 276049.795886059349868, 4063424.730731837917119 ], [ 270619.227390763408039, 4065630.17855510674417 ], [ 269228.87181787280133, 4044682.825462355278432 ], [ 274935.794518866052385, 4039421.097639599815011 ], [ 279666.140101692813914, 4033419.309188785497099 ], [ 286427.454073725908529, 4032054.541986742056906 ], [ 292792.815768616797868, 4026412.358169320505112 ], [ 296352.160497281467542, 4026541.777813130058348 ], [ 296452.663797111134045, 4032450.128614714369178 ], [ 307433.460162293689791, 4032079.482022885233164 ], [ 307496.581497275270522, 4036081.866770965978503 ], [ 309396.963716376456432, 4074847.683417579159141 ], [ 281753.728720042970963, 4075518.344558287877589 ] ] ] } },
{ "type": "Feature", "properties": { "drag_region": "Middle", "NAME": "Williamson" }, "geometry": { "type": "Polygon", "coordinates": [ [ [ 408324.29942958249012, 3984761.497350721620023 ], [ 407326.926394830341451, 3972758.177511648274958 ], [ 423529.828484476951417, 3966639.581362660042942 ], [ 440731.572800322202966, 3958741.957628708332777 ], [ 446579.125311517214868, 3956752.269846700597554 ], [ 455019.827817909244914, 3957156.274719834327698 ], [ 453717.068603589141276, 3958486.124831147491932 ], [ 457261.688744280661922, 3966120.020752645097673 ], [ 461802.942908200260717, 3966041.571966607123613 ], [ 462422.396953421004582, 3973285.460056998766959 ], [ 460452.365055135043804, 3979947.489901812747121 ], [ 461077.357905796554405, 3985762.195611019618809 ], [ 445526.934696351527236, 3993337.832363858353347 ], [ 433238.469433772144839, 3995130.472840061411262 ], [ 423214.031420271203388, 3988077.834018006920815 ], [ 421923.263253456098028, 3994271.812027722131461 ], [ 410284.994747568329331, 3994762.314006740693003 ], [ 408324.29942958249012, 3984761.497350721620023 ] ] ] } },
{ "type": "Feature", "properties": { "drag_region": "Middle", "NAME": "Pickett" }, "geometry": { "type": "Polygon", "coordinates": [ [ [ 644169.264638269669376, 4080955.368680626619607 ], [ 649665.724593544378877, 4079243.764314884785563 ], [ 656542.136777429608628, 4072795.010986613109708 ], [ 658899.617201156797819, 4067406.234354299958795 ], [ 660501.511391340522096, 4067818.918212799821049 ], [ 661592.55029279529117, 4077756.052968866657466 ], [ 665971.166512567317113, 4083850.861342295538634 ], [ 674580.338532846071757, 4087081.967167067807168 ], [ 681673.549228180316277, 4085997.093569006770849 ], [ 688856.70450983394403, 4081105.524664330296218 ], [ 693677.869242635089904, 4081217.868884519208223 ], [ 688654.641105115879327, 4089874.241332478821278 ], [ 671609.501930476049893, 4090832.94200845155865 ], [ 644622.280478767468594, 4091545.614736122544855 ], [ 645691.822319373837672, 4085654.068692242261022 ], [ 644169.264638269669376, 4080955.368680626619607 ] ] ] } },
{ "type": "Feature", "properties": { "drag_region": "Middle", "NAME": "Lawrence" }, "geometry": { "type": "Polygon", "coordinates": [ [ [ 355442.505317788454704, 3895295.557237500324845 ], [ 355309.120050922734663, 3872239.565473507158458 ], [ 353643.519192027975805, 3866913.976449741981924 ], [ 353915.385527548147365, 3857575.603813550900668 ], [ 352242.429601542535238, 3851583.466229971963912 ], [ 386958.065817402442917, 3850962.622996180783957 ], [ 387970.196742307394743, 3864678.999530788976699 ], [ 389614.047249674331397, 3869057.98998845834285 ], [ 387328.444042924675159, 3870206.037439491599798 ], [ 387995.087693028268404, 3876206.602033132687211 ], [ 388032.02803379832767, 3893260.195492211729288 ], [ 388696.234375163097866, 3899070.462201565969735 ], [ 380880.881916649406776, 3900328.852336919866502 ], [ 377953.546354958089069, 3901671.884319473057985 ], [ 366880.142418742761947, 3901810.553099821321666 ], [ 366861.565630857017823, 3897713.756430441047996 ], [ 361318.720421716338024, 3897073.65299035096541 ], [ 360657.525302679161541, 3895266.823688126169145 ], [ 355442.505317788454704, 3895295.557237500324845 ] ] ] } },
{ "type": "Feature", "properties": { "drag_region": "Middle", "NAME": "Putnam" }, "geometry": { "type": "Polygon", "coordinates": [ [ [ 580939.284889926435426, 4027091.433535857126117 ], [ 578502.956204928806983, 4015338.448470548726618 ], [ 581484.165409602457657, 4009466.581577362492681 ], [ 586327.105138910235837, 4009910.113666973076761 ], [ 589584.693990618106909, 4008047.361659617628902 ], [ 593217.357231966103427, 4002569.221628739964217 ], [ 596403.02110252273269, 4006045.257968156598508 ], [ 598351.326307377312332, 4005501.414440623484552 ], [ 600884.618656173814088, 4009160.406517652329057 ], [ 605718.384506469010375, 4010186.445063618011773 ], [ 623591.944934937288053, 4004855.025594884064049 ], [ 623342.819396178121679, 4000561.124518651980907 ], [ 627576.341263019712642, 3999110.23280658852309 ], [ 629366.943126257043332, 4007531.075921731535345 ], [ 628950.921384422457777, 4012671.302506747189909 ], [ 637355.931842681020498, 4012636.170625631697476 ], [ 642117.361614537076093, 4017113.346661201212555 ], [ 640489.534948757383972, 4017749.015324252191931 ], [ 632722.807488527731039, 4018459.9738640175201 ], [ 621976.021420608507469, 4023510.803734798450023 ], [ 621618.768997782841325, 4025506.487868757452816 ], [ 613197.457740016048774, 4027366.975511355791241 ], [ 610248.703526621102355, 4030179.032437044195831 ], [ 609529.477468915632926, 4034838.313265384174883 ], [ 606309.605060344794765, 4034597.004214609973133 ], [ 606348.12317131459713, 4032119.286406305152923 ], [ 602863.918754106969573, 4027967.173198547679931 ], [ 593878.693124620709568, 4024595.308738799300045 ], [ 580939.284889926435426, 4027091.433535857126117 ] ] ] } },
{ "type": "Feature", "properties": { "drag_region": "Middle", "NAME": "Davidson" }, "geometry": { "type": "Polygon", "coordinates": [ [ [ 436757.10543087212136, 4040379.66674651671201 ], [ 437402.713552035565954, 4038569.791362404823303 ], [ 430321.323623031436, 4022938.732331435196102 ], [ 429031.108246274350677, 4012171.412637487985194 ], [ 425476.927575601963326, 4008360.749948862474412 ], [ 424181.51847402396379, 4002930.208226471208036 ], [ 425472.28664083906915, 3996736.23021675599739 ], [ 435496.724654340010602, 4003788.869038810487837 ], [ 447785.189916919392999, 4001996.228562607429922 ], [ 463335.613126364420168, 3994420.591809768695384 ], [ 463965.416492424206808, 3998806.151147574651986 ], [ 467833.520017477334477, 4001871.542673497926444 ], [ 470070.194653083570302, 4007598.909524427261204 ], [ 471701.71076517959591, 4004366.969506748951972 ], [ 472647.745513458736241, 4009135.978745918720961 ], [ 471333.699125450686552, 4013608.029969996307045 ], [ 467442.260385353816673, 4017306.247716092970222 ], [ 465472.429134060628712, 4025206.695613129064441 ], [ 461276.148474811227061, 4026238.287054137792438 ], [ 461262.352255487581715, 4029954.486859600525349 ], [ 454154.025149698602036, 4035934.165707225445658 ], [ 450915.49625493172789, 4042881.477139897178859 ], [ 444811.821443507971708, 4036769.679178297519684 ], [ 438366.002313231641892, 4041048.2812215317972 ], [ 436757.10543087212136, 4040379.66674651671201 ] ] ] } },
{ "type": "Feature", "properties": { "drag_region": "Middle", "NAME": "Wilson" }, "geometry": { "type": "Polygon", "coordinates": [ [ [ 478302.998744994576555, 4025242.456589293200523 ], [ 480272.829996287764516, 4017342.008692257106304 ], [ 484164.268736384634394, 4013643.790946160443127 ], [ 485478.315124392684083, 4009171.739722082857043 ], [ 502690.648019445186947, 3996505.733635749202222 ], [ 509182.351812667038757, 3993884.976781736128032 ], [ 517595.137384062691126, 3994239.303980659227818 ], [ 518251.552047441189643, 3993196.770967106800526 ], [ 524390.104245969909243, 3994491.059200941119343 ], [ 530544.261349053005688, 3994074.51328681781888 ], [ 526525.858822317095473, 4007948.044249644502997 ], [ 519209.909216659783851, 4031132.574470561929047 ], [ 513044.146198706992436, 4036225.857180672232062 ], [ 509506.261271722207312, 4035530.456530211493373 ], [ 509210.763881864433642, 4032097.514496595598757 ], [ 506275.826010202814359, 4036744.693348938133568 ], [ 504693.744242668326478, 4032825.996933166868985 ], [ 499216.623872627911624, 4032692.773018304258585 ], [ 500491.992094869317953, 4034702.462343142833561 ], [ 497577.334339179156814, 4037065.578709843102843 ], [ 496640.040770193387289, 4032485.539304116740823 ], [ 491145.890561017848086, 4035311.348729353863746 ], [ 485368.235514667176176, 4031182.920659468043596 ], [ 482778.357742448511999, 4033647.870262299664319 ], [ 478302.998744994576555, 4025242.456589293200523 ] ] ] } },
{ "type": "Feature", "properties": { "drag_region": "East", "NAME": "Union" }, "geometry": { "type": "Polygon", "coordinates": [ [ [ 837574.203284523799084, 4030904.837522196117789 ], [ 841008.230631357291713, 4024332.377506085671484 ], [ 843674.645101818954572, 4021744.354386745020747 ], [ 845346.481347724795341, 4019984.22086317371577 ], [ 862482.153465931070969, 4019972.011634470894933 ], [ 865226.769065447617322, 4024837.0813148166053 ], [ 864657.319731030846015, 4032071.47318965382874 ], [ 867609.96710296580568, 4040094.817124105524272 ], [ 864950.474819354945794, 4042389.65067799622193 ], [ 861806.363859257427976, 4039991.994517474900931 ], [ 858704.960275501711294, 4045900.392254205420613 ], [ 855027.02469666628167, 4049881.651092330459505 ], [ 852511.715413568075746, 4047985.354025101754814 ], [ 849883.632121335715055, 4049521.791954839136451 ], [ 846073.428196142427623, 4047776.300374703016132 ], [ 844898.431502192979679, 4044207.865910883061588 ], [ 841954.895012540975586, 4045545.756213285028934 ], [ 840506.583818173035979, 4040347.317005922086537 ], [ 840378.472328501055017, 4034140.930664202198386 ], [ 837574.203284523799084, 4030904.837522196117789 ] ] ] } },
{ "type": "Feature", "properties": { "drag_region": "West", "NAME": "Fayette" }, "geometry": { "type": "Polygon", "coordinates": [ [ [ 167182.485769712278852, 3880484.080160906538367 ], [ 165080.30933873920003, 3838290.632169355638325 ], [ 191615.856166882207617, 3837435.650563563220203 ], [ 205706.617581166268792, 3837209.703170950524509 ], [ 206076.173032624763437, 3839108.304493597708642 ], [ 208000.10831322876038, 3881873.340793614741415 ], [ 181932.272910661471542, 3883059.575680730398744 ], [ 170498.945363059057854, 3882494.522989398334175 ], [ 167182.485769712278852, 3880484.080160906538367 ] ] ] } },
{ "type": "Feature", "properties": { "drag_region": "Middle", "NAME": "Franklin" }, "geometry": { "type": "Polygon", "coordinates": [ [ [ 518067.709221740718931, 3886328.097810809966177 ], [ 518425.362954457988963, 3882138.479947873391211 ], [ 514230.276980309048668, 3875343.278788611292839 ], [ 513006.286778292967938, 3863329.984004156664014 ], [ 513109.298536075162701, 3848277.371167733799666 ], [ 554387.477566259098239, 3848366.973074023611844 ], [ 554421.10977667174302, 3874094.820965139660984 ], [ 553437.856461272574961, 3874369.471262273844332 ], [ 549764.180233570165001, 3881665.66521180421114 ], [ 543856.680481387302279, 3884747.230958304833621 ], [ 541575.631654913537204, 3884438.101820078678429 ], [ 538282.236371251754463, 3887549.933866053819656 ], [ 527174.716450001229532, 3889545.046358878258616 ], [ 518067.709221740718931, 3886328.097810809966177 ] ] ] } },
{ "type": "Feature", "properties": { "drag_region": "Middle", "NAME": "Rutherford" }, "geometry": { "type": "Polygon", "coordinates": [ [ [ 472031.124425680201966, 3984394.898054856806993 ], [ 471406.131575018691365, 3978580.192345649935305 ], [ 473376.163473304652143, 3971918.162500835955143 ], [ 472756.709428083908278, 3964674.274410444311798 ], [ 468215.455264164309483, 3964752.723196482285857 ], [ 464670.835123472788837, 3957118.827274984680116 ], [ 465973.594337792892475, 3955788.977163671515882 ], [ 470204.148842349590268, 3953135.647107848897576 ], [ 470522.580737910291646, 3954851.846406712662429 ], [ 481569.842015797330532, 3953470.362163757439703 ], [ 483536.121995920606423, 3950050.183450177777559 ], [ 489712.396764871489722, 3949512.47893024655059 ], [ 490706.429047576209996, 3946278.776418576482683 ], [ 497176.481570935284253, 3950893.227983257267624 ], [ 505975.662402279034723, 3947335.622380973771214 ], [ 505927.392562635301147, 3953624.072646691463888 ], [ 509486.004105805477593, 3955367.279076614882797 ], [ 511055.143467417045031, 3961954.952848493587226 ], [ 512563.604256541526411, 3975403.390130780637264 ], [ 515126.114792731299531, 3978760.714588872157037 ], [ 514116.493735823023599, 3983135.316236030776054 ], [ 513460.079072444525082, 3984177.849249583203346 ], [ 505047.293501048872713, 3983823.522050660103559 ], [ 498555.589707827020902, 3986444.278904673177749 ], [ 481343.256812774518039, 3999110.28499100683257 ], [ 480397.222064495377708, 3994341.275751837063581 ], [ 478765.7059523993521, 3997573.215769515372813 ], [ 476529.031316793116275, 3991845.848918586038053 ], [ 472660.927791739988606, 3988780.457392662763596 ], [ 472031.124425680201966, 3984394.898054856806993 ] ] ] } },
{ "type": "Feature", "properties": { "drag_region": "Middle", "NAME": "Hickman" }, "geometry": { "type": "Polygon", "coordinates": [ [ [ 342087.302854193258099, 3968362.012675845529884 ], [ 339671.034291602205485, 3948941.636026797350496 ], [ 347102.765102843055502, 3942885.777350923512131 ], [ 353633.567940305336379, 3947703.731160646770149 ], [ 357193.214386744075455, 3945110.561653471086174 ], [ 365310.260406793793663, 3943353.959181725047529 ], [ 376054.484935659449548, 3948264.798463230486959 ], [ 385818.066881114034913, 3955477.48353615263477 ], [ 387471.844402943504974, 3969479.813371328637004 ], [ 388469.217437695595436, 3981483.133210401982069 ], [ 358712.583392452448606, 3985311.818220923654735 ], [ 358698.490600818418898, 3982739.169883218593895 ], [ 351886.321447421563789, 3980206.364919442217797 ], [ 347331.067395621561445, 3976805.643757496960461 ], [ 343113.48142636870034, 3975786.975918273907155 ], [ 342087.302854193258099, 3968362.012675845529884 ] ] ] } },
{ "type": "Feature", "properties": { "drag_region": "East", "NAME": "Cumberland" }, "geometry": { "type": "Polygon", "coordinates": [ [ [ 694813.450208752648905, 3965653.153251802548766 ], [ 694500.829860964789987, 3964980.37765518669039 ], [ 696163.60298692365177, 3962722.098499274812639 ], [ 696165.299822591710836, 3962626.80581525946036 ], [ 715622.056010395521298, 3963661.981360442470759 ], [ 716653.006646901601925, 3960822.617912717163563 ], [ 725689.218199986265972, 3963487.771406190469861 ], [ 726678.935396027984098, 3962746.019130318891257 ], [ 737230.153637876966968, 3970032.38005921524018 ], [ 738851.56924012186937, 3970069.001469414215535 ], [ 743629.481278748251498, 3973897.490109504200518 ], [ 747712.239200024632737, 3979524.155011115595698 ], [ 743926.036219756584615, 3988970.744086451362818 ], [ 737289.892390487715602, 3996064.862052465323359 ], [ 735919.207014039158821, 3999466.587999069131911 ], [ 733673.841718528419733, 3998653.393510177731514 ], [ 729988.93996962509118, 4004483.688700268045068 ], [ 726713.729479507543147, 4006510.163373197428882 ], [ 724475.611708800308406, 4005413.372278313152492 ], [ 718000.792197898030281, 4006040.604623218998313 ], [ 715701.602103270357475, 4007900.457832078449428 ], [ 709313.537469468079507, 4004245.561356960330158 ], [ 704552.107697612140328, 3999768.385321390815079 ], [ 696147.097239353461191, 3999803.517202506307513 ], [ 696563.118981188163161, 3994663.290617490652949 ], [ 694772.517117950832471, 3986242.447502347640693 ], [ 696846.316821846645325, 3978939.452235205098987 ], [ 699766.638605177169666, 3978706.461680099833757 ], [ 697375.986567953368649, 3967509.967883932869881 ], [ 694813.450208752648905, 3965653.153251802548766 ] ] ] } },
{ "type": "Feature", "properties": { "drag_region": "West", "NAME": "Hardin" }, "geometry": { "type": "Polygon", "coordinates": [ [ [ 351299.42596744018374, 3875720.792267075739801 ], [ 349074.818025860120542, 3832963.223687397316098 ], [ 365453.61624576250324, 3832751.444015949033201 ], [ 365470.813258968933951, 3834180.549698862247169 ], [ 385118.979988020670135, 3833679.424472925718874 ], [ 385763.627973664959427, 3865783.394967007916421 ], [ 382504.87401815346675, 3866292.717621951363981 ], [ 383868.216399196826387, 3871995.98679293692112 ], [ 381958.779791322594974, 3876589.364167302846909 ], [ 378402.812970495026093, 3879390.340842348523438 ], [ 372820.57023674499942, 3875735.881612565834075 ], [ 366294.502468054532073, 3875336.088220029138029 ], [ 362443.084263324330095, 3880243.60983304399997 ], [ 351683.10522350150859, 3879908.698537436313927 ], [ 351299.42596744018374, 3875720.792267075739801 ] ] ] } },
{ "type": "Feature", "properties": { "drag_region": "West", "NAME": "Lake" }, "geometry": { "type": "Polygon", "coordinates": [ [ [ 174226.349426269618561, 4064317.902382712811232 ], [ 168117.189405387936858, 4064957.836311471182853 ], [ 168021.869935787370196, 4061431.098328657448292 ], [ 174693.227074968483066, 4057533.572956245858222 ], [ 174948.33575569090317, 4054951.628749564290047 ], [ 170071.754860684886808, 4053649.834189026616514 ], [ 160435.6537081587594, 4055438.855963278096169 ], [ 159412.026084715325851, 4053464.159765992779285 ], [ 166037.388307831570273, 4047749.189926046878099 ], [ 178958.105435355537338, 4047694.445532786659896 ], [ 179351.720167075836798, 4050450.243553669657558 ], [ 184321.50166674258071, 4055474.418431769125164 ], [ 186730.716946451197146, 4061518.042466001585126 ], [ 186835.041050187050132, 4065711.805512508377433 ], [ 190856.842399818619015, 4072002.403846894856542 ], [ 192397.419801409618231, 4082360.131491914391518 ], [ 185955.259010689769639, 4082042.717088859528303 ], [ 183286.129614521720214, 4078295.097883043810725 ], [ 179121.61882639650139, 4079069.548970106523484 ], [ 179841.225918937445385, 4082007.729931900277734 ], [ 175020.588622770650545, 4082228.986680417321622 ], [ 176894.974226729682414, 4080081.306476449593902 ], [ 174482.587371017347323, 4074040.177329888101667 ], [ 177554.870136999961687, 4068332.227310546208173 ], [ 174226.349426269618561, 4064317.902382712811232 ] ] ] } },
{ "type": "Feature", "properties": { "drag_region": "East", "NAME": "Roane" }, "geometry": { "type": "Polygon", "coordinates": [ [ [ 753682.789101561531425, 3967475.410535880364478 ], [ 753062.223542067338713, 3966221.800760588143021 ], [ 757693.121554504381493, 3962418.168230618350208 ], [ 756134.04233198275324, 3959617.096834298688918 ], [ 759057.449009403120726, 3959589.158197924029082 ], [ 763732.75327127892524, 3954168.279563988093287 ], [ 766925.564649265725166, 3956533.169713328126818 ], [ 768593.042712428607047, 3954761.646670450922102 ], [ 768761.704063200741075, 3947804.480769231449813 ], [ 772014.354418820352294, 3947788.507623676676303 ], [ 776815.625236105523072, 3950864.201312477700412 ], [ 778312.23065903421957, 3955956.452064288780093 ], [ 779935.973880033358, 3955997.787812334485352 ], [ 786904.571038261638023, 3962854.85080884071067 ], [ 789199.012747200671583, 3962057.305225988384336 ], [ 790027.207605253090151, 3967516.013178365305066 ], [ 792902.384804447414353, 3969214.992893215734512 ], [ 794338.877322229323909, 3976026.33782077813521 ], [ 798607.130936978850514, 3974140.965404417365789 ], [ 800160.987697976408526, 3976569.063475648872554 ], [ 799470.302634997409768, 3978075.967031916137785 ], [ 794685.995668901246972, 3987005.196899715811014 ], [ 792572.517110230051912, 3993242.78420241875574 ], [ 783376.334300965303555, 3986033.944060053676367 ], [ 774685.851525626843795, 3983903.203417643439025 ], [ 773764.890708870603703, 3981877.310517445672303 ], [ 769248.263106687343679, 3981097.695867008995265 ], [ 762543.459061464178376, 3976930.564077581744641 ], [ 758460.701140187797137, 3971303.899175970349461 ], [ 753682.789101561531425, 3967475.410535880364478 ] ] ] } },
{ "type": "Feature", "properties": { "drag_region": "Middle", "NAME": "Grundy" }, "geometry": { "type": "Polygon", "coordinates": [ [ [ 562261.120163913001306, 3890857.388631799258292 ], [ 565934.796391615411267, 3883561.194682268891484 ], [ 570483.172295714728534, 3885710.362687546294183 ], [ 578032.155205147108063, 3882848.992842396721244 ], [ 582244.094521736493334, 3885571.671500755473971 ], [ 580539.292901337961666, 3891076.48602558253333 ], [ 585410.78759512223769, 3892951.785225405357778 ], [ 594199.790959809441119, 3894599.981673858128488 ], [ 599029.429585646255873, 3898960.154182321392 ], [ 600904.502558063250035, 3904325.774413247592747 ], [ 596298.983325597946532, 3907115.500906784553081 ], [ 596208.50539208331611, 3913213.674904730170965 ], [ 589626.296797143644653, 3918074.112496344838291 ], [ 580843.541489574941806, 3917668.391670289449394 ], [ 570136.140546218608506, 3914865.748154046013951 ], [ 565229.356100887991488, 3916904.945921231526881 ], [ 564027.194714501034468, 3908029.162860291078687 ], [ 565124.319037975976244, 3897464.253425880335271 ], [ 562863.364501028205268, 3895437.87918638670817 ], [ 562261.120163913001306, 3890857.388631799258292 ] ] ] } },
{ "type": "Feature", "properties": { "drag_region": "Middle", "NAME": "Moore" }, "geometry": { "type": "Polygon", "coordinates": [ [ [ 484439.002890030737035, 3895077.517139146104455 ], [ 484461.813535539549775, 3890313.877504683099687 ], [ 490346.373273226665333, 3888247.902618838474154 ], [ 496586.346501988125965, 3881900.487089616246521 ], [ 498917.372477766359225, 3874864.654945315327495 ], [ 498947.639759283163585, 3870101.115505032707006 ], [ 503527.269823305658065, 3869940.804299926850945 ], [ 504751.260025321738794, 3881954.09908438147977 ], [ 508946.345999470679089, 3888749.300243643578142 ], [ 508588.692266753409058, 3892938.918106580153108 ], [ 509881.891037780209444, 3894473.152782205492258 ], [ 506588.612815177300945, 3898831.537778291385621 ], [ 508849.753066513570957, 3901611.385930678807199 ], [ 498466.793463833397254, 3894393.439863736741245 ], [ 494879.778030710062012, 3894276.104685043450445 ], [ 493919.696093604434282, 3891126.316747973673046 ], [ 489014.191260059713386, 3893290.357941171620041 ], [ 487696.215492099989206, 3895855.919274744577706 ], [ 484439.002890030737035, 3895077.517139146104455 ] ] ] } },
{ "type": "Feature", "properties": { "drag_region": "Middle", "NAME": "Cannon" }, "geometry": { "type": "Polygon", "coordinates": [ [ [ 525472.991232773521915, 3981733.98905265564099 ], [ 526482.612289681797847, 3977359.387405497021973 ], [ 523920.101753492024727, 3974002.0629474055022 ], [ 522411.640964367543347, 3960553.625665118452162 ], [ 520842.50160275597591, 3953965.951893239747733 ], [ 526403.193599910009652, 3949343.552428693510592 ], [ 536170.188470996334217, 3947337.494332321919501 ], [ 541024.902203810634091, 3949292.18436535121873 ], [ 539667.004103411338292, 3954995.757504323963076 ], [ 546998.732801500940695, 3967366.779235056135803 ], [ 549570.941275026532821, 3969301.606885836925358 ], [ 549224.075041208066978, 3971298.920590967871249 ], [ 539392.852199291926809, 3981770.628932690247893 ], [ 537765.700534385396168, 3982611.731372366659343 ], [ 531611.543431302299723, 3983028.277286489959806 ], [ 525472.991232773521915, 3981733.98905265564099 ] ] ] } },
{ "type": "Feature", "properties": { "drag_region": "East", "NAME": "McMinn" }, "geometry": { "type": "Polygon", "coordinates": [ [ [ 743984.061025898088701, 3900726.806555742397904 ], [ 751252.407532843295485, 3896787.106873286422342 ], [ 755969.753971219412051, 3890410.468721242621541 ], [ 758617.841399452765472, 3888945.865789408329874 ], [ 761814.901831451221369, 3891976.295754443854094 ], [ 775532.619361268589273, 3892214.159224097616971 ], [ 780934.952951216604561, 3898168.405406558420509 ], [ 785797.854034503223374, 3899534.511724147945642 ], [ 784947.940885353484191, 3907046.468236595857888 ], [ 782270.371924181119539, 3909646.972971241921186 ], [ 781502.520786339067854, 3914109.403884023427963 ], [ 773559.677752798306756, 3931835.628894258290529 ], [ 768303.902898572036065, 3933898.246769964694977 ], [ 765051.252542952424847, 3933914.219915519468486 ], [ 755942.919923006673343, 3919967.666632730979472 ], [ 753690.38135758775752, 3918771.74959814408794 ], [ 751199.677244317834266, 3913661.881826292257756 ], [ 748944.925248323357664, 3912467.268456743564457 ], [ 743984.061025898088701, 3900726.806555742397904 ] ] ] } },
{ "type": "Feature", "properties": { "drag_region": "Middle", "NAME": "Montgomery" }, "geometry": { "type": "Polygon", "coordinates": [ [ [ 351112.359352544590365, 4084645.499877458438277 ], [ 355420.217333685723133, 4054599.724629879929125 ], [ 355724.81767144089099, 4051739.07593804365024 ], [ 362484.837980060023256, 4050938.261999858077615 ], [ 381160.262330386554822, 4048381.837929157540202 ], [ 382774.443140165705699, 4049425.081794458907098 ], [ 383429.257093060121406, 4053044.141368142329156 ], [ 392460.711958556144964, 4060741.146002633031458 ], [ 395033.559500972332899, 4059974.445234088227153 ], [ 397613.216508954414167, 4064258.842155622784048 ], [ 397947.663785340089817, 4074740.383540662005544 ], [ 396664.699252370046452, 4076171.421885727904737 ], [ 398281.017474345804658, 4084936.22470171796158 ], [ 378387.860623822489288, 4084887.662625320721418 ], [ 351112.359352544590365, 4084645.499877458438277 ] ] ] } },
{ "type": "Feature", "properties": { "drag_region": "Middle", "NAME": "Wayne" }, "geometry": { "type": "Polygon", "coordinates": [ [ [ 298991.489257111679763, 3894498.845023160800338 ], [ 300900.925864985911176, 3889905.467648794874549 ], [ 299537.583483942551538, 3884202.19847780931741 ], [ 302796.337439454044215, 3883692.87582286586985 ], [ 302151.689453809754923, 3851588.905328783672303 ], [ 336867.359953142469749, 3851121.589320227969438 ], [ 338540.315879147965461, 3857113.726903806906193 ], [ 338268.449543627793901, 3866452.099539997987449 ], [ 339934.050402522552758, 3871777.688563763163984 ], [ 340067.4356693882728, 3894833.680327756330371 ], [ 337159.675090597826056, 3899043.264793005306274 ], [ 333580.362803779775277, 3899732.884923025034368 ], [ 333602.778823362314142, 3903162.80885896878317 ], [ 327098.278431485174224, 3904351.074426565784961 ], [ 319285.413445057114586, 3904601.826038979459554 ], [ 302318.9946821895428, 3901230.35320350388065 ], [ 300656.3305979964789, 3897912.088036032859236 ], [ 303231.989170545828529, 3894741.72462265798822 ], [ 298991.489257111679763, 3894498.845023160800338 ] ] ] } },
{ "type": "Feature", "properties": { "drag_region": "West", "NAME": "Decatur" }, "geometry": { "type": "Polygon", "coordinates": [ [ [ 371433.022073957312386, 3952052.153769123367965 ], [ 370180.391378445492592, 3929005.128266427200288 ], [ 365517.186735057563055, 3920200.095007119234651 ], [ 365369.808915326662827, 3908480.492129438556731 ], [ 369221.227120056864806, 3903572.970516423694789 ], [ 375747.294888747332152, 3903972.763908960390836 ], [ 381329.537622497358825, 3907627.223138743080199 ], [ 384885.504443324927706, 3904826.246463697403669 ], [ 389126.004356759076472, 3905069.126063194591552 ], [ 386550.345784209668636, 3908239.489476569462568 ], [ 383317.000282964145299, 3910655.274630155880004 ], [ 388245.493215410970151, 3914797.224346956238151 ], [ 389582.79798188485438, 3918309.57197052333504 ], [ 384174.951020051317755, 3930276.088074326049536 ], [ 385844.626937595370691, 3934546.772250710520893 ], [ 384611.213421713968273, 3940848.972824523225427 ], [ 388557.175065230519976, 3945763.513596969656646 ], [ 390239.140602548839524, 3951750.124223126098514 ], [ 385044.957405710883904, 3951231.455917786341161 ], [ 385079.033607918245252, 3954471.124994713347405 ], [ 371796.240070584404748, 3955287.973298232536763 ], [ 371433.022073957312386, 3952052.153769123367965 ] ] ] } },
{ "type": "Feature", "properties": { "drag_region": "Middle", "NAME": "Bedford" }, "geometry": { "type": "Polygon", "coordinates": [ [ [ 470124.447125646984205, 3942018.987459865398705 ], [ 467924.172228800714947, 3920478.517132883891463 ], [ 468597.039733703248203, 3914192.64186834404245 ], [ 472210.06599591311533, 3906583.867233280558139 ], [ 473841.15523182565812, 3906399.745212281122804 ], [ 480694.140964619582519, 3905286.674522802233696 ], [ 483951.35356668883469, 3906065.076658400706947 ], [ 485269.32933464855887, 3903499.515324827749282 ], [ 490174.834168193279766, 3901335.474131629802287 ], [ 491134.916105298907496, 3904485.262068699579686 ], [ 494721.931538422242738, 3904602.597247392870486 ], [ 505104.891141102416441, 3911820.54331433493644 ], [ 506330.204283835482784, 3922025.019181838724762 ], [ 505895.960685576428659, 3936218.962732990272343 ], [ 497096.77985423267819, 3939776.568335273768753 ], [ 490626.727330873603933, 3935162.116770592983812 ], [ 489632.695048168883659, 3938395.819282263051718 ], [ 483456.42027921800036, 3938933.523802194278687 ], [ 481490.140299094724469, 3942353.702515773940831 ], [ 470442.879021207685582, 3943735.186758729163557 ], [ 470124.447125646984205, 3942018.987459865398705 ] ] ] } },
{ "type": "Feature", "properties": { "drag_region": "East", "NAME": "Hamblen" }, "geometry": { "type": "Polygon", "coordinates": [ [ [ 918797.054687053780071, 4034981.727517859078944 ], [ 916968.411568748648278, 4032141.915637876372784 ], [ 912314.193700698786415, 4035592.402942170854658 ], [ 901672.065815096022561, 4026411.317494383547455 ], [ 900231.905148408724926, 4021585.269176957663149 ], [ 900957.883246221696027, 4019415.997624585870653 ], [ 908718.280492175836116, 4019511.715642655733973 ], [ 917859.468429929693229, 4017375.581689226906747 ], [ 921614.052257337025367, 4012364.067125766538084 ], [ 920474.339995334739797, 4016712.47155443392694 ], [ 922948.386772558325902, 4019673.344248686917126 ], [ 926600.175083383684978, 4017333.639000856783241 ], [ 925739.929042052826844, 4022743.110649077687413 ], [ 929566.476496703224257, 4024136.143230751622468 ], [ 934490.722729054628871, 4030350.746865335851908 ], [ 929732.346884330618195, 4036176.230687486939132 ], [ 926936.40193595236633, 4041508.441094740759581 ], [ 922326.102603884413838, 4035596.616531394887716 ], [ 918797.054687053780071, 4034981.727517859078944 ] ] ] } },
{ "type": "Feature", "properties": { "drag_region": "Middle", "NAME": "Jackson" }, "geometry": { "type": "Polygon", "coordinates": [ [ [ 569451.624508259119466, 4055069.470527491997927 ], [ 568006.172937414841726, 4041327.815288665704429 ], [ 569661.617456760024652, 4037726.038523962255567 ], [ 574201.392897672718391, 4035780.621971296612173 ], [ 587140.801132366992533, 4033284.497174238786101 ], [ 596126.026761853252538, 4036656.361633987165987 ], [ 599610.231179060880095, 4040808.474841744638979 ], [ 599396.641546166851185, 4054531.328230037819594 ], [ 592204.218679622164927, 4061952.393435970880091 ], [ 581232.911341512342915, 4064561.199229932855815 ], [ 580551.460227250121534, 4067411.449349502101541 ], [ 574774.074929606402293, 4066763.70410918770358 ], [ 570619.440054884064011, 4064805.332599889487028 ], [ 569451.624508259119466, 4055069.470527491997927 ] ] ] } },
{ "type": "Feature", "properties": { "drag_region": "East", "NAME": "Monroe" }, "geometry": { "type": "Polygon", "coordinates": [ [ [ 783618.164692954858765, 3933860.380610850639641 ], [ 791561.007726495619863, 3916134.155600615777075 ], [ 792328.858864337671548, 3911671.724687834270298 ], [ 795006.4278255100362, 3909071.219953188207 ], [ 795856.340974659775384, 3901559.263440740294755 ], [ 790993.43989137315657, 3900193.157123150769621 ], [ 787497.509374371496961, 3896384.841033723205328 ], [ 800059.264004304655828, 3890893.466506290715188 ], [ 801452.830787941114977, 3887688.003670706413686 ], [ 806020.717273903312162, 3888097.479462143965065 ], [ 806292.903208560310304, 3890107.816901805344969 ], [ 813352.936857508379035, 3894881.78046886343509 ], [ 814402.687287722364999, 3892431.370342323090881 ], [ 823538.887969541596249, 3893075.445284642279148 ], [ 829923.987470595398918, 3898225.191931658890098 ], [ 828750.582498876960017, 3904677.213221142068505 ], [ 831614.919250968378037, 3907148.481928645633161 ], [ 830183.735522402683273, 3911302.947158726863563 ], [ 835541.426040639868006, 3917476.842454759404063 ], [ 837413.499244405305944, 3920206.231754498556256 ], [ 830803.608979437267408, 3923151.746079125907272 ], [ 831980.986519518774003, 3927290.03043855400756 ], [ 824209.68696395016741, 3925720.63210621336475 ], [ 822795.217248496250249, 3929494.747893779538572 ], [ 819538.893744869274087, 3929494.625864445231855 ], [ 814224.39056684426032, 3933156.924353065900505 ], [ 808338.807909176219255, 3934135.233358662109822 ], [ 804982.086922695627436, 3937857.423133028205484 ], [ 798776.099371415912174, 3938832.870184794068336 ], [ 795274.722378424601629, 3935973.456523267552257 ], [ 792909.235699102398939, 3939344.559482184238732 ], [ 783866.407659692224115, 3936918.338632880710065 ], [ 783618.164692954858765, 3933860.380610850639641 ] ] ] } },
{ "type": "Feature", "properties": { "drag_region": "East", "NAME": "Unicoi" }, "geometry": { "type": "Polygon", "coordinates": [ [ [ 1005915.831634975969791, 4008563.0085558895953 ], [ 1005289.029509430052713, 4000889.601094723679125 ], [ 1010234.686281653353944, 3999202.46234140638262 ], [ 1014975.646319551160559, 4002000.480789317283779 ], [ 1019030.543639767216519, 4005534.069553173612803 ], [ 1022573.986083498690277, 4012965.030077355913818 ], [ 1028159.764147398993373, 4018201.681132723111659 ], [ 1033559.33729902561754, 4020469.931040696799755 ], [ 1037462.054399462882429, 4020182.345672278665006 ], [ 1039584.080086703412235, 4023155.168017928022891 ], [ 1038754.436002976959571, 4026843.360795262269676 ], [ 1035093.612480160780251, 4028862.803477709181607 ], [ 1035936.275227349950001, 4031485.622059155255556 ], [ 1030304.341312866425142, 4034175.0855175210163 ], [ 1028404.603457252727821, 4033318.463747423142195 ], [ 1026041.568653771886602, 4028616.134934793226421 ], [ 1020206.725209897849709, 4021934.407551920507103 ], [ 1012153.88142246613279, 4020985.547601980622858 ], [ 1006281.953544420422986, 4014791.386424599215388 ], [ 1007985.837616940261796, 4012957.494410215876997 ], [ 1005915.831634975969791, 4008563.0085558895953 ] ] ] } },
{ "type": "Feature", "properties": { "drag_region": "Middle", "NAME": "Lincoln" }, "geometry": { "type": "Polygon", "coordinates": [ [ [ 450147.247492614784278, 3878531.54266885202378 ], [ 449216.834023153409362, 3848425.013651855755597 ], [ 496714.315488609834574, 3848530.528396461158991 ], [ 496611.303730827639811, 3863583.141232884023339 ], [ 492031.673666805145331, 3863743.4524379898794 ], [ 492001.406385288340971, 3868506.991878272499889 ], [ 489670.380409510107711, 3875542.824022573418915 ], [ 483430.407180748647079, 3881890.239551795646548 ], [ 477545.847443061531521, 3883956.214437640272081 ], [ 477523.036797552718781, 3888719.854072103276849 ], [ 470670.051064758794382, 3889832.924761582165956 ], [ 470686.940234530251473, 3885640.927013482432812 ], [ 461889.673502768855542, 3882084.70779445534572 ], [ 457332.631310440949164, 3877403.663004080764949 ], [ 450147.247492614784278, 3878531.54266885202378 ] ] ] } },
{ "type": "Feature", "properties": { "drag_region": "Middle", "NAME": "Marshall" }, "geometry": { "type": "Polygon", "coordinates": [ [ [ 449119.171168503467925, 3942463.549375416710973 ], [ 446199.153881403268315, 3941314.162444265559316 ], [ 444922.512902937596664, 3928639.981024589855224 ], [ 442981.015234090154991, 3922348.598639816045761 ], [ 436152.443479157867841, 3915480.972529594786465 ], [ 433221.994751053745858, 3914145.365311605855823 ], [ 432897.82121025910601, 3910334.294764981139451 ], [ 436157.644016310805455, 3908716.567456281743944 ], [ 437796.536658783094026, 3898904.936296497005969 ], [ 442040.511563292122446, 3897195.069286906160414 ], [ 443341.978764755651355, 3899674.072325459681451 ], [ 444984.332713486859575, 3893293.599852413404733 ], [ 452169.716531313024461, 3892165.720187642145902 ], [ 456726.758723640930839, 3896846.764978016726673 ], [ 465524.02545540232677, 3900402.984197043813765 ], [ 465507.136285630869679, 3904594.981945143546909 ], [ 463876.047049718326889, 3904779.103966142982244 ], [ 460263.020787508459762, 3912387.878601206466556 ], [ 459590.153282605926506, 3918673.753865746315569 ], [ 461790.428179452195764, 3940214.22419272782281 ], [ 457559.87367489549797, 3942867.554248550441116 ], [ 449119.171168503467925, 3942463.549375416710973 ] ] ] } },
{ "type": "Feature", "properties": { "drag_region": "East", "NAME": "Hamilton" }, "geometry": { "type": "Polygon", "coordinates": [ [ [ 670502.157566644949839, 3847640.709937314502895 ], [ 680658.943380053387955, 3847801.506906859576702 ], [ 689502.026227249647491, 3848141.342798836529255 ], [ 715708.173202748410404, 3848919.940248713828623 ], [ 717284.139431594638154, 3852002.435273061040789 ], [ 714292.211497186683118, 3854134.28318051667884 ], [ 711122.25518576730974, 3865319.355949946679175 ], [ 712652.508409059955738, 3870592.822424419689924 ], [ 717970.669928587507457, 3882236.113318042829633 ], [ 714861.500652703805827, 3890561.37332345219329 ], [ 709933.376234138151631, 3892273.303254100028425 ], [ 711170.82561129075475, 3895634.546464712824672 ], [ 706547.890530472388491, 3898593.524068895727396 ], [ 703633.665383101790212, 3897583.752633766271174 ], [ 700312.03221926651895, 3900856.854130635038018 ], [ 697385.606522722635418, 3900516.131820161361247 ], [ 692375.251187403104268, 3889177.007544751744717 ], [ 690813.708109492086805, 3885241.179114329162985 ], [ 678071.188293362152763, 3865962.76699694339186 ], [ 677791.940874501946382, 3863003.752903159707785 ], [ 680469.755259064026177, 3859330.433228076435626 ], [ 678263.910481135128066, 3854052.664191771298647 ], [ 670502.157566644949839, 3847640.709937314502895 ] ] ] } },
{ "type": "Feature", "properties": { "drag_region": "West", "NAME": "Lauderdale" }, "geometry": { "type": "Polygon", "coordinates": [ [ [ 158047.061605833208887, 3976377.431801286991686 ], [ 157023.242526598478435, 3974497.557826315052807 ], [ 149307.160263446887257, 3976904.693411575164646 ], [ 146258.581210349802859, 3972316.600581765640527 ], [ 152646.992098648450337, 3968703.662580766249448 ], [ 148991.678640339989215, 3965657.582815440371633 ], [ 145420.49644919441198, 3965662.962118113413453 ], [ 142358.358086507098051, 3960790.018262685276568 ], [ 136778.648734295886243, 3958853.248618334066123 ], [ 133915.902627406263491, 3960941.102583454921842 ], [ 128928.670690866158111, 3957178.848394304979593 ], [ 130683.046460952289635, 3950638.615739260800183 ], [ 133560.007161465211539, 3948931.162039921153337 ], [ 137524.506597298051929, 3951008.835551023948938 ], [ 138394.190151758841239, 3947358.484552883077413 ], [ 129821.564120343507966, 3943604.621416583657265 ], [ 128777.032918947661528, 3941346.301016782876104 ], [ 132865.480102778150467, 3936454.41966202063486 ], [ 136585.017207041732036, 3941115.048652918078005 ], [ 146884.0782751107472, 3948451.451882556546479 ], [ 149767.089103551232256, 3946844.767198049463332 ], [ 156629.978188404114917, 3947992.247364142443985 ], [ 167225.859138427913422, 3942657.93554700165987 ], [ 170089.761633669928415, 3940105.08672620402649 ], [ 173058.103836979629705, 3941651.335471169557422 ], [ 173627.206957393704215, 3951364.297782151028514 ], [ 177377.659611882496392, 3958423.159369512461126 ], [ 176131.399505678826245, 3960552.122989614959806 ], [ 179855.575182109343586, 3966754.099523723591119 ], [ 183733.466621137427865, 3966087.636768902651966 ], [ 185199.779196724091889, 3973109.054152348544449 ], [ 179545.224622277222807, 3980494.244065303355455 ], [ 172102.555190245184349, 3980871.854301460087299 ], [ 169779.411535787250614, 3978737.886885141022503 ], [ 159402.107288637227612, 3978534.608445216435939 ], [ 158047.061605833208887, 3976377.431801286991686 ] ] ] } },
{ "type": "Feature", "properties": { "drag_region": "East", "NAME": "Morgan" }, "geometry": { "type": "Polygon", "coordinates": [ [ [ 755341.995311837177724, 4036535.702969860751182 ], [ 753396.213912534178235, 4037061.804917947854847 ], [ 752206.296575292595662, 4032837.884739805012941 ], [ 748048.513918090611696, 4031406.545531837735325 ], [ 746833.343177370843478, 4028136.620157951489091 ], [ 740093.368907629395835, 4026650.964669973123819 ], [ 739236.509662279509939, 4021578.551357707008719 ], [ 736729.719010332948528, 4018091.619850977789611 ], [ 737500.571085171424784, 4012291.949256940744817 ], [ 740775.781575288972817, 4010265.474584011361003 ], [ 744460.683324192417786, 4004435.179393921047449 ], [ 746706.048619703156874, 4005248.373882812447846 ], [ 748076.733996151597239, 4001846.647936208639294 ], [ 754712.877825420582667, 3994752.529970194678754 ], [ 758499.080805688514374, 3985305.940894858911633 ], [ 765203.884850911679678, 3989473.072684286162257 ], [ 769720.512453094939701, 3990252.687334722839296 ], [ 770641.473269851179793, 3992278.580234920606017 ], [ 779331.956045189639553, 3994409.320877330843359 ], [ 788528.138854454387911, 4001618.161019695922732 ], [ 785155.400292061385699, 4006677.419474766589701 ], [ 781559.594535483513027, 4008107.28822885081172 ], [ 778556.190641827997752, 4011652.406207949854434 ], [ 779459.874941824120469, 4014156.063344800379127 ], [ 776436.8357398257358, 4018559.612373418640345 ], [ 767631.72112740308512, 4021958.619562663137913 ], [ 767225.499248199514113, 4025286.458126975223422 ], [ 763668.735092679737136, 4025579.488675872329623 ], [ 755341.995311837177724, 4036535.702969860751182 ] ] ] } },
{ "type": "Feature", "properties": { "drag_region": "East", "NAME": "Claiborne" }, "geometry": { "type": "Polygon", "coordinates": [ [ [ 842255.959707358037122, 4073552.347712179180235 ], [ 842678.905101235955954, 4070321.207034013234079 ], [ 848613.733513817307539, 4055718.106742934789509 ], [ 850250.66600958595518, 4054911.650089482776821 ], [ 854060.869934779242612, 4056657.14166961889714 ], [ 856688.953227011603303, 4055120.703739881515503 ], [ 859204.262510109809227, 4057017.000807110220194 ], [ 862882.198088945238851, 4053035.741968985181302 ], [ 865983.601672700955532, 4047127.34423225466162 ], [ 869127.712632798473351, 4049525.000392775982618 ], [ 871787.204916409333237, 4047230.16683888528496 ], [ 876614.255709935328923, 4047588.946895943954587 ], [ 878463.615432684891857, 4050040.407285532914102 ], [ 885270.285510661895387, 4049137.783876344095916 ], [ 887117.002251133671962, 4051591.275545943994075 ], [ 891322.153390592429787, 4051267.65334131475538 ], [ 892130.157881136517972, 4055593.723726822528988 ], [ 896637.981482372386381, 4055761.433509317226708 ], [ 898053.970904755988158, 4060970.583081776276231 ], [ 895165.552796771400608, 4069264.348026454914361 ], [ 888480.272442645858973, 4075986.019290830474347 ], [ 870158.456463828333654, 4075713.787295487709343 ], [ 868942.764922101516277, 4073667.290266033727676 ], [ 847404.305678615230136, 4073429.083917496260256 ], [ 842255.959707358037122, 4073552.347712179180235 ] ] ] } },
{ "type": "Feature", "properties": { "drag_region": "East", "NAME": "Sullivan" }, "geometry": { "type": "Polygon", "coordinates": [ [ [ 1007406.004735213238746, 4085519.25639170082286 ], [ 1007785.445540610700846, 4077221.810122096911073 ], [ 1006298.741679059108719, 4074478.069246701896191 ], [ 999738.366423042607494, 4069786.503149672877043 ], [ 1001789.505677400156856, 4067202.603724306914955 ], [ 1003347.930929517606273, 4068419.397965546697378 ], [ 1008917.011200470966287, 4066569.488493652548641 ], [ 1022334.896539332461543, 4069486.803453175351024 ], [ 1026557.003141896566376, 4068922.578947308007628 ], [ 1029955.987699214252643, 4065357.019470854196697 ], [ 1036114.173921063076705, 4064890.365846035070717 ], [ 1040497.873277451843023, 4067686.977739490102977 ], [ 1046083.225870228139684, 4065764.877959109842777 ], [ 1059123.772910584695637, 4075990.816750423982739 ], [ 1063822.173263678327203, 4078721.707994000520557 ], [ 1068622.665309409843758, 4085574.643737920559943 ], [ 1077347.633626723196357, 4091207.329449759330601 ], [ 1068656.261963075958192, 4091029.480059263762087 ], [ 1067823.391965595073998, 4088498.061566045507789 ], [ 1040174.074134807335213, 4087273.082462525460869 ], [ 1007406.004735213238746, 4085519.25639170082286 ] ] ] } },
{ "type": "Feature", "properties": { "drag_region": "East", "NAME": "Knox" }, "geometry": { "type": "Polygon", "coordinates": [ [ [ 842062.653140190406702, 4013623.742356802336872 ], [ 828876.265877649188042, 4000719.303836648352444 ], [ 831910.089105888037011, 3996707.978879460599273 ], [ 823985.112066771020181, 3990938.84726401977241 ], [ 819758.181679388857447, 3991483.971576600335538 ], [ 816390.003475739969872, 3984614.765288200695068 ], [ 813124.449439162970521, 3985476.74037504568696 ], [ 813217.731032426119782, 3982140.714764467906207 ], [ 813908.41609540511854, 3980633.811208200640976 ], [ 822950.194890190497972, 3970779.696255510672927 ], [ 824927.255720768473111, 3969787.770723490044475 ], [ 825775.00962442799937, 3974105.480853566434234 ], [ 830585.425289304112084, 3976060.40101745352149 ], [ 837096.43353719112929, 3975398.540745217818767 ], [ 835364.888476148829795, 3978971.272726714145392 ], [ 842820.149599692202173, 3979201.302100636996329 ], [ 846164.153061743709259, 3976062.273215373978019 ], [ 851370.916716682258993, 3975655.923923725262284 ], [ 856393.890193242463283, 3980876.918160747271031 ], [ 867454.859673222876154, 3989550.554300576914102 ], [ 866841.045314034097828, 3998024.067476628813893 ], [ 863399.388106460683048, 4004015.238700045738369 ], [ 867004.491942618158646, 4002706.46052451338619 ], [ 863984.420829275739379, 4005848.489593562204391 ], [ 860870.161504302523099, 4011851.399604528211057 ], [ 843734.489386096247472, 4011863.608833231031895 ], [ 842062.653140190406702, 4013623.742356802336872 ] ] ] } },
{ "type": "Feature", "properties": { "drag_region": "Middle", "NAME": "Van Buren" }, "geometry": { "type": "Polygon", "coordinates": [ [ [ 599187.790149473119527, 3959730.014984887093306 ], [ 598268.630975809879601, 3955904.684415136929601 ], [ 600226.572115129209124, 3955170.128711046185344 ], [ 599000.193349752691574, 3950101.372669488191605 ], [ 600117.298681556480005, 3940110.206863192841411 ], [ 603831.462281510583125, 3930728.712718603666872 ], [ 612594.14060752291698, 3932386.293793596327305 ], [ 615811.284383757039905, 3934724.644460925832391 ], [ 629823.33431107038632, 3952022.275139018893242 ], [ 630709.17821197048761, 3956994.749348616693169 ], [ 630707.481376302428544, 3957090.042032632045448 ], [ 629044.70825034356676, 3959348.321188543923199 ], [ 629357.328598131542094, 3960021.096785159781575 ], [ 629626.005953469313681, 3963171.507559570018202 ], [ 620917.064936177106574, 3960257.243195313494653 ], [ 613088.597293338156305, 3962893.933155387639999 ], [ 606653.858569524250925, 3959458.4040995426476 ], [ 602088.953672554926015, 3961010.882407191675156 ], [ 599187.790149473119527, 3959730.014984887093306 ] ] ] } },
{ "type": "Feature", "properties": { "drag_region": "Middle", "NAME": "Macon" }, "geometry": { "type": "Polygon", "coordinates": [ [ [ 523900.111864313250408, 4086266.892005833331496 ], [ 522110.334974919911474, 4069384.183120647910982 ], [ 525330.134459833963774, 4068838.79627548577264 ], [ 527617.035969253629446, 4064665.089906953275204 ], [ 544366.628692292142659, 4062729.351120496634394 ], [ 557899.225110619561747, 4061358.056850690860301 ], [ 559067.040657244506292, 4071093.918923088349402 ], [ 561146.99212983623147, 4084654.140118015930057 ], [ 544449.233889845665544, 4085222.41806378448382 ], [ 523900.111864313250408, 4086266.892005833331496 ] ] ] } },
{ "type": "Feature", "properties": { "drag_region": "East", "NAME": "Rhea" }, "geometry": { "type": "Polygon", "coordinates": [ [ [ 728777.151659625815228, 3951568.984149193856865 ], [ 717410.722692646784708, 3935414.1352265663445 ], [ 711984.704684888827614, 3930064.983774899039418 ], [ 712714.305108116474003, 3925979.942754097748548 ], [ 708573.060079733608291, 3921134.860312839969993 ], [ 711536.38039199449122, 3919475.136884700506926 ], [ 709618.279484004713595, 3917532.218494912143797 ], [ 712939.912647839984857, 3914259.116998043376952 ], [ 715854.137795210583135, 3915268.888433172833174 ], [ 720477.072876028949395, 3912309.910828989930451 ], [ 724909.089068192057312, 3918787.211222179234028 ], [ 726926.866889027063735, 3915778.259955340065062 ], [ 730177.183882407494821, 3916227.7801672401838 ], [ 731385.024679289199412, 3920734.312022271100432 ], [ 734608.595925742061809, 3922329.088389866519719 ], [ 733178.745705997687764, 3928209.289076643995941 ], [ 740331.073042429401539, 3928652.530646615661681 ], [ 738957.444232247653417, 3931863.62931812228635 ], [ 741527.377862179884687, 3933351.398370531853288 ], [ 741329.465995979961008, 3942118.962260822299868 ], [ 746488.108902527485043, 3943953.367696527857333 ], [ 746324.445411561406218, 3951005.714150332845747 ], [ 743401.038734141038731, 3951033.652786707505584 ], [ 744960.117956662666984, 3953834.724183027166873 ], [ 740329.219944225624204, 3957638.356712996959686 ], [ 740949.785503719816916, 3958891.966488289181143 ], [ 739328.369901474914514, 3958855.345078090205789 ], [ 728777.151659625815228, 3951568.984149193856865 ] ] ] } },
{ "type": "Feature", "properties": { "drag_region": "Middle", "NAME": "Cheatham" }, "geometry": { "type": "Polygon", "coordinates": [ [ [ 408808.020272067049518, 4053022.343570865225047 ], [ 406228.36326408496825, 4048737.946649330668151 ], [ 403655.515721668780316, 4049504.647417875472456 ], [ 394624.060856172756758, 4041807.642783384770155 ], [ 393969.246903278341051, 4038188.583209701348096 ], [ 397835.839863630477339, 4038368.566950848326087 ], [ 405886.874847102211788, 4036350.994576273486018 ], [ 405558.592942368006334, 4032635.319911981932819 ], [ 402329.656712628784589, 4030068.41635840665549 ], [ 404907.037158034334425, 4028634.360550676006824 ], [ 402644.117833870404866, 4025970.476715781260282 ], [ 406186.974490102147684, 4022057.555754635948688 ], [ 404891.689242764376104, 4019582.237477470654994 ], [ 403255.559947027126327, 4007960.467088826932013 ], [ 414893.828452914895024, 4007469.965109808370471 ], [ 416189.23755449289456, 4012900.506832199636847 ], [ 419743.41822516528191, 4016711.169520825147629 ], [ 421033.633601922367234, 4027478.489214772358537 ], [ 428115.023530926497187, 4043109.548245741985738 ], [ 427469.415409763052594, 4044919.423629853874445 ], [ 420709.193210535042454, 4043391.377526532392949 ], [ 419099.465841082565021, 4045964.122993104625493 ], [ 408808.020272067049518, 4053022.343570865225047 ] ] ] } }
]
}
