{
"type": "FeatureCollection",
"name": "tmpa4_yv4vr",
"crs": { "type": "name", "properties": { "name": "urn:ogc:def:crs:EPSG::32617" } },
"features": [
{ "type": "Feature", "properties": { "drag_region": "North", "NAME": "Haralson" }, "geometry": { "type": "Polygon", "coordinates": [ [ [ 26677.757745544760837, 3822266.93329906091094 ], [ 30162.592683682727511, 3794416.854615351185203 ], [ 34489.873461620692979, 3794140.431461827363819 ], [ 48696.876499790741946, 3798908.056976380757987 ], [ 51670.701957521305303, 3798216.129185133147985 ], [ 57084.394415442933678, 3800198.133140855003148 ], [ 57512.129130132656428, 3811066.753621495328844 ], [ 58505.90419033895887, 3810932.159716494847089 ], [ 59243.190835670262459, 3821215.695648228283972 ], [ 42975.126651561338804, 3822061.002453554887325 ], [ 42943.792830259932089, 3821298.224809551145881 ], [ 26677.757745544760837, 3822266.93329906091094 ] ] ] } },
{ "type": "Feature", "properties": { "drag_region": "South", "NAME": "Bleckley" }, "geometry": { "type": "Polygon", "coordinates": [ [ [ 273079.453671574068721, 3555485.122740385588259 ], [ 272948.058448525087442, 3549864.462632371112704 ], [ 286815.049492149439175, 3535158.947373257484287 ], [ 292687.324870690179523, 3540845.573458942119032 ], [ 290700.687861636455636, 3542794.201827599667013 ], [ 303451.920575668860693, 3554820.629964537918568 ], [ 306761.627445366524626, 3551513.804087080992758 ], [ 298694.736734278092626, 3569499.564557125791907 ], [ 273079.453671574068721, 3555485.122740385588259 ] ] ] } },
{ "type": "Feature", "properties": { "drag_region": "West", "NAME": "Sumter" }, "geometry": { "type": "Polygon", "coordinates": [ [ [ 119696.552806445863098, 3512449.226724110543728 ], [ 117750.947019483195618, 3494004.951516309287399 ], [ 127273.395554304413963, 3483309.385987647343427 ], [ 127420.302010414074175, 3488073.919699957594275 ], [ 166788.701511021296028, 3486172.402797108050436 ], [ 166901.918788921029773, 3490364.468891827389598 ], [ 163421.709097067301627, 3499707.850376057904214 ], [ 160907.025497038383037, 3506928.557375923264772 ], [ 157020.399669306818396, 3513426.092052543535829 ], [ 157754.074486456811428, 3515407.900316800456494 ], [ 152401.988988881290425, 3517848.711913265287876 ], [ 147642.985745705896989, 3517318.908017016481608 ], [ 147779.286888167494908, 3521987.893381468486041 ], [ 143388.415271548903547, 3522403.218640810344368 ], [ 143154.168379100679886, 3514494.385284543037415 ], [ 119812.035665639152285, 3516070.514770204667002 ], [ 119696.552806445863098, 3512449.226724110543728 ] ] ] } },
{ "type": "Feature", "properties": { "drag_region": "North", "NAME": "Meriwether" }, "geometry": { "type": "Polygon", "coordinates": [ [ [ 87974.364441700803582, 3704204.509627895895392 ], [ 87067.740652533364482, 3679610.708822855725884 ], [ 87008.448826476174872, 3668826.840622024610639 ], [ 97077.39992055168841, 3668081.469835719559342 ], [ 101685.544369165319949, 3665150.954722450580448 ], [ 114126.867732524173334, 3664817.60433578165248 ], [ 119977.710848224000074, 3668724.134918761439621 ], [ 118412.536275992228184, 3672211.301397354342043 ], [ 118626.527960145787802, 3678596.989963880740106 ], [ 117763.873117581009865, 3682919.750012977980077 ], [ 119860.424771326768678, 3695348.966167814098299 ], [ 122100.345106041815598, 3702143.901464374735951 ], [ 121906.001280098513234, 3706348.759519709274173 ], [ 89109.092638633330353, 3707694.456149197183549 ], [ 87974.364441700803582, 3704204.509627895895392 ] ] ] } },
{ "type": "Feature", "properties": { "drag_region": "North", "NAME": "Douglas" }, "geometry": { "type": "Polygon", "coordinates": [ [ [ 86128.147656418965198, 3804049.237690468784422 ], [ 84925.478165718435775, 3781086.924062668345869 ], [ 93927.428296729980502, 3780751.174747238401324 ], [ 99490.094968374061864, 3786847.61989018227905 ], [ 108613.71998718829127, 3790147.282098962459713 ], [ 109027.709073788544629, 3792423.193883882835507 ], [ 116251.012138282181695, 3798850.524131018202752 ], [ 112164.047603020793758, 3805769.443217616528273 ], [ 102861.4599329829216, 3806292.636796507518739 ], [ 102788.985878639738075, 3804290.813486358616501 ], [ 88431.247488834662363, 3803293.875649492722005 ], [ 86128.147656418965198, 3804049.237690468784422 ] ] ] } },
{ "type": "Feature", "properties": { "drag_region": "North", "NAME": "Coweta" }, "geometry": { "type": "Polygon", "coordinates": [ [ [ 88862.249328969075577, 3757051.869091661646962 ], [ 88120.470456733106403, 3755074.793293945491314 ], [ 83010.444740802951856, 3752497.743288694880903 ], [ 80205.985136568458984, 3749071.530787635128945 ], [ 75948.85165408832836, 3751429.903150083962828 ], [ 73145.078862815949833, 3748100.83391349343583 ], [ 79315.049527149676578, 3725524.94598020799458 ], [ 86341.388725642493227, 3725166.924674140755087 ], [ 86207.39887413525139, 3721544.54156305687502 ], [ 87342.127071067778161, 3725034.488084358163178 ], [ 120139.035712532961043, 3723688.791454870253801 ], [ 120607.85974881137372, 3727680.615678200032562 ], [ 117556.167986491782358, 3736466.773468177299947 ], [ 112627.398058728053002, 3739116.423005905933678 ], [ 109263.826102801569505, 3748203.67778131691739 ], [ 111178.630761498905485, 3755198.982540250290185 ], [ 110210.983471218583873, 3756187.060782975051552 ], [ 88862.249328969075577, 3757051.869091661646962 ] ] ] } },
{ "type": "Feature", "properties": { "drag_region": "Central", "NAME": "Clarke" }, "geometry": { "type": "Polygon", "coordinates": [ [ [ 285080.17238470504526, 3856172.1060089180246 ], [ 287638.378093553765211, 3852200.148294117301702 ], [ 295591.477280085033271, 3851532.438579089473933 ], [ 304370.468491226900369, 3843321.811991199385375 ], [ 308671.267585948400665, 3842462.958757422864437 ], [ 312129.981525472423527, 3848678.231509579811245 ], [ 309235.484469097980764, 3852936.163513834122568 ], [ 310701.259511139127426, 3859195.209773755632341 ], [ 301522.765134705521632, 3863978.10570756578818 ], [ 288455.450009342690464, 3858472.731337308883667 ], [ 285080.17238470504526, 3856172.1060089180246 ] ] ] } },
{ "type": "Feature", "properties": { "drag_region": "North", "NAME": "Bartow" }, "geometry": { "type": "Polygon", "coordinates": [ [ [ 74239.196104934089817, 3871491.260723130777478 ], [ 73332.724825912038796, 3857012.495692214928567 ], [ 84929.46837430994492, 3856464.395415030885488 ], [ 109105.696998241939582, 3855089.600452766753733 ], [ 109601.794897812884301, 3868911.785768311005086 ], [ 110362.858753900334705, 3871652.465281375683844 ], [ 111103.843292994482908, 3892243.053427007514983 ], [ 103511.541116612846963, 3892520.026228305883706 ], [ 103444.737407977809198, 3890708.741086309310049 ], [ 83314.595089832611848, 3891759.293579437304288 ], [ 83247.601968413218856, 3890043.181428807321936 ], [ 78331.489800883980934, 3891191.268642827868462 ], [ 78462.049900895392057, 3886125.107373205013573 ], [ 76810.017668769462034, 3886190.493637617211789 ], [ 75893.86925099499058, 3871425.641375054139644 ], [ 74239.196104934089817, 3871491.260723130777478 ] ] ] } },
{ "type": "Feature", "properties": { "drag_region": "West", "NAME": "Decatur" }, "geometry": { "type": "Polygon", "coordinates": [ [ [ 56757.376595471563633, 3300646.150292873382568 ], [ 57726.910170468021533, 3298799.682021564338356 ], [ 104097.118195491595543, 3294916.452256938442588 ], [ 105748.021321456166334, 3338069.022881848737597 ], [ 93066.44936508241517, 3338367.394847548101097 ], [ 80050.499068194229039, 3338978.163802564144135 ], [ 80006.633552258761483, 3337644.004006042145193 ], [ 71787.12138727591082, 3338108.222441946156323 ], [ 69624.208551506962976, 3335032.652648093178868 ], [ 68734.047433679035748, 3318842.938665818423033 ], [ 65290.875990676271613, 3308559.59055598732084 ], [ 59335.885643267058185, 3305518.947846115101129 ], [ 56757.376595471563633, 3300646.150292873382568 ] ] ] } },
{ "type": "Feature", "properties": { "drag_region": "Central", "NAME": "Jones" }, "geometry": { "type": "Polygon", "coordinates": [ [ [ 250124.437214438221417, 3735194.996203864458948 ], [ 256288.850943328026915, 3727403.47188493842259 ], [ 259323.851691066840431, 3715025.259037401992828 ], [ 260563.874867033853661, 3710989.092006905004382 ], [ 264177.99146956653567, 3707751.114215621259063 ], [ 269551.837716102018021, 3707617.124996580649167 ], [ 277498.907310647075064, 3702658.072194328065962 ], [ 287713.928803550545126, 3708329.787472703494132 ], [ 292483.290538521076087, 3711272.150522867683321 ], [ 287569.460237359278835, 3731305.235715862829238 ], [ 286434.807963432860561, 3740196.505182791966945 ], [ 275351.904573443578556, 3738934.712803495116532 ], [ 250124.437214438221417, 3735194.996203864458948 ] ] ] } },
{ "type": "Feature", "properties": { "drag_region": "South", "NAME": "Tift" }, "geometry": { "type": "Polygon", "coordinates": [ [ [ 249040.249683247937355, 3408729.157400081399828 ], [ 247987.35263490860234, 3379302.362994459457695 ], [ 266424.465404751012102, 3378397.686132055241615 ], [ 268874.847760088392533, 3381011.541399203240871 ], [ 275143.605914008512627, 3386496.987429017201066 ], [ 275295.778792357072234, 3393545.432302152272314 ], [ 278392.208993429900147, 3394717.777130849659443 ], [ 274654.844968196994159, 3395465.196752705611289 ], [ 273070.357285807898734, 3401026.871698109433055 ], [ 270736.883618746767752, 3403460.659947983454913 ], [ 263282.709588919125963, 3405534.343602708075196 ], [ 263343.693696581001859, 3408201.490641094744205 ], [ 249040.249683247937355, 3408729.157400081399828 ] ] ] } },
{ "type": "Feature", "properties": { "drag_region": "Central", "NAME": "Morgan" }, "geometry": { "type": "Polygon", "coordinates": [ [ [ 268183.184496759087779, 3804606.762152509763837 ], [ 267647.610284925671294, 3796802.028206555172801 ], [ 281402.837305193708744, 3786254.873870578128844 ], [ 304885.313371316937264, 3791144.396558756474406 ], [ 306006.92401238437742, 3796648.273536599241197 ], [ 299174.426878235826734, 3804235.613359645940363 ], [ 296984.586841238371562, 3810481.747451620642096 ], [ 293764.331544602813665, 3815227.350616114214063 ], [ 290167.368593599356245, 3817981.235392335802317 ], [ 287386.60088572622044, 3826913.88358326209709 ], [ 284769.581466233881656, 3828693.367624116130173 ], [ 268183.184496759087779, 3804606.762152509763837 ] ] ] } },
{ "type": "Feature", "properties": { "drag_region": "Central", "NAME": "Barrow" }, "geometry": { "type": "Polygon", "coordinates": [ [ [ 249282.440836888592457, 3877684.833309535868466 ], [ 244261.481951749796281, 3864091.330671531613916 ], [ 247185.173972073127516, 3861816.359716903883964 ], [ 250669.732213625800796, 3855712.522656735498458 ], [ 253883.402833499072585, 3851715.619405256118625 ], [ 261916.308462828834308, 3853982.109554670285434 ], [ 264539.720171006803866, 3852674.490628051105887 ], [ 274995.285764195257798, 3859084.65049030771479 ], [ 272522.902848628640641, 3866392.483982351608574 ], [ 267926.192085771239363, 3868225.141536945942789 ], [ 254060.766561685828492, 3870592.468819736037403 ], [ 249282.440836888592457, 3877684.833309535868466 ] ] ] } },
{ "type": "Feature", "properties": { "drag_region": "West", "NAME": "Calhoun" }, "geometry": { "type": "Polygon", "coordinates": [ [ [ 65439.65868669890915, 3423736.895178388804197 ], [ 67831.336280293151503, 3423749.135587881784886 ], [ 68263.327576083916938, 3416482.117007264401764 ], [ 82593.257663007156225, 3415710.875334540847689 ], [ 96569.360677224729443, 3414589.15173076512292 ], [ 100759.034308595961193, 3417413.67991790920496 ], [ 102402.982710535317892, 3415359.079083950258791 ], [ 104180.931640786322532, 3417592.818913509137928 ], [ 100198.75561186883715, 3432120.932330513373017 ], [ 101003.870629452896537, 3436006.382465326227248 ], [ 88054.02259671597858, 3436328.550330603029579 ], [ 82344.600819714280078, 3438998.42866411851719 ], [ 81577.087163104937645, 3436448.072386177256703 ], [ 66243.500611014693277, 3436973.072807246353477 ], [ 65439.65868669890915, 3423736.895178388804197 ] ] ] } },
{ "type": "Feature", "properties": { "drag_region": "Central", "NAME": "Madison" }, "geometry": { "type": "Polygon", "coordinates": [ [ [ 301902.65019728889456, 3887968.799118409864604 ], [ 305455.295898491924163, 3884167.614946622867137 ], [ 305996.135362003522459, 3878911.729750371072441 ], [ 303175.963249239546712, 3871636.441254973877221 ], [ 314647.696580314834137, 3865656.352175095584244 ], [ 318299.023588262673002, 3865767.148424764163792 ], [ 327359.59051491227001, 3870817.512940349522978 ], [ 334247.613506219233386, 3867150.508721835911274 ], [ 340936.031505843857303, 3870068.962450589984655 ], [ 335426.119602317456156, 3876372.283090939745307 ], [ 332569.307490754465107, 3882529.843604007270187 ], [ 329634.001140977023169, 3884686.829400519840419 ], [ 332064.642703969497234, 3890260.729915203060955 ], [ 328872.619424454052933, 3895854.898882664274424 ], [ 323170.991251364932396, 3892066.789558520540595 ], [ 313939.011264230997767, 3893412.410984408576041 ], [ 311663.631855149462353, 3895179.50365338800475 ], [ 306271.396567405201495, 3890822.16058687819168 ], [ 301902.65019728889456, 3887968.799118409864604 ] ] ] } },
{ "type": "Feature", "properties": { "drag_region": "South", "NAME": "Dooly" }, "geometry": { "type": "Polygon", "coordinates": [ [ [ 200764.502430576161714, 3509454.979592692572623 ], [ 200030.827613426168682, 3507473.171328435651958 ], [ 203917.453441157733323, 3500975.636651815380901 ], [ 206432.137041186651913, 3493754.929651950020343 ], [ 239656.188159385463223, 3492611.140528933145106 ], [ 240237.161803669296205, 3502605.740208354778588 ], [ 240694.965685791190481, 3521468.461373784113675 ], [ 218048.001875041314634, 3522330.869940618053079 ], [ 213283.17703235623776, 3521314.465336854103953 ], [ 206757.555540990986628, 3517869.625149304512888 ], [ 200764.502430576161714, 3509454.979592692572623 ] ] ] } },
{ "type": "Feature", "properties": { "drag_region": "Central", "NAME": "McDuffie" }, "geometry": { "type": "Polygon", "coordinates": [ [ [ 404971.601434028707445, 3803472.210526945069432 ], [ 402673.211684854119085, 3805696.796295690815896 ], [ 398977.95932862337213, 3803464.617314851377159 ], [ 395334.956536718644202, 3804758.408213538117707 ], [ 392273.62912415235769, 3800613.3620625580661 ], [ 389270.426986942416988, 3800279.621774679515511 ], [ 394995.628950308077037, 3782563.255055076442659 ], [ 397941.446485053864308, 3778707.699779173824936 ], [ 398541.093906306428835, 3774125.508894751779735 ], [ 401827.863767596776597, 3770456.881209189072251 ], [ 407171.221581829711795, 3770285.705980638507754 ], [ 413475.052767930319533, 3766960.824963041115552 ], [ 416149.499472131370567, 3767020.985472481232136 ], [ 421887.89756929455325, 3771616.124367988202721 ], [ 417618.455204006633721, 3777290.859323343262076 ], [ 417973.056549999979325, 3778905.849620193708688 ], [ 413704.211681487737224, 3784201.517491123639047 ], [ 412109.725234520388767, 3789653.365117268636823 ], [ 413796.903290904941969, 3791155.06135385343805 ], [ 408827.507644157391042, 3793413.938606170937419 ], [ 411217.343140557291918, 3797573.114083017222583 ], [ 408630.824409174150787, 3803229.967595809604973 ], [ 409982.152184279868379, 3804640.356851869728416 ], [ 404971.601434028707445, 3803472.210526945069432 ] ] ] } },
{ "type": "Feature", "properties": { "drag_region": "West", "NAME": "Grady" }, "geometry": { "type": "Polygon", "coordinates": [ [ [ 121164.91999366748496, 3337093.645987512543797 ], [ 119514.016867702914169, 3293941.075362602248788 ], [ 147682.056430845550494, 3291603.728240856900811 ], [ 149072.909310731949518, 3317116.697234644088894 ], [ 145494.783043320669094, 3324271.719638054259121 ], [ 145831.723730463214451, 3336276.02629757579416 ], [ 121164.91999366748496, 3337093.645987512543797 ] ] ] } },
{ "type": "Feature", "properties": { "drag_region": "North", "NAME": "Fannin" }, "geometry": { "type": "Polygon", "coordinates": [ [ [ 134505.698541382618714, 3985235.846347682643682 ], [ 133970.586086533905473, 3970459.508644953370094 ], [ 152034.733793125546072, 3970015.150444771163166 ], [ 161700.709655086742714, 3964155.298636712599546 ], [ 166963.632045065518469, 3954059.436464414931834 ], [ 166772.426864563894924, 3948149.838191998656839 ], [ 172275.496710269071627, 3945111.263631837908179 ], [ 171873.764439594000578, 3942834.180524877272546 ], [ 172477.920616657414939, 3941097.679657925851643 ], [ 175599.779629458265845, 3946055.933484905399382 ], [ 180806.774564442806877, 3954671.095803208183497 ], [ 182045.597645845497027, 3962837.490805413108319 ], [ 177796.119571616232861, 3963637.339648677501827 ], [ 177629.038298102503177, 3968794.581443353090435 ], [ 181027.190218922158238, 3972409.393382777459919 ], [ 174694.452552157454193, 3979859.496836960781366 ], [ 179407.314777818042785, 3983622.540575522463769 ], [ 134505.698541382618714, 3985235.846347682643682 ] ] ] } },
{ "type": "Feature", "properties": { "drag_region": "Central", "NAME": "Bibb" }, "geometry": { "type": "Polygon", "coordinates": [ [ [ 236835.46443413887755, 3694819.210806107148528 ], [ 236746.755170462274691, 3691579.580807286780328 ], [ 244215.073615321976831, 3681461.893045126926154 ], [ 250841.277479701704578, 3677284.062978846020997 ], [ 254202.506311241915682, 3677007.17061050189659 ], [ 257518.325478555663722, 3674921.222166472580284 ], [ 263887.117916004499421, 3673619.282844715286046 ], [ 262608.310655016975943, 3676415.231126393191516 ], [ 263424.387096636521164, 3682210.282812047749758 ], [ 265770.016000481788069, 3681771.551741732750088 ], [ 274404.805264052993152, 3691097.220081645064056 ], [ 272108.845661259198096, 3693534.711062096059322 ], [ 264161.776066714141052, 3698493.763864348642528 ], [ 258787.929820178629598, 3698627.753083389252424 ], [ 255173.813217645947589, 3701865.730874672997743 ], [ 253933.790041678934358, 3705901.897905169986188 ], [ 236835.46443413887755, 3694819.210806107148528 ] ] ] } },
{ "type": "Feature", "properties": { "drag_region": "South", "NAME": "Pulaski" }, "geometry": { "type": "Polygon", "coordinates": [ [ [ 254823.525543391122483, 3524527.139211661648005 ], [ 255499.753126468567643, 3524510.665621780324727 ], [ 255041.949244346702471, 3505647.94445635098964 ], [ 271299.079153126047458, 3505172.020263331010938 ], [ 273031.209074631333351, 3506848.534025543369353 ], [ 278426.903756269603036, 3505680.479843692388386 ], [ 280415.661135204369202, 3503635.758918402250856 ], [ 283529.773175528040156, 3506618.23593114130199 ], [ 281877.614535241038539, 3508559.778818239457905 ], [ 284991.928328345296904, 3511637.874498310964555 ], [ 277381.377021013060585, 3519713.291380425449461 ], [ 280141.364419143181294, 3522130.517320641316473 ], [ 266274.373375518829562, 3536836.032579754944891 ], [ 263572.935748884803616, 3536899.504057575948536 ], [ 254823.525543391122483, 3524527.139211661648005 ] ] ] } },
{ "type": "Feature", "properties": { "drag_region": "Central", "NAME": "Butts" }, "geometry": { "type": "Polygon", "coordinates": [ [ [ 212308.774626855098177, 3762923.440165786538273 ], [ 213606.703814012347721, 3761549.595923417713493 ], [ 210151.334769437555224, 3757932.641024047508836 ], [ 209986.01310189551441, 3752405.478320918045938 ], [ 217684.662169341230765, 3752178.404782074969262 ], [ 234749.531779431039467, 3751506.0726702590473 ], [ 238034.813043788948562, 3749128.286688204389066 ], [ 238889.182004540227354, 3755970.763056710828096 ], [ 236809.481944388884585, 3765658.140394535847008 ], [ 234924.685560069105122, 3770096.276606769300997 ], [ 230399.867674644629005, 3775657.575073677580804 ], [ 229481.33425722195534, 3778639.718637384008616 ], [ 224693.856341609382071, 3774770.071052762214094 ], [ 225592.477241727814544, 3771120.374098360538483 ], [ 219201.082954456680454, 3769778.47088279761374 ], [ 216360.23796854855027, 3764138.986494235694408 ], [ 212308.774626855098177, 3762923.440165786538273 ] ] ] } },
{ "type": "Feature", "properties": { "drag_region": "North", "NAME": "Lamar" }, "geometry": { "type": "Polygon", "coordinates": [ [ [ 167308.45301832066616, 3702425.29892552504316 ], [ 166459.246954553411342, 3685853.604296170175076 ], [ 164280.814075941510964, 3680579.353466202970594 ], [ 178368.00200189917814, 3679960.251602770294994 ], [ 177842.851244669640437, 3673585.584822673816234 ], [ 184555.184450019849464, 3673293.318856609519571 ], [ 185876.67586122622015, 3684127.253854049369693 ], [ 186435.514870800427161, 3703376.179241373669356 ], [ 178736.865803354710806, 3703603.252780216746032 ], [ 178657.134239104285371, 3700934.978485808242112 ], [ 169284.90164629771607, 3701314.843737975694239 ], [ 167308.45301832066616, 3702425.29892552504316 ] ] ] } },
{ "type": "Feature", "properties": { "drag_region": "East", "NAME": "Evans" }, "geometry": { "type": "Polygon", "coordinates": [ [ [ 482796.198883197503164, 3534686.370081161614507 ], [ 477736.250364710344002, 3535876.290121247526258 ], [ 481592.624582275399007, 3513935.670196188148111 ], [ 490371.844297581003048, 3510431.187170246150345 ], [ 502229.830669006332755, 3510054.836462568026036 ], [ 506326.673662254004739, 3514597.707831186242402 ], [ 502951.567254749126732, 3516334.926698273513466 ], [ 500619.617413195199333, 3521684.476517309900373 ], [ 497306.4110144788865, 3531137.098635683301836 ], [ 490238.941125949728303, 3535288.429000676143914 ], [ 482796.198883197503164, 3534686.370081161614507 ] ] ] } },
{ "type": "Feature", "properties": { "drag_region": "South", "NAME": "Atkinson" }, "geometry": { "type": "Polygon", "coordinates": [ [ [ 321257.319113417819608, 3379543.217008379753679 ], [ 323875.723408314806875, 3373680.667631024494767 ], [ 328918.947335853939876, 3369393.084739719517529 ], [ 331197.521463130775373, 3363253.464906911365688 ], [ 329400.18823773105396, 3358523.222908295691013 ], [ 329643.315602838469204, 3353183.616329357493669 ], [ 365561.846364032535348, 3352579.924915141426027 ], [ 362892.651554149982985, 3357002.094487838912755 ], [ 362986.460002092877403, 3363096.723965286277235 ], [ 369473.578153182810638, 3362617.806939842179418 ], [ 369961.59472035622457, 3372516.463106406386942 ], [ 351866.445453385764267, 3372799.73002660786733 ], [ 349887.962672810943332, 3377024.053445123601705 ], [ 338626.88338145747548, 3377313.823646392207593 ], [ 338655.727308812143747, 3378932.853530516382307 ], [ 321257.319113417819608, 3379543.217008379753679 ] ] ] } },
{ "type": "Feature", "properties": { "drag_region": "West", "NAME": "Miller" }, "geometry": { "type": "Polygon", "coordinates": [ [ [ 75645.62079231289681, 3376556.949984384234995 ], [ 49292.649792477837764, 3377078.603990010917187 ], [ 48230.40150859230198, 3356789.288417729083449 ], [ 74603.038712684996426, 3355316.814773111138493 ], [ 74646.904228620463982, 3356650.974569633137435 ], [ 84239.089878732571378, 3356244.509759744629264 ], [ 85552.450747476599645, 3375852.916583161335438 ], [ 75645.62079231289681, 3376556.949984384234995 ] ] ] } },
{ "type": "Feature", "properties": { "drag_region": "South", "NAME": "Crisp" }, "geometry": { "type": "Polygon", "coordinates": [ [ [ 209078.131378120277077, 3479933.554714252706617 ], [ 212558.341069974005222, 3470590.173230022192001 ], [ 212445.123792074271478, 3466398.107135302852839 ], [ 210900.978878590976819, 3459575.11647483240813 ], [ 219687.805158104747534, 3457529.564014443196356 ], [ 223684.670053594221827, 3454279.6507738227956 ], [ 241702.722491934546269, 3453926.133017343934625 ], [ 242302.182496319088386, 3478789.76559123583138 ], [ 209078.131378120277077, 3479933.554714252706617 ] ] ] } },
{ "type": "Feature", "properties": { "drag_region": "South", "NAME": "Coffee" }, "geometry": { "type": "Polygon", "coordinates": [ [ [ 321666.698503724997863, 3397117.066257588099688 ], [ 321894.455017448461149, 3391300.610197842121124 ], [ 339292.863212842785288, 3390690.246719978749752 ], [ 339264.019285488117021, 3389071.216835854575038 ], [ 350525.098576841584872, 3388781.44663458596915 ], [ 352503.581357416405808, 3384557.123216070234776 ], [ 370598.730624386866111, 3384273.856295868754387 ], [ 370770.812204356130678, 3395891.82339313486591 ], [ 373499.046270446444396, 3395851.710346874315292 ], [ 373982.865338905830868, 3405655.423206267412752 ], [ 370917.9134443331277, 3405795.80238449620083 ], [ 371106.580885755305644, 3418461.653490668628365 ], [ 351367.721904690901283, 3418679.737490250729024 ], [ 351637.536416562041268, 3434679.793897439260036 ], [ 348515.65468489122577, 3431017.564488572068512 ], [ 337999.201624012493994, 3432346.890164848417044 ], [ 336275.308011906046886, 3431044.571241416968405 ], [ 336056.970969463058282, 3419139.290145394857973 ], [ 334277.992857280711178, 3414979.951516891829669 ], [ 330142.226106713700574, 3412389.372255756519735 ], [ 330045.401701963506639, 3407246.301074063405395 ], [ 324749.100926930957939, 3397724.202677469700575 ], [ 321666.698503724997863, 3397117.066257588099688 ] ] ] } },
{ "type": "Feature", "properties": { "drag_region": "South", "NAME": "Ben Hill" }, "geometry": { "type": "Polygon", "coordinates": [ [ [ 276322.685358417278621, 3447692.698612143285573 ], [ 278816.861042964505032, 3437724.232294147834182 ], [ 291056.608783280069474, 3437360.217300025746226 ], [ 290875.731286556110717, 3428882.846537917852402 ], [ 296318.908610339683946, 3428672.977683630306274 ], [ 296261.514108983974438, 3425910.757133012171835 ], [ 304766.032820482447278, 3425451.754860872868448 ], [ 304824.949688492401037, 3428404.391662985086441 ], [ 321829.850051256536972, 3427507.303559800144285 ], [ 322048.187093699525576, 3439412.584655822254717 ], [ 318983.519274892227259, 3439183.499819440767169 ], [ 313955.625118991883937, 3442994.500449457671493 ], [ 308863.916908434068318, 3443379.256727064028382 ], [ 305200.398720282537397, 3447168.169300395529717 ], [ 302135.364117707882542, 3446848.946149921510369 ], [ 276322.685358417278621, 3447692.698612143285573 ] ] ] } },
{ "type": "Feature", "properties": { "drag_region": "West", "NAME": "Chattahoochee" }, "geometry": { "type": "Polygon", "coordinates": [ [ [ 48167.803327723784605, 3556705.727349389810115 ], [ 46246.038354442425771, 3550572.715367408934981 ], [ 52235.258761113189394, 3547677.936533563304693 ], [ 56155.915685220708838, 3543716.755484148859978 ], [ 53316.278488082258264, 3540193.261970221530646 ], [ 78033.039648603968089, 3539510.794253018684685 ], [ 79365.664497283491073, 3568568.532655132003129 ], [ 81206.172673447261332, 3572990.311712530441582 ], [ 75745.891314338747179, 3571365.383881384506822 ], [ 73003.300743916275678, 3570220.38388866186142 ], [ 68613.638319725141628, 3560736.017301257234067 ], [ 57762.681871050706832, 3559979.569294188171625 ], [ 51540.533114074642072, 3556389.655059466604143 ], [ 48167.803327723784605, 3556705.727349389810115 ] ] ] } },
{ "type": "Feature", "properties": { "drag_region": "North", "NAME": "Heard" }, "geometry": { "type": "Polygon", "coordinates": [ [ [ 32962.916662255709525, 3745799.45799427293241 ], [ 36962.537362261849921, 3712495.47213161084801 ], [ 48173.191207610070705, 3715867.394680949859321 ], [ 49313.160693037381861, 3719259.98812042362988 ], [ 51221.928189693600871, 3716607.112548646517098 ], [ 65178.861361465475056, 3721990.367405823431909 ], [ 59008.890697131748311, 3744566.25533910933882 ], [ 32962.916662255709525, 3745799.45799427293241 ] ] ] } },
{ "type": "Feature", "properties": { "drag_region": "Central", "NAME": "Newton" }, "geometry": { "type": "Polygon", "coordinates": [ [ [ 222746.691497700347099, 3796962.358670357149094 ], [ 223991.455671368632466, 3793873.792193894274533 ], [ 231945.950325074547436, 3791832.596737993881106 ], [ 233829.698635529610328, 3787583.167268470861018 ], [ 234748.232052952283993, 3784601.023704764433205 ], [ 239273.04993837676011, 3779039.725237856153399 ], [ 242354.754367644432932, 3781720.846936333458871 ], [ 242820.846876067633275, 3786571.441468206234276 ], [ 247873.498050887545105, 3788151.68481785710901 ], [ 251293.656326855620136, 3791207.589823839254677 ], [ 256982.270366896496853, 3791726.689841566607356 ], [ 256428.479353843868012, 3796126.994204504881054 ], [ 256964.053565677284496, 3803931.72815045947209 ], [ 252110.129496646812186, 3809493.811756787821651 ], [ 249781.803395673952764, 3809651.035542306490242 ], [ 235434.64535959699424, 3820821.572284089867026 ], [ 235667.659008767688647, 3817286.281752093695104 ], [ 233811.847399918420706, 3810567.518254070542753 ], [ 222746.691497700347099, 3796962.358670357149094 ] ] ] } },
{ "type": "Feature", "properties": { "drag_region": "North", "NAME": "DeKalb" }, "geometry": { "type": "Polygon", "coordinates": [ [ [ 161617.41961984950467, 3823120.067626042291522 ], [ 155324.957501762575703, 3823705.17272882675752 ], [ 153860.01411382612423, 3788927.75995770143345 ], [ 160187.829329057101859, 3788724.588467282243073 ], [ 163458.298535721347434, 3786713.245175201445818 ], [ 169173.822996592178242, 3788252.477364558726549 ], [ 175397.886775975610362, 3784628.658539266325533 ], [ 181427.992096830013907, 3796848.369453662540764 ], [ 184508.994105851597851, 3799714.312051321845502 ], [ 179932.238764904352138, 3802520.519950203131884 ], [ 172541.798994759767083, 3811138.644483953714371 ], [ 168291.177620716422098, 3813464.344425782561302 ], [ 163140.159756293141982, 3818778.242502058390528 ], [ 161617.41961984950467, 3823120.067626042291522 ] ] ] } },
{ "type": "Feature", "properties": { "drag_region": "North", "NAME": "White" }, "geometry": { "type": "Polygon", "coordinates": [ [ [ 224891.094553906965302, 3943753.553402060642838 ], [ 223097.452729352313327, 3938558.669121106620878 ], [ 223362.418612381996354, 3924720.974905943963677 ], [ 226271.361677596985828, 3922635.940244033467025 ], [ 225199.599251029663719, 3919709.392775059211999 ], [ 241673.243161376769422, 3918974.277980881743133 ], [ 246431.025141680904198, 3924380.853119570761919 ], [ 244202.331507857656106, 3927395.041761744767427 ], [ 244327.083940422948217, 3932159.86093513481319 ], [ 242460.449413996742805, 3936309.598441261798143 ], [ 246290.638532554119593, 3944314.890868518035859 ], [ 245723.000848584721098, 3947762.791335824877024 ], [ 240903.647395863139536, 3951991.053931268397719 ], [ 232011.64132799798972, 3951374.790578075218946 ], [ 227698.307036122103455, 3949969.238433269318193 ], [ 227216.673591322643915, 3944546.191812535282224 ], [ 224891.094553906965302, 3943753.553402060642838 ] ] ] } },
{ "type": "Feature", "properties": { "drag_region": "North", "NAME": "Floyd" }, "geometry": { "type": "Polygon", "coordinates": [ [ [ 22426.418243205000181, 3883937.392609022557735 ], [ 25400.981772070459556, 3860877.605835359543562 ], [ 40310.797147598466836, 3860052.581015503033996 ], [ 40410.287636369816028, 3862436.348019424825907 ], [ 59943.899922159791458, 3861163.726371424738318 ], [ 60793.661269423027989, 3874212.374191794078797 ], [ 62448.334415483928751, 3874146.754843717440963 ], [ 63364.482833258400206, 3888911.607106280513108 ], [ 65016.515065384330228, 3888846.220841868314892 ], [ 64885.954965372919105, 3893912.38211149116978 ], [ 57659.340660650108475, 3895156.170611113775522 ], [ 55623.046021453512367, 3902019.363247822504491 ], [ 57610.54661976674106, 3902129.738218518905342 ], [ 57961.975804736139253, 3910806.242995014879853 ], [ 60273.324484367971309, 3910808.321837089955807 ], [ 60143.756170613691211, 3915779.590533293318003 ], [ 56519.646020211395808, 3915926.630306180100888 ], [ 49235.350470014906023, 3899416.006973796524107 ], [ 34727.070931122871116, 3892671.01047039963305 ], [ 29367.166056145273615, 3883539.244094886351377 ], [ 22426.418243205000181, 3883937.392609022557735 ] ] ] } },
{ "type": "Feature", "properties": { "drag_region": "North", "NAME": "Murray" }, "geometry": { "type": "Polygon", "coordinates": [ [ [ 101408.40982080741378, 3982023.424929329194129 ], [ 98160.802576169618987, 3974414.043249504640698 ], [ 100282.88441790775687, 3969749.795236048754305 ], [ 97915.41309228267346, 3968026.311737848445773 ], [ 95746.727081746983458, 3962953.808907955884933 ], [ 96453.933570378358127, 3955670.112540701869875 ], [ 95291.490539938924485, 3951131.771251861937344 ], [ 89736.445721022042562, 3952301.941467218101025 ], [ 92863.375407162195188, 3947979.071330501232296 ], [ 87930.947904232496512, 3948266.660677277483046 ], [ 90366.956587709733867, 3943110.769657731056213 ], [ 90947.774131973928888, 3941083.055904867127538 ], [ 100465.623372759568156, 3939859.479699724819511 ], [ 108429.503010299595189, 3941185.121275874786079 ], [ 109319.118281939430744, 3938479.433123713824898 ], [ 113867.969378848632914, 3936595.069363456685096 ], [ 114456.749406253467896, 3952801.177784506697208 ], [ 116602.345726522107725, 3957496.082127676811069 ], [ 121414.899009069791646, 3963240.951614705845714 ], [ 118250.977259632680216, 3966695.585230119526386 ], [ 118786.089714481393457, 3981471.922932848799974 ], [ 101408.40982080741378, 3982023.424929329194129 ] ] ] } },
{ "type": "Feature", "properties": { "drag_region": "North", "NAME": "Walker" }, "geometry": { "type": "Polygon", "coordinates": [ [ [ 12616.545548036170658, 3944130.115576914511621 ], [ 13103.758231724437792, 3940285.789499495178461 ], [ 55270.723591569345444, 3938295.654694749508053 ], [ 57075.233280293061398, 3942138.448747754562646 ], [ 57509.240445864968933, 3952912.52930805971846 ], [ 46658.145483550964855, 3953452.108555583748966 ], [ 49177.290826037060469, 3958601.069580802228302 ], [ 43949.116712427639868, 3959582.723391183186322 ], [ 44321.019102506106719, 3968450.578809635713696 ], [ 38409.455441469792277, 3968700.663256987463683 ], [ 39028.330072380427737, 3983194.89631376741454 ], [ 30166.459350496763363, 3983387.135737800039351 ], [ 24510.090280810720287, 3974367.87884109467268 ], [ 21544.622080891916994, 3966855.246735933236778 ], [ 21188.962229669094086, 3958844.668144939932972 ], [ 16944.137207543302793, 3952344.968960543163121 ], [ 16799.183037435403094, 3949102.548158829566091 ], [ 12616.545548036170658, 3944130.115576914511621 ] ] ] } },
{ "type": "Feature", "properties": { "drag_region": "East", "NAME": "Liberty" }, "geometry": { "type": "Polygon", "coordinates": [ [ [ 513393.979256850085221, 3499501.655360942706466 ], [ 507604.947952258051373, 3495830.193746595177799 ], [ 510286.761711967992596, 3491715.241991604212672 ], [ 514688.790343935717829, 3490731.563834886066616 ], [ 515003.055148066836409, 3487110.74495269311592 ], [ 512918.944326185737737, 3480268.912472160067409 ], [ 520342.174983046366833, 3472982.090178607963026 ], [ 524403.806090437807143, 3470386.183222681749612 ], [ 524730.173802484176122, 3468098.906056727282703 ], [ 538632.701091221533716, 3460694.527719844598323 ], [ 544389.342234146082774, 3454195.252806502860039 ], [ 550861.01157760748174, 3455695.124113130848855 ], [ 560728.439441808033735, 3455190.830038173124194 ], [ 566845.667308432864957, 3450512.515673751942813 ], [ 566837.66872646054253, 3446037.440399306826293 ], [ 568879.207270379760303, 3444700.995859916321933 ], [ 572635.63884252065327, 3452217.643737570848316 ], [ 572985.635680416715331, 3460215.315465657040477 ], [ 567884.617170622572303, 3460889.211382756009698 ], [ 566529.001121370587498, 3463557.661248757503927 ], [ 560755.69833325361833, 3466616.781018750742078 ], [ 559067.707418474485166, 3471191.417029520031065 ], [ 556008.295474356971681, 3470723.60165728116408 ], [ 553986.362169514060952, 3476252.278833425138146 ], [ 552622.124875848297961, 3474447.367846235632896 ], [ 549574.648454963578843, 3477218.908421783242375 ], [ 547234.048011337523349, 3487035.103404715657234 ], [ 541472.701814845320769, 3488486.536634834948927 ], [ 540466.764445034670644, 3491157.147772452328354 ], [ 536049.819579764036462, 3489463.484751156531274 ], [ 529273.914841317106038, 3490926.78733110614121 ], [ 529286.462402236647904, 3493212.121943322476 ], [ 524916.432944343308918, 3499617.237207373604178 ], [ 519861.182965832413174, 3503933.759402642492205 ], [ 517490.822250097873621, 3504044.526729560922831 ], [ 513393.979256850085221, 3499501.655360942706466 ] ] ] } },
{ "type": "Feature", "properties": { "drag_region": "South", "NAME": "Jeff Davis" }, "geometry": { "type": "Polygon", "coordinates": [ [ [ 363081.090696209575981, 3447195.654783084988594 ], [ 362811.276184338435996, 3431195.598375896457583 ], [ 392758.692093466699589, 3430830.24465545732528 ], [ 393015.364801152143627, 3449209.958619601558894 ], [ 401507.155262568150647, 3449094.603859121445566 ], [ 401694.380861325596925, 3463284.174420553259552 ], [ 396610.296947757189628, 3463638.397230068221688 ], [ 395900.416891717410181, 3461362.110292488709092 ], [ 390827.670049146108795, 3462576.299933514557779 ], [ 381262.416976399254054, 3458335.434746413026005 ], [ 377871.486076177738141, 3458578.023501749150455 ], [ 374415.761438420042396, 3454726.512529109138995 ], [ 363081.090696209575981, 3447195.654783084988594 ] ] ] } },
{ "type": "Feature", "properties": { "drag_region": "East", "NAME": "Emanuel" }, "geometry": { "type": "Polygon", "coordinates": [ [ [ 426012.928029363218229, 3610176.946468184236437 ], [ 424266.458433423016686, 3605437.647356848232448 ], [ 419839.381776792986784, 3601688.735509640537202 ], [ 423148.265353259572294, 3597546.300647395197302 ], [ 410576.955584981071297, 3590106.058907016646117 ], [ 413533.848548131936695, 3584917.883252896834165 ], [ 405409.293983293347992, 3582849.2470034789294 ], [ 420550.563665112887975, 3580340.14839696418494 ], [ 430256.719477544829715, 3574494.130464732646942 ], [ 427767.904241269105114, 3564905.910032597370446 ], [ 432777.710724091157317, 3560364.38153452379629 ], [ 432747.618585602729581, 3557983.472704514861107 ], [ 439848.773250051599462, 3558181.991844257339835 ], [ 444273.114876528736204, 3560797.083162407390773 ], [ 442288.189383207820356, 3564439.548053643666208 ], [ 448807.080926820344757, 3573508.957311810925603 ], [ 449194.116793584020343, 3577981.298379573971033 ], [ 452622.436883348680567, 3583087.220891094766557 ], [ 459072.188518744485918, 3587401.183349777013063 ], [ 463429.798683944041841, 3584976.883093706797808 ], [ 466534.84565453149844, 3592566.763097776100039 ], [ 458851.546317449363414, 3598833.006706001237035 ], [ 452972.26629511237843, 3615468.270675509702414 ], [ 446576.681651138758752, 3614587.1670011007227 ], [ 437210.564566904329695, 3618223.747493404895067 ], [ 432814.917450473818462, 3616088.477611021138728 ], [ 427430.727166861353908, 3615587.749048810452223 ], [ 429397.947832996724173, 3611846.36106046801433 ], [ 426012.928029363218229, 3610176.946468184236437 ] ] ] } },
{ "type": "Feature", "properties": { "drag_region": "East", "NAME": "Glynn" }, "geometry": { "type": "Polygon", "coordinates": [ [ [ 516578.544677772035357, 3395694.727031568996608 ], [ 513065.232041820883751, 3381531.1380236572586 ], [ 513040.177002707554493, 3377913.077789966482669 ], [ 520533.64727902028244, 3372722.29271568544209 ], [ 525657.798735781107098, 3371073.14537048060447 ], [ 532852.803260260960087, 3372462.670857659075409 ], [ 531470.123491925303824, 3369803.792055721394718 ], [ 539655.251769902301021, 3362814.40865879599005 ], [ 543757.740891939611174, 3360797.87135930173099 ], [ 546502.816779034794308, 3361929.783932440448552 ], [ 547891.593217893736437, 3367065.953270625788718 ], [ 547915.978241781704128, 3373825.72195084951818 ], [ 550996.540967377019115, 3374100.676640969701111 ], [ 553751.100107188103721, 3379709.250522890128195 ], [ 558202.467012775246985, 3381791.158555883914232 ], [ 560278.030112041975372, 3391592.521160050295293 ], [ 549696.997188191860914, 3394099.351891370955855 ], [ 544572.672080738120712, 3393737.51752033829689 ], [ 533677.820622519473545, 3400641.736255347263068 ], [ 526900.069588439073414, 3409247.403068166226149 ], [ 522771.869833508506417, 3403368.103386969305575 ], [ 520383.856131743756123, 3403478.05059727281332 ], [ 516578.544677772035357, 3395694.727031568996608 ] ] ] } },
{ "type": "Feature", "properties": { "drag_region": "East", "NAME": "Charlton" }, "geometry": { "type": "Polygon", "coordinates": [ [ [ 461134.705035883409437, 3338034.545416003093123 ], [ 429271.454987946432084, 3338678.149858003947884 ], [ 428620.994299265323207, 3314497.174669491127133 ], [ 451625.605948881304357, 3313753.941256022080779 ], [ 454365.250679462216794, 3312963.65726248268038 ], [ 447924.415665596839972, 3289131.019937713164836 ], [ 446188.697882145352196, 3287816.784039568156004 ], [ 446818.251380411791615, 3282382.352271931711584 ], [ 449203.013224915368482, 3279881.020379290916026 ], [ 448097.010682437277865, 3273132.303386931307614 ], [ 451814.200781053106766, 3265856.686944390181452 ], [ 458378.62905023409985, 3266838.153223233763129 ], [ 463546.298213675967418, 3266122.566752881743014 ], [ 464948.686900199449155, 3268585.174808961339295 ], [ 464654.514264079625718, 3274110.189076890237629 ], [ 466762.919636054662988, 3278566.009329310618341 ], [ 467897.67248956678668, 3289886.214362666010857 ], [ 463848.3064988165861, 3298587.805817616172135 ], [ 465276.623486107680947, 3304287.533790686167777 ], [ 464976.129009482567199, 3308955.948813165072352 ], [ 467738.474626345501747, 3310454.157226291485131 ], [ 466385.277069377189036, 3312751.664081622846425 ], [ 470500.032804316841066, 3311953.060630402993411 ], [ 473638.97217609063955, 3317543.72100246232003 ], [ 478095.635757877724245, 3316745.091494897846133 ], [ 479204.659818621410523, 3326638.553705147001892 ], [ 477149.009276286466047, 3326940.838414339814335 ], [ 479249.611766003479715, 3332255.938532846514136 ], [ 477206.766787366359495, 3333986.401337635703385 ], [ 477949.701563997019548, 3341026.422444804105908 ], [ 475217.430678849399555, 3342001.246063301805407 ], [ 463258.741236864239909, 3345155.768021484836936 ], [ 461134.705035883409437, 3338034.545416003093123 ] ] ] } },
{ "type": "Feature", "properties": { "drag_region": "East", "NAME": "Appling" }, "geometry": { "type": "Polygon", "coordinates": [ [ [ 427650.118118114769459, 3488648.004948874004185 ], [ 427462.892519357264973, 3474458.4343874421902 ], [ 418971.102057941257954, 3474573.789147922303528 ], [ 418772.839241844951175, 3460384.229871021118015 ], [ 421153.835892453673296, 3460351.296134639065713 ], [ 425163.257603003527038, 3454868.041519661433995 ], [ 434977.122799202334136, 3450265.802003188524395 ], [ 437665.15517374232877, 3447280.563279813155532 ], [ 445107.620487507316284, 3442812.589089776389301 ], [ 446440.544809352606535, 3440130.987313922960311 ], [ 453185.9260526454309, 3433391.45019802544266 ], [ 455232.861639218288474, 3433465.358773783314973 ], [ 455579.234922505915165, 3466888.654583453666419 ], [ 459657.901798113016412, 3466847.013437831774354 ], [ 457988.512566726305522, 3469816.144324861466885 ], [ 463454.583783323294483, 3472809.401672922540456 ], [ 458061.312874381546862, 3476958.072731166146696 ], [ 457069.142465681536123, 3479539.631804532837123 ], [ 446917.23778640688397, 3482506.528051218483597 ], [ 440846.89875762083102, 3485815.258192219771445 ], [ 438456.909372087451629, 3484605.837743809446692 ], [ 433042.236337002716027, 3485815.9888322702609 ], [ 427650.118118114769459, 3488648.004948874004185 ] ] ] } },
{ "type": "Feature", "properties": { "drag_region": "North", "NAME": "Polk" }, "geometry": { "type": "Polygon", "coordinates": [ [ [ 26454.987511391067528, 3850573.211677027866244 ], [ 28587.779489948661649, 3830610.377321786712855 ], [ 44853.8145746638329, 3829641.668832276947796 ], [ 44885.148395965239615, 3830404.44647628068924 ], [ 59824.618656080347137, 3829611.525343723595142 ], [ 60035.640687631981564, 3834950.568367672152817 ], [ 66671.059125006795512, 3834594.995267868041992 ], [ 72537.939278119491064, 3848881.114725362509489 ], [ 60941.195729721584939, 3849429.215002546552569 ], [ 60997.905661480399431, 3850859.332213093061 ], [ 41464.293375690424, 3852131.953861093148589 ], [ 41364.802886919074808, 3849748.186857171356678 ], [ 26454.987511391067528, 3850573.211677027866244 ] ] ] } },
{ "type": "Feature", "properties": { "drag_region": "North", "NAME": "Rockdale" }, "geometry": { "type": "Polygon", "coordinates": [ [ [ 177185.48971284381696, 3782234.894456869922578 ], [ 182564.839174367341911, 3772722.598729643039405 ], [ 189497.767860424908577, 3770226.785670464858413 ], [ 189780.77369351303787, 3768501.642558831255883 ], [ 200845.929595731111476, 3782106.802142544649541 ], [ 202701.741204580379417, 3788825.565640567801893 ], [ 202468.72755540968501, 3792360.856172563973814 ], [ 196616.615107454388635, 3797201.702574239112437 ], [ 192520.660822103236569, 3793696.729143633041531 ], [ 189439.658813081652625, 3790830.786545973736793 ], [ 183409.55349222724908, 3778611.075631577521563 ], [ 177185.48971284381696, 3782234.894456869922578 ] ] ] } },
{ "type": "Feature", "properties": { "drag_region": "North", "NAME": "Cherokee" }, "geometry": { "type": "Polygon", "coordinates": [ [ [ 120956.532509776880033, 3891844.616163923870772 ], [ 120215.54797068273183, 3871254.028018292039633 ], [ 119454.484114595281426, 3868513.348505227360874 ], [ 118958.386215024336707, 3854691.163189683109522 ], [ 141146.050069623393938, 3853445.155564095824957 ], [ 141276.905655557231512, 3857353.100589009001851 ], [ 146630.388026136672124, 3858797.379285089671612 ], [ 147487.200335778936278, 3864685.043681418988854 ], [ 156457.181815594842192, 3865443.511252437718213 ], [ 157150.762117688718718, 3887079.314654900226742 ], [ 127103.449490352009889, 3888093.480216477066278 ], [ 127224.869010530528612, 3891525.176625629421324 ], [ 120956.532509776880033, 3891844.616163923870772 ] ] ] } },
{ "type": "Feature", "properties": { "drag_region": "North", "NAME": "Fulton" }, "geometry": { "type": "Polygon", "coordinates": [ [ [ 102915.884518809310975, 3784173.259048285428435 ], [ 100799.019884367400664, 3781101.333157870452851 ], [ 102031.168106851444463, 3778287.584528790786862 ], [ 98993.281456200042157, 3777445.403205862268806 ], [ 120342.015598449550453, 3776580.594897175673395 ], [ 121309.662888729872066, 3775592.516654450912029 ], [ 125065.070495955165825, 3777943.663919148501009 ], [ 135503.59227871632902, 3780547.662396886851639 ], [ 135863.769538348948117, 3791317.959867453668267 ], [ 145852.214728767692577, 3790893.312086795456707 ], [ 147317.158116704144049, 3825670.724857920780778 ], [ 153609.620234791073017, 3825085.61975513631478 ], [ 155040.229272377619054, 3828283.741041250526905 ], [ 159744.083331714151427, 3830042.963800204917789 ], [ 162711.088610507373232, 3829377.85974106984213 ], [ 164138.037850425869692, 3832577.115506567526609 ], [ 170512.413772301573772, 3834862.045350754167885 ], [ 166552.568530884280335, 3835555.302305549383163 ], [ 162350.979907412431203, 3839119.81394083565101 ], [ 156137.941031172405928, 3841891.860361882019788 ], [ 156408.923758417367935, 3850374.492955323774368 ], [ 147438.942278601462021, 3849616.025384305045009 ], [ 146582.129968959197868, 3843728.360987975727767 ], [ 141228.647598379757255, 3842284.082291895058006 ], [ 141097.792012445919681, 3838376.137266981881112 ], [ 142535.985089021443855, 3831744.118155182339251 ], [ 144756.764196890988387, 3828617.212739664129913 ], [ 141944.506167901621666, 3823939.393940195441246 ], [ 137833.44390000338899, 3820259.924038338474929 ], [ 138424.02420179406181, 3818045.392206414602697 ], [ 135532.061535838758573, 3811176.809664350934327 ], [ 125239.468360361512168, 3802272.608432065229863 ], [ 118016.165295867875102, 3795845.278184929862618 ], [ 117602.176209267621743, 3793569.366400009486824 ], [ 108478.551190453392337, 3790269.704191229306161 ], [ 102915.884518809310975, 3784173.259048285428435 ] ] ] } },
{ "type": "Feature", "properties": { "drag_region": "Central", "NAME": "Glascock" }, "geometry": { "type": "Polygon", "coordinates": [ [ [ 374965.821815362316556, 3753025.262882720679045 ], [ 375607.499391238437966, 3751394.667371861636639 ], [ 377222.960810477030464, 3747937.581494924146682 ], [ 376493.660441643209197, 3744328.953196675516665 ], [ 383435.979065826511942, 3738785.245692503638566 ], [ 391462.907411889638752, 3737994.230511459056288 ], [ 390879.563801698503084, 3743719.477307472843677 ], [ 405427.722930495510809, 3754942.35676262807101 ], [ 393479.790213926462457, 3760925.169497384689748 ], [ 385416.149905860656872, 3758190.742106512188911 ], [ 382359.265787120326422, 3755190.453626454342157 ], [ 374965.821815362316556, 3753025.262882720679045 ] ] ] } },
{ "type": "Feature", "properties": { "drag_region": "North", "NAME": "Clayton" }, "geometry": { "type": "Polygon", "coordinates": [ [ [ 156243.287240000499878, 3779175.722665296401829 ], [ 139927.02683435077779, 3779803.541936373803765 ], [ 139566.849574718158692, 3769033.244465806987137 ], [ 141230.845549359743018, 3768882.396430437453091 ], [ 143023.91297487571137, 3762525.672053146641701 ], [ 146248.516341472510248, 3758985.161517729982734 ], [ 144442.346270437119529, 3754846.121115718968213 ], [ 146031.24168829806149, 3752313.617448274511844 ], [ 145514.188526755140629, 3746701.357899107970297 ], [ 148524.961386964831036, 3746699.283830845262855 ], [ 148823.173931120720226, 3755943.992623164318502 ], [ 154495.759203345689457, 3755667.075564176309854 ], [ 155895.459815024805721, 3768215.573768271598965 ], [ 159706.372217352094594, 3772674.618417415767908 ], [ 156243.287240000499878, 3779175.722665296401829 ] ] ] } },
{ "type": "Feature", "properties": { "drag_region": "Central", "NAME": "Greene" }, "geometry": { "type": "Polygon", "coordinates": [ [ [ 301384.452798385056667, 3814388.727692365180701 ], [ 304604.708095020614564, 3809643.124527871608734 ], [ 306794.548132018069737, 3803396.990435896907002 ], [ 313627.045266166620422, 3795809.650612850207835 ], [ 312505.434625099180266, 3790305.773635007441044 ], [ 316018.364181549812201, 3782985.23687529284507 ], [ 315639.314638787531294, 3780896.48260806966573 ], [ 319969.664176775026135, 3780327.444063861854374 ], [ 323215.56294893368613, 3775779.870010253041983 ], [ 337490.199871973542031, 3788169.012762288097292 ], [ 339934.759581493795849, 3793839.996403200551867 ], [ 337397.292039769294206, 3800560.144536850508302 ], [ 343563.081444321724121, 3809400.351252441294491 ], [ 339306.041061135823838, 3813103.211942864581943 ], [ 334695.104503372102045, 3815576.212775886058807 ], [ 328004.933829922229052, 3813900.399183076806366 ], [ 313186.24264492362272, 3821174.685955541208386 ], [ 312120.997784934879746, 3818147.974870716221631 ], [ 301384.452798385056667, 3814388.727692365180701 ] ] ] } },
{ "type": "Feature", "properties": { "drag_region": "North", "NAME": "Gilmer" }, "geometry": { "type": "Polygon", "coordinates": [ [ [ 128185.080001157650258, 3961174.1149284648709 ], [ 131349.001750594761688, 3957719.481313051190227 ], [ 126536.448468047077768, 3951974.611826022155583 ], [ 124390.852147778437939, 3947279.707482852041721 ], [ 123663.85247829335276, 3927260.430582674685866 ], [ 149697.488244118634611, 3926353.849718615412712 ], [ 152054.720428691711277, 3927802.147097199689597 ], [ 153109.322301230509765, 3929771.078973475378007 ], [ 160642.171942114830017, 3928189.129989574663341 ], [ 160746.738788997463416, 3931429.83837474649772 ], [ 166088.258354217745364, 3933548.786808388773352 ], [ 166489.990624892816413, 3935825.869915349408984 ], [ 160986.92077918763971, 3938864.444475510157645 ], [ 161178.125959689263254, 3944774.042747926432639 ], [ 155915.2035697104875, 3954869.904920224100351 ], [ 146249.227707749290857, 3960729.756728282663971 ], [ 128185.080001157650258, 3961174.1149284648709 ] ] ] } },
{ "type": "Feature", "properties": { "drag_region": "East", "NAME": "Ware" }, "geometry": { "type": "Polygon", "coordinates": [ [ [ 399662.209474684204906, 3391445.317669402807951 ], [ 399174.192907510790974, 3381546.661502838600427 ], [ 392687.074756420857739, 3382025.578528282698244 ], [ 392593.266308477963321, 3375930.949050835333765 ], [ 395262.461118360515684, 3371508.779478137847036 ], [ 402525.378771738265641, 3353114.777202547993511 ], [ 406609.31586237042211, 3351057.032287006266415 ], [ 409293.775814898021054, 3346829.485029494855553 ], [ 412036.528417649213225, 3346792.3958819671534 ], [ 411480.63844857364893, 3330895.382800449151546 ], [ 416975.512295516906306, 3330918.562541801482439 ], [ 417368.349492372013628, 3307867.603197641205043 ], [ 418357.372547643783037, 3304426.837008314207196 ], [ 437960.626760521787219, 3302769.194772899150848 ], [ 444401.461774387164041, 3326601.832097668666393 ], [ 441661.817043806251604, 3327392.116091208066791 ], [ 418657.205394190270454, 3328135.349504677113146 ], [ 419307.666082871379331, 3352316.324693189933896 ], [ 446373.868723803025205, 3351720.48492848360911 ], [ 439267.25633528950857, 3359984.780852667056024 ], [ 439371.023946663714014, 3369506.501111220568419 ], [ 432214.929105497547425, 3371967.813930447679013 ], [ 432255.815873264800757, 3375490.939473341684788 ], [ 429181.049765763804317, 3375717.556291061453521 ], [ 425129.919116313569248, 3379956.937108017969877 ], [ 422120.156422936706804, 3385232.48711135936901 ], [ 422195.904039416345768, 3391231.55932272458449 ], [ 419880.952096617082134, 3397070.729395112488419 ], [ 413739.277937185368501, 3397151.665036628488451 ], [ 412452.229315646924078, 3402883.751927723176777 ], [ 399834.291054653469473, 3403063.284766668919474 ], [ 399662.209474684204906, 3391445.317669402807951 ] ] ] } },
{ "type": "Feature", "properties": { "drag_region": "Central", "NAME": "Hart" }, "geometry": { "type": "Polygon", "coordinates": [ [ [ 336006.585911561211105, 3905199.616002421360463 ], [ 339198.609191076655407, 3899605.447034960146993 ], [ 344511.985486498509999, 3900642.37571084452793 ], [ 348097.009119249007199, 3897903.248152057174593 ], [ 354128.720546272117645, 3901981.52618891838938 ], [ 367098.696293709857855, 3906225.620805907994509 ], [ 365547.56913657829864, 3911970.975410724524409 ], [ 361636.890479044348467, 3914900.003482211381197 ], [ 360757.641542008088436, 3921015.573071777354926 ], [ 358231.505728412943427, 3927161.727677457034588 ], [ 355615.668940793198999, 3928354.310592639725655 ], [ 347359.825237473181915, 3927750.849349703639746 ], [ 342121.894110051624011, 3929666.624817618634552 ], [ 337985.281027065881062, 3920981.841501110233366 ], [ 336499.207177464966662, 3913005.66444269567728 ], [ 337825.911109032284003, 3913264.160889083985239 ], [ 336006.585911561211105, 3905199.616002421360463 ] ] ] } },
{ "type": "Feature", "properties": { "drag_region": "North", "NAME": "Pike" }, "geometry": { "type": "Polygon", "coordinates": [ [ [ 133876.566722520889016, 3704457.551190690603107 ], [ 131636.646387805842096, 3697662.615894129965454 ], [ 129540.094734060083283, 3685233.399739293847233 ], [ 130402.74957662486122, 3680910.639690196607262 ], [ 133844.858260676526697, 3683371.948424852918833 ], [ 154305.096904106234433, 3682427.530240202322602 ], [ 156483.529782718134811, 3687701.781070169527084 ], [ 157332.735846485389629, 3704273.475699524395168 ], [ 145617.596050724998349, 3704739.681271651294082 ], [ 143676.797656059177825, 3706901.412994221784174 ], [ 138320.859124332695501, 3707076.835236161015928 ], [ 133876.566722520889016, 3704457.551190690603107 ] ] ] } },
{ "type": "Feature", "properties": { "drag_region": "North", "NAME": "Pickens" }, "geometry": { "type": "Polygon", "coordinates": [ [ [ 122455.380951521161478, 3916158.090179940219969 ], [ 122240.689599492296111, 3901084.286268687341362 ], [ 128509.02610024594469, 3900764.846730392891914 ], [ 128387.606580067425966, 3897333.150321240536869 ], [ 158434.919207404134795, 3896318.984759663697332 ], [ 158735.424327556742355, 3905659.696307975333184 ], [ 153137.501535170711577, 3906127.928460348863155 ], [ 150846.248901919519994, 3916699.8066944652237 ], [ 148489.016717346443329, 3915251.509315880946815 ], [ 122455.380951521161478, 3916158.090179940219969 ] ] ] } },
{ "type": "Feature", "properties": { "drag_region": "Central", "NAME": "Hancock" }, "geometry": { "type": "Polygon", "coordinates": [ [ [ 315773.460807869036216, 3749313.916016307193786 ], [ 323110.666711308876984, 3747918.20691155269742 ], [ 332092.876321980322246, 3744970.213725184090436 ], [ 329931.815054791164584, 3737484.829630351625383 ], [ 331534.71368815517053, 3733831.151583955623209 ], [ 336292.602168483426794, 3737072.512032182421535 ], [ 340313.530299586651381, 3736994.73463199660182 ], [ 344058.342606017948128, 3740068.46270779427141 ], [ 350462.337351995985955, 3742141.988470405805856 ], [ 354949.039280451019295, 3749589.402316001709551 ], [ 362055.435851531801745, 3754135.018417042680085 ], [ 364731.076085770735517, 3754089.850398749578744 ], [ 364089.398509894672316, 3755720.44590960862115 ], [ 361443.515923860133626, 3757480.452142576221377 ], [ 359956.325985392089933, 3768178.209403130225837 ], [ 358304.773814203566872, 3769255.134069356601685 ], [ 358074.43280784401577, 3775167.149602846242487 ], [ 355768.78671596175991, 3776923.151521199848503 ], [ 351088.535800795420073, 3776531.13179972441867 ], [ 343431.542250799830072, 3777627.164707142859697 ], [ 340808.267506538832095, 3780060.116693871561438 ], [ 326533.630583498976193, 3767670.973941836506128 ], [ 328101.912698296306189, 3762682.550000157207251 ], [ 317954.05666611623019, 3757273.031866426579654 ], [ 315773.460807869036216, 3749313.916016307193786 ] ] ] } },
{ "type": "Feature", "properties": { "drag_region": "West", "NAME": "Webster" }, "geometry": { "type": "Polygon", "coordinates": [ [ [ 87932.892980937904213, 3523851.053422507364303 ], [ 89441.501467725960538, 3518361.167100544087589 ], [ 88338.364785552839749, 3515822.27060152310878 ], [ 87506.097392185940407, 3501251.901893231086433 ], [ 86485.196367438242305, 3501191.02751405723393 ], [ 86078.926007305795792, 3489182.518960265442729 ], [ 105094.165343636879697, 3488462.4806998828426 ], [ 106282.873509422002826, 3493766.572363502811641 ], [ 108228.479296384670306, 3512210.847571304067969 ], [ 99083.811303419002797, 3512601.869770034216344 ], [ 95559.182935771183111, 3518824.127911920659244 ], [ 92176.216917424695566, 3519032.413808947429061 ], [ 90640.607153060787823, 3523759.330077212769538 ], [ 87932.892980937904213, 3523851.053422507364303 ] ] ] } },
{ "type": "Feature", "properties": { "drag_region": "South", "NAME": "Echols" }, "geometry": { "type": "Polygon", "coordinates": [ [ [ 333670.764955677557737, 3280523.723747535608709 ], [ 327146.331709294288885, 3280548.387367479968816 ], [ 325336.531400130246766, 3275628.455982604529709 ], [ 322557.913325308822095, 3274061.550874663051218 ], [ 321864.116603087633848, 3255688.138029585126787 ], [ 374803.207787516294047, 3251288.079520531930029 ], [ 375309.4586621922208, 3262804.580853516235948 ], [ 373275.208365060389042, 3264833.441785724367946 ], [ 364028.779789951397106, 3267255.387254769913852 ], [ 354763.201073282281868, 3268257.118494403548539 ], [ 351398.302777199423872, 3272693.125669214874506 ], [ 350121.718244388524909, 3278619.736558183096349 ], [ 338172.244969288120046, 3282634.282660346943885 ], [ 333670.764955677557737, 3280523.723747535608709 ] ] ] } },
{ "type": "Feature", "properties": { "drag_region": "North", "NAME": "Whitfield" }, "geometry": { "type": "Polygon", "coordinates": [ [ [ 61953.708571579874842, 3960425.728495773859322 ], [ 59434.563229093779228, 3955276.767470555379987 ], [ 70285.658191407783306, 3954737.18822303134948 ], [ 69851.651025835875771, 3943963.107662726193666 ], [ 81347.773301744004129, 3942743.878608653321862 ], [ 82413.591826952106203, 3944707.56265675323084 ], [ 79977.583143474868848, 3949863.453676299657673 ], [ 84910.010646404567524, 3949575.864329523406923 ], [ 81783.080960264414898, 3953898.734466240275651 ], [ 87338.125779181296821, 3952728.564250884111971 ], [ 88500.568809620730462, 3957266.905539724044502 ], [ 87793.362320989355794, 3964550.60190697805956 ], [ 89962.048331525045796, 3969623.1047368706204 ], [ 92329.519657150129206, 3971346.588235070928931 ], [ 90207.437815411991323, 3976010.836248526815325 ], [ 93455.045060049786116, 3983620.217928351368755 ], [ 78046.614443380953162, 3984221.663775058928877 ], [ 73590.368164238039753, 3971412.267526872456074 ], [ 69947.807539529385394, 3970795.376564621925354 ], [ 69746.690173727853107, 3965837.300006092526019 ], [ 63175.864322605586494, 3966106.049468571320176 ], [ 61953.708571579874842, 3960425.728495773859322 ] ] ] } },
{ "type": "Feature", "properties": { "drag_region": "Central", "NAME": "Baldwin" }, "geometry": { "type": "Polygon", "coordinates": [ [ [ 309600.07014978985535, 3742384.88657208532095 ], [ 301215.402531723084394, 3741808.164142662659287 ], [ 295203.498577294871211, 3742517.759299531113356 ], [ 296338.150851221289486, 3733626.48983260197565 ], [ 301251.981152383086737, 3713593.404639606829733 ], [ 320908.291341949079651, 3722322.394470881670713 ], [ 327815.69933441770263, 3715322.249279359355569 ], [ 330248.210690477746539, 3719562.988267572596669 ], [ 328327.425765655003488, 3724270.157580699305981 ], [ 330119.211510404245928, 3730143.482587960548699 ], [ 325361.323030075989664, 3726902.122139733750373 ], [ 323758.424396711983718, 3730555.800186129752547 ], [ 325919.485663901141379, 3738041.184280962217599 ], [ 316937.276053229696117, 3740989.177467330824584 ], [ 309600.07014978985535, 3742384.88657208532095 ] ] ] } },
{ "type": "Feature", "properties": { "drag_region": "East", "NAME": "Bryan" }, "geometry": { "type": "Polygon", "coordinates": [ [ [ 513890.718921945372131, 3517505.425131245516241 ], [ 516222.668763499357738, 3512155.875312209129333 ], [ 519597.775171004235744, 3510418.656445121858269 ], [ 521968.135886738775298, 3510307.889118203427643 ], [ 527023.385865249671042, 3505991.366922934539616 ], [ 531393.415323143010028, 3499586.251658883411437 ], [ 531380.867762223468162, 3497300.917046667076647 ], [ 538156.772500670398585, 3495837.614466717466712 ], [ 542573.717365941032767, 3497531.277488013263792 ], [ 543579.654735751682892, 3494860.666350395884365 ], [ 549341.000932243885472, 3493409.233120276592672 ], [ 551681.601375869940966, 3483593.038137344177812 ], [ 554729.077796754660085, 3480821.497561796568334 ], [ 556093.315090420423076, 3482626.408548986073583 ], [ 558115.248395263333805, 3477097.731372842099518 ], [ 561174.66033938084729, 3477565.546745080966502 ], [ 562862.651254159980454, 3472990.910734311677516 ], [ 568635.954042276949622, 3469931.790964318439364 ], [ 572716.35721819777973, 3469925.141378422733396 ], [ 571022.882727320655249, 3474117.248837065882981 ], [ 570692.469696179614402, 3479926.055332708638161 ], [ 574434.777979567181319, 3484300.654509619809687 ], [ 568336.595093200565316, 3491737.320275580510497 ], [ 562225.658049693098292, 3490417.492960690520704 ], [ 558859.539553260896355, 3500234.103654415346682 ], [ 552775.400664340239018, 3505680.664799487683922 ], [ 550422.83650544390548, 3511021.472121421247721 ], [ 546423.902851388440467, 3527129.953515797387809 ], [ 528469.004515704815276, 3521505.021411115769297 ], [ 513890.718921945372131, 3517505.425131245516241 ] ] ] } },
{ "type": "Feature", "properties": { "drag_region": "South", "NAME": "Thomas" }, "geometry": { "type": "Polygon", "coordinates": [ [ [ 180037.76362559926929, 3318198.670398546848446 ], [ 179700.822938456723932, 3306194.363739025313407 ], [ 183278.949205868004356, 3299039.34133561514318 ], [ 181888.096325981605332, 3273526.372341827955097 ], [ 214521.436375862511341, 3270677.175550891086459 ], [ 216241.531594526575645, 3312763.102496817708015 ], [ 190890.29756238538539, 3313799.63504267251119 ], [ 190998.570468738791533, 3317800.884402864146978 ], [ 180037.76362559926929, 3318198.670398546848446 ] ] ] } },
{ "type": "Feature", "properties": { "drag_region": "West", "NAME": "Early" }, "geometry": { "type": "Polygon", "coordinates": [ [ [ 26742.024030830682022, 3392053.161385812330991 ], [ 24216.548273967491696, 3388615.405208867508918 ], [ 25746.222683480271371, 3383690.222154566086829 ], [ 24527.976758395059733, 3378580.98595012165606 ], [ 31059.224139103753259, 3369654.595726779662073 ], [ 31955.593833763879957, 3365995.117625244427472 ], [ 41885.884232198033715, 3365352.796436667442322 ], [ 42948.132516083569499, 3385642.11200894927606 ], [ 69301.103515918628545, 3385120.458003322593868 ], [ 70282.963390644610627, 3404454.903030836954713 ], [ 55953.03330372137134, 3405226.144703560508788 ], [ 55521.042007930605905, 3412493.16328417789191 ], [ 53129.364414336363552, 3412480.922874684911221 ], [ 41879.744502877438208, 3413165.896148432046175 ], [ 33279.112233638501493, 3411569.948819684330374 ], [ 31699.508912902121665, 3415064.435621329117566 ], [ 29109.163505265110871, 3409719.647311273030937 ], [ 29639.916480090207187, 3405595.452697498258203 ], [ 26623.582669238821836, 3398071.202944855205715 ], [ 26742.024030830682022, 3392053.161385812330991 ] ] ] } },
{ "type": "Feature", "properties": { "drag_region": "South", "NAME": "Clinch" }, "geometry": { "type": "Polygon", "coordinates": [ [ [ 347111.557254387415014, 3330053.202894456684589 ], [ 346492.909765000571497, 3295198.138189852237701 ], [ 358442.383040101034567, 3291183.592087688855827 ], [ 359718.967572911875322, 3285256.981198720633984 ], [ 363083.865868994733319, 3280820.974023909308016 ], [ 372349.444585663848557, 3279819.24278427567333 ], [ 381595.873160772840492, 3277397.297315229661763 ], [ 383630.12345790467225, 3275368.436383021995425 ], [ 383123.872583228745498, 3263851.935050037689507 ], [ 398941.000983705162071, 3262498.109922747127712 ], [ 397951.977928433334455, 3265938.876112073659897 ], [ 397559.140731578227133, 3288989.835456234402955 ], [ 392064.266884634969756, 3288966.6557148816064 ], [ 392620.156853710534051, 3304863.668796399608254 ], [ 389877.404250959400088, 3304900.757943927310407 ], [ 387192.944298431742936, 3309128.305201439186931 ], [ 383109.007207799586467, 3311186.050116980448365 ], [ 375846.08955442183651, 3329580.05239257030189 ], [ 347111.557254387415014, 3330053.202894456684589 ] ] ] } },
{ "type": "Feature", "properties": { "drag_region": "West", "NAME": "Macon" }, "geometry": { "type": "MultiPolygon", "coordinates": [ [ [ [ 169669.124992262979504, 3570861.710045543499291 ], [ 164922.846726489835419, 3570138.426203410606831 ], [ 168967.668631501670461, 3569927.916591393761337 ], [ 169669.124992262979504, 3570861.710045543499291 ] ] ], [ [ [ 145524.895784080901649, 3554021.652811154257506 ], [ 144931.759532750933431, 3545646.278449810110033 ], [ 148648.728432141593657, 3545438.566669318359345 ], [ 148095.847034238278866, 3538302.020812240894884 ], [ 151815.472545947239269, 3538095.682542971801013 ], [ 156206.344162565830629, 3537680.357283629942685 ], [ 156070.04302010423271, 3533011.371919177938253 ], [ 160829.046263279626146, 3533541.175815426744521 ], [ 166181.131760855147149, 3531100.364218961913139 ], [ 172174.184871269972064, 3539515.009775573853403 ], [ 178699.806362635223195, 3542959.849963123444468 ], [ 183464.631205320300069, 3543976.254566887393594 ], [ 184746.750682028126903, 3554048.568276271224022 ], [ 183990.067696023208555, 3563698.501439470332116 ], [ 176003.475309145986103, 3568015.165486169513315 ], [ 168247.196430719573982, 3568327.175420231651515 ], [ 164922.846726489835419, 3570138.426203410606831 ], [ 158461.081970644940156, 3568513.751688024029136 ], [ 151027.919990226393566, 3557098.413498073816299 ], [ 145606.133568026998546, 3556689.828924589324743 ], [ 145524.895784080901649, 3554021.652811154257506 ] ] ] ] } },
{ "type": "Feature", "properties": { "drag_region": "West", "NAME": "Baker" }, "geometry": { "type": "Polygon", "coordinates": [ [ [ 88568.309521670118556, 3404966.44921457208693 ], [ 87586.449646944136475, 3385632.004187057726085 ], [ 97493.27960210783931, 3384927.970785834826529 ], [ 96179.918733363811043, 3365319.563962418120354 ], [ 99603.683380139889778, 3365115.259817290585488 ], [ 99763.629910067145829, 3370165.668223654851317 ], [ 113855.280310716552776, 3382603.852773476857692 ], [ 118919.281651163953939, 3391606.133664490189403 ], [ 129963.454894846610841, 3394998.47345228632912 ], [ 130424.189016648000688, 3399085.549454567488283 ], [ 134590.385509375657421, 3401349.100033225957304 ], [ 135696.415216816647444, 3404178.068244820460677 ], [ 129197.514841679731035, 3403889.386127729900181 ], [ 108378.034569198280224, 3404614.652963981498033 ], [ 106734.086167258923524, 3406669.253797940444201 ], [ 102544.412535887691774, 3403844.725610796362162 ], [ 88568.309521670118556, 3404966.44921457208693 ] ] ] } },
{ "type": "Feature", "properties": { "drag_region": "North", "NAME": "Dade" }, "geometry": { "type": "Polygon", "coordinates": [ [ [ -1066.908346603420796, 3992151.937336996197701 ], [ 598.745269102189923, 3978312.766656714025885 ], [ 3678.771228930476354, 3951796.718412292655557 ], [ 7861.40871832970879, 3956769.150994207710028 ], [ 8006.36288843760849, 3960011.571795921307057 ], [ 12251.187910563399782, 3966511.270980318076909 ], [ 12606.847761786222691, 3974521.849571311380714 ], [ 15572.315961705025984, 3982034.481676472816616 ], [ 21228.68503139106906, 3991053.738573178183287 ], [ 11062.825361324503319, 3991504.09832103876397 ], [ -1066.908346603420796, 3992151.937336996197701 ] ] ] } },
{ "type": "Feature", "properties": { "drag_region": "West", "NAME": "Dougherty" }, "geometry": { "type": "Polygon", "coordinates": [ [ [ 115220.809175109578064, 3435277.023329259362072 ], [ 114415.694157525518676, 3431391.573194446507841 ], [ 118397.870186443004059, 3416863.459777442272753 ], [ 116619.921256191999419, 3414629.719947883393615 ], [ 137439.40152867345023, 3413904.453111631795764 ], [ 143938.301903810381191, 3414193.13522872235626 ], [ 157603.242010608286364, 3414287.510428543202579 ], [ 158494.63930343001266, 3434380.725033931434155 ], [ 156527.348022749676602, 3437199.962928284425288 ], [ 154061.35412078970694, 3434312.610257458873093 ], [ 129870.027850089973072, 3434824.217355612665415 ], [ 115220.809175109578064, 3435277.023329259362072 ] ] ] } },
{ "type": "Feature", "properties": { "drag_region": "West", "NAME": "Mitchell" }, "geometry": { "type": "Polygon", "coordinates": [ [ [ 145797.083710504230112, 3397640.458972509950399 ], [ 144691.054003063240089, 3394811.490760915447026 ], [ 140524.857510335568804, 3392547.940182256978005 ], [ 140064.123388534178957, 3388460.864179975818843 ], [ 129019.950144851507503, 3385068.524392179679126 ], [ 123955.94880440410634, 3376066.243501166347414 ], [ 109864.298403754699393, 3363628.05895134434104 ], [ 109704.351873827443342, 3358577.65054498007521 ], [ 122385.923830201194505, 3358279.27857928071171 ], [ 158013.534410136460792, 3357063.872893661260605 ], [ 159131.882906148966867, 3385635.385237916838378 ], [ 159462.023817302135285, 3397734.834172330796719 ], [ 145797.083710504230112, 3397640.458972509950399 ] ] ] } },
{ "type": "Feature", "properties": { "drag_region": "West", "NAME": "Seminole" }, "geometry": { "type": "Polygon", "coordinates": [ [ [ 30880.828875604769564, 3343372.760971061419696 ], [ 32638.243090899646631, 3335005.800133729353547 ], [ 34426.80021275956824, 3327402.003933735657483 ], [ 38027.452938970047398, 3322311.360612000338733 ], [ 38435.229546158909216, 3314376.312941080890596 ], [ 40247.075957726323395, 3307155.676882741041481 ], [ 43934.499521344419918, 3304260.112424697726965 ], [ 46513.008569139914471, 3309132.909977939445525 ], [ 52467.998916549127898, 3312173.552687811665237 ], [ 55911.170359551892034, 3322456.900797642767429 ], [ 56801.331477379819262, 3338646.614779917523265 ], [ 58964.244313148767105, 3341722.18457377050072 ], [ 40811.119274038923322, 3342730.439782484434545 ], [ 30880.828875604769564, 3343372.760971061419696 ] ] ] } },
{ "type": "Feature", "properties": { "drag_region": "West", "NAME": "Schley" }, "geometry": { "type": "Polygon", "coordinates": [ [ [ 120947.593674124480458, 3553382.586580575443804 ], [ 120874.477642619021935, 3540411.41489347955212 ], [ 118845.353487436281284, 3540475.842095031868666 ], [ 118614.87004021499888, 3533233.240484145935625 ], [ 116922.701011774217477, 3533287.184127890504897 ], [ 116691.420189703843789, 3526044.572012996766716 ], [ 140033.55290316537139, 3524468.442527335137129 ], [ 140267.799795613595052, 3532377.275883602444082 ], [ 136548.174283904634649, 3532583.614152871537954 ], [ 137101.055681807949441, 3539720.160009949002415 ], [ 133384.086782417289214, 3539927.871790440753102 ], [ 133977.223033747257432, 3548303.246151784900576 ], [ 127222.353373990539694, 3548606.502378697041422 ], [ 127646.159107419400243, 3551359.545407619327307 ], [ 123592.520671856327681, 3551486.425854699220508 ], [ 124035.330719635385321, 3554811.175116146914661 ], [ 120947.593674124480458, 3553382.586580575443804 ] ] ] } },
{ "type": "Feature", "properties": { "drag_region": "North", "NAME": "Henry" }, "geometry": { "type": "Polygon", "coordinates": [ [ [ 163922.562532663287129, 3773714.10750034218654 ], [ 167385.647510014881846, 3767213.00325246155262 ], [ 163574.735107687592972, 3762753.958603317383677 ], [ 162175.034496008476708, 3750205.460399222094566 ], [ 156502.449223783507477, 3750482.377458210103214 ], [ 156204.236679627618287, 3741237.668665891047567 ], [ 165895.358410109300166, 3740930.256993655115366 ], [ 166170.101123508589808, 3739013.796797725372016 ], [ 175194.279551283922046, 3738736.710361622739583 ], [ 175119.378013178240508, 3736258.965783543419093 ], [ 179414.287688329990488, 3734413.274626096244901 ], [ 183465.751030023442581, 3735628.820954545401037 ], [ 186306.596015931572765, 3741268.305343107320368 ], [ 192697.990303202706855, 3742610.208558670245111 ], [ 191799.369403084274381, 3746259.905513071920723 ], [ 196586.847318696847651, 3750129.553097693715245 ], [ 194703.099008241784759, 3754378.982567216735333 ], [ 186748.604354535869788, 3756420.17802311712876 ], [ 185503.840180867584422, 3759508.744499580003321 ], [ 185220.834347779455129, 3761233.887611213605851 ], [ 178287.905661721888464, 3763729.700670391786844 ], [ 172908.556200198363513, 3773241.996397618670017 ], [ 167193.031739327532705, 3771702.764208261389285 ], [ 163922.562532663287129, 3773714.10750034218654 ] ] ] } },
{ "type": "Feature", "properties": { "drag_region": "West", "NAME": "Taylor" }, "geometry": { "type": "MultiPolygon", "coordinates": [ [ [ [ 157402.484046490484616, 3580715.189870700240135 ], [ 160726.833750720223179, 3578903.939087521284819 ], [ 161447.305951502319658, 3580504.680258683394641 ], [ 157402.484046490484616, 3580715.189870700240135 ] ] ], [ [ [ 120776.195781758491648, 3586220.936437186319381 ], [ 119665.537579518713756, 3583204.089443506672978 ], [ 121541.871401552722091, 3578564.153694560285658 ], [ 123876.637890514772153, 3577630.612011203542352 ], [ 124974.903744458773872, 3569677.756907234434038 ], [ 128062.640789969678735, 3571106.345442805904895 ], [ 127619.830742190621095, 3567781.596181358210742 ], [ 131673.469177753693657, 3567654.715734278317541 ], [ 131249.663444324833108, 3564901.672705356031656 ], [ 138004.533104081550846, 3564598.41647844389081 ], [ 138085.770888027647743, 3567266.592591878958046 ], [ 143507.557310227042763, 3567675.177165363449603 ], [ 150940.719290645589354, 3579090.51535531366244 ], [ 157402.484046490484616, 3580715.189870700240135 ], [ 162148.762312263628701, 3581438.473712833132595 ], [ 157544.631246838747757, 3585670.054480740334839 ], [ 155960.831170021469006, 3589244.20211218111217 ], [ 157429.533331643004203, 3593397.953451108653098 ], [ 152833.335361205536174, 3597632.302166278008372 ], [ 143796.040591922559543, 3599713.414163407403976 ], [ 140931.803688868618337, 3605237.269925761967897 ], [ 138857.044584397139261, 3603488.586905621457845 ], [ 136250.263473502622219, 3606335.397225769702345 ], [ 131109.774745301605435, 3603539.165605968795717 ], [ 130965.562758780986769, 3598964.827685268130153 ], [ 128608.339843307010597, 3599039.38059071963653 ], [ 127094.342038842180045, 3593840.740672297310084 ], [ 124322.414994683320401, 3591544.413477132096887 ], [ 124148.196123094850918, 3586112.291530573740602 ], [ 120776.195781758491648, 3586220.936437186319381 ] ] ] ] } },
{ "type": "Feature", "properties": { "drag_region": "East", "NAME": "Burke" }, "geometry": { "type": "Polygon", "coordinates": [ [ [ 447473.089848145551514, 3642634.141746013425291 ], [ 456839.206932379980572, 3638997.561253708787262 ], [ 463234.791576353600249, 3639878.664928117766976 ], [ 465335.192088585114107, 3647761.983377396129072 ], [ 469401.457361999142449, 3651338.99785937462002 ], [ 481155.569411737669725, 3651987.343295124359429 ], [ 490579.551773271756247, 3655239.919135806150734 ], [ 497268.735906800313387, 3652425.769526150077581 ], [ 498931.405847801244818, 3650318.198901276104152 ], [ 519819.264342424226925, 3665236.374327067285776 ], [ 513148.440736153745092, 3670701.955197614617646 ], [ 510133.909680824785028, 3670720.100706677883863 ], [ 501127.467111184843816, 3676018.334546714089811 ], [ 498480.935152896912768, 3680323.596120624803007 ], [ 500168.499050246085972, 3682311.454396874643862 ], [ 497845.788971033180133, 3684900.183076576329768 ], [ 495495.697406457271427, 3683775.030131914652884 ], [ 491179.679745200206526, 3687809.709905410185456 ], [ 488184.023618028208148, 3689453.867500132881105 ], [ 483495.021804291638546, 3688542.187893060036004 ], [ 479456.032291522831656, 3685721.57625419087708 ], [ 471780.959405598812737, 3687510.990491949953139 ], [ 468089.541127848555334, 3686310.81401679571718 ], [ 461147.681579409050755, 3693626.064140824601054 ], [ 452417.987568766227923, 3690394.102484753355384 ], [ 455713.939675568894017, 3686353.642407166771591 ], [ 452600.226978819468059, 3677817.308137997053564 ], [ 450132.781137563346419, 3667749.717252650298178 ], [ 451641.1974200711702, 3653918.738033985719085 ], [ 447473.089848145551514, 3642634.141746013425291 ] ] ] } },
{ "type": "Feature", "properties": { "drag_region": "North", "NAME": "Union" }, "geometry": { "type": "Polygon", "coordinates": [ [ [ 191949.276502150343731, 3982727.164369141682982 ], [ 187236.414276489755139, 3978964.120630580000579 ], [ 193569.151943254459184, 3971514.017176396679133 ], [ 190171.000022434804123, 3967899.205236972309649 ], [ 190338.081295948533807, 3962741.963442296721041 ], [ 194587.559370177797973, 3961942.114599032327533 ], [ 193348.736288775107823, 3953775.719596827402711 ], [ 188141.741353790566791, 3945160.557278524618596 ], [ 191159.852102923905477, 3946879.080332372803241 ], [ 198981.751211449503899, 3944159.275238016620278 ], [ 203050.188098998274654, 3948043.875536354258657 ], [ 204161.53373831830686, 3952208.079700669739395 ], [ 208516.881545454729348, 3954846.043707230128348 ], [ 216017.528242181928363, 3952531.368887029122561 ], [ 218343.107279597606976, 3953324.007297503761947 ], [ 218824.740724397066515, 3958747.053918237797916 ], [ 223138.07501627295278, 3960152.606063043698668 ], [ 223217.314321338519221, 3963011.689154011197388 ], [ 220430.334999328420963, 3969098.26613682275638 ], [ 219902.858997221715981, 3973691.360046376939863 ], [ 216904.572965064930031, 3972154.841879254672676 ], [ 211088.149132473568898, 3975374.90100318659097 ], [ 208607.63559216883732, 3980312.572451066691428 ], [ 209319.30638161249226, 3982199.453190121799707 ], [ 191949.276502150343731, 3982727.164369141682982 ] ] ] } },
{ "type": "Feature", "properties": { "drag_region": "West", "NAME": "Upson" }, "geometry": { "type": "Polygon", "coordinates": [ [ [ 113801.456451970647322, 3651891.460429251659662 ], [ 113587.464767817087704, 3645505.771862725261599 ], [ 115152.639340048859594, 3642018.605384132359177 ], [ 119666.016668731666869, 3636049.538665645755827 ], [ 123058.826712920301361, 3636893.002391254995018 ], [ 125900.657165170909138, 3631077.244451473001391 ], [ 135518.26106299678213, 3626385.51116557372734 ], [ 138125.042173891299171, 3623538.700845425482839 ], [ 140199.801278362778248, 3625287.383865565992892 ], [ 143064.038181416719453, 3619763.52810321142897 ], [ 148482.985560553584946, 3632000.076689764857292 ], [ 150833.957379466766724, 3631834.902481358963996 ], [ 151265.840948180150008, 3646414.582335728220642 ], [ 151790.991705409687711, 3652789.249115824699402 ], [ 117243.565136022312799, 3654352.769163907971233 ], [ 113801.456451970647322, 3651891.460429251659662 ] ] ] } },
{ "type": "Feature", "properties": { "drag_region": "Central", "NAME": "Walton" }, "geometry": { "type": "Polygon", "coordinates": [ [ [ 233223.521223664487479, 3832789.104988750070333 ], [ 239075.633671619783854, 3827948.258587074931711 ], [ 253422.791707696742378, 3816777.721845291554928 ], [ 255751.1178086696018, 3816620.498059772886336 ], [ 260605.04187770007411, 3811058.414453444536775 ], [ 277191.43884717480978, 3835145.019925050903112 ], [ 270963.727549370436464, 3838731.228552845772356 ], [ 270397.558133811806329, 3842654.609253395814449 ], [ 266090.730791926092934, 3843145.280243505723774 ], [ 264484.606953062175307, 3845284.264403374865651 ], [ 261861.195244884205749, 3846591.883329994045198 ], [ 253828.289615554444026, 3844325.39318057987839 ], [ 250614.618995681172237, 3848322.296432059258223 ], [ 233223.521223664487479, 3832789.104988750070333 ] ] ] } },
{ "type": "Feature", "properties": { "drag_region": "Central", "NAME": "Washington" }, "geometry": { "type": "Polygon", "coordinates": [ [ [ 342458.060675742977764, 3725503.323182790540159 ], [ 340666.274930993735325, 3719629.998175529763103 ], [ 342587.059855816478375, 3714922.828862402588129 ], [ 340154.548499756434467, 3710682.089874189347029 ], [ 344324.978773455310147, 3700595.041707274504006 ], [ 349653.585833286924753, 3698016.681625822558999 ], [ 351517.010028313787188, 3689692.108728027902544 ], [ 365064.012439425394405, 3695073.651286977343261 ], [ 368348.417656734236516, 3690444.827436488121748 ], [ 376467.95639909314923, 3693456.549630492925644 ], [ 377788.422931421722751, 3691911.277617831714451 ], [ 387933.911028343078215, 3695853.104566822759807 ], [ 391632.92999391752528, 3695989.747657830826938 ], [ 390978.789729636802804, 3697237.645315787754953 ], [ 392792.157255808066111, 3706547.732509233057499 ], [ 390155.551228447176982, 3709920.243658454157412 ], [ 389266.675238669675309, 3717935.949258162640035 ], [ 384593.119363714125939, 3719339.738523488864303 ], [ 378725.014267618418671, 3729911.239869999699295 ], [ 371782.695643435057718, 3735454.947374171577394 ], [ 372511.996012268937193, 3739063.575672420673072 ], [ 370896.534593030286487, 3742520.661549357697368 ], [ 368220.894358791352715, 3742565.829567651264369 ], [ 361114.497787710570265, 3738020.213466609828174 ], [ 356627.795859255536925, 3730572.799621013924479 ], [ 350223.801113277499098, 3728499.273858402855694 ], [ 346478.988806846202351, 3725425.545782605186105 ], [ 342458.060675742977764, 3725503.323182790540159 ] ] ] } },
{ "type": "Feature", "properties": { "drag_region": "East", "NAME": "Wayne" }, "geometry": { "type": "Polygon", "coordinates": [ [ [ 473911.741414802148938, 3466399.212534398771822 ], [ 468445.670198205218185, 3463405.955186337698251 ], [ 470115.059429591929074, 3460436.82429930800572 ], [ 466036.392553984827828, 3460478.465444929897785 ], [ 465690.019270697142929, 3427055.16963525954634 ], [ 469791.320174878288526, 3427965.952747438568622 ], [ 473173.443833802361041, 3425076.067356762476265 ], [ 472783.84417293057777, 3420032.725749162957072 ], [ 474111.683431927755009, 3416115.735921512823552 ], [ 485350.182860742788762, 3412968.152419425081462 ], [ 496972.665355630451813, 3414781.473503427579999 ], [ 503775.3175201867125, 3411020.602646977175027 ], [ 507580.628974158433266, 3418803.926212680991739 ], [ 509968.64267592318356, 3418693.979002377483994 ], [ 514096.842430853808764, 3424573.278683574404567 ], [ 515130.032407810795121, 3426376.606785975396633 ], [ 510724.772126109397504, 3430972.607189500704408 ], [ 510402.930384745704941, 3434116.790596837643534 ], [ 507006.597107745124958, 3435851.846504942979664 ], [ 507023.600414109125268, 3438517.922697053290904 ], [ 498213.209056321415119, 3444767.397467242088169 ], [ 496196.430104851955548, 3448210.291354308836162 ], [ 492455.673315296182409, 3448524.506640628445894 ], [ 487087.743993227661122, 3457709.709060637280345 ], [ 481347.408379555796273, 3462139.879522040020674 ], [ 477303.277969679387752, 3465795.603123250417411 ], [ 473911.741414802148938, 3466399.212534398771822 ] ] ] } },
{ "type": "Feature", "properties": { "drag_region": "South", "NAME": "Berrien" }, "geometry": { "type": "Polygon", "coordinates": [ [ [ 279009.777494317037053, 3372946.462676024530083 ], [ 278583.853869883459993, 3369144.016218102537096 ], [ 283570.726192465168424, 3362650.207994886673987 ], [ 288324.568468250450678, 3361023.927095748949796 ], [ 288199.780734929721802, 3355118.707999760750681 ], [ 290880.981629835208878, 3352394.440212788060308 ], [ 289056.105474031530321, 3347001.317431899253279 ], [ 293039.063244303455576, 3340820.448300973046571 ], [ 291586.149140974273905, 3336848.530171087943017 ], [ 300834.793725316179916, 3336470.938908581156284 ], [ 300913.978519665659405, 3340470.980644123628736 ], [ 303998.80130153009668, 3340505.605826304294169 ], [ 304181.16962957510259, 3349839.017816003412008 ], [ 316501.715105207753368, 3349605.185647097881883 ], [ 315550.790596344857477, 3353719.281737185548991 ], [ 315307.663231237442233, 3359058.888316123746336 ], [ 317104.996456637163647, 3363789.13031473942101 ], [ 314826.422329360386357, 3369928.750147547572851 ], [ 309783.198401821195148, 3374216.333038852550089 ], [ 307164.794106924207881, 3380078.882416207809001 ], [ 306937.037593200802803, 3385895.338475953787565 ], [ 288527.138727658544667, 3386652.698407670948654 ], [ 285430.708526585716754, 3385480.353578973561525 ], [ 285278.53564823709894, 3378431.908705838490278 ], [ 279009.777494317037053, 3372946.462676024530083 ] ] ] } },
{ "type": "Feature", "properties": { "drag_region": "South", "NAME": "Wheeler" }, "geometry": { "type": "Polygon", "coordinates": [ [ [ 352537.091411180328578, 3499815.257380263414234 ], [ 356492.054820374469273, 3493552.375773907173425 ], [ 364558.38015266682487, 3489508.496064564678818 ], [ 365873.182351838215254, 3487009.711001789197326 ], [ 371270.025944601162337, 3485207.177358052693307 ], [ 374235.035214926232584, 3479635.003829 ], [ 378920.854386393039022, 3475371.262964748777449 ], [ 388486.107459139893763, 3479612.128151850309223 ], [ 388183.681618119997438, 3482188.328522171825171 ], [ 383487.683073764666915, 3485781.179090856108814 ], [ 382595.559016428305767, 3494177.189376953057945 ], [ 380975.131660789833404, 3499059.795319945551455 ], [ 381435.933864235994406, 3507150.043671553954482 ], [ 379133.441435607848689, 3511471.944980071857572 ], [ 378548.240963884978555, 3517387.337358065415174 ], [ 372484.294392608688213, 3518721.337148922029883 ], [ 359421.077625297999475, 3506172.815199634525925 ], [ 356717.2942755104159, 3506410.440607272554189 ], [ 358045.962381520774215, 3504958.103273536078632 ], [ 352537.091411180328578, 3499815.257380263414234 ] ] ] } },
{ "type": "Feature", "properties": { "drag_region": "Central", "NAME": "Columbia" }, "geometry": { "type": "Polygon", "coordinates": [ [ [ 417429.25264761847211, 3806431.910186766646802 ], [ 416077.924872512754519, 3805021.520930706523359 ], [ 418664.443603895895649, 3799364.667417914606631 ], [ 416274.608107495994773, 3795205.491941068321466 ], [ 421244.0037542435457, 3792946.614688750356436 ], [ 419556.825697858934291, 3791444.91845216602087 ], [ 421151.312144826282747, 3785993.070826021023095 ], [ 425420.157013338583056, 3780697.402955090627074 ], [ 425065.555667345237453, 3779082.412658240646124 ], [ 429334.998032633156981, 3773407.677702885121107 ], [ 454258.451305471244268, 3794277.433369506150484 ], [ 446322.119711395876948, 3800075.153920493088663 ], [ 442992.713536274211947, 3800206.831289414316416 ], [ 438704.994119403418154, 3803875.524788859300315 ], [ 436780.455091837036889, 3810090.35190265905112 ], [ 431454.77636498992797, 3809964.120788178406656 ], [ 428483.253579717478715, 3811811.436654987744987 ], [ 418784.092265471525025, 3808128.251032936386764 ], [ 417429.25264761847211, 3806431.910186766646802 ] ] ] } },
{ "type": "Feature", "properties": { "drag_region": "South", "NAME": "Dodge" }, "geometry": { "type": "Polygon", "coordinates": [ [ [ 293571.18202830129303, 3517774.676892919000238 ], [ 290811.194630171172321, 3515357.450952703133225 ], [ 298421.745937503408641, 3507282.034070588648319 ], [ 295307.432144399150275, 3504203.93839051714167 ], [ 296959.590784686151892, 3502262.395503418985754 ], [ 293845.478744362480938, 3499279.918490679934621 ], [ 297847.722411513677798, 3496239.596976211760193 ], [ 296763.95031232223846, 3493117.866633223835379 ], [ 300602.081126942241099, 3482077.650267924647778 ], [ 303960.010293691826519, 3480292.729420236311853 ], [ 305914.800068574491888, 3476250.526766044553369 ], [ 332521.799321068567224, 3501848.832890976686031 ], [ 338030.670291409012862, 3506991.678784249350429 ], [ 336702.002185398654547, 3508444.016117985825986 ], [ 326790.002324227942154, 3503287.066990570630878 ], [ 313517.759981518378481, 3534129.533606742508709 ], [ 310208.053111820714548, 3537436.359484199434519 ], [ 297456.820397788309492, 3525409.931347261182964 ], [ 299443.457406842033379, 3523461.302978603634983 ], [ 293571.18202830129303, 3517774.676892919000238 ] ] ] } },
{ "type": "Feature", "properties": { "drag_region": "North", "NAME": "Gwinnett" }, "geometry": { "type": "Polygon", "coordinates": [ [ [ 168806.209522728953743, 3830025.273361555766314 ], [ 170328.949659172591055, 3825683.44823757186532 ], [ 175479.967523595871171, 3820369.550161296036094 ], [ 179730.588897639216157, 3818043.850219467189163 ], [ 187121.028667783801211, 3809425.725685716606677 ], [ 191697.784008731046924, 3806619.517786835320294 ], [ 195793.738294082198991, 3810124.4912174413912 ], [ 213184.836066098883748, 3825657.682660750579089 ], [ 209700.277824546210468, 3831761.519720918964595 ], [ 206776.585804222879233, 3834036.490675546694547 ], [ 211797.54468936167541, 3847629.993313550949097 ], [ 207070.799380996293621, 3844519.108569624833763 ], [ 189415.317113334167516, 3852758.366704171989113 ], [ 185951.935843134968309, 3847807.267046477645636 ], [ 184104.071334902284434, 3841567.572230576071888 ], [ 185709.003060239454499, 3839801.698957173619419 ], [ 179334.627138363750419, 3837516.769112986978143 ], [ 177907.677898445253959, 3834317.513347489293665 ], [ 174940.672619652032154, 3834982.617406624369323 ], [ 170236.818560315499781, 3833223.39464766997844 ], [ 168806.209522728953743, 3830025.273361555766314 ] ] ] } },
{ "type": "Feature", "properties": { "drag_region": "North", "NAME": "Dawson" }, "geometry": { "type": "Polygon", "coordinates": [ [ [ 160814.007110429549357, 3916539.053722609765828 ], [ 163105.259743680740939, 3905967.175488493405282 ], [ 168703.182536066771718, 3905498.943336119875312 ], [ 168237.369575340853771, 3891011.346347191836685 ], [ 195982.764618511806475, 3890066.659249996766448 ], [ 193748.899126308999257, 3892802.778261203318834 ], [ 193945.102114413137315, 3899474.051025399006903 ], [ 182558.930708568863338, 3905158.45351575454697 ], [ 174911.236235787597252, 3913887.721284748520702 ], [ 175451.701213018997805, 3920549.192566847428679 ], [ 174847.545035955583444, 3922285.693433798849583 ], [ 169506.025470735301496, 3920166.745000156573951 ], [ 169401.458623852668097, 3916926.036614984739572 ], [ 161868.608982968347846, 3918507.985598885454237 ], [ 160814.007110429549357, 3916539.053722609765828 ] ] ] } },
{ "type": "Feature", "properties": { "drag_region": "Central", "NAME": "Johnson" }, "geometry": { "type": "Polygon", "coordinates": [ [ [ 356500.516126535774674, 3677989.801142531912774 ], [ 355387.773356033780146, 3672388.386866256594658 ], [ 364149.481139270588756, 3672992.659028207883239 ], [ 371496.627082834660541, 3669626.681673976127058 ], [ 370438.604417505732272, 3666786.226387759204954 ], [ 382473.914776393619832, 3661254.667473843321204 ], [ 381645.919579853012692, 3651454.909199064597487 ], [ 383986.779719413840212, 3650179.914511369541287 ], [ 392111.334284252428915, 3652248.550760787446052 ], [ 389154.441321101563517, 3657436.726414907258004 ], [ 401725.751089380064514, 3664876.968155285809189 ], [ 398416.867512913479004, 3669019.403017531149089 ], [ 402843.944169543508906, 3672768.314864738844335 ], [ 404590.413765483710449, 3677507.613976074848324 ], [ 402245.927706581598613, 3678206.487118623685092 ], [ 396616.436092139512766, 3684287.44007233530283 ], [ 392917.417126565065701, 3684150.796981326770037 ], [ 382771.929029643710237, 3680208.970032336190343 ], [ 381451.462497315136716, 3681754.242044997401536 ], [ 373331.923754956224002, 3678742.51985099259764 ], [ 370047.518537647381891, 3683371.343701481819153 ], [ 356500.516126535774674, 3677989.801142531912774 ] ] ] } },
{ "type": "Feature", "properties": { "drag_region": "Central", "NAME": "Jefferson" }, "geometry": { "type": "Polygon", "coordinates": [ [ [ 390248.743112917291, 3731679.31975919008255 ], [ 396116.848209012998268, 3721107.818412679247558 ], [ 400790.404083968547639, 3719704.029147352557629 ], [ 401679.280073746049311, 3711688.323547644540668 ], [ 404315.88610110693844, 3708315.812398422975093 ], [ 402502.518574935675133, 3699005.725204978138208 ], [ 403156.65883921639761, 3697757.827547021210194 ], [ 408786.150453658483457, 3691676.874593309592456 ], [ 411130.636512560595293, 3690978.001450760755688 ], [ 414515.656316194101237, 3692647.416043044533581 ], [ 412548.435650058730971, 3696388.804031386971474 ], [ 417932.625933671195526, 3696889.532593597657979 ], [ 422328.273050101706758, 3699024.802475981414318 ], [ 426496.380622027325444, 3710309.398763953708112 ], [ 424987.964339519501664, 3724140.377982618287206 ], [ 427455.410180775623303, 3734207.968867965508252 ], [ 430569.122877525049262, 3742744.303137135226279 ], [ 427273.170770722383168, 3746784.763214721344411 ], [ 419315.060835310257971, 3751933.827034621499479 ], [ 416640.614131109265145, 3751873.666525181382895 ], [ 412240.48697758623166, 3747836.430829314514995 ], [ 397692.327848789223935, 3736613.551374159287661 ], [ 398275.671458980359603, 3730888.304578145500273 ], [ 390248.743112917291, 3731679.31975919008255 ] ] ] } },
{ "type": "Feature", "properties": { "drag_region": "East", "NAME": "Effingham" }, "geometry": { "type": "Polygon", "coordinates": [ [ [ 556186.632936281966977, 3580921.58755541825667 ], [ 541991.712342102313414, 3571460.356422445736825 ], [ 541306.177687669871375, 3569273.512703782878816 ], [ 543307.92203634348698, 3564882.798051411285996 ], [ 541602.666472495766357, 3561272.555679947137833 ], [ 544946.36625443934463, 3554685.240633327979594 ], [ 546631.8620749800466, 3554010.782876269891858 ], [ 551324.943909388734028, 3545419.901481158100069 ], [ 551647.877599625033326, 3541704.733027905225754 ], [ 555646.811253680498339, 3525596.251633529085666 ], [ 574302.528927218983881, 3541257.229874811135232 ], [ 579034.962327912100591, 3540011.809289024211466 ], [ 578022.738395422231406, 3541632.039136674255133 ], [ 581409.442902836599387, 3546388.908496610354632 ], [ 579391.139388946583495, 3553628.497144579421729 ], [ 578039.640237307408825, 3553249.472335292957723 ], [ 572993.02359513239935, 3563256.90531714214012 ], [ 574348.606366620631889, 3566492.073492039460689 ], [ 566610.700883233570494, 3574222.777151932008564 ], [ 566279.950816368451342, 3576604.387896446511149 ], [ 562574.185920026851818, 3576900.568436795379966 ], [ 556186.632936281966977, 3580921.58755541825667 ] ] ] } },
{ "type": "Feature", "properties": { "drag_region": "South", "NAME": "Lanier" }, "geometry": { "type": "Polygon", "coordinates": [ [ [ 322563.783428709139116, 3339656.145830837078393 ], [ 323514.707937572035007, 3335542.049740749411285 ], [ 311194.162461939384229, 3335775.88190965494141 ], [ 311011.794133894378319, 3326442.46991995582357 ], [ 307926.971352029941045, 3326407.844737775158137 ], [ 307847.786557680461556, 3322407.803002232685685 ], [ 309561.19579867325956, 3322374.040624820627272 ], [ 309396.909241696237586, 3313993.110144027508795 ], [ 322423.558742698980495, 3313460.222395689226687 ], [ 324391.361024177051149, 3308470.566884010564536 ], [ 324627.654386871377937, 3302559.981301091611385 ], [ 329129.134400481940247, 3304670.540213902946562 ], [ 329747.781889868783765, 3339525.604918506927788 ], [ 322563.783428709139116, 3339656.145830837078393 ] ] ] } },
{ "type": "Feature", "properties": { "drag_region": "Central", "NAME": "Franklin" }, "geometry": { "type": "Polygon", "coordinates": [ [ [ 302358.773923225817271, 3927642.362113040871918 ], [ 303924.671170786314178, 3924077.773085475899279 ], [ 302660.789539412595332, 3912476.078984460327774 ], [ 307453.082182939862832, 3905309.624676939565688 ], [ 305705.471280586672947, 3901250.535813209135085 ], [ 311097.706568330933806, 3905607.878879718948156 ], [ 313373.085977412469219, 3903840.786210739519447 ], [ 322605.065964546403848, 3902495.164784851484001 ], [ 328306.694137635524385, 3906283.27410899521783 ], [ 330126.019335106597282, 3914347.818995657842606 ], [ 328799.315403539279941, 3914089.322549269534647 ], [ 330285.389253140194342, 3922065.499607684090734 ], [ 334422.00233612593729, 3930750.282924192491919 ], [ 329573.181662883493118, 3935425.422828108072281 ], [ 322842.665455506707076, 3928990.503380329348147 ], [ 304691.726372047734912, 3928636.083821563981473 ], [ 302358.773923225817271, 3927642.362113040871918 ] ] ] } },
{ "type": "Feature", "properties": { "drag_region": "South", "NAME": "Telfair" }, "geometry": { "type": "Polygon", "coordinates": [ [ [ 314497.59079211903736, 3462556.567214637063444 ], [ 317097.009961563162506, 3456691.460949277505279 ], [ 320760.528149714693427, 3452902.548375946003944 ], [ 325852.236360272509046, 3452517.792098339647055 ], [ 330880.130516172852367, 3448706.79146832274273 ], [ 333944.798334980150685, 3448935.876304704230279 ], [ 335668.691947086597793, 3450238.195228135678917 ], [ 346185.145007965329569, 3448908.869551859330386 ], [ 349307.026739636145066, 3452571.098960726521909 ], [ 360641.697481846611481, 3460101.956706750672311 ], [ 364097.422119604307227, 3463953.46767939068377 ], [ 367488.353019825823139, 3463710.87892405455932 ], [ 362802.533848359016702, 3467974.619788305833936 ], [ 359837.524578033946455, 3473546.793317358475178 ], [ 354440.680985270999372, 3475349.326961094979197 ], [ 353125.878786099608988, 3477848.112023870460689 ], [ 345059.553453807253391, 3481891.991733212955296 ], [ 341104.590044613112696, 3488154.873339569196105 ], [ 314497.59079211903736, 3462556.567214637063444 ] ] ] } },
{ "type": "Feature", "properties": { "drag_region": "Central", "NAME": "Elbert" }, "geometry": { "type": "Polygon", "coordinates": [ [ [ 341998.908679226355162, 3889938.166004554834217 ], [ 339568.267116233881097, 3884364.265489871613681 ], [ 342503.573466011323035, 3882207.279693359043449 ], [ 345360.385577574314084, 3876049.719180291518569 ], [ 350870.297481100715231, 3869746.398539941757917 ], [ 353792.896875920065213, 3866545.299405161757022 ], [ 361021.142331346462015, 3862884.697584179695696 ], [ 368956.185430094599724, 3861409.487587733194232 ], [ 380267.047172360995319, 3863411.690099316649139 ], [ 381249.45676189736696, 3862633.538476899266243 ], [ 385220.905708067177329, 3862094.1570571991615 ], [ 388827.717161584820133, 3859370.442152488976717 ], [ 385941.943601820850745, 3865799.135369671043009 ], [ 385971.633972358773462, 3867704.437316404655576 ], [ 381405.675618582579773, 3872350.677970143500715 ], [ 378860.391272594046313, 3878776.630685146898031 ], [ 374926.699292931414675, 3881129.068539116997272 ], [ 372720.868826423829887, 3887646.704267850145698 ], [ 372804.01710019184975, 3892505.511061170138419 ], [ 369898.99578185955761, 3896558.339775502681732 ], [ 356929.0200344218174, 3892314.245158513076603 ], [ 350897.308607398706954, 3888235.967121651861817 ], [ 347312.284974648209754, 3890975.094680439215153 ], [ 341998.908679226355162, 3889938.166004554834217 ] ] ] } },
{ "type": "Feature", "properties": { "drag_region": "South", "NAME": "Lowndes" }, "geometry": { "type": "Polygon", "coordinates": [ [ [ 272605.974309714802075, 3311119.020833706017584 ], [ 276859.236527112370823, 3301781.867808918002993 ], [ 275723.948341244540643, 3296946.845489537343383 ], [ 282195.023783420503605, 3294520.398473361041397 ], [ 283812.708816638798453, 3289817.22843507444486 ], [ 276881.396262501133606, 3287011.531368914060295 ], [ 274483.415536273096222, 3287349.682330701965839 ], [ 273668.895367285760585, 3281554.857949077617377 ], [ 270888.018635830900166, 3280186.873786117415875 ], [ 275202.637295836990234, 3273040.668541455175728 ], [ 282354.529937834246084, 3269552.716021857224405 ], [ 282992.607762096798979, 3267157.2784518674016 ], [ 303952.117886378022376, 3265213.92367348773405 ], [ 304645.914608599210624, 3283587.33651856565848 ], [ 307424.532683420635294, 3285154.241626507136971 ], [ 309234.332992584677413, 3290074.173011382576078 ], [ 315758.766238967946265, 3290049.509391438215971 ], [ 315522.472876273619477, 3295960.094974357169122 ], [ 313554.670594795548823, 3300949.750486035831273 ], [ 300528.021093792805914, 3301482.638234374113381 ], [ 300692.307650769827887, 3309863.568715167231858 ], [ 289730.253825435123872, 3310274.922355086077005 ], [ 272605.974309714802075, 3311119.020833706017584 ] ] ] } },
{ "type": "Feature", "properties": { "drag_region": "West", "NAME": "Talbot" }, "geometry": { "type": "Polygon", "coordinates": [ [ [ 86356.888531128774048, 3627043.223146089352667 ], [ 87308.722713447365095, 3625387.52678829850629 ], [ 86021.233354582582251, 3598139.501455135643482 ], [ 88642.847898888590862, 3595853.894045752473176 ], [ 85769.523556625659694, 3590895.745614016894251 ], [ 91229.804915734173846, 3592520.673445162829012 ], [ 96244.79389691115648, 3591014.646100944373757 ], [ 97995.512395374724292, 3592864.119913939386606 ], [ 103735.846967100296752, 3592864.171718645840883 ], [ 105156.928209558260278, 3595011.795240489766002 ], [ 112912.609382727605407, 3594760.20342864561826 ], [ 113086.82825431607489, 3600192.325375203974545 ], [ 115858.755298474934534, 3602488.652570369187742 ], [ 117372.753102939765085, 3607687.292488791514188 ], [ 119729.976018413741258, 3607612.739583340007812 ], [ 119874.188004934359924, 3612187.077504040673375 ], [ 125014.676733135376708, 3614983.309123841580003 ], [ 115397.072835309503716, 3619675.042409740854055 ], [ 112555.242383058895939, 3625490.800349522847682 ], [ 109162.432338870261447, 3624647.336623913608491 ], [ 104649.055010187454172, 3630616.403342400211841 ], [ 98798.211894487627433, 3626709.8727594204247 ], [ 86356.888531128774048, 3627043.223146089352667 ] ] ] } },
{ "type": "Feature", "properties": { "drag_region": "North", "NAME": "Hall" }, "geometry": { "type": "Polygon", "coordinates": [ [ [ 209292.843329509050818, 3885416.153208547271788 ], [ 211117.826325969392201, 3879926.459849386941642 ], [ 209649.310232067567995, 3874913.748316672630608 ], [ 205869.004544291266939, 3870159.46438717097044 ], [ 201898.553317365673138, 3870276.783628510776907 ], [ 198828.979891796450829, 3867316.142486324999481 ], [ 216484.462159458576934, 3859076.884351777844131 ], [ 221211.207467823958723, 3862187.769095703959465 ], [ 239900.443552417680621, 3880284.027798485476524 ], [ 237331.51420025297557, 3883211.403052682522684 ], [ 235810.101392464363016, 3888209.951839433051646 ], [ 237230.555168843769934, 3891987.063564071431756 ], [ 240951.873677886382211, 3895418.547914735972881 ], [ 236541.574432678258745, 3903448.476539703086019 ], [ 220067.930522331153043, 3904183.591333880554885 ], [ 207255.180825410381658, 3894823.544983949512243 ], [ 207058.9778373062436, 3888152.272219753824174 ], [ 209292.843329509050818, 3885416.153208547271788 ] ] ] } },
{ "type": "Feature", "properties": { "drag_region": "South", "NAME": "Houston" }, "geometry": { "type": "Polygon", "coordinates": [ [ [ 223855.384976684872527, 3561043.661027984227985 ], [ 224612.067962689790875, 3551393.727864785119891 ], [ 223329.948485981964041, 3541321.414155401289463 ], [ 245300.684713654394727, 3540475.479178448673338 ], [ 254050.09491914807586, 3552847.844024362973869 ], [ 256751.532545782101806, 3552784.372546541970223 ], [ 256882.927768831083085, 3558405.032654556445777 ], [ 257642.385145438893232, 3562009.362532687373459 ], [ 254979.45012642868096, 3563597.008827337995172 ], [ 252474.589953746239189, 3571758.934547145850956 ], [ 253524.350825349101797, 3573354.340637491084635 ], [ 251679.011029881628929, 3580738.537079803645611 ], [ 248005.101415733108297, 3582067.017850710079074 ], [ 241636.308978284301702, 3583368.957172467373312 ], [ 238320.489810970553663, 3585454.905616496689618 ], [ 236473.817159307334805, 3579114.480352237820625 ], [ 236181.439953276101733, 3567681.544994593597949 ], [ 233491.056175995850936, 3568036.627220022492111 ], [ 233407.484882973541971, 3564797.288060693535954 ], [ 228659.92310120514594, 3563967.429330927319825 ], [ 228514.938233214081265, 3558441.43042786186561 ], [ 223855.384976684872527, 3561043.661027984227985 ] ] ] } },
{ "type": "Feature", "properties": { "drag_region": "East", "NAME": "Pierce" }, "geometry": { "type": "Polygon", "coordinates": [ [ [ 429022.021140406257473, 3412439.411028309725225 ], [ 431336.973083205521107, 3406600.240955921821296 ], [ 431261.225466725882143, 3400601.168744556605816 ], [ 434270.988160102744587, 3395325.618741215206683 ], [ 438322.118809552979656, 3391086.237924258690327 ], [ 441396.884917053976096, 3390859.621106538921595 ], [ 449924.574012822355144, 3388954.708179077133536 ], [ 454391.571769507310819, 3391002.452488102950156 ], [ 454421.224304080475122, 3393858.986883157398552 ], [ 457517.433036244241521, 3395827.064417942427099 ], [ 467775.733687007683329, 3396490.288133109919727 ], [ 469173.308537617675029, 3399905.69696702202782 ], [ 466460.133024472743273, 3402025.424567933194339 ], [ 464459.782158098707441, 3407186.376652801409364 ], [ 463131.942899101530202, 3411103.366480451542884 ], [ 463521.542559973313473, 3416146.708088051062077 ], [ 460139.418901049240958, 3419036.593478727154434 ], [ 456038.117996868095361, 3418125.810366548132151 ], [ 453991.182410295237787, 3418051.901790790259838 ], [ 447245.80116700247163, 3424791.438906687777489 ], [ 443107.944184141000733, 3420648.15614229394123 ], [ 440039.670395502937026, 3420684.106170075014234 ], [ 440006.919620966189541, 3417922.617130942642689 ], [ 435863.48415429983288, 3413782.076049277093261 ], [ 429022.021140406257473, 3412439.411028309725225 ] ] ] } },
{ "type": "Feature", "properties": { "drag_region": "South", "NAME": "Irwin" }, "geometry": { "type": "Polygon", "coordinates": [ [ [ 272113.474393899203278, 3413316.101536139380187 ], [ 272052.490286237327382, 3410648.954497752711177 ], [ 279506.664316064969171, 3408575.270843028090894 ], [ 281840.137983126100153, 3406141.482593154069036 ], [ 283424.625665515195578, 3400579.80764775024727 ], [ 287161.989690748101566, 3399832.388025894295424 ], [ 305571.888556290359702, 3399075.028094177134335 ], [ 308654.290979496319778, 3399682.164514058735222 ], [ 313950.591754528868478, 3409204.262910652440041 ], [ 314047.416159279062413, 3414347.334092345554382 ], [ 318183.182909846073017, 3416937.913353480864316 ], [ 319962.16102202842012, 3421097.25198198389262 ], [ 302957.260659264284186, 3421994.340085168834776 ], [ 302898.343791254330426, 3419041.703283056616783 ], [ 294393.825079755857587, 3419500.705555195920169 ], [ 294451.219581111567095, 3422262.926105814054608 ], [ 289008.042257327993866, 3422472.794960101600736 ], [ 289188.919754051952623, 3430950.165722209494561 ], [ 276949.17201373638818, 3431314.180716331582516 ], [ 276826.824538444634527, 3425884.613364384975284 ], [ 273391.802461179497186, 3424532.944100199267268 ], [ 272113.474393899203278, 3413316.101536139380187 ] ] ] } },
{ "type": "Feature", "properties": { "drag_region": "Central", "NAME": "Lincoln" }, "geometry": { "type": "Polygon", "coordinates": [ [ [ 391754.404032740916591, 3851979.21515513304621 ], [ 395185.582775957009289, 3838108.088814890943468 ], [ 397866.88444810063811, 3839686.423607362434268 ], [ 396128.557777732901741, 3834663.126522210426629 ], [ 398048.797373010136653, 3829869.350415834691375 ], [ 406457.294090973155107, 3813547.269254599232227 ], [ 411467.844841224316042, 3814715.415579523891211 ], [ 412822.684459077368956, 3816411.756425693165511 ], [ 422521.845773323322646, 3820094.942047744989395 ], [ 425493.368558595771901, 3818247.626180935185403 ], [ 430819.04728544288082, 3818373.857295416295528 ], [ 428246.032791997131426, 3825740.278567543253303 ], [ 418727.312573517381679, 3835197.033568817190826 ], [ 409165.511029845976736, 3840281.960198085289448 ], [ 402959.919959089893382, 3847232.27184369508177 ], [ 399332.664432428369764, 3848716.118830722756684 ], [ 395725.852978910726961, 3851439.833735432941467 ], [ 391754.404032740916591, 3851979.21515513304621 ] ] ] } },
{ "type": "Feature", "properties": { "drag_region": "East", "NAME": "Long" }, "geometry": { "type": "Polygon", "coordinates": [ [ [ 499736.116143282386474, 3493941.678486545104533 ], [ 494609.524379021779168, 3488839.543487537186593 ], [ 494225.423301567672752, 3483319.282678385730833 ], [ 491141.617221376742236, 3479821.275082500185817 ], [ 485613.985151409055106, 3469108.146539055742323 ], [ 491354.320765080919955, 3464677.976077653001994 ], [ 496722.250087149441242, 3455492.773657644167542 ], [ 500463.006876705214381, 3455178.558371324557811 ], [ 502479.785828174673952, 3451735.664484257809818 ], [ 511290.177185962384101, 3445486.189714069012552 ], [ 511273.173879598383792, 3442820.113521958701313 ], [ 514669.507156598963775, 3441085.057613853365183 ], [ 523890.678601950232405, 3445223.010911933146417 ], [ 530763.869282245868817, 3458806.012459794525057 ], [ 516861.341993508569431, 3466210.390796677209437 ], [ 516534.974281462142244, 3468497.667962631676346 ], [ 512473.343174070760142, 3471093.57491855788976 ], [ 505050.112517210072838, 3478380.397212109994143 ], [ 507134.223339091171511, 3485222.229692643042654 ], [ 506819.95853496005293, 3488843.04857483599335 ], [ 502417.929902992327698, 3489826.726731554139405 ], [ 499736.116143282386474, 3493941.678486545104533 ] ] ] } },
{ "type": "Feature", "properties": { "drag_region": "Central", "NAME": "Monroe" }, "geometry": { "type": "Polygon", "coordinates": [ [ [ 209080.614574847684707, 3712422.543984025716782 ], [ 208809.448827775428072, 3703274.484371600672603 ], [ 230650.539189368195366, 3702556.625478979200125 ], [ 247748.864796908252174, 3713639.312578042037785 ], [ 244713.864049169438658, 3726017.525425578467548 ], [ 238549.450320279633161, 3733809.049744504503906 ], [ 238023.429075426189229, 3739163.020308854989707 ], [ 234738.147811068280134, 3741540.806290909647942 ], [ 217673.278200978471432, 3742213.138402725569904 ], [ 217114.43919140426442, 3722964.213015401270241 ], [ 215792.947780197893735, 3712130.278017961420119 ], [ 209080.614574847684707, 3712422.543984025716782 ] ] ] } },
{ "type": "Feature", "properties": { "drag_region": "Central", "NAME": "Oconee" }, "geometry": { "type": "Polygon", "coordinates": [ [ [ 273016.514667203708086, 3845964.041103160940111 ], [ 274622.638506067625713, 3843825.056943291798234 ], [ 278929.465847953339107, 3843334.385953181888908 ], [ 279495.635263511969242, 3839411.005252631846815 ], [ 285723.346561316342559, 3835824.796624836977571 ], [ 288340.365980808681343, 3834045.312583982944489 ], [ 291121.133688681817148, 3825112.664393056649715 ], [ 294718.096639685274567, 3822358.779616835061461 ], [ 305454.641626235097647, 3826118.02679518610239 ], [ 306519.88648622384062, 3829144.737880011089146 ], [ 304316.218860845721792, 3834722.617480745073408 ], [ 307063.175461635517422, 3838665.053713922388852 ], [ 302762.376366914017126, 3839523.906947698909789 ], [ 293983.385155772150028, 3847734.533535588998348 ], [ 286030.285969240881968, 3848402.243250616826117 ], [ 283472.080260392162018, 3852374.200965417549014 ], [ 273016.514667203708086, 3845964.041103160940111 ] ] ] } },
{ "type": "Feature", "properties": { "drag_region": "West", "NAME": "Peach" }, "geometry": { "type": "Polygon", "coordinates": [ [ [ 180186.01281278708484, 3582517.023715776856989 ], [ 179465.540612004988361, 3580916.282544614747167 ], [ 187221.819490431400482, 3580604.272610552608967 ], [ 199867.965133837831672, 3573685.377963731065392 ], [ 200012.950001828896347, 3579211.376866796519607 ], [ 204760.511783597292379, 3580041.235596562735736 ], [ 204844.083076619601343, 3583280.574755891691893 ], [ 207534.466853899823036, 3582925.492530462797731 ], [ 207826.844059931056108, 3594358.427888107020408 ], [ 209671.089145835372619, 3600603.578003170900047 ], [ 203614.418458690401167, 3600855.087291541974992 ], [ 180887.469173548393883, 3583450.817169926594943 ], [ 180186.01281278708484, 3582517.023715776856989 ] ] ] } },
{ "type": "Feature", "properties": { "drag_region": "West", "NAME": "Quitman" }, "geometry": { "type": "Polygon", "coordinates": [ [ [ 30587.968333842727588, 3492905.145943668670952 ], [ 28678.419728292239597, 3487344.860961571335793 ], [ 23661.597631419979734, 3480661.689856348093599 ], [ 22478.085318215744337, 3476410.811563998926431 ], [ 23588.041545070678694, 3469781.342247130349278 ], [ 28315.429183194151847, 3468648.244754398241639 ], [ 39571.164907053025672, 3468995.697964945808053 ], [ 43986.910142040258506, 3468644.90223846770823 ], [ 44917.954498062521452, 3485027.152525237761438 ], [ 40606.913124883110868, 3488047.167476405855268 ], [ 40708.046211053762818, 3490811.449247863609344 ], [ 32224.484082375507569, 3491220.926127464976162 ], [ 30587.968333842727588, 3492905.145943668670952 ] ] ] } },
{ "type": "Feature", "properties": { "drag_region": "West", "NAME": "Randolph" }, "geometry": { "type": "Polygon", "coordinates": [ [ [ 50174.640128066297621, 3464781.231488540302962 ], [ 49570.530307896144222, 3457549.407563495449722 ], [ 50893.384371650870889, 3447002.704959877766669 ], [ 62827.294194125395734, 3446769.234935563523322 ], [ 78160.880746215640102, 3446244.234514494426548 ], [ 78928.394402824982535, 3448794.590792435687035 ], [ 84637.816179826681037, 3446124.712458920199424 ], [ 88385.672607468382921, 3446002.197516834829003 ], [ 89608.713470882968977, 3452163.335164793767035 ], [ 86850.447904977307189, 3461602.59804506925866 ], [ 83829.676201418682467, 3462942.507017761003226 ], [ 84713.719191122800112, 3479323.146023869980127 ], [ 79279.736573809874244, 3479505.263840213883668 ], [ 55521.4297190757934, 3480812.686048832256347 ], [ 54590.385363053530455, 3464430.435762062203139 ], [ 50174.640128066297621, 3464781.231488540302962 ] ] ] } },
{ "type": "Feature", "properties": { "drag_region": "West", "NAME": "Stewart" }, "geometry": { "type": "Polygon", "coordinates": [ [ [ 39410.834805424703518, 3509163.967981147114187 ], [ 38091.823443365487037, 3501194.87732039950788 ], [ 39728.339191898267018, 3499510.65750419581309 ], [ 48211.901320576522266, 3499101.180624594446272 ], [ 48110.768234405870317, 3496336.898853136692196 ], [ 52421.809607585280901, 3493316.883901968598366 ], [ 76180.116462319361744, 3492009.461693350225687 ], [ 76586.386822451808257, 3504017.970247142016888 ], [ 77607.287847199506359, 3504078.844626315869391 ], [ 78439.555240566405701, 3518649.213334607891738 ], [ 79542.69192273952649, 3521188.109833628870547 ], [ 78034.083435951470165, 3526677.996155592147261 ], [ 52301.919821289804531, 3527395.047815609257668 ], [ 47851.756163029727759, 3526222.372116488404572 ], [ 48444.472106247005286, 3523909.616109888069332 ], [ 43628.562725127703743, 3522083.828117171768099 ], [ 39037.931582882039947, 3517292.236526358406991 ], [ 39410.834805424703518, 3509163.967981147114187 ] ] ] } },
{ "type": "Feature", "properties": { "drag_region": "Central", "NAME": "Jasper" }, "geometry": { "type": "Polygon", "coordinates": [ [ [ 243992.392404386715498, 3771497.119265412446111 ], [ 245877.188788706494961, 3767058.983053178992122 ], [ 247956.888848857837729, 3757371.60571535397321 ], [ 247102.519888106558938, 3750529.12934684753418 ], [ 247628.541132960002869, 3745175.158782497048378 ], [ 272856.008491965360008, 3748914.875382127705961 ], [ 274126.136633244692348, 3773575.415171952452511 ], [ 274903.048840121831745, 3778037.23389608412981 ], [ 261147.821819853823399, 3788584.388232061173767 ], [ 261701.61283290645224, 3784184.083869122900069 ], [ 256012.998792865575524, 3783664.98385139554739 ], [ 252592.840516897500493, 3780609.078845413401723 ], [ 247540.189342077588663, 3779028.835495762526989 ], [ 247074.09683365438832, 3774178.240963889751583 ], [ 243992.392404386715498, 3771497.119265412446111 ] ] ] } },
{ "type": "Feature", "properties": { "drag_region": "North", "NAME": "Forsyth" }, "geometry": { "type": "Polygon", "coordinates": [ [ [ 168777.01907378033502, 3882011.96866694977507 ], [ 167977.763885014806874, 3857040.418111661914736 ], [ 174190.802761254832149, 3854268.371690615545958 ], [ 178392.391384726681281, 3850703.860055329278111 ], [ 182352.236626143974718, 3850010.603100534062833 ], [ 180747.304900806804653, 3851776.476373936515301 ], [ 182595.169409039488528, 3858016.171189838089049 ], [ 186058.550679238687735, 3862967.270847532432526 ], [ 189128.124104807910044, 3865927.911989718209952 ], [ 193098.575331733503845, 3865810.592748378403485 ], [ 196878.881019509804901, 3870564.876677880063653 ], [ 198347.397113411629107, 3875577.588210594374686 ], [ 196522.414116951287724, 3881067.281569754704833 ], [ 168777.01907378033502, 3882011.96866694977507 ] ] ] } },
{ "type": "Feature", "properties": { "drag_region": "Central", "NAME": "Taliaferro" }, "geometry": { "type": "Polygon", "coordinates": [ [ [ 345134.710376051429193, 3812950.953024120535702 ], [ 349391.750759237329476, 3809248.09233369724825 ], [ 343225.961354684899561, 3800407.885618106462061 ], [ 345763.428896409401204, 3793687.737484456505626 ], [ 343318.869186889147386, 3788016.753843544051051 ], [ 345942.143931150145363, 3785583.801856815349311 ], [ 353599.137481145735364, 3784487.768949396908283 ], [ 358279.388396312075201, 3784879.788670872338116 ], [ 356657.234837309573777, 3787481.7198880109936 ], [ 361767.657761214708444, 3793489.774306303355843 ], [ 367749.120384110079613, 3792243.544376573059708 ], [ 370470.155085429141764, 3795437.78325407858938 ], [ 371889.648949317110237, 3800655.079160445835441 ], [ 374243.110571712313686, 3801950.57604303676635 ], [ 373281.29653686931124, 3804253.124474566429853 ], [ 368603.389720425300766, 3803377.89516891958192 ], [ 362029.75128328212304, 3808446.088220039848238 ], [ 357009.305719433410559, 3807010.79822892928496 ], [ 355967.288544953393284, 3804647.270149203483015 ], [ 349542.966459590417799, 3817250.565742552746087 ], [ 345134.710376051429193, 3812950.953024120535702 ] ] ] } },
{ "type": "Feature", "properties": { "drag_region": "East", "NAME": "Toombs" }, "geometry": { "type": "Polygon", "coordinates": [ [ [ 420778.190195570699871, 3501851.698215551208705 ], [ 425862.274109139107168, 3501497.475406036246568 ], [ 431254.392328027053736, 3498665.459289432503283 ], [ 436669.065363111789338, 3497455.308200971689075 ], [ 439059.054748645168729, 3498664.728649382013828 ], [ 445129.393777431279887, 3495355.99850838072598 ], [ 448454.156446600682102, 3519795.953894606791437 ], [ 449509.606581414409447, 3523403.544545846059918 ], [ 446542.148466195154469, 3530389.455691646784544 ], [ 444964.882952393556479, 3540313.054279911797494 ], [ 440540.541325916419737, 3537697.962961761746556 ], [ 433439.386661467549857, 3537499.443822019267827 ], [ 433469.478799955977593, 3539880.352652028203011 ], [ 428459.672317133925389, 3544421.881150101777166 ], [ 425666.832339785643853, 3537695.898942948319018 ], [ 425217.602838981663808, 3529414.799706706777215 ], [ 420778.190195570699871, 3501851.698215551208705 ] ] ] } },
{ "type": "Feature", "properties": { "drag_region": "North", "NAME": "Troup" }, "geometry": { "type": "Polygon", "coordinates": [ [ [ 39309.130259987927275, 3698079.196755899116397 ], [ 39547.903600247489521, 3695682.062777940183878 ], [ 42853.58413585650851, 3669097.777486020699143 ], [ 73434.433376667991979, 3667739.404143993742764 ], [ 73511.179817009688122, 3678999.88680792087689 ], [ 74551.793457684369059, 3707216.070724044926465 ], [ 67525.45425919155241, 3707574.092030112165958 ], [ 53568.521087419678224, 3702190.837172934785485 ], [ 51659.753590763459215, 3704843.712744712363929 ], [ 50519.784105336148059, 3701451.119305238127708 ], [ 39309.130259987927275, 3698079.196755899116397 ] ] ] } },
{ "type": "Feature", "properties": { "drag_region": "Central", "NAME": "Twiggs" }, "geometry": { "type": "Polygon", "coordinates": [ [ [ 280081.085883821477182, 3688142.801870482042432 ], [ 282377.045486615272239, 3685705.310890031047165 ], [ 273742.256223044125363, 3676379.642550119198859 ], [ 271396.627319198800251, 3676818.373620433732867 ], [ 270580.55087757925503, 3671023.321934779174626 ], [ 271859.358138566778507, 3668227.373653101734817 ], [ 275533.267752715328243, 3666898.892882195301354 ], [ 277378.607548182772007, 3659514.696439882740378 ], [ 276328.846676579909399, 3657919.2903495375067 ], [ 278833.70684926235117, 3649757.364629729650915 ], [ 281496.641868272563443, 3648169.718335079029202 ], [ 280737.184491664753295, 3644565.388456948101521 ], [ 306352.467554368777201, 3658579.830273687839508 ], [ 290296.107376724947244, 3693814.517148857936263 ], [ 280081.085883821477182, 3688142.801870482042432 ] ] ] } },
{ "type": "Feature", "properties": { "drag_region": "North", "NAME": "Paulding" }, "geometry": { "type": "Polygon", "coordinates": [ [ [ 83858.215779771679081, 3846026.479698872193694 ], [ 77991.335626658983529, 3831740.360241377726197 ], [ 71355.917189284169581, 3832095.933341181837022 ], [ 71144.895157732535154, 3826756.890317233279347 ], [ 72473.489081726351287, 3826704.504644463770092 ], [ 71736.202436395047698, 3816420.968712730333209 ], [ 86544.019956770818681, 3811745.499794578645378 ], [ 100901.758346575894393, 3812742.437631444539875 ], [ 101541.396448345156386, 3830377.664338171016425 ], [ 100213.659446024394128, 3830426.014768439810723 ], [ 100750.206606715510134, 3845106.44039678061381 ], [ 83858.215779771679081, 3846026.479698872193694 ] ] ] } },
{ "type": "Feature", "properties": { "drag_region": "North", "NAME": "Fayette" }, "geometry": { "type": "Polygon", "coordinates": [ [ [ 120816.265592180323438, 3757925.185004683677107 ], [ 118901.460933482987457, 3750929.880245750304312 ], [ 122265.032889409470954, 3741842.6254703393206 ], [ 127193.80281717320031, 3739192.975932610686868 ], [ 130245.494579492791672, 3730406.818142633419484 ], [ 136264.524850502551999, 3730111.517850401811302 ], [ 140133.880946334335022, 3735804.852885762229562 ], [ 140957.533934203733224, 3740548.444180420599878 ], [ 141474.587095746654086, 3746160.703729587141424 ], [ 139885.691677885712124, 3748693.207397031597793 ], [ 141691.861748921102844, 3752832.247799042612314 ], [ 138467.258382324303966, 3756372.758334459271282 ], [ 136674.190956808335613, 3762729.482711750082672 ], [ 135010.194982166751288, 3762880.330747119616717 ], [ 124571.673199405617197, 3760276.332269381266087 ], [ 120816.265592180323438, 3757925.185004683677107 ] ] ] } },
{ "type": "Feature", "properties": { "drag_region": "Central", "NAME": "Jackson" }, "geometry": { "type": "Polygon", "coordinates": [ [ [ 253311.761230018455535, 3882451.742163152899593 ], [ 258090.08695481569157, 3875359.377673353068531 ], [ 271955.512478901073337, 3872992.050390562973917 ], [ 276552.223241758532822, 3871159.392835968639702 ], [ 279024.606157325149979, 3863851.559343924745917 ], [ 282399.883781962795183, 3866152.184672315604985 ], [ 295467.198907325626351, 3871657.559042572509497 ], [ 293173.959952683944721, 3872854.752188640646636 ], [ 295994.132065447920468, 3880130.040684037841856 ], [ 295453.292601936322171, 3885385.925880289636552 ], [ 291900.646900733292568, 3889187.11005207663402 ], [ 284797.150139420293272, 3896508.143910457380116 ], [ 277498.41265564027708, 3895640.239982692990452 ], [ 272000.99731461214833, 3900548.000865934416652 ], [ 253311.761230018455535, 3882451.742163152899593 ] ] ] } },
{ "type": "Feature", "properties": { "drag_region": "South", "NAME": "Turner" }, "geometry": { "type": "Polygon", "coordinates": [ [ [ 231146.554250770510407, 3443061.525300240144134 ], [ 230972.554649041470839, 3423046.66490176320076 ], [ 238463.110256447718712, 3422762.122007073368877 ], [ 244788.595735927054193, 3416601.614770053420216 ], [ 244864.813411804789212, 3419745.206841677892953 ], [ 259168.257425137824612, 3419217.54008269123733 ], [ 260446.58549241811852, 3430434.382646751124412 ], [ 263881.607569683226757, 3431786.051910936832428 ], [ 264003.95504497498041, 3437215.61926288343966 ], [ 261509.779360427783104, 3447184.085580878891051 ], [ 249297.493013025348773, 3448233.199088175781071 ], [ 249164.60668911083485, 3442708.007543761283159 ], [ 231146.554250770510407, 3443061.525300240144134 ] ] ] } },
{ "type": "Feature", "properties": { "drag_region": "East", "NAME": "Bulloch" }, "geometry": { "type": "Polygon", "coordinates": [ [ [ 485199.009994888212532, 3582623.090678817592561 ], [ 482093.963024300755933, 3575033.21067474829033 ], [ 487798.706790257827379, 3572217.558178353589028 ], [ 487087.734518286655657, 3568223.908003381919116 ], [ 492762.594899359392002, 3561316.269376344513148 ], [ 488921.537340785493143, 3546968.883977363817394 ], [ 487552.333514249883592, 3545076.42276169359684 ], [ 494995.075757001992315, 3545678.481681208126247 ], [ 502062.545645531266928, 3541527.151316215284169 ], [ 505375.752044247463346, 3532074.529197841882706 ], [ 519954.037638006964698, 3536074.125477712135762 ], [ 537908.93597369058989, 3541699.057582393754274 ], [ 537586.002283454290591, 3545414.226035646628588 ], [ 532892.920449045603164, 3554005.107430758420378 ], [ 531207.424628504901193, 3554679.565187816508114 ], [ 527863.72484656132292, 3561266.880234435666353 ], [ 529568.980410409043543, 3564877.122605899814516 ], [ 527567.236061735427938, 3569267.837258271407336 ], [ 514119.069107932387851, 3575631.372538059484214 ], [ 506416.191929850843735, 3582350.945548026356846 ], [ 503751.333365518017672, 3586275.487885228358209 ], [ 500054.859796509030275, 3587161.250560790766031 ], [ 485199.009994888212532, 3582623.090678817592561 ] ] ] } },
{ "type": "Feature", "properties": { "drag_region": "North", "NAME": "Lumpkin" }, "geometry": { "type": "Polygon", "coordinates": [ [ [ 182687.21401924136444, 3926988.92107364255935 ], [ 182146.749042009963887, 3920327.449791543651372 ], [ 189794.443514791229973, 3911598.18202254967764 ], [ 201180.61492063550395, 3905913.779532194137573 ], [ 213993.364617556275334, 3915273.825882125180215 ], [ 215065.127044123597443, 3918200.37335109943524 ], [ 212156.183978908607969, 3920285.408013009931892 ], [ 211891.218095878924942, 3934123.102228172589093 ], [ 213684.859920433576917, 3939317.986509126611054 ], [ 206184.213223706377903, 3941632.661329327616841 ], [ 201828.865416569955414, 3938994.697322767227888 ], [ 200717.519777249923209, 3934830.493158451747149 ], [ 196649.082889701152453, 3930945.892860114108771 ], [ 188827.183781175554032, 3933665.697954470291734 ], [ 185809.073032042215345, 3931947.174900622107089 ], [ 182687.21401924136444, 3926988.92107364255935 ] ] ] } },
{ "type": "Feature", "properties": { "drag_region": "North", "NAME": "Spalding" }, "geometry": { "type": "Polygon", "coordinates": [ [ [ 138043.163012375356629, 3721691.574044385459274 ], [ 137574.338976096943952, 3717699.749821055680513 ], [ 137768.682802040246315, 3713494.891765721142292 ], [ 142212.9752038520528, 3716114.175811191555113 ], [ 147568.913735578535125, 3715938.753569252323359 ], [ 149509.712130244355649, 3713777.021846681833267 ], [ 161224.851926004746929, 3713310.816274554934353 ], [ 163201.300553981796838, 3712200.361087005585432 ], [ 172573.533146788366139, 3711820.495834838133305 ], [ 172818.586378580832388, 3720015.932832376100123 ], [ 176273.955423155624885, 3723632.88773174630478 ], [ 174976.026235998375341, 3725006.73197411512956 ], [ 170681.116560846625362, 3726852.423131562303752 ], [ 170756.0180989523069, 3729330.167709641624242 ], [ 161731.839671176974662, 3729607.254145744256675 ], [ 161457.09695777768502, 3731523.714341674000025 ], [ 151765.975227296003141, 3731831.126013909932226 ], [ 148755.202367086312734, 3731833.200082172639668 ], [ 147931.549379216914531, 3727089.608787514269352 ], [ 144062.193283385131508, 3721396.273752153851092 ], [ 138043.163012375356629, 3721691.574044385459274 ] ] ] } },
{ "type": "Feature", "properties": { "drag_region": "North", "NAME": "Towns" }, "geometry": { "type": "Polygon", "coordinates": [ [ [ 220481.356450531515293, 3987555.804341724142432 ], [ 219769.685661087860353, 3985668.923602669034153 ], [ 222250.199201392591931, 3980731.252154788933694 ], [ 228066.623033983953064, 3977511.193030857015401 ], [ 231064.909066140739014, 3979047.711197979282588 ], [ 231592.385068247443996, 3974454.617288425099105 ], [ 234379.364390257542254, 3968368.040305613540113 ], [ 234300.125085191975813, 3965508.957214646041393 ], [ 243192.13115305712563, 3966125.220567839220166 ], [ 246213.640468480385607, 3968524.4229103224352 ], [ 245721.243951853364706, 3974736.304028217215091 ], [ 251070.404366937873419, 3978410.406741911545396 ], [ 251144.7415827960358, 3981269.387368623167276 ], [ 256084.903155019972473, 3982000.473272158764303 ], [ 255888.409018072474282, 3987154.955976420082152 ], [ 249645.13971289418987, 3986648.992359867319465 ], [ 220481.356450531515293, 3987555.804341724142432 ] ] ] } },
{ "type": "Feature", "properties": { "drag_region": "Central", "NAME": "Wilkinson" }, "geometry": { "type": "Polygon", "coordinates": [ [ [ 303035.123808184405789, 3702757.310604497324675 ], [ 298265.762073213874828, 3699814.947554333135486 ], [ 314322.122250857704785, 3664580.260679163504392 ], [ 339848.560748274379876, 3677894.759821812622249 ], [ 340961.303518776374403, 3683496.174098087940365 ], [ 339097.879323749511968, 3691820.746995882596821 ], [ 333769.272263917897362, 3694399.107077335007489 ], [ 329598.841990219021682, 3704486.155244249850512 ], [ 322691.433997750398703, 3711486.300435772165656 ], [ 303035.123808184405789, 3702757.310604497324675 ] ] ] } },
{ "type": "Feature", "properties": { "drag_region": "West", "NAME": "Lee" }, "geometry": { "type": "Polygon", "coordinates": [ [ [ 168377.159355049050646, 3476081.451533924788237 ], [ 129008.759854441828793, 3477982.968436774332076 ], [ 128861.853398332168581, 3473218.434724464081228 ], [ 133249.59831898912671, 3472130.404082727618515 ], [ 136184.367160051682731, 3467940.639520769007504 ], [ 136061.322660335252294, 3463843.322317225858569 ], [ 133681.023223460564623, 3463915.042612390127033 ], [ 132349.002945689106127, 3453654.918071049731225 ], [ 132092.60367512886296, 3445174.421629671473056 ], [ 156283.929945828596829, 3444662.814531517680734 ], [ 158749.923847788566491, 3447550.16720234323293 ], [ 157591.863093052088516, 3454924.153342817910016 ], [ 161824.334631879144581, 3460241.946618283167481 ], [ 159894.560112266946817, 3464299.812152089551091 ], [ 162959.460723000491271, 3464406.04713750211522 ], [ 166833.014441565755988, 3469258.460873454343528 ], [ 168377.159355049050646, 3476081.451533924788237 ] ] ] } },
{ "type": "Feature", "properties": { "drag_region": "East", "NAME": "Tattnall" }, "geometry": { "type": "Polygon", "coordinates": [ [ [ 453804.811278852750547, 3536655.77579045901075 ], [ 455382.076792654348537, 3526732.1772021939978 ], [ 458349.534907873603515, 3519746.266056393273175 ], [ 457294.084773059817962, 3516138.675405154004693 ], [ 453969.322103890473954, 3491698.720018927939236 ], [ 464121.226783165126108, 3488731.823772242292762 ], [ 465113.397191865020432, 3486150.264698875602335 ], [ 470506.668100806768052, 3482001.593640631996095 ], [ 473898.204655684065074, 3481397.984229483641684 ], [ 477942.335065560415387, 3477742.260628273244947 ], [ 483469.967135528102517, 3488455.389171717688441 ], [ 486553.773215719033033, 3491953.396767603233457 ], [ 486937.874293173197657, 3497473.657576754689217 ], [ 492064.466057433746755, 3502575.792575762607157 ], [ 497853.497362025897019, 3506247.254190110135823 ], [ 485995.510990600567311, 3506623.604897788260132 ], [ 477216.29127529496327, 3510128.087923730257899 ], [ 473359.917057729908265, 3532068.707848789636046 ], [ 453804.811278852750547, 3536655.77579045901075 ] ] ] } },
{ "type": "Feature", "properties": { "drag_region": "West", "NAME": "Marion" }, "geometry": { "type": "Polygon", "coordinates": [ [ [ 91085.706597951211734, 3572346.821694675367326 ], [ 89245.198421787441475, 3567925.042637276928872 ], [ 87912.573573107918492, 3538867.304235163610429 ], [ 91635.690199370757909, 3538740.996947054751217 ], [ 93171.299963734665653, 3534014.08067878941074 ], [ 96554.265982081153197, 3533805.794781762640923 ], [ 100078.894349728972884, 3527583.536639876198024 ], [ 109223.562342694640392, 3527192.514441146049649 ], [ 109570.326023958303267, 3538056.414602133911103 ], [ 111262.49505239908467, 3538002.470958389341831 ], [ 111492.978499620367074, 3545245.072569275274873 ], [ 113522.102654803107725, 3545180.645367722958326 ], [ 113595.218686308566248, 3558151.817054818850011 ], [ 112496.952832364564529, 3566104.672158787958324 ], [ 110162.186343402514467, 3567038.21384214470163 ], [ 108285.852521368506132, 3571678.149591091088951 ], [ 109396.510723608284025, 3574694.996584770735353 ], [ 105012.829891775298165, 3574837.943490002304316 ], [ 103591.748649317334639, 3572690.319968158379197 ], [ 97851.41407759176218, 3572690.26816345192492 ], [ 96100.695579128194368, 3570840.794350456912071 ], [ 91085.706597951211734, 3572346.821694675367326 ] ] ] } },
{ "type": "Feature", "properties": { "drag_region": "East", "NAME": "Camden" }, "geometry": { "type": "Polygon", "coordinates": [ [ [ 509043.994981269934215, 3363101.608459004666656 ], [ 503886.234704445931129, 3359520.307372028939426 ], [ 501800.608773129293695, 3355251.164859322365373 ], [ 494609.439074627123773, 3355022.512347522657365 ], [ 492853.657227540272288, 3349800.116854026447982 ], [ 495585.928112687892281, 3348825.293235528748482 ], [ 494842.99333605717402, 3341785.27212836034596 ], [ 496885.838314694352448, 3340054.80932357115671 ], [ 494785.235824977280572, 3334739.70920506445691 ], [ 496840.886367312283255, 3334437.424495871644467 ], [ 495731.86230656853877, 3324543.962285622488707 ], [ 498798.003247720305808, 3321472.818169096019119 ], [ 504633.936534421751276, 3321143.389151186682284 ], [ 510797.735564041766338, 3318434.708530024625361 ], [ 513186.963847088511102, 3316038.856166633311659 ], [ 524515.267447724938393, 3314163.177094272803515 ], [ 530348.741781073622406, 3312419.790344280190766 ], [ 535166.558621604694054, 3313825.747032827232033 ], [ 539626.697840842767619, 3311998.313273474108428 ], [ 537935.637776906602085, 3318669.451752459164709 ], [ 543486.697199433343485, 3333976.100685754325241 ], [ 543171.895229659508914, 3341689.008344503585249 ], [ 539392.584324820199981, 3339418.520167779643089 ], [ 534946.115852499497123, 3341722.28713195072487 ], [ 539761.558870502049103, 3345986.402028339914978 ], [ 535659.069748464622535, 3348002.939327834174037 ], [ 527473.941470487625338, 3354992.322724759578705 ], [ 528856.621238823281601, 3357651.201526697259396 ], [ 521661.616714343428612, 3356261.676039518788457 ], [ 516537.465257582603954, 3357910.823384723626077 ], [ 509043.994981269934215, 3363101.608459004666656 ] ] ] } },
{ "type": "Feature", "properties": { "drag_region": "North", "NAME": "Carroll" }, "geometry": { "type": "Polygon", "coordinates": [ [ [ 33825.279528174316511, 3785352.174824856687337 ], [ 36786.841799463203643, 3760203.621740167029202 ], [ 62832.815834339242429, 3758970.41908500296995 ], [ 65636.588625611620955, 3762299.488321593496948 ], [ 69893.722108091751579, 3759941.115959144663066 ], [ 72698.181712326244451, 3763367.328460204415023 ], [ 77808.207428256398998, 3765944.378465455025434 ], [ 78549.986300492368173, 3767921.454263171181083 ], [ 81587.872951143770479, 3768763.63558609969914 ], [ 80355.724728659726679, 3771577.384215179365128 ], [ 82472.589363101636991, 3774649.310105594340712 ], [ 73470.639232090092264, 3774985.059421024285257 ], [ 74673.308722790621687, 3797947.37304882472381 ], [ 62168.591034830547869, 3801867.479926000349224 ], [ 61174.815974624245428, 3802002.073831000830978 ], [ 60747.081259934522677, 3791133.453350360505283 ], [ 55333.388802012894303, 3789151.449394638650119 ], [ 52359.563344282330945, 3789843.377185886260122 ], [ 38152.560306112281978, 3785075.751671332865953 ], [ 33825.279528174316511, 3785352.174824856687337 ] ] ] } },
{ "type": "Feature", "properties": { "drag_region": "North", "NAME": "Gordon" }, "geometry": { "type": "Polygon", "coordinates": [ [ [ 71795.200746658694698, 3924547.57800731761381 ], [ 71924.769060412974795, 3919576.309311114251614 ], [ 69613.42038078114274, 3919574.230469039175659 ], [ 69261.991195811744547, 3910897.725692543201149 ], [ 67274.490597498515854, 3910787.350721846800297 ], [ 69310.785236695111962, 3903924.158085138071328 ], [ 76537.399541417922592, 3902680.369585515465587 ], [ 81453.511708947160514, 3901532.282371494919062 ], [ 81520.504830366553506, 3903248.394522124901414 ], [ 101650.647148511750856, 3902197.842028996907175 ], [ 101717.450857146788621, 3904009.127170993480831 ], [ 109309.753033528424567, 3903732.154369695112109 ], [ 109524.444385557289934, 3918805.958280947990716 ], [ 109662.66402763754013, 3922619.12676007533446 ], [ 105113.81293072833796, 3924503.490520332474262 ], [ 104224.197659088502405, 3927209.178672493435442 ], [ 96260.318021548475372, 3925883.537096343468875 ], [ 86742.468780762836104, 3927107.113301485776901 ], [ 86161.651236498641083, 3929134.827054349705577 ], [ 85095.832711290539009, 3927171.143006249796599 ], [ 73599.710435382410651, 3928390.372060322668403 ], [ 71795.200746658694698, 3924547.57800731761381 ] ] ] } },
{ "type": "Feature", "properties": { "drag_region": "Central", "NAME": "Rabun" }, "geometry": { "type": "Polygon", "coordinates": [ [ [ 284547.698024559067562, 4010981.877534661907703 ], [ 284744.192161506565753, 4005827.394830400589854 ], [ 279804.03058928262908, 4005096.308926864992827 ], [ 279729.693373424466699, 4002237.328300153370947 ], [ 274380.532958339957986, 3998563.225586459040642 ], [ 274872.929474967007991, 3992351.344468564260751 ], [ 280775.925279413349926, 3991911.110985546372831 ], [ 283860.972558889887296, 3984012.723409727681428 ], [ 290363.162382425041869, 3980989.407110805623233 ], [ 294698.931691359728575, 3983457.940850642509758 ], [ 301848.589389315224253, 3979855.330952073913068 ], [ 304917.370817486022133, 3984551.073314479086548 ], [ 304668.193571146577597, 3987989.128693919163197 ], [ 313430.626011075335555, 3997800.719667678233236 ], [ 323738.569511946872808, 4004059.385152127128094 ], [ 324866.899085048236884, 4010899.349751252681017 ], [ 284547.698024559067562, 4010981.877534661907703 ] ] ] } },
{ "type": "Feature", "properties": { "drag_region": "South", "NAME": "Laurens" }, "geometry": { "type": "Polygon", "coordinates": [ [ [ 318118.677164240798447, 3571734.909604385029525 ], [ 326185.567875329230446, 3553749.149134340230376 ], [ 339457.810218038794119, 3522906.682518168352544 ], [ 349369.810079209506512, 3528063.631645583547652 ], [ 352073.593428997090086, 3527826.006237945519388 ], [ 365136.810196307778824, 3540374.528187233023345 ], [ 362468.966776901157573, 3542608.925851543899626 ], [ 367692.649729648313951, 3552337.523095987737179 ], [ 368780.436239681381267, 3557083.728301951196045 ], [ 372506.348112280305941, 3557978.257994409650564 ], [ 372244.122025037533604, 3562840.936392147094011 ], [ 369903.261885476706084, 3564115.931079842150211 ], [ 370731.257082017313223, 3573915.689354620873928 ], [ 358695.946723129425664, 3579447.248268536757678 ], [ 359753.969388458353933, 3582287.703554753679782 ], [ 352406.823444894282147, 3585653.680908985435963 ], [ 343645.115661657473538, 3585049.408747034147382 ], [ 318118.677164240798447, 3571734.909604385029525 ] ] ] } },
{ "type": "Feature", "properties": { "drag_region": "East", "NAME": "Screven" }, "geometry": { "type": "Polygon", "coordinates": [ [ [ 512869.919094723416492, 3633605.652042634785175 ], [ 502920.532603686675429, 3607491.053996650967747 ], [ 505591.733984315709677, 3604802.770373716484755 ], [ 509288.207553324638866, 3603917.007698154076934 ], [ 511953.066117657523137, 3599992.465360952075571 ], [ 519655.943295739067253, 3593272.892350985202938 ], [ 533104.110249542049132, 3586909.357071197126061 ], [ 533789.644903974491172, 3589096.20078985998407 ], [ 547984.565498154144734, 3598557.431922832503915 ], [ 545304.960293819778599, 3602376.883640272542834 ], [ 547671.684921029955149, 3605034.355687499046326 ], [ 546342.809714253526181, 3609610.54010202921927 ], [ 544327.190015932894312, 3610380.35196401597932 ], [ 546027.76983855466824, 3615135.304895880166441 ], [ 544693.043329941341653, 3617711.899358361028135 ], [ 544725.591529769240879, 3625806.750887712929398 ], [ 541708.665784228243865, 3627247.896135606803 ], [ 541057.503892157226801, 3631917.335345271043479 ], [ 537058.522486506844871, 3638030.994926756247878 ], [ 538765.656477104639634, 3644403.901043862104416 ], [ 533757.777589346398599, 3648523.827468426432461 ], [ 512869.919094723416492, 3633605.652042634785175 ] ] ] } },
{ "type": "Feature", "properties": { "drag_region": "Central", "NAME": "Warren" }, "geometry": { "type": "Polygon", "coordinates": [ [ [ 380113.767793467617594, 3797298.714291288051754 ], [ 377760.306171072414145, 3796003.217408697120845 ], [ 376340.812307184445672, 3790785.921502329874784 ], [ 373619.777605865383521, 3787591.682624824345112 ], [ 367638.314982970012352, 3788837.912554554641247 ], [ 362527.892059064935893, 3782829.858136262279004 ], [ 364150.04561806737911, 3780227.92691912362352 ], [ 366455.691709949634969, 3778471.925000770017505 ], [ 366686.032716309186071, 3772559.909467280376703 ], [ 368337.584887497709133, 3771482.984801054000854 ], [ 369824.774825965752825, 3760785.227540499996394 ], [ 372470.657412000349723, 3759025.221307532396168 ], [ 379864.101383758243173, 3761190.412051266059279 ], [ 382920.985502498573624, 3764190.700531323906034 ], [ 390984.625810564379208, 3766925.127922196406871 ], [ 402932.55852713342756, 3760942.315187439788133 ], [ 407332.685680656461045, 3764979.550883306656033 ], [ 401028.854494555853307, 3768304.431900904048234 ], [ 395685.49668032291811, 3768475.607129454612732 ], [ 392398.726819032570347, 3772144.234815017320216 ], [ 391799.07939778000582, 3776726.425699439365417 ], [ 388853.26186303421855, 3780581.98097534198314 ], [ 383128.059899668558501, 3798298.347694945055991 ], [ 380113.767793467617594, 3797298.714291288051754 ] ] ] } },
{ "type": "Feature", "properties": { "drag_region": "East", "NAME": "Candler" }, "geometry": { "type": "Polygon", "coordinates": [ [ [ 471683.613756809791084, 3575442.9154381765984 ], [ 467326.003591610235162, 3577867.215694246813655 ], [ 460876.251956214429811, 3573553.253235564567149 ], [ 457447.931866449769586, 3568447.330724043771625 ], [ 457060.895999686094001, 3563974.989656280726194 ], [ 450542.0044560735696, 3554905.580398113466799 ], [ 452526.929949394485448, 3551263.115506877191365 ], [ 477141.984246758860536, 3545486.12752512190491 ], [ 478511.188073294470087, 3547378.588740792125463 ], [ 482352.245631868368946, 3561725.974139772821218 ], [ 476677.385250795690808, 3568633.612766810227185 ], [ 477388.35752276686253, 3572627.262941781897098 ], [ 471683.613756809791084, 3575442.9154381765984 ] ] ] } },
{ "type": "Feature", "properties": { "drag_region": "South", "NAME": "Colquitt" }, "geometry": { "type": "Polygon", "coordinates": [ [ [ 202400.549094615213107, 3366520.43638003943488 ], [ 201173.92769224930089, 3333947.67467559222132 ], [ 226525.161724390462041, 3332911.142129737418145 ], [ 241935.36534903611755, 3332066.035527295898646 ], [ 242050.287367383891251, 3337019.115175785962492 ], [ 245731.153857037250418, 3348084.526340734679252 ], [ 248537.735495560686104, 3351070.062481231987476 ], [ 248501.746575869503431, 3364508.361568063963205 ], [ 235186.939899385150056, 3365202.052920111920685 ], [ 202400.549094615213107, 3366520.43638003943488 ] ] ] } },
{ "type": "Feature", "properties": { "drag_region": "Central", "NAME": "Habersham" }, "geometry": { "type": "Polygon", "coordinates": [ [ [ 270960.646637132507749, 3980568.930673277471215 ], [ 267939.137321709247772, 3978169.728330794256181 ], [ 272758.490774430858437, 3973941.465735350735486 ], [ 273326.128458400256932, 3970493.565268043894321 ], [ 269495.939339842880145, 3962488.272840787656605 ], [ 271362.573866269085556, 3958338.535334660671651 ], [ 271237.821433703764342, 3953573.716161270625889 ], [ 273466.515067527012434, 3950559.527519096620381 ], [ 268708.733087222906761, 3945152.952380407601595 ], [ 273119.032332431001123, 3937123.023755440488458 ], [ 280543.938858085428365, 3943608.88160264538601 ], [ 287436.522959977737628, 3942199.079675821587443 ], [ 296842.585755204665475, 3963522.106212893035263 ], [ 299176.002323623397388, 3964802.384958584327251 ], [ 297936.306551480782218, 3968072.917156787123531 ], [ 290786.64885352528654, 3971675.527055355720222 ], [ 286450.879544590599835, 3969206.993315518833697 ], [ 279948.689721055445261, 3972230.309614440891892 ], [ 276863.642441578907892, 3980128.697190259583294 ], [ 270960.646637132507749, 3980568.930673277471215 ] ] ] } },
{ "type": "Feature", "properties": { "drag_region": "East", "NAME": "Jenkins" }, "geometry": { "type": "Polygon", "coordinates": [ [ [ 500321.402870665653609, 3635586.993868866935372 ], [ 498658.732929664722178, 3637694.564493741374463 ], [ 491969.548796136165038, 3640508.714103396981955 ], [ 482545.566434602078516, 3637256.13826271565631 ], [ 470791.45438486355124, 3636607.792826965916902 ], [ 466725.189111449522898, 3633030.778344986960292 ], [ 464624.78859921800904, 3625147.459895709063858 ], [ 470504.068621554994024, 3608512.195926200598478 ], [ 478187.36795863712905, 3602245.952317975461483 ], [ 493043.217760257946793, 3606784.112199948634952 ], [ 490372.016379628912546, 3609472.395822883117944 ], [ 500321.402870665653609, 3635586.993868866935372 ] ] ] } },
{ "type": "Feature", "properties": { "drag_region": "East", "NAME": "Bacon" }, "geometry": { "type": "Polygon", "coordinates": [ [ [ 401765.105574034154415, 3448528.389464101288468 ], [ 401576.438132611976471, 3435862.538357928860933 ], [ 404641.390027184679639, 3435722.159179700072855 ], [ 404157.570958725293167, 3425918.446320306975394 ], [ 414047.275153628434055, 3425779.026527621783316 ], [ 415334.323775166878477, 3420046.93963652709499 ], [ 421475.99793459859211, 3419966.003995011094958 ], [ 428317.460948492167518, 3421308.669015978462994 ], [ 432460.896415158524178, 3425449.210097644012421 ], [ 432493.647189695271663, 3428210.699136776383966 ], [ 435561.92097833333537, 3428174.749108995310962 ], [ 439699.777961194806267, 3432318.031873389147222 ], [ 438366.853639349516015, 3434999.633649242576212 ], [ 430924.388325584528502, 3439467.607839279342443 ], [ 428236.35595104447566, 3442452.846562654711306 ], [ 418422.490754845668562, 3447055.086079127620906 ], [ 414413.06904429581482, 3452538.340694105252624 ], [ 412032.072393687150907, 3452571.274430487304926 ], [ 411973.662502098013647, 3448381.119743244256824 ], [ 401765.105574034154415, 3448528.389464101288468 ] ] ] } },
{ "type": "Feature", "properties": { "drag_region": "East", "NAME": "McIntosh" }, "geometry": { "type": "Polygon", "coordinates": [ [ [ 526767.176437796908431, 3430206.874782969709486 ], [ 527089.018179160659201, 3427062.69137563277036 ], [ 531494.27846086199861, 3422466.690972107462585 ], [ 530461.088483905070461, 3420663.362869706470519 ], [ 537238.839517985470593, 3412057.696056887507439 ], [ 548133.69097620411776, 3405153.477321878541261 ], [ 553258.016083657741547, 3405515.311692911200225 ], [ 563839.049007507856004, 3403008.480961590539664 ], [ 562823.249412784003653, 3406533.836911520920694 ], [ 564892.632134948042221, 3415193.024859551340342 ], [ 572760.446608139551245, 3427650.234661068767309 ], [ 570719.836928605567664, 3429938.871510351542383 ], [ 564925.349803317338228, 3428998.875121964607388 ], [ 564930.324070826522075, 3431093.57930674450472 ], [ 571066.506198682938702, 3433270.74230837309733 ], [ 571074.504780655261129, 3437745.81758281821385 ], [ 564957.276914030429907, 3442424.131947239395231 ], [ 555089.849049829761498, 3442928.426022197119892 ], [ 548618.179706368362531, 3441428.554715569131076 ], [ 542861.538563443813473, 3447927.82962891086936 ], [ 535988.347883148235269, 3434344.82808104949072 ], [ 526767.176437796908431, 3430206.874782969709486 ] ] ] } },
{ "type": "Feature", "properties": { "drag_region": "Central", "NAME": "Richmond" }, "geometry": { "type": "Polygon", "coordinates": [ [ [ 430532.476931698736735, 3762122.801551464945078 ], [ 438490.586867110861931, 3756973.73773156479001 ], [ 447220.280877753684763, 3760205.699387636501342 ], [ 454162.140426193189342, 3752890.449263607617468 ], [ 457853.558703943446744, 3754090.625738761853427 ], [ 465528.631589867465664, 3752301.211501002311707 ], [ 469567.621102636272553, 3755121.823139871936291 ], [ 474256.622916372842155, 3756033.502746944315732 ], [ 477252.279043544840533, 3754389.345152221620083 ], [ 478612.692847121681552, 3757235.833096833433956 ], [ 469323.20691529387841, 3765125.558827687520534 ], [ 470686.277387015055865, 3768161.488293323200196 ], [ 469384.145940205780789, 3771888.042913119774312 ], [ 471756.543276015669107, 3775962.862584043294191 ], [ 470442.410407144052442, 3778260.614882189780474 ], [ 465462.46093353908509, 3780783.038377651944757 ], [ 462513.317454777832609, 3786145.824819488450885 ], [ 461194.328301700064912, 3787587.696113592479378 ], [ 436270.875028861977626, 3766717.940446971915662 ], [ 430532.476931698736735, 3762122.801551464945078 ] ] ] } },
{ "type": "Feature", "properties": { "drag_region": "Central", "NAME": "Wilkes" }, "geometry": { "type": "Polygon", "coordinates": [ [ [ 370335.188483414938673, 3849713.141873749904335 ], [ 368967.003712785139214, 3847354.552180619910359 ], [ 361279.92711947899079, 3844347.105208503548056 ], [ 356832.351338725013193, 3837281.692915635649115 ], [ 354821.805931103881449, 3836366.458211859222502 ], [ 350691.022512619441841, 3828916.298973444383591 ], [ 353915.739208040817175, 3823613.014405975583941 ], [ 360340.061293403792661, 3811009.718812626320869 ], [ 361382.078467883809935, 3813373.246892352122813 ], [ 366402.524031732522417, 3814808.536883462686092 ], [ 372976.162468875700142, 3809740.343832342419773 ], [ 377654.069285319710616, 3810615.573137989267707 ], [ 378615.883320162713062, 3808313.024706459604204 ], [ 381630.175426363653969, 3809312.658110116608441 ], [ 384633.377563573594671, 3809646.39839799515903 ], [ 387694.704976139881182, 3813791.444548975210637 ], [ 391337.707768044550903, 3812497.653650288470089 ], [ 395032.960124275356065, 3814729.832631127908826 ], [ 397331.349873449944425, 3812505.246862382162362 ], [ 388922.853155486925971, 3828827.328023617621511 ], [ 387002.613560209691059, 3833621.104129993356764 ], [ 388740.940230577427428, 3838644.401215145364404 ], [ 386059.638558433798607, 3837066.066422673873603 ], [ 382628.459815217705909, 3850937.192762915976346 ], [ 381646.050225681334268, 3851715.344385333359241 ], [ 370335.188483414938673, 3849713.141873749904335 ] ] ] } },
{ "type": "Feature", "properties": { "drag_region": "West", "NAME": "Crawford" }, "geometry": { "type": "Polygon", "coordinates": [ [ [ 156256.400518334296066, 3609813.976533730514348 ], [ 165293.695287617272697, 3607732.864536601118743 ], [ 169889.893258054740727, 3603498.51582143176347 ], [ 168421.19109643320553, 3599344.764482504222542 ], [ 170004.99117325048428, 3595770.61685106344521 ], [ 174609.122238675365224, 3591539.036083156242967 ], [ 197336.071523817401612, 3608943.306204771623015 ], [ 203392.742210962373065, 3608691.796916400548071 ], [ 203395.169776721275412, 3608787.072065595537424 ], [ 200033.940945181064308, 3609063.964433939661831 ], [ 193407.73708080133656, 3613241.794500220566988 ], [ 185939.41863594163442, 3623359.482262380421162 ], [ 186028.127899618237279, 3626599.112261200789362 ], [ 164187.037538025469985, 3627316.97115382226184 ], [ 164026.319716384343337, 3621885.350911878049374 ], [ 161675.347897471161559, 3622050.52512028394267 ], [ 156256.400518334296066, 3609813.976533730514348 ] ] ] } },
{ "type": "Feature", "properties": { "drag_region": "North", "NAME": "Catoosa" }, "geometry": { "type": "Polygon", "coordinates": [ [ [ 45088.947605347158969, 3991221.043194487225264 ], [ 44470.072974436523509, 3976726.810137707274407 ], [ 50381.636635472837952, 3976476.725690355524421 ], [ 50009.734245394371101, 3967608.870271902997047 ], [ 55237.908359003791702, 3966627.216461522039026 ], [ 56460.064110029503354, 3972307.53743431949988 ], [ 63030.889961151769967, 3972038.787971840705723 ], [ 63232.007326953302254, 3976996.864530370105058 ], [ 66874.567951661956613, 3977613.755492620635778 ], [ 71330.814230804870022, 3990423.151740807108581 ], [ 45088.947605347158969, 3991221.043194487225264 ] ] ] } },
{ "type": "Feature", "properties": { "drag_region": "North", "NAME": "Cobb" }, "geometry": { "type": "Polygon", "coordinates": [ [ [ 108517.883681472521857, 3846175.346561938524246 ], [ 107981.336520781405852, 3831494.920933597721159 ], [ 109309.07352310216811, 3831446.570503328926861 ], [ 108741.909475676089642, 3815813.167106751352549 ], [ 118044.4971457139618, 3815289.973527860362083 ], [ 122131.461680975349736, 3808371.054441262036562 ], [ 132424.054856452567037, 3817275.255673547741026 ], [ 135316.017522407870274, 3824143.838215611409396 ], [ 134725.437220617197454, 3826358.370047535281628 ], [ 138836.49948851543013, 3830037.839949392247945 ], [ 141648.757517504796851, 3834715.658748860936612 ], [ 139427.978409635252319, 3837842.56416437914595 ], [ 137989.785333059728146, 3844474.583276178687811 ], [ 108517.883681472521857, 3846175.346561938524246 ] ] ] } },
{ "type": "Feature", "properties": { "drag_region": "North", "NAME": "Chattooga" }, "geometry": { "type": "Polygon", "coordinates": [ [ [ 12154.476137144127279, 3927738.099898518063128 ], [ 16604.103569580343901, 3893905.767169501632452 ], [ 23544.851382520617335, 3893507.618655365426093 ], [ 28904.756257498214836, 3902639.385030878707767 ], [ 43413.035796390249743, 3909384.381534275598824 ], [ 50697.331346586739528, 3925895.004866659175605 ], [ 12154.476137144127279, 3927738.099898518063128 ] ] ] } },
{ "type": "Feature", "properties": { "drag_region": "South", "NAME": "Cook" }, "geometry": { "type": "Polygon", "coordinates": [ [ [ 263349.588954994513188, 3363730.419433841947466 ], [ 263385.577874685695861, 3350292.120347009971738 ], [ 260578.996236162231071, 3347306.584206512663513 ], [ 256898.129746508871904, 3336241.173041563946754 ], [ 259234.596036619419465, 3333518.754124246072024 ], [ 266374.369534626835957, 3330879.455164317041636 ], [ 283498.649050347157754, 3330035.356685697101057 ], [ 284951.563153676339425, 3334007.27481558220461 ], [ 280968.605383404414169, 3340188.143946508411318 ], [ 282793.481539208034519, 3345581.266727397218347 ], [ 280112.280644302605651, 3348305.53451436990872 ], [ 280237.068377623276319, 3354210.753610358107835 ], [ 275483.226101838052273, 3355837.034509495832026 ], [ 270496.353779256343842, 3362330.842732711695135 ], [ 270922.277403689862695, 3366133.289190633688122 ], [ 268471.895048352482263, 3363519.433923485688865 ], [ 263349.588954994513188, 3363730.419433841947466 ] ] ] } },
{ "type": "Feature", "properties": { "drag_region": "East", "NAME": "Montgomery" }, "geometry": { "type": "Polygon", "coordinates": [ [ [ 420728.368615321698599, 3547334.238565326202661 ], [ 398024.350402146927081, 3542895.374504371080548 ], [ 397326.393099892535247, 3541477.167540437076241 ], [ 397911.593571615405381, 3535561.775162443518639 ], [ 400214.086000243551098, 3531239.873853925615549 ], [ 399753.283796797390096, 3523149.625502317212522 ], [ 401373.711152435862459, 3518267.019559324719012 ], [ 402265.835209772223607, 3509871.009273227769881 ], [ 406961.833754127495922, 3506278.158704543486238 ], [ 407264.259595147450455, 3503701.95833422197029 ], [ 412337.00643771875184, 3502487.768693196121603 ], [ 413046.886493758531287, 3504764.055630775634199 ], [ 417486.299137169495225, 3532327.15712193120271 ], [ 417935.52863797347527, 3540608.256358172744513 ], [ 420728.368615321698599, 3547334.238565326202661 ] ] ] } },
{ "type": "Feature", "properties": { "drag_region": "South", "NAME": "Brooks" }, "geometry": { "type": "Polygon", "coordinates": [ [ [ 233075.10676851295284, 3312579.01499896356836 ], [ 231355.011549848888535, 3270493.088053036946803 ], [ 268463.105652006343007, 3267363.527785926591605 ], [ 267825.027827743790112, 3269758.96535591641441 ], [ 260673.135185746534262, 3273246.917875514365733 ], [ 256358.516525740473298, 3280393.12312017660588 ], [ 259139.393257195304614, 3281761.107283136807382 ], [ 259953.913426182640251, 3287555.931664761155844 ], [ 262351.894152410677634, 3287217.7807029732503 ], [ 269283.206706548342481, 3290023.477769133634865 ], [ 267665.521673330047633, 3294726.647807420231402 ], [ 261194.446231154084671, 3297153.094823596533388 ], [ 262329.734417021914851, 3301988.117142977192998 ], [ 258076.472199624346104, 3311325.270167765207589 ], [ 250936.698701616900507, 3313964.569127694237977 ], [ 248600.232411506352946, 3316686.988045012112707 ], [ 248485.310393158608349, 3311733.908396522048861 ], [ 233075.10676851295284, 3312579.01499896356836 ] ] ] } },
{ "type": "Feature", "properties": { "drag_region": "East", "NAME": "Chatham" }, "geometry": { "type": "Polygon", "coordinates": [ [ [ 562513.865196157479659, 3511240.183693362399936 ], [ 564866.429355053813197, 3505899.376371428836137 ], [ 570950.568243974470533, 3500452.815226356498897 ], [ 574316.68674040667247, 3490636.204532631672919 ], [ 580427.623783914139494, 3491956.031847521662712 ], [ 586525.806670280755498, 3484519.366081560961902 ], [ 582783.498386893188581, 3480144.766904649790376 ], [ 583113.911418034229428, 3474335.960409007035196 ], [ 584807.385908911353908, 3470143.852950363885611 ], [ 587187.161746310768649, 3469759.853886058554053 ], [ 592971.237302733701654, 3474896.219255538657308 ], [ 596032.062558293691836, 3480512.524171228520572 ], [ 592296.208888078923337, 3481561.889620014466345 ], [ 593318.432874198653735, 3486893.431347612291574 ], [ 600447.688967393711209, 3484701.5310491300188 ], [ 605877.019582842942327, 3490416.536160873714834 ], [ 602483.173606191878207, 3491176.767514093779027 ], [ 604516.999875279725529, 3495748.073631005827338 ], [ 607910.025921679683961, 3494321.976238523144275 ], [ 612655.773979859193787, 3497088.312483237124979 ], [ 614342.681537264958024, 3503184.72502736421302 ], [ 610274.201372787938453, 3504322.303878076840192 ], [ 607223.797307244385593, 3504700.447772775311023 ], [ 599768.113897215458564, 3511458.303978205192834 ], [ 596042.241718593169935, 3509840.151877461001277 ], [ 588932.547275793855079, 3513082.657970102969557 ], [ 587246.668716768850572, 3518988.368153987452388 ], [ 588603.006820148206316, 3521462.611180749721825 ], [ 585902.01627038908191, 3525655.741348857525736 ], [ 581169.582869695965201, 3526901.161934644449502 ], [ 562513.865196157479659, 3511240.183693362399936 ] ] ] } },
{ "type": "Feature", "properties": { "drag_region": "West", "NAME": "Clay" }, "geometry": { "type": "Polygon", "coordinates": [ [ [ 24165.440119739985676, 3459362.150481202639639 ], [ 23807.339794253886794, 3449924.741487821098417 ], [ 29968.778932633242221, 3441388.446923685260117 ], [ 30567.520122031404753, 3429911.844763827975839 ], [ 32147.123442767784582, 3426417.357962183188647 ], [ 40747.755712006721296, 3428013.305290930904448 ], [ 51997.37562346564664, 3427328.332017183769494 ], [ 52801.217547781430767, 3440564.509646041318774 ], [ 40867.307725306905922, 3440797.979670355562121 ], [ 39544.453661552179256, 3451344.682273973245174 ], [ 40148.563481722332654, 3458576.506199018098414 ], [ 28892.827757863458828, 3458229.052988470532 ], [ 24165.440119739985676, 3459362.150481202639639 ] ] ] } },
{ "type": "Feature", "properties": { "drag_region": "West", "NAME": "Muscogee" }, "geometry": { "type": "Polygon", "coordinates": [ [ [ 71943.008936084879679, 3588136.951115577947348 ], [ 52046.184678327597794, 3588753.394103610888124 ], [ 52144.37884835836303, 3591422.433140676934272 ], [ 35629.158432879383327, 3592139.424224244430661 ], [ 41086.059007233023294, 3584675.679511851165444 ], [ 42636.559644646957167, 3580989.599334166385233 ], [ 43075.466835088576772, 3574672.696407621726394 ], [ 45987.171401118583162, 3571127.533418492879719 ], [ 44113.211151512994547, 3566233.538742464501411 ], [ 47485.940937863852014, 3565917.466452541295439 ], [ 53708.089694839916774, 3569507.380687262862921 ], [ 64559.04614351435157, 3570263.828694331925362 ], [ 68948.708567705485621, 3579748.195281736552715 ], [ 71691.299138127957121, 3580893.195274459198117 ], [ 74564.62348039088829, 3585851.343706194777042 ], [ 71943.008936084879679, 3588136.951115577947348 ] ] ] } },
{ "type": "Feature", "properties": { "drag_region": "South", "NAME": "Worth" }, "geometry": { "type": "Polygon", "coordinates": [ [ [ 207542.12362629576819, 3441342.651000559795648 ], [ 203668.569907730503473, 3436490.23726460756734 ], [ 200603.669296996959019, 3436384.002279195003211 ], [ 202533.443816609156784, 3432326.136745388619602 ], [ 198300.972277782100718, 3427008.343469923362136 ], [ 199459.033032518578693, 3419634.35732944868505 ], [ 201426.324313198914751, 3416815.119435095693916 ], [ 200534.927020377188455, 3396721.904829707462341 ], [ 200204.786109224020038, 3384622.455895293504 ], [ 232991.176913993956987, 3383304.072435365989804 ], [ 233967.856286455556983, 3409587.2747693634592 ], [ 227642.370806976221502, 3415747.782006383407861 ], [ 220151.815199569973629, 3416032.324901073239744 ], [ 220325.814801299013197, 3436047.185299550183117 ], [ 216328.949905809538905, 3439297.098540170583874 ], [ 207542.12362629576819, 3441342.651000559795648 ] ] ] } },
{ "type": "Feature", "properties": { "drag_region": "East", "NAME": "Brantley" }, "geometry": { "type": "Polygon", "coordinates": [ [ [ 448721.627159017196391, 3383668.352973758708686 ], [ 448680.740391249943059, 3380145.22743086470291 ], [ 455836.835232416109648, 3377683.914611637592316 ], [ 455733.067621041904204, 3368162.194353084079921 ], [ 462839.680009555420838, 3359897.898428900633007 ], [ 467636.727416560752317, 3359850.133751606103033 ], [ 469760.763617541582789, 3366971.356357087846845 ], [ 481719.453059526742436, 3363816.834398904815316 ], [ 483475.234906613593921, 3369039.229892401024699 ], [ 490666.404605115822051, 3369267.882404200732708 ], [ 492752.030536432459485, 3373537.024916907306761 ], [ 497909.790813256404363, 3377118.326003883033991 ], [ 497934.84585236973362, 3380736.386237573809922 ], [ 501448.158488320885226, 3394899.97524548554793 ], [ 494645.50632376462454, 3398660.846101935952902 ], [ 483023.023828876961488, 3396847.525017933454365 ], [ 471784.524400061927736, 3399995.108520021196455 ], [ 473784.875266435963567, 3394834.15643515298143 ], [ 476498.050779580895323, 3392714.428834241814911 ], [ 475100.475928970903624, 3389299.020000329706818 ], [ 464842.175278207461815, 3388635.79628516221419 ], [ 461745.966546043695416, 3386667.718750377185643 ], [ 461716.314011470531113, 3383811.184355322737247 ], [ 457249.316254785575438, 3381763.440046296920627 ], [ 448721.627159017196391, 3383668.352973758708686 ] ] ] } },
{ "type": "Feature", "properties": { "drag_region": "Central", "NAME": "Putnam" }, "geometry": { "type": "Polygon", "coordinates": [ [ [ 283894.722718026896473, 3778914.801450092345476 ], [ 283117.810511149757076, 3774452.982725960668176 ], [ 281847.682369870424736, 3749792.442936135921627 ], [ 292930.585759859706741, 3751054.23531543277204 ], [ 298942.489714287919924, 3750344.640158564317971 ], [ 307327.15733235469088, 3750921.362587986979634 ], [ 309507.753190601884853, 3758880.478438106365502 ], [ 319655.609222781960852, 3764289.996571836993098 ], [ 318087.327107984630857, 3769278.420513516291976 ], [ 314841.428335825970862, 3773825.994567125104368 ], [ 310511.078797838476021, 3774395.033111332915723 ], [ 310890.128340600756928, 3776483.787378556095064 ], [ 307377.198784150124993, 3783804.324138270691037 ], [ 283894.722718026896473, 3778914.801450092345476 ] ] ] } },
{ "type": "Feature", "properties": { "drag_region": "Central", "NAME": "Stephens" }, "geometry": { "type": "Polygon", "coordinates": [ [ [ 294921.135971818468533, 3938087.895072278566658 ], [ 300473.913817679625936, 3935761.615990089252591 ], [ 302806.866266501543578, 3936755.337698612362146 ], [ 320957.805349960515741, 3937109.75725737772882 ], [ 327688.321557337301783, 3943544.676705156452954 ], [ 321922.144562353030778, 3951292.886213607154787 ], [ 316340.835595679818653, 3952081.988154977560043 ], [ 306660.615335464128293, 3960691.200355041772127 ], [ 304327.19876704539638, 3959410.921609350480139 ], [ 294921.135971818468533, 3938087.895072278566658 ] ] ] } },
{ "type": "Feature", "properties": { "drag_region": "Central", "NAME": "Banks" }, "geometry": { "type": "Polygon", "coordinates": [ [ [ 274559.110893953766208, 3924570.488314541522413 ], [ 270837.792384911153931, 3921139.003963876981288 ], [ 269417.338608531747013, 3917361.892239238601178 ], [ 270938.751416320330463, 3912363.343452488072217 ], [ 273507.680768485064618, 3909435.968198291026056 ], [ 279005.096109513135161, 3904528.207315049599856 ], [ 286303.833593293151353, 3905396.11124281398952 ], [ 293407.330354606150649, 3898075.077384433243424 ], [ 297776.076724722457584, 3900928.438852901570499 ], [ 299523.68762707564747, 3904987.527716632001102 ], [ 294731.394983548379969, 3912153.982024152763188 ], [ 295995.276614922098815, 3923755.676125168334693 ], [ 294429.379367361601908, 3927320.265152733307332 ], [ 288876.601521500444505, 3929646.544234922621399 ], [ 281984.017419608135242, 3931056.346161746419966 ], [ 274559.110893953766208, 3924570.488314541522413 ] ] ] } },
{ "type": "Feature", "properties": { "drag_region": "West", "NAME": "Harris" }, "geometry": { "type": "Polygon", "coordinates": [ [ [ 24992.076479083800223, 3635301.044085958506912 ], [ 27897.246515337610617, 3632130.525332175195217 ], [ 26416.594878764764871, 3628751.455973443575203 ], [ 30621.983909803733695, 3624289.639924520626664 ], [ 29855.833483322989196, 3621932.545230038929731 ], [ 31753.761277114623226, 3610019.472201381344348 ], [ 33617.970197117247153, 3605842.15072516631335 ], [ 50133.190612596226856, 3605125.159641598816961 ], [ 50034.996442565461621, 3602456.120604532770813 ], [ 69931.820700322743505, 3601839.677616499830037 ], [ 71219.310059187526349, 3629087.702949662692845 ], [ 70267.475876868935302, 3630743.399307453539222 ], [ 65659.331428255303763, 3633673.914420722518116 ], [ 55590.380334179790225, 3634419.285207027569413 ], [ 55572.925719895283692, 3633942.670743931550533 ], [ 24992.076479083800223, 3635301.044085958506912 ] ] ] } },
{ "type": "Feature", "properties": { "drag_region": "West", "NAME": "Terrell" }, "geometry": { "type": "Polygon", "coordinates": [ [ [ 94310.036764704185771, 3480199.211759656667709 ], [ 93425.993775000068126, 3463818.572753547690809 ], [ 96446.765478558692848, 3462478.663780855946243 ], [ 99205.031044464354636, 3453039.400900580454618 ], [ 97981.99018104976858, 3446878.263252621516585 ], [ 107183.981786144984653, 3446678.610329430084676 ], [ 121833.200461125379661, 3446225.804355783388019 ], [ 122089.599731685622828, 3454706.300797161646187 ], [ 123421.620009457081323, 3464966.425338502041996 ], [ 125801.919446331768995, 3464894.705043337773532 ], [ 125924.963946048199432, 3468992.022246880922467 ], [ 122990.195104985643411, 3473181.786808839533478 ], [ 118602.450184328685282, 3474269.81745057599619 ], [ 109080.001649507466936, 3484965.382979237940162 ], [ 107891.293483722343808, 3479661.291315617971122 ], [ 94310.036764704185771, 3480199.211759656667709 ] ] ] } },
{ "type": "Feature", "properties": { "drag_region": "Central", "NAME": "Oglethorpe" }, "geometry": { "type": "Polygon", "coordinates": [ [ [ 315609.304890421684831, 3839468.093552799895406 ], [ 312862.348289631889202, 3835525.657319622579962 ], [ 315066.01591501000803, 3829947.7777188885957 ], [ 329884.707100008614361, 3822673.49094642419368 ], [ 336574.877773458487354, 3824349.304539233446121 ], [ 341185.814331222209148, 3821876.303706211969256 ], [ 345594.070414761197753, 3826175.916424644179642 ], [ 342369.353719339822419, 3831479.200992112979293 ], [ 346500.137137824262027, 3838929.360230527818203 ], [ 348510.682545445393771, 3839844.594934304244816 ], [ 352958.258326199371368, 3846910.007227172143757 ], [ 360645.334919505519792, 3849917.454199288506061 ], [ 362013.519690135319252, 3852276.043892418500036 ], [ 354078.476591387181543, 3853751.2538888650015 ], [ 346850.231135960784741, 3857411.855709847062826 ], [ 343927.631741141434759, 3860612.954844627063721 ], [ 337239.213741516810842, 3857694.50111587299034 ], [ 330351.190750209847465, 3861361.505334386602044 ], [ 321290.623823560250457, 3856311.140818801242858 ], [ 317639.296815612411592, 3856200.34456913266331 ], [ 316173.52177357126493, 3849941.298309211153537 ], [ 319068.018829945707694, 3845683.366304956842214 ], [ 315609.304890421684831, 3839468.093552799895406 ] ] ] } },
{ "type": "Feature", "properties": { "drag_region": "South", "NAME": "Wilcox" }, "geometry": { "type": "Polygon", "coordinates": [ [ [ 256865.743603026901837, 3479663.251316690817475 ], [ 256399.169922556873644, 3460324.810287213418633 ], [ 268611.45626995927887, 3459275.696779916528612 ], [ 294424.135029249882791, 3458431.944317694753408 ], [ 297489.169631824537646, 3458751.167468168772757 ], [ 294889.7504623804125, 3464616.273733528330922 ], [ 292934.960687497747131, 3468658.476387720089406 ], [ 289577.031520748161711, 3470443.397235408425331 ], [ 285738.900706128159072, 3481483.613600707612932 ], [ 286822.67280531959841, 3484605.343943695537746 ], [ 282820.429138168401551, 3487645.665458163712174 ], [ 280831.671759233635385, 3489690.386383453849703 ], [ 275435.977077595365699, 3490858.44056530483067 ], [ 273703.847156090079807, 3489181.926803092472255 ], [ 257446.71724731073482, 3489657.850996112450957 ], [ 256865.743603026901837, 3479663.251316690817475 ] ] ] } },
{ "type": "Feature", "properties": { "drag_region": "East", "NAME": "Treutlen" }, "geometry": { "type": "Polygon", "coordinates": [ [ [ 396183.987745311867911, 3575336.114225858356804 ], [ 396446.213832554640248, 3570473.435828120913357 ], [ 392720.301959955715574, 3569578.906135662458837 ], [ 391632.515449922648259, 3564832.700929698999971 ], [ 386408.832497175491881, 3555104.103685255162418 ], [ 389076.675916582113132, 3552869.706020944286138 ], [ 395140.622487858403474, 3551535.706230087671429 ], [ 395838.579790112795308, 3552953.913194021675736 ], [ 418542.598003287625033, 3557392.777254976797849 ], [ 421031.413239563349634, 3566980.997687112074345 ], [ 411325.257427131407894, 3572827.015619343612343 ], [ 396183.987745311867911, 3575336.114225858356804 ] ] ] } }
]
}
