{
"type": "FeatureCollection",
"name": "map",
"crs": { "type": "name", "properties": { "name": "urn:ogc:def:crs:EPSG::32615" } },
"features": [
{ "type": "Feature", "properties": { "drag_region": "Northeast", "NAME": "Cross", "NAMELSAD": "Cross" }, "geometry": { "type": "Polygon", "coordinates": [ [ [ 767067.699252536869608, 3936692.658673574216664 ], [ 766417.951782395248301, 3969567.635510069783777 ], [ 776524.165313186473213, 3969487.799528649076819 ], [ 805505.389239182462916, 3970905.063753958791494 ], [ 805526.147854388924316, 3970047.356291857548058 ], [ 815299.499823925551027, 3970384.570856701117009 ], [ 815710.179539086529985, 3941118.764000920113176 ], [ 816132.850389186409302, 3937314.984564875718206 ], [ 796171.850117749185301, 3937312.546298250555992 ], [ 767067.699252536869608, 3936692.658673574216664 ] ] ] } },
{ "type": "Feature", "properties": { "drag_region": "Northeast", "NAME": "Izard", "NAMELSAD": "Izard" }, "geometry": { "type": "Polygon", "coordinates": [ [ [ 628930.702828080044128, 4087296.079261951614171 ], [ 670859.942118053906597, 4086904.133480408228934 ], [ 672540.221478163846768, 4081970.803521732799709 ], [ 671961.012679673964158, 4077102.052490761969239 ], [ 671884.523281347006559, 4058897.016945439856499 ], [ 669619.894014921272174, 4058866.715977125335485 ], [ 669381.940505148028024, 4052382.759221835527569 ], [ 665819.409690382308327, 4052431.774037365801632 ], [ 657177.012040296220221, 4043939.062047025654465 ], [ 652944.911552552832291, 4045605.601977975573391 ], [ 647702.830738997203298, 4050979.821275099180639 ], [ 642859.570793922874145, 4049595.056177096907049 ], [ 639271.296425327076577, 4052227.524517425335944 ], [ 636374.754709402099252, 4050389.108109813649207 ], [ 633127.214533879421651, 4051407.267533084843308 ], [ 635686.965592168853618, 4054670.853943541646004 ], [ 634351.915641616564244, 4059041.955134453251958 ], [ 638202.358527116128244, 4062318.415072828996927 ], [ 632998.175513021182269, 4065604.858210904058069 ], [ 630689.112490091589279, 4070825.339148520957679 ], [ 626172.820733299246058, 4070024.166624615900218 ], [ 625501.47175043867901, 4073067.989905034657568 ], [ 623848.908785341540352, 4077723.874451960902661 ], [ 628691.56078493501991, 4077669.105368678923696 ], [ 628930.702828080044128, 4087296.079261951614171 ] ] ] } },
{ "type": "Feature", "properties": { "drag_region": "Southeast", "NAME": "Cleveland", "NAMELSAD": "Cleveland" }, "geometry": { "type": "Polygon", "coordinates": [ [ [ 588588.172491322155111, 3678005.951650499366224 ], [ 610777.545038983691484, 3678717.87641803175211 ], [ 636612.025719124474563, 3679137.588527113199234 ], [ 636710.436957830912434, 3669516.615436110645533 ], [ 634389.436146590276621, 3669493.185461635235697 ], [ 634594.12117888731882, 3648918.141832971014082 ], [ 635023.060904231853783, 3639205.65702872350812 ], [ 602091.001828540465795, 3639316.130713365972042 ], [ 601068.225103405769914, 3643214.912322698626667 ], [ 601695.565843794844113, 3649029.423054045531899 ], [ 601339.981828017975204, 3652646.791514014359564 ], [ 595987.61263056145981, 3659091.067316378001124 ], [ 595306.02503673825413, 3662135.217056827619672 ], [ 590294.571244886261411, 3668584.611019312404096 ], [ 588305.112004866008647, 3668574.247531455941498 ], [ 588588.172491322155111, 3678005.951650499366224 ] ] ] } },
{ "type": "Feature", "properties": { "drag_region": "Northwest", "NAME": "Pope", "NAMELSAD": "Pope" }, "geometry": { "type": "Polygon", "coordinates": [ [ [ 422270.095119288249407, 4017045.912305430043489 ], [ 454406.725524736568332, 4016287.57452978938818 ], [ 454118.491093853954226, 3997041.070459275040776 ], [ 450865.064286048873328, 3997130.799613467883319 ], [ 450879.701141546596773, 3987508.070517552085221 ], [ 450601.615172059217002, 3955305.793463020585477 ], [ 446679.723347712657414, 3955110.328810827340931 ], [ 444064.513612639333587, 3955679.603507155552506 ], [ 435239.86982613557484, 3954248.239859964232892 ], [ 432949.364342560234945, 3949295.068819431122392 ], [ 429679.669647299509961, 3950345.165840602945536 ], [ 429357.888003045925871, 3956347.387560056522489 ], [ 425436.00384346046485, 3956161.122667235787958 ], [ 423157.846156846091617, 3962261.669927672483027 ], [ 418920.500911566370632, 3966365.933073273859918 ], [ 415004.605909361096565, 3966946.372899343259633 ], [ 412079.322314634569921, 3971431.86050288612023 ], [ 410124.920909037522506, 3972485.537421814631671 ], [ 410498.314283617713954, 3988299.903536106459796 ], [ 417011.053968352498487, 3988187.537265033461154 ], [ 417368.970004223985597, 4002668.623590346425772 ], [ 421920.370602086826693, 4002469.076121110003442 ], [ 422270.095119288249407, 4017045.912305430043489 ] ] ] } },
{ "type": "Feature", "properties": { "drag_region": "Northwest", "NAME": "Van Buren", "NAMELSAD": "Van Buren" }, "geometry": { "type": "Polygon", "coordinates": [ [ [ 469904.789230440161191, 4019616.814185708295554 ], [ 486137.549733636667952, 4019281.892158468253911 ], [ 486107.430867803050205, 4027285.32918335031718 ], [ 505570.12901982490439, 4027094.178986965678632 ], [ 505293.169322641799226, 4019088.738175277132541 ], [ 521529.70180153241381, 4018723.237030859105289 ], [ 521353.081161493668333, 3999474.366697974037379 ], [ 520714.637480494682677, 3997849.677403065375984 ], [ 520522.990146410884336, 3980125.851378210820258 ], [ 499977.52608212037012, 3980470.895950676407665 ], [ 499926.94400222459808, 3990093.594490847550333 ], [ 466377.764847250189632, 3990837.310173470992595 ], [ 466363.127991752466187, 4000460.039269386790693 ], [ 469616.554799557547085, 4000370.31011519394815 ], [ 469904.789230440161191, 4019616.814185708295554 ] ] ] } },
{ "type": "Feature", "properties": { "drag_region": "Southeast", "NAME": "Drew", "NAMELSAD": "Drew" }, "geometry": { "type": "Polygon", "coordinates": [ [ [ 646124.314690855448134, 3629423.721749916207045 ], [ 645695.374965510913171, 3639136.206554163713008 ], [ 674605.197903925785795, 3639466.947801503352821 ], [ 684587.750042734784074, 3638648.738220434635878 ], [ 694562.442213640664704, 3638507.749233986716717 ], [ 694544.851464566076174, 3595060.159932047128677 ], [ 645124.684229465085082, 3595501.692769972607493 ], [ 643317.228176575154066, 3609963.34374554362148 ], [ 645982.704495574929751, 3610084.504498546943069 ], [ 646124.314690855448134, 3629423.721749916207045 ] ] ] } },
{ "type": "Feature", "properties": { "drag_region": "Southeast", "NAME": "Saline", "NAMELSAD": "Saline" }, "geometry": { "type": "Polygon", "coordinates": [ [ [ 546810.341304503846914, 3791841.291101462207735 ], [ 554685.703231886960566, 3791674.67032470414415 ], [ 554719.341393715934828, 3781957.736544257961214 ], [ 563917.720480477320962, 3781708.348390819970518 ], [ 563953.360932214185596, 3773706.241331576835364 ], [ 568565.026478735846467, 3771917.879441471770406 ], [ 573826.839494874584489, 3771850.144159056246281 ], [ 573854.678979471907951, 3766801.228742150589824 ], [ 582409.688387742382474, 3766757.06642728485167 ], [ 582770.13349001633469, 3761900.804605558048934 ], [ 592318.185006919084117, 3761776.917554059065878 ], [ 592060.681403525639325, 3752152.977473303675652 ], [ 577559.724588051787578, 3752246.884374506771564 ], [ 577588.288702877005562, 3747388.620975238736719 ], [ 560771.465982148889452, 3747781.303833825513721 ], [ 557492.300063374103047, 3743005.555734996218234 ], [ 553203.90056518255733, 3743085.888911293819547 ], [ 551884.207166436361149, 3743176.951538663357496 ], [ 551864.054270477266982, 3749654.513605785556138 ], [ 546919.567684764508158, 3749735.693181600887328 ], [ 546911.203084233333357, 3752974.492315083742142 ], [ 541968.744117339840159, 3752963.038478155620396 ], [ 541955.446741281310096, 3759440.674215954262763 ], [ 540632.183381364215165, 3762676.902235591318458 ], [ 534049.152581115602516, 3762666.646211775019765 ], [ 534372.168643923942, 3767620.592116117477417 ], [ 524831.856275263242424, 3767804.21600113902241 ], [ 525814.062778014107607, 3782760.579100429080427 ], [ 515961.02397699462017, 3782762.759385434444994 ], [ 516296.339005205198191, 3792288.874137308914214 ], [ 538607.221026889747009, 3792014.109800862148404 ], [ 546489.573767896858044, 3788982.513016616459936 ], [ 546810.341304503846914, 3791841.291101462207735 ] ] ] } },
{ "type": "Feature", "properties": { "drag_region": "Southwest", "NAME": "Little River", "NAMELSAD": "Little River" }, "geometry": { "type": "Polygon", "coordinates": [ [ [ 268714.980840744450688, 3675131.75968882907182 ], [ 274663.927874859655276, 3673428.308983962517232 ], [ 277660.26334574748762, 3674149.801423373166472 ], [ 276608.244083945639431, 3669971.780898187309504 ], [ 281237.550689550349489, 3668576.424170455895364 ], [ 281869.35027523728786, 3666091.066983889322728 ], [ 290424.285061601898633, 3659505.656257310882211 ], [ 295418.028556686185766, 3660304.293061252683401 ], [ 295059.411559546482749, 3658021.988710674922913 ], [ 308676.164295182970818, 3657112.464789622463286 ], [ 308643.436045465117786, 3653873.852449044119567 ], [ 316286.86273850814905, 3653513.918414775747806 ], [ 315540.833680124138482, 3644852.228481963276863 ], [ 318859.737833189312369, 3643869.185969976708293 ], [ 326135.397420222347137, 3638281.620727445930243 ], [ 328462.377822163980454, 3637786.486047898884863 ], [ 325467.088082239963114, 3638001.375109184999019 ], [ 321766.308738490974065, 3633650.999361627269536 ], [ 318779.229226883267984, 3634915.694627582095563 ], [ 316746.556278668052983, 3631219.132139937952161 ], [ 315446.535143101355061, 3634755.691967020742595 ], [ 313397.103527851286344, 3629440.569435974117368 ], [ 312430.277747632178944, 3632879.127642425708473 ], [ 308085.655842826352455, 3631588.335667398758233 ], [ 308084.695415771799162, 3631493.085545272100717 ], [ 302775.489584680180997, 3633643.841920899227262 ], [ 300754.902929339092225, 3631665.047015246003866 ], [ 299120.308644153643399, 3634540.806337692774832 ], [ 295141.393537194817327, 3636205.004127588123083 ], [ 291425.866052088444121, 3631866.012579625006765 ], [ 284460.49260275810957, 3634523.088427779264748 ], [ 283426.145249683759175, 3631773.321590689476579 ], [ 280782.461008806712925, 3633521.980054802726954 ], [ 279082.911310916417278, 3630971.791900316253304 ], [ 275761.802075681393035, 3631873.30044726934284 ], [ 276474.150570952449925, 3635293.546215843874961 ], [ 273468.277333591599017, 3634762.607254695612937 ], [ 269837.289780091261491, 3637194.904051062185317 ], [ 269909.781092636520043, 3642338.782611117698252 ], [ 267235.79389659804292, 3641614.642613132484257 ], [ 268714.980840744450688, 3675131.75968882907182 ] ] ] } },
{ "type": "Feature", "properties": { "drag_region": "Northwest", "NAME": "Washington", "NAMELSAD": "Washington" }, "geometry": { "type": "Polygon", "coordinates": [ [ [ 267283.024204341229051, 4076201.307980072684586 ], [ 281495.800530972424895, 4075700.124323701951653 ], [ 281887.059061090578325, 4080460.141118076164275 ], [ 286731.16654734662734, 4080392.171423531603068 ], [ 287164.001273179077543, 4088392.347499292343855 ], [ 315549.086503788246773, 4087381.442808590363711 ], [ 319416.176549856667407, 4086865.273079821374267 ], [ 319442.960698937531561, 4089533.390586991794407 ], [ 327191.689893451402895, 4090221.408004229422659 ], [ 321875.216966883512214, 4074261.653918992727995 ], [ 321336.128610798274167, 4052063.113540002610534 ], [ 319898.805168818100356, 4037687.932255201973021 ], [ 305301.323281022254378, 4038224.484182369895279 ], [ 305283.841994755784981, 4036699.935581426601857 ], [ 271870.997588996426202, 4038099.094523184001446 ], [ 267283.024204341229051, 4076201.307980072684586 ] ] ] } },
{ "type": "Feature", "properties": { "drag_region": "Southeast", "NAME": "Pulaski", "NAMELSAD": "Pulaski" }, "geometry": { "type": "Polygon", "coordinates": [ [ [ 575546.226810603053309, 3806893.329714738763869 ], [ 581118.923278359812684, 3806634.583841962739825 ], [ 584095.645124548464082, 3801696.407013037707657 ], [ 583141.06549482815899, 3796260.905893194489181 ], [ 585101.70774617861025, 3797700.665013558231294 ], [ 584098.776085078832693, 3801124.808267851825804 ], [ 587030.236455914448015, 3804571.055839264765382 ], [ 604407.74390588037204, 3804212.074333076830953 ], [ 604333.525840046815574, 3813834.241459487937391 ], [ 618745.495371159748174, 3813671.088272438384593 ], [ 618377.939496319391765, 3782416.874545286875218 ], [ 617082.382135074934922, 3780309.061325634364039 ], [ 615196.540391136426479, 3770479.161862386390567 ], [ 623095.36471089546103, 3770361.381944972556084 ], [ 622906.060964028234594, 3755782.76687619369477 ], [ 603128.68389624368865, 3756090.851974966470152 ], [ 603386.187499637133442, 3765714.792055721860379 ], [ 593838.135982734384015, 3765838.679107220843434 ], [ 593477.690880460431799, 3770694.940928947646171 ], [ 584922.681472189957276, 3770739.103243813384324 ], [ 584894.841987592633814, 3775788.018660719040781 ], [ 579633.028971453895792, 3775855.753943134564906 ], [ 575021.363424932234921, 3777644.115833239629865 ], [ 574985.722973195370287, 3785646.222892482765019 ], [ 565787.343886433984153, 3785895.611045920755714 ], [ 565753.705724605009891, 3795612.544826366938651 ], [ 556237.783546343329363, 3795775.036274174693972 ], [ 556550.161430765525438, 3802158.588016704656184 ], [ 566059.126724411034957, 3802091.72218253556639 ], [ 566047.764751277049072, 3805330.762660016771406 ], [ 575554.896433579269797, 3804987.997154911514372 ], [ 575546.226810603053309, 3806893.329714738763869 ] ] ] } },
{ "type": "Feature", "properties": { "drag_region": "Southeast", "NAME": "Lonoke", "NAMELSAD": "Lonoke" }, "geometry": { "type": "Polygon", "coordinates": [ [ [ 626418.771788188489154, 3818514.160066039767116 ], [ 636226.736196132726036, 3819653.974184780847281 ], [ 641825.884188360767439, 3816280.895274533890188 ], [ 648726.353370646480471, 3814069.105590970255435 ], [ 655594.879519296926446, 3814815.968400154262781 ], [ 655412.074942369828932, 3802712.342261340934783 ], [ 665578.482307703932747, 3802648.770106865093112 ], [ 665277.67997412965633, 3775201.941824873443693 ], [ 671266.775569848832674, 3770135.569834042340517 ], [ 668702.477696584304795, 3764955.797926313243806 ], [ 671705.509641597862355, 3762042.097741444129497 ], [ 668462.373741746298037, 3758187.377906425856054 ], [ 667857.056766208144836, 3754082.210145593155175 ], [ 635217.974931141012348, 3754569.99912784434855 ], [ 635407.278678008238785, 3769148.614196623209864 ], [ 627508.454358249204233, 3769266.394114037044346 ], [ 629394.296102187712677, 3779096.293577285017818 ], [ 630689.853463432169519, 3781204.106796937528998 ], [ 631057.409338272525929, 3812458.320524089038372 ], [ 626471.624219911638647, 3812512.091572356410325 ], [ 626418.771788188489154, 3818514.160066039767116 ] ] ] } },
{ "type": "Feature", "properties": { "drag_region": "Northwest", "NAME": "Conway", "NAMELSAD": "Conway" }, "geometry": { "type": "Polygon", "coordinates": [ [ [ 457028.377130211563781, 3948032.152795956470072 ], [ 460950.268954558123369, 3948227.617448149714619 ], [ 461228.354924045503139, 3980429.894502681214362 ], [ 494777.534079019911587, 3979686.1788200577721 ], [ 494828.116158915683627, 3970063.480279886629432 ], [ 494552.677639064728282, 3960343.942482417449355 ], [ 491627.986978484201245, 3957661.52356655523181 ], [ 490683.855947459582239, 3950225.658718361053616 ], [ 492979.878231443697587, 3948521.962803416419774 ], [ 491377.409328081761487, 3941940.303306387737393 ], [ 488107.515720982803032, 3941734.583457414060831 ], [ 484194.82601662306115, 3938669.319893542211503 ], [ 479945.086076912470162, 3937605.239019861444831 ], [ 481894.785732125747018, 3941232.642127630766481 ], [ 477326.334808501880616, 3937882.108851185534149 ], [ 473401.899808797752485, 3937107.975688826758415 ], [ 443950.288482446339913, 3937643.741443233098835 ], [ 443951.709502499725204, 3941168.654633590020239 ], [ 449512.101263144286349, 3942216.065659026615322 ], [ 454413.811157601710875, 3947744.004797098226845 ], [ 457028.377130211563781, 3948032.152795956470072 ] ] ] } },
{ "type": "Feature", "properties": { "drag_region": "Southwest", "NAME": "Montgomery", "NAMELSAD": "Montgomery" }, "geometry": { "type": "Polygon", "coordinates": [ [ [ 342538.846011031651869, 3793948.07333655282855 ], [ 347471.905335553106852, 3793903.828808546066284 ], [ 348174.891452123993076, 3799137.729746332392097 ], [ 353103.575063848635182, 3798905.917871423065662 ], [ 356080.305307751870714, 3801264.047390291001648 ], [ 362662.435446280636825, 3802644.183522807434201 ], [ 391573.701945720240474, 3802294.484205588698387 ], [ 390890.673995010787621, 3795819.221911462489516 ], [ 390433.202940925722942, 3763813.142001367174089 ], [ 390077.511336714145727, 3757432.220465303398669 ], [ 341887.103924759081565, 3758989.480941015295684 ], [ 342538.846011031651869, 3793948.07333655282855 ] ] ] } },
{ "type": "Feature", "properties": { "drag_region": "Northeast", "NAME": "Cleburne", "NAMELSAD": "Cleburne" }, "geometry": { "type": "Polygon", "coordinates": [ [ [ 618600.076454629190266, 4004721.47559851873666 ], [ 654973.484650953789242, 4004315.346686684060842 ], [ 659185.421033691498451, 4005128.607015340123326 ], [ 659102.434949582442641, 3985401.006209096405655 ], [ 659208.357695285696536, 3976730.417969530448318 ], [ 654348.030413319822401, 3974480.683499896898866 ], [ 654122.857404144946486, 3965806.498295077588409 ], [ 630637.547560195438564, 3966136.553612368647009 ], [ 617593.364799507660791, 3966124.089945870451629 ], [ 617785.012133591459133, 3983847.915970725007355 ], [ 618423.455814590444788, 3985472.605265633668751 ], [ 618600.076454629190266, 4004721.47559851873666 ] ] ] } },
{ "type": "Feature", "properties": { "drag_region": "Northwest", "NAME": "Searcy", "NAMELSAD": "Searcy" }, "geometry": { "type": "Polygon", "coordinates": [ [ [ 452224.41011783934664, 4073706.576837002765387 ], [ 461915.329234339878894, 4073622.315613049548119 ], [ 461923.543721935770009, 4068762.838574429042637 ], [ 500067.53978082590038, 4068052.709273532964289 ], [ 499802.015734312648419, 4058427.066250551957637 ], [ 499926.188079281884711, 4037655.597958230879158 ], [ 480463.489927260030527, 4037846.748154615517706 ], [ 480493.608793093648273, 4029843.311129733454436 ], [ 451600.308613806322683, 4030448.64386983262375 ], [ 452555.99597415397875, 4059890.717583653051406 ], [ 452224.41011783934664, 4073706.576837002765387 ] ] ] } },
{ "type": "Feature", "properties": { "drag_region": "Southeast", "NAME": "Monroe", "NAMELSAD": "Monroe" }, "geometry": { "type": "Polygon", "coordinates": [ [ [ 715738.315701638814062, 3801017.214462813455611 ], [ 722298.413881621090695, 3801031.263130908831954 ], [ 722488.017505446099676, 3809135.679875448346138 ], [ 727402.619480370893143, 3809221.021627165842801 ], [ 727365.645136241568252, 3811317.223615946713835 ], [ 735558.406255590147339, 3811274.820100507698953 ], [ 735415.760600196197629, 3801264.043695673346519 ], [ 738695.153738097520545, 3801325.182195362634957 ], [ 738788.362411501468159, 3796370.483564134687185 ], [ 740428.956779864151031, 3796401.476510555483401 ], [ 740378.36483762646094, 3781721.871970425359905 ], [ 745309.911963267368264, 3781720.995047324802727 ], [ 745171.263626670232043, 3771900.661111659370363 ], [ 745216.62763266894035, 3752457.33770960662514 ], [ 750163.939944488578476, 3752458.415137895382941 ], [ 750455.113078160211444, 3737690.289855231065303 ], [ 745501.778254119795747, 3737594.108344811946154 ], [ 741853.279075833037496, 3738382.725360238458961 ], [ 738475.949040535953827, 3742418.170189593918622 ], [ 734376.415040574851446, 3750063.288011602126062 ], [ 731398.427466646651737, 3750581.878533966839314 ], [ 730348.768637891858816, 3753994.29765417939052 ], [ 726035.942542383563705, 3755539.414944020565599 ], [ 726316.299263607943431, 3758403.321069996338338 ], [ 722679.465337282628752, 3759103.819988483097404 ], [ 723286.769318373058923, 3762163.719750227406621 ], [ 715380.120463168714195, 3762223.956374051515013 ], [ 715328.073751361109316, 3765463.256278889253736 ], [ 709045.594413056736812, 3767175.021521545015275 ], [ 708945.729183897608891, 3773653.603974077384919 ], [ 715526.690674913465045, 3773566.870732787065208 ], [ 715569.934580683009699, 3791198.25444090552628 ], [ 718106.325716170016676, 3796672.125146483071148 ], [ 715738.315701638814062, 3801017.214462813455611 ] ] ] } },
{ "type": "Feature", "properties": { "drag_region": "Northeast", "NAME": "Poinsett", "NAMELSAD": "Poinsett" }, "geometry": { "type": "Polygon", "coordinates": [ [ [ 768261.51375656214077, 4008712.796661305706948 ], [ 807568.726265073171817, 4009109.271726306993514 ], [ 816978.028130711871199, 4009725.599628050811589 ], [ 836164.509280187427066, 4009377.028618262615055 ], [ 836963.10455863410607, 3980402.714934815652668 ], [ 817400.509731985162944, 3980268.076985825784504 ], [ 807627.157762448536232, 3979930.862420982215554 ], [ 807606.399147242074832, 3980788.56988308345899 ], [ 778625.17522124608513, 3979371.305657773744315 ], [ 768518.961690454860218, 3979451.141639194451272 ], [ 768261.51375656214077, 4008712.796661305706948 ] ] ] } },
{ "type": "Feature", "properties": { "drag_region": "Northwest", "NAME": "Benton", "NAMELSAD": "Benton" }, "geometry": { "type": "Polygon", "coordinates": [ [ [ 259366.767629302077694, 4134088.103787975851446 ], [ 307907.406097511877306, 4133313.128820124547929 ], [ 326873.479073645896278, 4133121.809141336474568 ], [ 327036.589237738167867, 4115394.581498206593096 ], [ 331193.551714503206313, 4111737.220127414446324 ], [ 326360.669732571928762, 4111874.592895099427551 ], [ 326288.817161315586418, 4103870.239564557559788 ], [ 324676.100537301856093, 4103884.853320809081197 ], [ 316927.371342787984759, 4103196.835903571452945 ], [ 316900.587193707120605, 4100528.718396401032805 ], [ 313033.497147638699971, 4101044.888125170022249 ], [ 284648.411917029530741, 4102055.792815872002393 ], [ 284215.577191197080538, 4094055.616740111261606 ], [ 279371.469704941031523, 4094123.586434655822814 ], [ 278980.211174822878093, 4089363.569640281610191 ], [ 264767.434848191682249, 4089864.753296652343124 ], [ 259366.767629302077694, 4134088.103787975851446 ] ] ] } },
{ "type": "Feature", "properties": { "drag_region": "Northeast", "NAME": "Mississippi", "NAMELSAD": "Mississippi" }, "geometry": { "type": "Polygon", "coordinates": [ [ [ 857430.908194780116901, 4049450.131137596908957 ], [ 907256.63272697175853, 4051456.478980776853859 ], [ 908673.239766434999183, 4047877.426040598656982 ], [ 914661.796593994135037, 4043404.257145227864385 ], [ 915715.673071262193844, 4041054.330234996508807 ], [ 914808.82517959503457, 4039114.32426318153739 ], [ 906956.651814577169716, 4041043.84979448793456 ], [ 904194.647665779106319, 4036275.885667039081454 ], [ 910794.697426963131875, 4033060.530544337816536 ], [ 907331.773856129264459, 4029795.062146993819624 ], [ 903765.942856999812648, 4029581.585486375261098 ], [ 901007.244551930809394, 4024529.05276198964566 ], [ 895555.456358994008042, 4022254.100448713637888 ], [ 892569.939319011871703, 4024163.147381130605936 ], [ 887821.799133039312437, 4020102.547989157959819 ], [ 889972.634372268104926, 4013681.336196594871581 ], [ 892948.740301722194999, 4012152.550063109025359 ], [ 896779.536728406790644, 4014468.701444818172604 ], [ 897870.603873976971954, 4010877.625944337341934 ], [ 889541.866206484381109, 4006607.394134011119604 ], [ 888636.861237274017185, 4004289.474771334789693 ], [ 893015.987335949903354, 3999655.285174927208573 ], [ 892125.815887416014448, 3996860.425893546547741 ], [ 884799.581394084263593, 4001977.253419976681471 ], [ 881896.667956021381542, 4001030.616364227607846 ], [ 880434.964116970542818, 3995453.378318918403238 ], [ 883486.885081698419526, 3991538.272703888360411 ], [ 880754.05075522523839, 3984778.069394827820361 ], [ 880116.166324185673147, 3984282.053073965013027 ], [ 877260.170074076391757, 3992592.395427062641829 ], [ 872512.113816203782335, 3987683.741876127198339 ], [ 859141.991928666713648, 3987592.599282019305974 ], [ 857430.908194780116901, 4049450.131137596908957 ] ] ] } },
{ "type": "Feature", "properties": { "drag_region": "Northeast", "NAME": "Fulton", "NAMELSAD": "Fulton" }, "geometry": { "type": "Polygon", "coordinates": [ [ [ 631284.738876602961682, 4125889.579040063545108 ], [ 674037.94711096631363, 4126468.137258425354958 ], [ 693972.252361460006796, 4126575.27271713828668 ], [ 693939.411087977001444, 4108558.544253179803491 ], [ 683949.892658107448369, 4108595.154155144002289 ], [ 684094.026682751718909, 4098874.963980672415346 ], [ 672801.3782520708628, 4099096.26044596452266 ], [ 630872.138962097000331, 4099488.206227507907897 ], [ 631284.738876602961682, 4125889.579040063545108 ] ] ] } },
{ "type": "Feature", "properties": { "drag_region": "Northwest", "NAME": "Scott", "NAMELSAD": "Scott" }, "geometry": { "type": "Polygon", "coordinates": [ [ [ 277254.231841502245516, 3907510.574848637450486 ], [ 280885.826446116203442, 3909269.353477182798088 ], [ 291050.096514848584775, 3909417.796199267264456 ], [ 296971.826538421504665, 3911153.411430029664189 ], [ 297419.050180069636554, 3920867.346902589779347 ], [ 295468.202767064794898, 3921939.772100408095866 ], [ 305329.500673517584801, 3925537.705071470234543 ], [ 305273.832118509162683, 3920678.723219422623515 ], [ 311491.02090404368937, 3920419.089790712110698 ], [ 311458.208788165007718, 3917370.359048531390727 ], [ 345178.914960814989172, 3916307.817922765854746 ], [ 344308.196635021595284, 3885922.23372261133045 ], [ 337726.066496492887381, 3884542.097590094897896 ], [ 334749.336252589593641, 3882183.968071226961911 ], [ 329820.652640865009744, 3882415.779946136288345 ], [ 329117.666524294065312, 3877181.879008349962533 ], [ 324184.607199772610329, 3877226.123536356724799 ], [ 324199.568295266944915, 3878845.6419423003681 ], [ 316321.469412577862386, 3880255.670033782720566 ], [ 288711.841343548032455, 3881147.55814770469442 ], [ 288754.279270366532728, 3884386.767605849541724 ], [ 276269.753092627623118, 3884844.737593393307179 ], [ 277254.231841502245516, 3907510.574848637450486 ] ] ] } },
{ "type": "Feature", "properties": { "drag_region": "Southwest", "NAME": "Howard", "NAMELSAD": "Howard" }, "geometry": { "type": "Polygon", "coordinates": [ [ [ 330560.792731303081382, 3737218.264799601398408 ], [ 330141.063741467020009, 3727504.757586569990963 ], [ 331462.887406052381266, 3727492.673286331817508 ], [ 331056.164722885878291, 3719112.889804279431701 ], [ 340975.58796642604284, 3718646.913206380326301 ], [ 340489.176223564718384, 3699312.605739075224847 ], [ 339592.498089315951802, 3670361.111159284599125 ], [ 327626.795482809247915, 3670750.670736017171293 ], [ 326687.726015261025168, 3676951.421249977312982 ], [ 319136.998818963242229, 3685885.13366554165259 ], [ 317537.936337274382822, 3691712.880184673704207 ], [ 318898.168368214566726, 3694937.845195055007935 ], [ 315991.595844836032484, 3702303.866258117835969 ], [ 316762.080648994946387, 3712489.496752920560539 ], [ 314523.604089489846956, 3719754.064291886985302 ], [ 301956.483673296170309, 3719994.114608153700829 ], [ 302061.096393328625709, 3728567.758960859384388 ], [ 300739.328567633696366, 3728583.996011330746114 ], [ 301187.26171501976205, 3738106.326199653092772 ], [ 330560.792731303081382, 3737218.264799601398408 ] ] ] } },
{ "type": "Feature", "properties": { "drag_region": "Northeast", "NAME": "Woodruff", "NAMELSAD": "Woodruff" }, "geometry": { "type": "Polygon", "coordinates": [ [ [ 715265.129113415954635, 3924974.34614344034344 ], [ 717506.368616097373888, 3928154.175782669801265 ], [ 715478.931719205458649, 3932315.961570610757917 ], [ 719033.039498941623606, 3935040.19461266649887 ], [ 720280.898809894453734, 3938777.045871736016124 ], [ 722890.010992390336469, 3939105.184843879193068 ], [ 719861.12595368467737, 3944584.04958057962358 ], [ 717067.451316751539707, 3956071.858342987019569 ], [ 724496.372833012603223, 3960481.122555882669985 ], [ 725416.783223008154891, 3963927.733872286975384 ], [ 733874.584866390214302, 3964835.875285791698843 ], [ 734046.345184247591533, 3955116.55229260539636 ], [ 753296.924640320357867, 3955095.687648206483573 ], [ 753748.417449040338397, 3932226.289512065239251 ], [ 753741.104846829897724, 3915925.842126998584718 ], [ 744239.356394217931665, 3915840.031589617487043 ], [ 736046.595274869352579, 3915882.435105056501925 ], [ 736083.56961899867747, 3913786.233116275630891 ], [ 731168.967644073884003, 3913700.891364558134228 ], [ 730979.364020248875022, 3905596.474620018620044 ], [ 724419.265840266598389, 3905582.425951923243701 ], [ 724494.430697635747492, 3921023.075487802736461 ], [ 715655.595169571461156, 3920882.382608577609062 ], [ 715265.129113415954635, 3924974.34614344034344 ] ] ] } },
{ "type": "Feature", "properties": { "drag_region": "Northwest", "NAME": "Logan", "NAMELSAD": "Logan" }, "geometry": { "type": "Polygon", "coordinates": [ [ [ 316959.490540394908749, 3940294.217042656615376 ], [ 317342.199521269416437, 3945149.486312341410667 ], [ 327148.559943026863039, 3944756.758918199688196 ], [ 327559.200426901574247, 3952851.705348741728812 ], [ 327578.906035562395118, 3954757.207817764487118 ], [ 337375.817669974057935, 3954470.618791270535439 ], [ 337794.809922751504928, 3964471.461156022269279 ], [ 347251.003188062808476, 3963722.052947591524571 ], [ 347683.112571412464604, 3976676.849627720192075 ], [ 353167.275442989426665, 3969392.328121519181877 ], [ 356436.266945465584286, 3970511.600341100711375 ], [ 360371.214241148205474, 3973818.94488246133551 ], [ 362964.966929818619974, 3971705.660778576973826 ], [ 367201.104748906218447, 3971393.441619316581637 ], [ 373083.822631056886166, 3974123.140799219720066 ], [ 376010.203055183170363, 3972774.113294485490769 ], [ 381566.346162098227069, 3976177.895109861623496 ], [ 383492.190066192066297, 3969214.537225410342216 ], [ 382822.646942951949313, 3965120.555645242333412 ], [ 390657.0613477419829, 3966615.077222484629601 ], [ 395868.21622605342418, 3963931.349795677233487 ], [ 395509.084171146270819, 3952309.203966165427119 ], [ 379503.017405798658729, 3952654.39676974946633 ], [ 372928.565465841908008, 3944969.853295672684908 ], [ 360506.254656445933506, 3945330.130934086162597 ], [ 356572.078123740851879, 3943832.846316486597061 ], [ 356808.90482769231312, 3931064.329893952235579 ], [ 323088.198655042331666, 3932126.87101971777156 ], [ 323121.010770921013318, 3935175.601761898491532 ], [ 316903.821985386544839, 3935435.235190609004349 ], [ 316959.490540394908749, 3940294.217042656615376 ] ] ] } },
{ "type": "Feature", "properties": { "drag_region": "Southwest", "NAME": "Nevada", "NAMELSAD": "Nevada" }, "geometry": { "type": "Polygon", "coordinates": [ [ [ 395239.910592815547716, 3622339.472577120643109 ], [ 395285.011281990795396, 3632054.435374977067113 ], [ 396416.929146707407199, 3661100.284757019020617 ], [ 397413.362223456264473, 3661095.778086726088077 ], [ 397810.258598278800491, 3675667.595028060022742 ], [ 405437.849854976288043, 3675636.715753731783479 ], [ 410063.593650676135439, 3670191.654646696057171 ], [ 413693.889217322284821, 3663037.149474097881466 ], [ 421990.636000640573911, 3660350.876232058741152 ], [ 423315.625999259529635, 3658253.00072589982301 ], [ 426972.444535342277959, 3659866.523924969136715 ], [ 430289.98427619348513, 3655671.663495851214975 ], [ 429252.808544434199575, 3619670.136029163375497 ], [ 419579.730939872504678, 3619971.462548658717424 ], [ 419576.309836547356099, 3618352.33865136327222 ], [ 394891.742559114936739, 3619197.977142977528274 ], [ 395239.910592815547716, 3622339.472577120643109 ] ] ] } },
{ "type": "Feature", "properties": { "drag_region": "Southwest", "NAME": "Pike", "NAMELSAD": "Pike" }, "geometry": { "type": "Polygon", "coordinates": [ [ [ 342573.000080439494923, 3739204.875264262780547 ], [ 384491.564682257710956, 3737865.548236188013107 ], [ 384115.400433148723096, 3728150.925585191696882 ], [ 382132.983554291655309, 3728255.77401967626065 ], [ 382110.863120379508473, 3723778.750081373844296 ], [ 387729.184626893838868, 3723181.14477766584605 ], [ 386367.771678700693883, 3714518.808772085700184 ], [ 388315.429509655688889, 3705556.333751414902508 ], [ 393589.824257108499296, 3698486.649127989541739 ], [ 393909.532681921962649, 3695246.894246245268732 ], [ 386281.941425224416889, 3695277.773520573507994 ], [ 379641.378240274614654, 3693785.589865688700229 ], [ 375672.237213982152753, 3695807.208799856249243 ], [ 371360.013642642647028, 3695641.702896858565509 ], [ 368723.206272166105919, 3698229.883789223153144 ], [ 359128.077754833851941, 3700962.539562340825796 ], [ 352501.383572701131925, 3701299.216203736606985 ], [ 352987.795315562398173, 3720633.52367104170844 ], [ 343068.372072022291832, 3721099.500268940813839 ], [ 343475.094755188794807, 3729479.283750993199646 ], [ 342153.271090603433549, 3729491.368051231373101 ], [ 342573.000080439494923, 3739204.875264262780547 ] ] ] } },
{ "type": "Feature", "properties": { "drag_region": "Southeast", "NAME": "Bradley", "NAMELSAD": "Bradley" }, "geometry": { "type": "Polygon", "coordinates": [ [ [ 601419.375187385128811, 3624468.23655853047967 ], [ 634351.4342630765168, 3624357.762873888015747 ], [ 634209.824067795998417, 3605018.54562251875177 ], [ 631544.347748796222731, 3604897.384869515430182 ], [ 633351.803801686153747, 3590435.733893944416195 ], [ 636045.068320638732985, 3588176.112279417924583 ], [ 633413.776755616185255, 3584054.184054334182292 ], [ 634457.857379955356009, 3579777.870695238001645 ], [ 628467.282937975018285, 3577053.937147230841219 ], [ 619851.401525780791417, 3567929.984754839446396 ], [ 619547.375296188867651, 3564212.768095857929438 ], [ 611811.208004457061179, 3569295.597132031340152 ], [ 611440.703721977421083, 3574150.481042921543121 ], [ 602072.244077085633762, 3575133.242629827000201 ], [ 599707.220028705429286, 3579118.594408477190882 ], [ 597023.099376266589388, 3580911.942642583977431 ], [ 597315.021451875334606, 3587961.917430030182004 ], [ 602591.371542575303465, 3597996.074588569812477 ], [ 603233.787995333899744, 3601715.050256799906492 ], [ 601484.869192563230172, 3614371.933358610142022 ], [ 602436.035545134334825, 3621617.30737929046154 ], [ 601419.375187385128811, 3624468.23655853047967 ] ] ] } },
{ "type": "Feature", "properties": { "drag_region": "Northeast", "NAME": "Independence", "NAMELSAD": "Independence" }, "geometry": { "type": "Polygon", "coordinates": [ [ [ 670523.923827673541382, 4030143.500681412406266 ], [ 679166.321477759629488, 4038636.212671752553433 ], [ 705077.402510225423612, 4038338.589231906924397 ], [ 705155.317956845276058, 4033383.421641281805933 ], [ 714877.717895682668313, 4033350.937302340753376 ], [ 729134.903578795376234, 4033506.911468619015068 ], [ 728244.951929795090109, 4029010.186421254184097 ], [ 724709.918990960577503, 4027230.341250996105373 ], [ 726374.079743467387743, 4024877.153711274731904 ], [ 719328.129678695229813, 4019605.333690798841417 ], [ 715240.645278188399971, 4011719.772786565124989 ], [ 718274.154269593767822, 4005289.451315066311508 ], [ 714369.242136788903736, 4005509.701312175020576 ], [ 714252.364489970030263, 3992926.268709053751081 ], [ 675838.690292317885906, 3993231.772993304766715 ], [ 675921.676376426941715, 4012959.373799548484385 ], [ 671709.739993689232506, 4012146.113470892421901 ], [ 671652.172339093172923, 4017005.609083618037403 ], [ 669027.221907839179039, 4019452.611108663026243 ], [ 668652.21628472127486, 4023831.968012138269842 ], [ 670523.923827673541382, 4030143.500681412406266 ] ] ] } },
{ "type": "Feature", "properties": { "drag_region": "Northeast", "NAME": "Jackson", "NAMELSAD": "Jackson" }, "geometry": { "type": "Polygon", "coordinates": [ [ [ 705257.515631356509402, 3989309.840005942620337 ], [ 724466.246322558843531, 3989130.070419778581709 ], [ 724583.123969377717003, 4001713.503022899851203 ], [ 728488.036102182581089, 4001493.253025791142136 ], [ 725454.527110777213238, 4007923.574497289955616 ], [ 729542.011511284043081, 4015809.135401523672044 ], [ 736587.961576056201011, 4021080.955421999562532 ], [ 734923.80082354939077, 4023434.142961720936 ], [ 738458.833762383903377, 4025213.988131979014724 ], [ 739348.785411384189501, 4029710.713179343845695 ], [ 754262.355678346590139, 4029521.572698835283518 ], [ 754331.819758180412464, 4009883.90670303395018 ], [ 754589.267692073131911, 3980622.251680922694504 ], [ 754787.522353494772688, 3970616.672980568371713 ], [ 735536.942897422006354, 3970637.537624967284501 ], [ 735365.182579564629123, 3980356.860618153586984 ], [ 726907.380936182569712, 3979448.719204648863524 ], [ 705398.45267175976187, 3979495.617937497328967 ], [ 705257.515631356509402, 3989309.840005942620337 ] ] ] } },
{ "type": "Feature", "properties": { "drag_region": "Southeast", "NAME": "Jefferson", "NAMELSAD": "Jefferson" }, "geometry": { "type": "Polygon", "coordinates": [ [ [ 618302.81630073452834, 3736245.078177836257964 ], [ 664455.427248999709263, 3735577.919475589878857 ], [ 664145.525096246041358, 3708037.857786107808352 ], [ 675062.707019179360941, 3707610.589587808120996 ], [ 681035.688372246106155, 3706170.402135198935866 ], [ 682476.300513159250841, 3698092.024324991740286 ], [ 688116.927228208631277, 3697222.923201553057879 ], [ 688868.724677608232014, 3691326.506457626353949 ], [ 683580.767310688155703, 3690485.352316314354539 ], [ 679223.593407517531887, 3694043.350390328560024 ], [ 676270.216746148886159, 3692096.280430846381932 ], [ 673931.375180223025382, 3693588.630848776549101 ], [ 676214.715988182113506, 3696097.343272641301155 ], [ 670568.521784591604955, 3697449.873674917966127 ], [ 665888.762196639087051, 3701009.434636735823005 ], [ 662906.533647082513198, 3701352.835261464584619 ], [ 663057.393614928238094, 3689254.626266669481993 ], [ 661361.412346090422943, 3692473.010569531004876 ], [ 642157.313606674200855, 3692161.368675727397203 ], [ 642190.492099395836703, 3688922.595678871497512 ], [ 616356.011419255053625, 3688502.883569790050387 ], [ 616215.636841680505313, 3707173.118308483622968 ], [ 617869.247982170898467, 3707090.460504369810224 ], [ 618302.81630073452834, 3736245.078177836257964 ] ] ] } },
{ "type": "Feature", "properties": { "drag_region": "Northeast", "NAME": "Lawrence", "NAMELSAD": "Lawrence" }, "geometry": { "type": "Polygon", "coordinates": [ [ [ 735055.39606585225556, 4083926.713973255828023 ], [ 736733.519944388070144, 4080334.443892027251422 ], [ 743872.672201070119627, 4078274.165596984792501 ], [ 745892.876924268901348, 4073927.237204287666827 ], [ 752724.364319572574459, 4071486.572273710276932 ], [ 754642.967028962331824, 4072478.396228680852801 ], [ 775640.417842051596381, 4072640.516488952096552 ], [ 781453.67425030854065, 4072773.516219970304519 ], [ 777719.110450474079698, 4066489.52801198977977 ], [ 774844.594246382010169, 4064898.997820663731545 ], [ 770799.778540248516947, 4042783.938209185376763 ], [ 741294.611976288259029, 4043144.095072359312326 ], [ 727037.426293175551109, 4042988.120906081050634 ], [ 727045.36221442068927, 4080736.055018692277372 ], [ 728632.06234997860156, 4082288.44542526639998 ], [ 735084.50017438782379, 4082306.620616671163589 ], [ 735055.39606585225556, 4083926.713973255828023 ] ] ] } },
{ "type": "Feature", "properties": { "drag_region": "Southeast", "NAME": "Prairie", "NAMELSAD": "Prairie" }, "geometry": { "type": "Polygon", "coordinates": [ [ [ 665459.186179537442513, 3818643.867347734048963 ], [ 668706.405791820725426, 3820875.082827116362751 ], [ 674580.195076618692838, 3822379.022662660572678 ], [ 679848.190583155490458, 3820162.097139013931155 ], [ 680198.948516388540156, 3818451.580923146568239 ], [ 685113.449697302887216, 3818329.265919865574688 ], [ 685336.664049863349646, 3825670.266869088169187 ], [ 696138.686949567170814, 3825544.405603592284024 ], [ 696529.153005722677335, 3821452.442068729549646 ], [ 705367.988533786963671, 3821593.134947954677045 ], [ 705292.823676417814568, 3806152.485412075184286 ], [ 707660.833690949017182, 3801807.396095744799823 ], [ 705124.442555462010205, 3796333.525390167254955 ], [ 705081.198649692465551, 3778702.141682048793882 ], [ 698500.237158676609397, 3778788.874923339113593 ], [ 698600.102387835737318, 3772310.29247080674395 ], [ 704882.581726140109822, 3770598.52722815098241 ], [ 704934.628437947714701, 3767359.227323313243687 ], [ 685169.943712636712007, 3767539.317739096935838 ], [ 684974.203750379150733, 3757912.538703381083906 ], [ 677721.363426448660903, 3757910.109093172941357 ], [ 678326.680401986814104, 3762015.276854005642235 ], [ 681569.816301838378422, 3765869.996689023915678 ], [ 678566.784356824820861, 3768783.696873893029988 ], [ 681131.082230089348741, 3773963.468781622126698 ], [ 675141.986634370172396, 3779029.840772453229874 ], [ 675442.788967944448814, 3806476.669054444879293 ], [ 665276.381602610344999, 3806540.241208920720965 ], [ 665459.186179537442513, 3818643.867347734048963 ] ] ] } },
{ "type": "Feature", "properties": { "drag_region": "Northwest", "NAME": "Perry", "NAMELSAD": "Perry" }, "geometry": { "type": "Polygon", "coordinates": [ [ [ 438335.814657143724617, 3926460.132067487109452 ], [ 467787.425983495137189, 3925924.366313080769032 ], [ 471711.86098319926532, 3926698.499475439544767 ], [ 476280.311906823131721, 3930049.032751884777099 ], [ 474330.612251609854866, 3926421.629644115455449 ], [ 478580.352191320445854, 3927485.710517796222121 ], [ 482493.041895680187736, 3930550.974081668071449 ], [ 483503.430085103434976, 3924172.394395621493459 ], [ 478620.579952377651352, 3917482.581584214698523 ], [ 483555.091738051210996, 3912835.554677050560713 ], [ 483563.761361027427483, 3910930.222117223311216 ], [ 474056.629678725206759, 3911272.98762232856825 ], [ 474067.991651859192643, 3908033.947144847363234 ], [ 464559.026358213683125, 3908100.812979016453028 ], [ 464246.648473791487049, 3901717.261236486490816 ], [ 465887.208724669995718, 3901721.390565436799079 ], [ 465566.441188063065056, 3898862.61248059105128 ], [ 457684.08844705595402, 3901894.209264836739749 ], [ 435373.206425371405203, 3902168.973601283505559 ], [ 435037.891397160827182, 3892642.858849409036338 ], [ 415660.484548257722054, 3892773.218103741761297 ], [ 415688.355997710372321, 3902490.145895090419799 ], [ 417341.612775278044865, 3907248.830736614763737 ], [ 422267.314553985081147, 3910475.919134973548353 ], [ 432438.91865767451236, 3919890.973452523350716 ], [ 438335.814657143724617, 3926460.132067487109452 ] ] ] } },
{ "type": "Feature", "properties": { "drag_region": "Southwest", "NAME": "Polk", "NAMELSAD": "Polk" }, "geometry": { "type": "Polygon", "coordinates": [ [ [ 270003.387616618419997, 3776369.353624829091132 ], [ 271016.955233533401042, 3800939.882557584904134 ], [ 283501.481411272310652, 3800481.912570041138679 ], [ 283459.043484453810379, 3797242.703111896291375 ], [ 311068.671553483640309, 3796350.814997974317521 ], [ 318946.770436172722839, 3794940.786906491965055 ], [ 318280.067254405817948, 3758362.676105010788888 ], [ 288906.536238122498617, 3759250.737505062483251 ], [ 288458.603090736432932, 3749728.407316740136594 ], [ 289780.370916431362275, 3749712.170266268774867 ], [ 289675.758196398906875, 3741138.525913563091308 ], [ 268834.420146903255954, 3741129.846090078353882 ], [ 270003.387616618419997, 3776369.353624829091132 ] ] ] } },
{ "type": "Feature", "properties": { "drag_region": "Northwest", "NAME": "Carroll", "NAMELSAD": "Carroll" }, "geometry": { "type": "Polygon", "coordinates": [ [ [ 347916.165193505643401, 4130993.608735839836299 ], [ 397098.104114908899646, 4130691.777730710804462 ], [ 399026.491389751143288, 4130590.364570153877139 ], [ 398595.573728935676627, 4095144.196854237001389 ], [ 398253.241144699044526, 4088856.380956815555692 ], [ 375968.954379602626432, 4089430.500969817861915 ], [ 375987.291419426735956, 4092670.220343788620085 ], [ 372759.2212235534098, 4092784.384056372568011 ], [ 372779.344655225577299, 4096119.412498575635254 ], [ 369562.951279024244286, 4097854.657708784099668 ], [ 369926.330981087638065, 4104236.867361933458596 ], [ 365747.048218180949334, 4106075.101747808977962 ], [ 366412.505244581145234, 4109119.940877169370651 ], [ 352236.237834362895228, 4109609.019721917808056 ], [ 348079.27535759791499, 4113266.381092709954828 ], [ 347916.165193505643401, 4130993.608735839836299 ] ] ] } },
{ "type": "Feature", "properties": { "drag_region": "Southeast", "NAME": "Phillips", "NAMELSAD": "Phillips" }, "geometry": { "type": "Polygon", "coordinates": [ [ [ 756877.642114525660872, 3729255.128051181789488 ], [ 761830.976938565960154, 3729351.309561600908637 ], [ 761539.803804894443601, 3744119.434844265226275 ], [ 756592.49149307468906, 3744118.357415976468474 ], [ 756547.127487075980753, 3763561.680818029213697 ], [ 799331.077729731332511, 3764011.550719253718853 ], [ 799070.43024505674839, 3761144.945737786591053 ], [ 803161.780456323176622, 3755427.507572941482067 ], [ 799386.800715353339911, 3747899.661662635859102 ], [ 801554.717864906182513, 3740038.043082199525088 ], [ 793432.583173420745879, 3734412.291305392980576 ], [ 793571.175833462039009, 3728409.309150811750442 ], [ 790265.934495999710634, 3728428.971255912911147 ], [ 791139.335511531680822, 3733596.912943741306663 ], [ 784869.196478530531749, 3733360.411454589106143 ], [ 783275.187764402478933, 3730751.314791610464454 ], [ 786012.311402343679219, 3726522.033257395960391 ], [ 783762.647525442531332, 3723612.405937312170863 ], [ 777514.383220651652664, 3722047.261604544706643 ], [ 776335.437687879428267, 3715254.347837180364877 ], [ 770959.247518132440746, 3719240.953319477848709 ], [ 768039.892947908723727, 3716417.12471225624904 ], [ 772754.568400586722419, 3712415.105068223085254 ], [ 779369.361868039239198, 3712649.901723421178758 ], [ 780082.26423814939335, 3710282.124106000177562 ], [ 775836.3616749397479, 3707522.844499249011278 ], [ 770475.780175310559571, 3710557.112223976757377 ], [ 766606.200268295127898, 3705427.028483905829489 ], [ 766608.108730581821874, 3705331.753111678175628 ], [ 751709.842329840408638, 3705045.122192242648453 ], [ 754968.564161188434809, 3707869.691163069568574 ], [ 753577.054931885330006, 3711465.251754531171173 ], [ 756800.204633801709861, 3716005.544312913436443 ], [ 754747.818610002752393, 3719588.361187567468733 ], [ 756877.642114525660872, 3729255.128051181789488 ] ] ] } },
{ "type": "Feature", "properties": { "drag_region": "Southeast", "NAME": "Ashley", "NAMELSAD": "Ashley" }, "geometry": { "type": "Polygon", "coordinates": [ [ [ 644530.414331720676273, 3579187.290804247371852 ], [ 693950.581566821667366, 3578745.757966321893036 ], [ 694241.69747449120041, 3536258.275378619320691 ], [ 637572.222240173723549, 3535878.092711326666176 ], [ 633862.27255670086015, 3538417.575278782751411 ], [ 631815.555284539004788, 3542686.524989278055727 ], [ 631770.46388265863061, 3548115.28320490848273 ], [ 633409.203868847340345, 3552319.999553769826889 ], [ 630725.985826223390177, 3552964.325006160885096 ], [ 631030.012055815313943, 3556681.541665142402053 ], [ 639645.893468009540811, 3565805.494057533796877 ], [ 645636.467909989878535, 3568529.427605540957302 ], [ 644592.387285650707781, 3572805.740964637137949 ], [ 647223.678850673255511, 3576927.66918972088024 ], [ 644530.414331720676273, 3579187.290804247371852 ] ] ] } },
{ "type": "Feature", "properties": { "drag_region": "Southeast", "NAME": "Chicot", "NAMELSAD": "Chicot" }, "geometry": { "type": "Polygon", "coordinates": [ [ [ 708399.657052707509138, 3581093.828720847144723 ], [ 708445.596392429200932, 3600435.838263743091375 ], [ 718108.412295256042853, 3600584.903883148916066 ], [ 720520.906171494279988, 3595668.835105962119997 ], [ 727858.486495167948306, 3595599.578160212375224 ], [ 729107.524801426567137, 3600575.825961166992784 ], [ 730502.677838673815131, 3596978.721410251688212 ], [ 733544.478381497669034, 3594649.225292210932821 ], [ 729006.025761802331544, 3586947.831844282802194 ], [ 734985.648670005379245, 3588575.889686471782625 ], [ 734566.564479382010177, 3593428.372032797429711 ], [ 739281.712834796053357, 3590939.555329061578959 ], [ 738039.638385032885708, 3585771.376508519984782 ], [ 732382.543984922696836, 3584718.822576133999974 ], [ 731412.382439736044034, 3582891.589577439706773 ], [ 734790.847761189565063, 3580663.355354296509176 ], [ 740443.255091681727208, 3582098.273779143579304 ], [ 743653.375256263185292, 3589113.615124910138547 ], [ 745378.495449736597948, 3586096.196891541592777 ], [ 737855.59565629879944, 3577382.409121157135814 ], [ 737964.279241048498079, 3571285.742357747629285 ], [ 742093.184397449251264, 3564880.300820134114474 ], [ 743023.332384036504664, 3568899.561187368351966 ], [ 746343.54847301368136, 3570199.787073212210089 ], [ 747053.177063495735638, 3568021.268081312067807 ], [ 742796.917186567792669, 3562987.292994192801416 ], [ 743596.816355927032419, 3555855.045220792293549 ], [ 742632.325832092901692, 3553645.763956080190837 ], [ 737957.873901985934936, 3552799.583197666332126 ], [ 734251.135136134922504, 3554068.672219345346093 ], [ 732640.708191647543572, 3550324.80583907244727 ], [ 740450.551963989739306, 3544553.935523386113346 ], [ 736178.227212512865663, 3539618.842667448334396 ], [ 736191.515524790389463, 3538856.79840670293197 ], [ 708690.772960377042182, 3538606.346133144572377 ], [ 708399.657052707509138, 3581093.828720847144723 ] ] ] } },
{ "type": "Feature", "properties": { "drag_region": "Northwest", "NAME": "Boone", "NAMELSAD": "Boone" }, "geometry": { "type": "Polygon", "coordinates": [ [ [ 410829.48871948570013, 4129504.628831294365227 ], [ 450367.719747598341201, 4129474.142225417308509 ], [ 450373.368110298411921, 4125757.830295647960156 ], [ 447475.582444351806771, 4128707.906679978594184 ], [ 447201.900220347917639, 4086876.470731033943594 ], [ 410056.238474433601368, 4087770.64521795604378 ], [ 410398.571058670233469, 4094058.461115377489477 ], [ 410829.48871948570013, 4129504.628831294365227 ] ] ] } },
{ "type": "Feature", "properties": { "drag_region": "Northwest", "NAME": "Crawford", "NAMELSAD": "Crawford" }, "geometry": { "type": "Polygon", "coordinates": [ [ [ 271321.725843685097061, 4025166.055593473371118 ], [ 304734.57024944445584, 4023766.896651715971529 ], [ 304752.051535710925236, 4025291.445252659264952 ], [ 323891.398455315851606, 4024616.167988512665033 ], [ 323861.259495379636064, 4021376.576605604495853 ], [ 319318.668377335183322, 4021610.568934126757085 ], [ 317339.543636198155582, 4018485.577542279846966 ], [ 317291.806603771750815, 4013721.489209082908928 ], [ 309170.611646285979077, 4013901.824448206927627 ], [ 308740.313893049606122, 4004281.930439606774598 ], [ 313617.892451658495702, 4004134.603118398226798 ], [ 311955.421694310149178, 4000721.560479476116598 ], [ 312557.17491156590404, 3996045.997045524418354 ], [ 310901.043562751030549, 3993395.387301733717322 ], [ 313161.640279515937436, 3991561.07703917240724 ], [ 308908.901533382129855, 3989891.098012214992195 ], [ 302724.899058405891992, 3990436.919328786432743 ], [ 301077.139481761143543, 3988836.141833333764225 ], [ 303311.843755085603334, 3984807.929340487346053 ], [ 297066.603052499180194, 3980593.561109529342502 ], [ 287924.177838658099063, 3979851.65386259695515 ], [ 284365.015255028847605, 3981995.786717765498906 ], [ 284746.569094286882319, 3986088.460909661371261 ], [ 280571.0519641446881, 3990529.856743847951293 ], [ 275978.466984011116438, 3988403.507275481242687 ], [ 273068.7095344834961, 4011796.330570361576974 ], [ 271321.725843685097061, 4025166.055593473371118 ] ] ] } },
{ "type": "Feature", "properties": { "drag_region": "Northwest", "NAME": "Madison", "NAMELSAD": "Madison" }, "geometry": { "type": "Polygon", "coordinates": [ [ [ 341584.27423036377877, 4089749.007483979687095 ], [ 343196.990854377509095, 4089734.393727728165686 ], [ 343268.843425633851439, 4097738.747058270033449 ], [ 362277.992817783378996, 4097112.295445836614817 ], [ 361612.535791383124888, 4094067.456316476222128 ], [ 365791.818554289871827, 4092229.221930600702763 ], [ 365428.438852226478048, 4085847.012277451343834 ], [ 368644.832228427752852, 4084111.767067242879421 ], [ 368624.708796755643561, 4080776.738625039812177 ], [ 371852.77899262891151, 4080662.574912455864251 ], [ 371834.441952804801986, 4077422.855538485106081 ], [ 378293.639762998209335, 4077293.406794530339539 ], [ 377946.581207763985731, 4072435.468716010916978 ], [ 381177.79955258499831, 4072324.780475283972919 ], [ 380797.05531121219974, 4059844.119121556170285 ], [ 377552.709409853094257, 4058239.815919923596084 ], [ 375569.045851545408368, 4050245.988599297124892 ], [ 373949.63998425216414, 4050349.817068852018565 ], [ 374528.083058027084917, 4037197.627009069547057 ], [ 338848.332074794918299, 4038696.607851079199463 ], [ 338833.254537539556623, 4037076.806397973559797 ], [ 334291.38950573047623, 4037215.531734952237457 ], [ 335728.712947710650042, 4051590.71301975287497 ], [ 336267.801303795888089, 4073789.253398742992431 ], [ 341584.27423036377877, 4089749.007483979687095 ] ] ] } },
{ "type": "Feature", "properties": { "drag_region": "Northwest", "NAME": "Franklin", "NAMELSAD": "Franklin" }, "geometry": { "type": "Polygon", "coordinates": [ [ [ 319849.963592395593878, 3987863.967749269679189 ], [ 324102.702338529401459, 3989533.946776227094233 ], [ 321842.105621764494572, 3991368.257038788404316 ], [ 323498.236970579368062, 3994018.866782579105347 ], [ 322896.4837533236132, 3998694.430216530803591 ], [ 324558.954510671959724, 4002107.472855452913791 ], [ 319681.375952063070145, 4002254.800176661461592 ], [ 320111.6737052994431, 4011874.694185261614621 ], [ 328232.868662785214838, 4011694.358946137595922 ], [ 328280.605695211619604, 4016458.44727933453396 ], [ 330259.730436348647345, 4019583.438671181444079 ], [ 334802.321554393100087, 4019349.446342659182847 ], [ 334847.538051584677305, 4024208.839178672991693 ], [ 354308.165013338730205, 4023382.04257130715996 ], [ 352695.196112579142209, 3979754.099671116098762 ], [ 349426.204610102926381, 3978634.827451534569263 ], [ 343942.041738526022527, 3985919.348957735579461 ], [ 343509.9323551763664, 3972964.552277606911957 ], [ 334053.739089865062851, 3973713.960486037656665 ], [ 333634.746837087557651, 3963713.118121285922825 ], [ 323837.835202675953042, 3963999.707147779874504 ], [ 323818.129594015073963, 3962094.204678757116199 ], [ 318920.827679111331236, 3962432.025931988377124 ], [ 319849.963592395593878, 3987863.967749269679189 ] ] ] } },
{ "type": "Feature", "properties": { "drag_region": "Southwest", "NAME": "Hot Spring", "NAMELSAD": "Hot Spring" }, "geometry": { "type": "Polygon", "coordinates": [ [ [ 418465.986706639523618, 3753696.07998140854761 ], [ 460695.65100038977107, 3752765.248476956039667 ], [ 460692.404932981007732, 3758956.975237756036222 ], [ 463659.617878169461619, 3759340.036549496464431 ], [ 463654.22981968568638, 3765722.342436270788312 ], [ 474857.35820182407042, 3765452.788434589281678 ], [ 479799.817168717563618, 3765464.242271517403424 ], [ 479808.181769248738419, 3762225.44313803454861 ], [ 484752.668354961555451, 3762144.26356221921742 ], [ 484772.821250920649618, 3755666.701495097018778 ], [ 486092.514649666845798, 3755575.638867727480829 ], [ 485525.787247025524266, 3726234.741634496022016 ], [ 453099.587177265668288, 3727426.50170193426311 ], [ 452771.4615024398081, 3735808.947825852781534 ], [ 447483.687703848467208, 3736859.953469902742654 ], [ 437569.021332092466764, 3737159.767399038188159 ], [ 437575.32571956817992, 3740398.441711477935314 ], [ 423039.755580527475104, 3740819.056850065011531 ], [ 423062.443907591863535, 3747296.487198259681463 ], [ 418110.295102427946404, 3747315.15844534477219 ], [ 418465.986706639523618, 3753696.07998140854761 ] ] ] } },
{ "type": "Feature", "properties": { "drag_region": "Northeast", "NAME": "Sharp", "NAMELSAD": "Sharp" }, "geometry": { "type": "Polygon", "coordinates": [ [ [ 685405.511163760907948, 4088285.486096512526274 ], [ 696698.159594441764057, 4088064.18963122041896 ], [ 696554.025569797493517, 4097784.379805692005903 ], [ 706543.543999667046592, 4097747.769903727807105 ], [ 706576.385273150051944, 4115764.498367686290294 ], [ 710435.774441315792501, 4115732.145859250798821 ], [ 714996.778888732660562, 4112281.610370551235974 ], [ 715724.842433496844023, 4107336.945157619193196 ], [ 719264.737876479048282, 4107398.224374468438327 ], [ 719324.809662443352863, 4103967.384741866029799 ], [ 722574.849502129247412, 4102308.90891064144671 ], [ 723948.671711730770767, 4097566.965135913342237 ], [ 724123.449035224621184, 4087846.35099464841187 ], [ 717671.011210815398954, 4087828.175803243648261 ], [ 716084.311075257486664, 4086275.785396669525653 ], [ 716076.375154012348503, 4048527.851284058298916 ], [ 706353.975215174956247, 4048560.335622999351472 ], [ 706276.059768555103801, 4053515.503213624469936 ], [ 683927.509550855029374, 4053764.111837939824909 ], [ 684165.463060628273524, 4060248.068593229632825 ], [ 686430.09232705400791, 4060278.369561544153839 ], [ 686506.581725380965509, 4078483.405106866266578 ], [ 687085.790523870848119, 4083352.156137837097049 ], [ 685405.511163760907948, 4088285.486096512526274 ] ] ] } },
{ "type": "Feature", "properties": { "drag_region": "Southwest", "NAME": "Lafayette", "NAMELSAD": "Lafayette" }, "geometry": { "type": "Polygon", "coordinates": [ [ [ 362289.795137880370021, 3600645.389047345146537 ], [ 384629.201824310934171, 3599849.191440825350583 ], [ 384281.033790610381402, 3596707.696006682235748 ], [ 395288.761050769360736, 3596376.849243876058608 ], [ 390232.704556240933016, 3583538.079002054873854 ], [ 388195.311458887183107, 3575736.60317213460803 ], [ 384518.665285558090545, 3575943.344621078111231 ], [ 383725.21028343681246, 3549184.297468783333898 ], [ 354225.267436871421523, 3549461.007229451090097 ], [ 349261.322793113300577, 3557405.756267884746194 ], [ 349636.665081520099193, 3562355.578384961001575 ], [ 355018.796411129878834, 3565646.802375238388777 ], [ 356004.960022140177898, 3563258.171829879283905 ], [ 359716.569297401700169, 3567326.58985671075061 ], [ 363780.113679675851017, 3574441.872869244776666 ], [ 361465.418362546595745, 3578172.385868351906538 ], [ 365818.734340626862831, 3579381.157981346361339 ], [ 364501.002196899848059, 3582247.279834651388228 ], [ 367187.279157078592107, 3584325.133602702524513 ], [ 363527.132140351459384, 3586444.741952446755022 ], [ 366555.025927569135092, 3589853.567139878869057 ], [ 364220.682915123528801, 3590249.986587763763964 ], [ 359914.387748510111123, 3594947.165123282000422 ], [ 362289.795137880370021, 3600645.389047345146537 ] ] ] } },
{ "type": "Feature", "properties": { "drag_region": "Northwest", "NAME": "Baxter", "NAMELSAD": "Baxter" }, "geometry": { "type": "Polygon", "coordinates": [ [ [ 502402.131054289406165, 4131322.133777804672718 ], [ 536476.004098938312382, 4131555.51461310358718 ], [ 536063.40418443235103, 4105154.14180054794997 ], [ 535824.262141287326813, 4095527.167907275259495 ], [ 530981.610141693847254, 4095581.93699055723846 ], [ 532634.173106790985912, 4090926.052443630993366 ], [ 532701.864842051058076, 4082731.396698656026274 ], [ 523002.637451330199838, 4082847.294340600259602 ], [ 522747.73892332718242, 4073221.233717489987612 ], [ 513038.376239662873559, 4073348.27653536433354 ], [ 513578.456690705846995, 4090979.8528324929066 ], [ 507084.284812432946637, 4097517.655459123197943 ], [ 509007.223235732293688, 4099910.413559269625694 ], [ 507691.889357339008711, 4104477.094527746550739 ], [ 501239.364332049852237, 4105206.706216195598245 ], [ 503154.641586316283792, 4109122.809179578907788 ], [ 498639.033218302414753, 4109959.3494717865251 ], [ 502159.82074420445133, 4114930.693818479776382 ], [ 498299.296008319593966, 4113960.041090994607657 ], [ 497003.274245796957985, 4115764.985346606466919 ], [ 502140.98173520504497, 4118837.546964142471552 ], [ 502402.131054289406165, 4131322.133777804672718 ] ] ] } },
{ "type": "Feature", "properties": { "drag_region": "Southeast", "NAME": "Calhoun", "NAMELSAD": "Calhoun" }, "geometry": { "type": "Polygon", "coordinates": [ [ [ 567850.926425378071144, 3637205.720956213306636 ], [ 591112.353102510212921, 3636565.954207343049347 ], [ 590485.012362121138722, 3630751.443475996144116 ], [ 591507.789087255834602, 3626852.661866663489491 ], [ 592524.449445005040616, 3624001.732687423471361 ], [ 591573.283092433935963, 3616756.358666743151844 ], [ 593322.201895204605535, 3604099.475564932916313 ], [ 592679.785442446009256, 3600380.499896702822298 ], [ 587403.435351746040396, 3590346.342738163191825 ], [ 587111.513276137295179, 3583296.367950716987252 ], [ 589795.633928576135077, 3581503.019716610200703 ], [ 582461.579532447271049, 3578221.866405568551272 ], [ 578436.765078679774888, 3580867.559163214638829 ], [ 577749.410597341833636, 3584673.878563420381397 ], [ 573746.399918819661252, 3583416.584242868702859 ], [ 572724.527288666693494, 3587793.180878968443722 ], [ 569713.854538490530103, 3589018.355169355403632 ], [ 568031.030303362174891, 3592345.030076039489359 ], [ 562691.077704265480861, 3592134.691798373591155 ], [ 561675.699925721972249, 3596321.966981141828001 ], [ 556671.77090804988984, 3596020.812214792240411 ], [ 555655.50118795549497, 3601637.368740767240524 ], [ 552320.179935526219197, 3601914.592563086654991 ], [ 550313.251360222580843, 3604767.342792575247586 ], [ 556288.601491459528916, 3613735.21485230140388 ], [ 554283.163634512806311, 3616491.934249253477901 ], [ 554938.402276684879325, 3620494.000179997645319 ], [ 561591.11083293473348, 3621561.766733786091208 ], [ 563242.526116436463781, 3625091.628138098865747 ], [ 567880.118026851094328, 3629966.85529294796288 ], [ 567850.926425378071144, 3637205.720956213306636 ] ] ] } },
{ "type": "Feature", "properties": { "drag_region": "Northeast", "NAME": "Randolph", "NAMELSAD": "Randolph" }, "geometry": { "type": "Polygon", "coordinates": [ [ [ 723478.365391485160217, 4123286.559374200645834 ], [ 779094.360748935956508, 4124576.621797937434167 ], [ 780737.288811680162326, 4123088.754185189958662 ], [ 779893.393043516203761, 4117824.355094640050083 ], [ 782532.028905214974657, 4115120.02105647046119 ], [ 782873.785313176689669, 4100442.304067998658866 ], [ 777695.665351531933993, 4101181.680754659231752 ], [ 777721.95765305776149, 4085734.660381879191846 ], [ 756724.506839968496934, 4085572.540121607948095 ], [ 754805.904130578739569, 4084580.716166637372226 ], [ 747974.416735275066458, 4087021.381097214762121 ], [ 745954.212012076284736, 4091368.309489911887795 ], [ 738815.059755394235253, 4093428.587784954346716 ], [ 737136.93587685842067, 4097020.857866182923317 ], [ 736991.262661900138482, 4105121.37865086318925 ], [ 735617.440452298615128, 4109863.322425591293722 ], [ 732367.400612612720579, 4111521.798256815876812 ], [ 732307.328826648415998, 4114952.63788941828534 ], [ 728767.433383666211739, 4114891.358672569040209 ], [ 728039.369838902028278, 4119836.023885501082987 ], [ 723478.365391485160217, 4123286.559374200645834 ] ] ] } },
{ "type": "Feature", "properties": { "drag_region": "Northeast", "NAME": "White", "NAMELSAD": "White" }, "geometry": { "type": "Polygon", "coordinates": [ [ [ 640231.127427339903079, 3955814.487888469360769 ], [ 663716.437271289411001, 3955484.432571178302169 ], [ 663941.610280464286916, 3964158.617775997612625 ], [ 668801.937562430161051, 3966408.352245631162077 ], [ 668696.014816726907156, 3975078.940485197119415 ], [ 687900.958323176717386, 3974953.20578711014241 ], [ 688041.895363579969853, 3965138.98371866485104 ], [ 709550.823628002777696, 3965092.084985816385597 ], [ 708630.413238007226028, 3961645.473669412080199 ], [ 701201.491721746162511, 3957236.209456516429782 ], [ 703995.166358679300174, 3945748.400694109033793 ], [ 707024.051397384959273, 3940269.535957408603281 ], [ 704414.939214889076538, 3939941.396985265426338 ], [ 703167.07990393624641, 3936204.545726195909083 ], [ 699612.972124200081453, 3933480.31268414016813 ], [ 701640.409021091996692, 3929318.526896199211478 ], [ 699399.169518410577439, 3926138.697256969753653 ], [ 688597.146618706756271, 3926264.558522465638816 ], [ 688373.932266146293841, 3918923.557573243044317 ], [ 683459.431085231946781, 3919045.872576524037868 ], [ 683108.673151998897083, 3920756.388792391400784 ], [ 677840.677645462099463, 3922973.314316038042307 ], [ 671966.888360664132051, 3921469.37448049383238 ], [ 668719.668748380849138, 3919238.159001111518592 ], [ 661851.142599730403163, 3918491.296191927511245 ], [ 654950.673417444690131, 3920703.085875491145998 ], [ 649351.525425216648728, 3924076.164785738103092 ], [ 639543.561017272411846, 3922936.350666997022927 ], [ 640231.127427339903079, 3955814.487888469360769 ] ] ] } },
{ "type": "Feature", "properties": { "drag_region": "Northeast", "NAME": "Clay", "NAMELSAD": "Clay" }, "geometry": { "type": "Polygon", "coordinates": [ [ [ 798924.522410702658817, 4127949.45134896831587 ], [ 855839.602794766891748, 4129350.831365826539695 ], [ 857648.90718598861713, 4122630.499743352644145 ], [ 856725.814779308391735, 4121171.969875663984567 ], [ 863934.730230920715258, 4117190.316771443001926 ], [ 862707.327557865530252, 4104463.309623372741044 ], [ 859824.676219457411207, 4103709.019992586690933 ], [ 858978.776780375512317, 4099581.357456307392567 ], [ 853261.799611042253673, 4096265.365158126689494 ], [ 841641.510802311939187, 4095936.289879688527435 ], [ 841462.159947101026773, 4102417.88867204496637 ], [ 827913.242495935177431, 4102148.664696342777461 ], [ 805961.918440339388326, 4102461.043201408814639 ], [ 797579.799475284293294, 4102171.815384683664888 ], [ 797525.827013298636302, 4104554.510305690113455 ], [ 802703.946974943391979, 4103815.133619029540569 ], [ 802362.190566981676966, 4118492.850607501342893 ], [ 799723.55470528290607, 4121197.184645670931786 ], [ 800567.450473446864635, 4126461.583736220840365 ], [ 798924.522410702658817, 4127949.45134896831587 ] ] ] } },
{ "type": "Feature", "properties": { "drag_region": "Northeast", "NAME": "Lee", "NAMELSAD": "Lee" }, "geometry": { "type": "Polygon", "coordinates": [ [ [ 764338.395834654569626, 3881871.2701380639337 ], [ 764244.298137641977519, 3886825.986626166850328 ], [ 777701.815030740574002, 3886519.662830941844732 ], [ 827236.200840048491955, 3887381.901458210777491 ], [ 827440.815324162598699, 3879472.135058233048767 ], [ 824668.108423660509288, 3885122.480350974015892 ], [ 821054.198660974390805, 3885221.423544890712947 ], [ 820467.43184004817158, 3882441.313959103543311 ], [ 823199.410001263720915, 3878314.557701542973518 ], [ 821617.701820535119623, 3875890.648737676441669 ], [ 823762.384051584172994, 3869079.165560474153608 ], [ 819205.955555578926578, 3867153.053012080490589 ], [ 817482.333654587855563, 3870352.354459817055613 ], [ 818005.018052411731333, 3875800.391147963702679 ], [ 814783.627045980654657, 3873146.641911624465138 ], [ 815522.289580879965797, 3869827.428227203432471 ], [ 813254.16739952750504, 3868437.332824435085058 ], [ 815319.302785607753322, 3864673.567355659790337 ], [ 821900.492618481628597, 3864645.811066806316376 ], [ 822632.536960557568818, 3861708.219650749582797 ], [ 818144.944196422118694, 3856828.812754859682173 ], [ 814483.234424892580137, 3858455.558363552205265 ], [ 814698.760612121317536, 3863132.862578141037375 ], [ 811458.015019312733784, 3861052.339580575469881 ], [ 811864.652924116002396, 3857820.324640392325819 ], [ 769080.702681460650638, 3857370.454739167820662 ], [ 769219.351018057903275, 3867190.788674833253026 ], [ 764287.803892416879535, 3867191.665597933810204 ], [ 764338.395834654569626, 3881871.2701380639337 ] ] ] } },
{ "type": "Feature", "properties": { "drag_region": "Northeast", "NAME": "St. Francis", "NAMELSAD": "St. Francis" }, "geometry": { "type": "Polygon", "coordinates": [ [ [ 759594.341520830756053, 3908345.876680267974734 ], [ 769096.089973442722112, 3908431.687217649072409 ], [ 769103.402575653162785, 3924732.134602715726942 ], [ 798207.553440865478478, 3925352.02222739206627 ], [ 818168.553712302702479, 3925354.460494017228484 ], [ 827313.895967679098248, 3926065.529999796301126 ], [ 827362.697050498682074, 3898983.164410462602973 ], [ 777828.311241190647706, 3898120.925783193670213 ], [ 764370.794348092051223, 3898427.24957841867581 ], [ 764464.892045104759745, 3893472.533090315759182 ], [ 762824.297676742076874, 3893441.540143894962966 ], [ 762731.08900333812926, 3898396.238775122910738 ], [ 759451.695865436806343, 3898335.100275433622301 ], [ 759594.341520830756053, 3908345.876680267974734 ] ] ] } },
{ "type": "Feature", "properties": { "drag_region": "Southwest", "NAME": "Columbia", "NAMELSAD": "Columbia" }, "geometry": { "type": "Polygon", "coordinates": [ [ [ 399590.613592730660457, 3546798.504667186643928 ], [ 400384.06859485199675, 3573557.551819481421262 ], [ 404060.714768181031104, 3573350.810370537918061 ], [ 406098.10786553483922, 3581152.286200458183885 ], [ 411154.164360063208733, 3593991.056442279368639 ], [ 424831.004377336648759, 3593476.264713471289724 ], [ 424834.425480661797337, 3595095.388610766734928 ], [ 434507.503085223492235, 3594794.062091271393001 ], [ 434164.76638130057836, 3586794.118699674494565 ], [ 447185.021127097832505, 3586407.008492885157466 ], [ 446187.270927699748427, 3546501.947014251258224 ], [ 399590.613592730660457, 3546798.504667186643928 ] ] ] } },
{ "type": "Feature", "properties": { "drag_region": "Southwest", "NAME": "Ouachita", "NAMELSAD": "Ouachita" }, "geometry": { "type": "Polygon", "coordinates": [ [ [ 447840.97731713228859, 3614335.911789735313505 ], [ 448878.153048891574144, 3650337.439256423152983 ], [ 452866.694699671817943, 3651381.940110133029521 ], [ 455524.401463522925042, 3649475.770164744928479 ], [ 464163.647719143948052, 3652905.826456252951175 ], [ 466155.17390664445702, 3655288.401112147606909 ], [ 468481.63490158302011, 3653957.061190745793283 ], [ 497054.416484012443107, 3653172.328806265257299 ], [ 497083.60808548546629, 3645933.463143 ], [ 492446.016175070835743, 3641058.235988150816411 ], [ 490794.600891569105443, 3637528.374583838041872 ], [ 484141.892335319251288, 3636460.608030049595982 ], [ 483486.653693147178274, 3632458.542099305428565 ], [ 485492.091550093900878, 3629701.822702353354543 ], [ 479516.741418857011013, 3620733.950642627198249 ], [ 481523.669994160591159, 3617881.200413138605654 ], [ 484858.991246589866932, 3617603.976590819191188 ], [ 485875.260966684261803, 3611987.420064844191074 ], [ 490879.189984356344212, 3612288.574831193778664 ], [ 491894.567762899852823, 3608101.299648425541818 ], [ 497234.520361996546853, 3608311.637926091440022 ], [ 498917.344597124902066, 3604984.963019407354295 ], [ 496243.525522548647132, 3605640.906675614416599 ], [ 490240.223420688242186, 3603619.33217638079077 ], [ 480881.360640292521566, 3607212.482276533730328 ], [ 476878.734257707605138, 3605489.738122256938368 ], [ 447498.240613209374715, 3606335.968398138415068 ], [ 447840.97731713228859, 3614335.911789735313505 ] ] ] } },
{ "type": "Feature", "properties": { "drag_region": "Northeast", "NAME": "Craighead", "NAMELSAD": "Craighead" }, "geometry": { "type": "Polygon", "coordinates": [ [ [ 769015.90193017909769, 4036758.321072769351304 ], [ 783607.49822717695497, 4036587.304690103977919 ], [ 785339.852053902577609, 4046255.374221329577267 ], [ 827109.07806522201281, 4046893.863870209548622 ], [ 827987.959139549988322, 4050351.214735962916166 ], [ 836075.873078198288567, 4050668.105206055566669 ], [ 836988.361533638206311, 4017784.887033924926072 ], [ 817801.880384162650444, 4018133.458043713122606 ], [ 808392.578518523951061, 4017517.130141969304532 ], [ 769085.366010012920015, 4017120.655076968017966 ], [ 769015.90193017909769, 4036758.321072769351304 ] ] ] } },
{ "type": "Feature", "properties": { "drag_region": "Southeast", "NAME": "Dallas", "NAMELSAD": "Dallas" }, "geometry": { "type": "Polygon", "coordinates": [ [ [ 536073.264220589888282, 3690305.436773671768606 ], [ 555265.365421570255421, 3689584.447602964006364 ], [ 572143.376600103569217, 3689081.348141617141664 ], [ 580434.407457949477248, 3685982.535542567726225 ], [ 583441.073722281842493, 3681523.403521060012281 ], [ 586763.976811512024142, 3679829.728043587412685 ], [ 574178.429647497599944, 3679470.743011052254587 ], [ 573895.369161041453481, 3670039.038892008829862 ], [ 575884.828401061706245, 3670049.40237986529246 ], [ 580896.282192913698964, 3663600.008417380508035 ], [ 581577.869786736904643, 3660555.858676930889487 ], [ 586930.238984193420038, 3654111.582874567247927 ], [ 587285.822999970288947, 3650494.214414598420262 ], [ 535451.614740408724174, 3651918.713547949213535 ], [ 536442.438904870767146, 3656967.962101544253528 ], [ 533782.121080153272487, 3661727.740346418693662 ], [ 535440.913803169503808, 3662205.570169463288039 ], [ 531456.390141858253628, 3666107.492171849124134 ], [ 530126.995067650452256, 3671440.773191928397864 ], [ 535431.578879413660616, 3671159.071649788878858 ], [ 536073.264220589888282, 3690305.436773671768606 ] ] ] } },
{ "type": "Feature", "properties": { "drag_region": "Northwest", "NAME": "Faulkner", "NAMELSAD": "Faulkner" }, "geometry": { "type": "Polygon", "coordinates": [ [ [ 500813.134569608140737, 3936479.039549776352942 ], [ 504083.028176707099192, 3936684.759398750029504 ], [ 505685.497080069035292, 3943266.418895778711885 ], [ 503389.474796084919944, 3944970.114810723345727 ], [ 504333.60582710953895, 3952405.979658917523921 ], [ 507258.296487690065987, 3955088.398574779741466 ], [ 507533.735007541021332, 3964807.936372248921543 ], [ 528079.199071831535548, 3964462.891799783334136 ], [ 541123.381832519313321, 3964475.355466281529516 ], [ 540435.815422451822087, 3931597.218244809191674 ], [ 540488.667854174971581, 3925595.149751125834882 ], [ 530662.483441422926262, 3925704.531889908015728 ], [ 530736.701507256482728, 3916082.364763496909291 ], [ 513359.194057290558703, 3916441.346269684843719 ], [ 510427.733686454943381, 3912995.098698271904141 ], [ 511430.665347554720938, 3909570.955443978309631 ], [ 509470.023096204269677, 3908131.196323614567518 ], [ 510424.60272592457477, 3913566.697443457785994 ], [ 507447.880879735923372, 3918504.874272382818162 ], [ 501875.184411979163997, 3918763.620145158842206 ], [ 496940.672626305604354, 3923410.647052322980016 ], [ 501823.522759031387977, 3930100.459863729774952 ], [ 500813.134569608140737, 3936479.039549776352942 ] ] ] } },
{ "type": "Feature", "properties": { "drag_region": "Northwest", "NAME": "Sebastian", "NAMELSAD": "Sebastian" }, "geometry": { "type": "Polygon", "coordinates": [ [ [ 274106.390741499839351, 3970290.554792985320091 ], [ 273848.20532709476538, 3974964.140159548725933 ], [ 278440.790307228337042, 3977090.489627915434539 ], [ 282616.307437370531261, 3972649.093793728854507 ], [ 282234.753598112496547, 3968556.419601832982153 ], [ 285793.916181741748005, 3966412.286746664438397 ], [ 294936.341395582829136, 3967154.193993596825749 ], [ 301181.582098169252276, 3971368.562224554829299 ], [ 298946.877824844792485, 3975396.774717401247472 ], [ 300594.637401489540935, 3976997.552212853915989 ], [ 306778.639876465778798, 3976451.730896282475442 ], [ 305849.503963181516156, 3951019.789079001173377 ], [ 310746.805878085258882, 3950681.967825769912452 ], [ 310336.165394210605882, 3942587.021395227871835 ], [ 300529.804972453101072, 3942979.748789369594306 ], [ 300147.095991578651592, 3938124.479519684799016 ], [ 290285.798085125861689, 3934526.546548622660339 ], [ 292236.645498130703345, 3933454.12135080434382 ], [ 291789.421856482571457, 3923740.185878244228661 ], [ 285867.691832909651566, 3922004.570647481828928 ], [ 275703.421764177270234, 3921856.12792539736256 ], [ 272071.827159563312307, 3920097.349296852014959 ], [ 274106.390741499839351, 3970290.554792985320091 ] ] ] } },
{ "type": "Feature", "properties": { "drag_region": "Southwest", "NAME": "Hempstead", "NAMELSAD": "Hempstead" }, "geometry": { "type": "Polygon", "coordinates": [ [ [ 339208.965002675249707, 3657030.447416597511619 ], [ 351174.667609181953594, 3656640.887839864939451 ], [ 352071.345743430720177, 3685592.382419655565172 ], [ 358698.039925563440192, 3685255.705778259783983 ], [ 368293.168442895752378, 3682523.050005142111331 ], [ 370929.97581337223528, 3679934.869112777523696 ], [ 375242.199384711799212, 3680100.37501577520743 ], [ 379211.340411004202906, 3678078.756081607658416 ], [ 385851.903595954063348, 3679570.939736492466182 ], [ 385455.007221131527331, 3664999.122795158531517 ], [ 384458.574144382670056, 3665003.629465451464057 ], [ 383326.656279666058253, 3635957.780083409510553 ], [ 383281.555590490810573, 3626242.817285553086549 ], [ 360942.148904060246423, 3627039.014892072882503 ], [ 357968.575275391922332, 3630870.204860180616379 ], [ 356286.97568043647334, 3628882.288878331426531 ], [ 353677.059392180352006, 3636331.789975394960493 ], [ 351355.599286993849091, 3637683.575109193567187 ], [ 351384.480086331081111, 3641303.015049720648676 ], [ 349057.499684389447793, 3641798.149729267694056 ], [ 341781.840097356413025, 3647385.714971798472106 ], [ 338462.935944291239139, 3648368.757483785040677 ], [ 339208.965002675249707, 3657030.447416597511619 ] ] ] } },
{ "type": "Feature", "properties": { "drag_region": "Northwest", "NAME": "Yell", "NAMELSAD": "Yell" }, "geometry": { "type": "Polygon", "coordinates": [ [ [ 364396.832712882605847, 3923344.767745901364833 ], [ 364160.006008931144606, 3936113.284168435726315 ], [ 368094.182541636168025, 3937610.568786035291851 ], [ 380516.493351032200735, 3937250.291147621814162 ], [ 387090.945290988951456, 3944934.834621698595583 ], [ 403097.012056336563546, 3944589.641818114556372 ], [ 403456.144111243716907, 3956211.787647626362741 ], [ 406381.427705970243551, 3951726.300044083502144 ], [ 410297.322708175517619, 3951145.860218014102429 ], [ 414534.667953455238603, 3947041.597072412725538 ], [ 416812.825640069611836, 3940941.049811976030469 ], [ 420734.709799655072857, 3941127.314704796765 ], [ 421056.491443908656947, 3935125.092985343188047 ], [ 424326.186139169381931, 3934074.995964171364903 ], [ 426616.691622744721826, 3939028.167004704475403 ], [ 435441.335409248480573, 3940459.530651895795017 ], [ 438056.545144321804401, 3939890.255955567583442 ], [ 435441.979171711951494, 3939602.107956709340215 ], [ 430540.269277254526969, 3934074.168818637728691 ], [ 424979.877516609965824, 3933026.757793201133609 ], [ 424978.456496556580532, 3929501.844602844212204 ], [ 419081.560497087368276, 3922932.685987880453467 ], [ 408909.956393397937063, 3913517.631670330651104 ], [ 403984.25461469090078, 3910290.543271971866488 ], [ 402330.997837123228237, 3905531.858430447522551 ], [ 402303.126387670577969, 3895814.930639098864049 ], [ 392449.753138323721942, 3895753.178223579656333 ], [ 392437.380886528815608, 3892609.484228528104722 ], [ 363526.114387089211959, 3892959.183545746840537 ], [ 364396.832712882605847, 3923344.767745901364833 ] ] ] } },
{ "type": "Feature", "properties": { "drag_region": "Southwest", "NAME": "Clark", "NAMELSAD": "Clark" }, "geometry": { "type": "Polygon", "coordinates": [ [ [ 400510.699844105518423, 3734079.916826193220913 ], [ 406782.542654242308345, 3733861.983378556091338 ], [ 411734.691459406225476, 3733843.312131471000612 ], [ 411712.003132341837045, 3727365.88178327633068 ], [ 426247.573271382541861, 3726945.266644689254463 ], [ 426241.268883906828705, 3723706.592332249507308 ], [ 436155.93525566282915, 3723406.778403114061803 ], [ 441443.709054254170042, 3722355.772759064100683 ], [ 441771.834729080030229, 3713973.326635145582259 ], [ 455005.933597859519068, 3713502.555738415103406 ], [ 454364.248256683291402, 3694356.190614532213658 ], [ 449059.664444920083042, 3694637.892156671732664 ], [ 450389.059519127884414, 3689304.611136592458934 ], [ 454373.583180439134594, 3685402.689134206622839 ], [ 452714.790457422961481, 3684924.859311162028462 ], [ 455375.108282140397932, 3680165.081066287588328 ], [ 454384.28411767835496, 3675115.832512692548335 ], [ 452057.82312273979187, 3676447.172434094361961 ], [ 450066.296935239282902, 3674064.597778199706227 ], [ 441427.050679618259892, 3670634.541486691683531 ], [ 438769.343915767152794, 3672540.711432079784572 ], [ 434780.802264986908995, 3671496.210578369908035 ], [ 431463.262524135701824, 3675691.071007487829775 ], [ 427806.4439880529535, 3674077.54780841851607 ], [ 426481.453989433997776, 3676175.423314577434212 ], [ 418184.707206115708686, 3678861.696556616574526 ], [ 414554.411639469559304, 3686016.20172921475023 ], [ 409928.667843769711908, 3691461.262836250476539 ], [ 409608.959418956248555, 3694701.017717994749546 ], [ 404334.564671503438149, 3701770.702341420110315 ], [ 402386.90684054850135, 3710733.177362090907991 ], [ 403748.319788741588127, 3719395.513367671053857 ], [ 398129.998282227257732, 3719993.118671379052103 ], [ 398152.118716139462776, 3724470.142609681468457 ], [ 400134.535594996530563, 3724365.294175196904689 ], [ 400510.699844105518423, 3734079.916826193220913 ] ] ] } },
{ "type": "Feature", "properties": { "drag_region": "Southwest", "NAME": "Garland", "NAMELSAD": "Garland" }, "geometry": { "type": "Polygon", "coordinates": [ [ [ 412078.257189567782916, 3805414.968378375284374 ], [ 412090.629441362689249, 3808558.662373426835984 ], [ 421944.002690709545277, 3808620.4147889460437 ], [ 451174.448340632137842, 3808487.875249607954174 ], [ 450192.241837881272659, 3793531.512150317896158 ], [ 459732.554206541972235, 3793347.888265296351165 ], [ 459409.538143733632751, 3788393.942360953893512 ], [ 465992.568943982245401, 3788404.198384770192206 ], [ 467315.832303899340332, 3785167.970365133136511 ], [ 467329.129679957870394, 3778690.334627334494144 ], [ 456126.001297819428146, 3778959.888629016000777 ], [ 456131.389356303261593, 3772577.582742241676897 ], [ 453164.176411114749499, 3772194.521430501248688 ], [ 453167.422478523571044, 3766002.794669701252133 ], [ 410937.758184773265384, 3766933.626174153760076 ], [ 411395.229238858330064, 3798939.706084249075502 ], [ 412078.257189567782916, 3805414.968378375284374 ] ] ] } },
{ "type": "Feature", "properties": { "drag_region": "Southwest", "NAME": "Sevier", "NAMELSAD": "Sevier" }, "geometry": { "type": "Polygon", "coordinates": [ [ [ 270127.27897875267081, 3716541.645983749534935 ], [ 290968.617028248321731, 3716550.325807234272361 ], [ 303535.737444441998377, 3716310.275490967556834 ], [ 305774.214003947097808, 3709045.707952001132071 ], [ 305003.729199788183905, 3698860.077457198407501 ], [ 307910.301723166718148, 3691494.056394135579467 ], [ 306550.069692226534244, 3688269.091383754275739 ], [ 308149.132173915393651, 3682441.344864622224122 ], [ 315699.859370213176589, 3673507.632449057884514 ], [ 316638.928837761399336, 3667306.881935097742826 ], [ 308995.502144718368072, 3667666.815969366114587 ], [ 309028.230394436221104, 3670905.428309944458306 ], [ 295411.477658799733035, 3671814.952230996917933 ], [ 295770.094655939436052, 3674097.256581574678421 ], [ 290776.351160855148919, 3673298.619777632877231 ], [ 282221.416374490538146, 3679884.030504211317748 ], [ 281589.616788803599775, 3682369.387690777890384 ], [ 276960.310183198889717, 3683764.744418509304523 ], [ 278012.329445000737906, 3687942.764943695161492 ], [ 275015.993974112905562, 3687221.272504284512252 ], [ 269067.046939997700974, 3688924.72320915106684 ], [ 270127.27897875267081, 3716541.645983749534935 ] ] ] } },
{ "type": "Feature", "properties": { "drag_region": "Northeast", "NAME": "Stone", "NAMELSAD": "Stone" }, "geometry": { "type": "Polygon", "coordinates": [ [ [ 597285.34504227724392, 4025715.588562541641295 ], [ 597161.172697308007628, 4046487.056854862719774 ], [ 606870.535380972316489, 4046360.014036988373846 ], [ 607125.433908975333907, 4055986.074660098645836 ], [ 616824.661299696192145, 4055870.177018154412508 ], [ 616756.969564436119981, 4064064.8327631293796 ], [ 617428.318547296687029, 4061021.009482710622251 ], [ 621944.610304089030251, 4061822.182006615679711 ], [ 624253.67332701862324, 4056601.701068998780102 ], [ 629457.856341113569215, 4053315.257930923718959 ], [ 625607.413455614005215, 4050038.79799254797399 ], [ 626942.46340616629459, 4045667.696801636368036 ], [ 624382.712347876862623, 4042404.11039117956534 ], [ 627630.252523399540223, 4041385.95096790837124 ], [ 630526.794239324517548, 4043224.367375520057976 ], [ 634115.068607920315117, 4040591.899035191629082 ], [ 638958.328552994644269, 4041976.664133193902671 ], [ 644200.409366550273262, 4036602.444836070295423 ], [ 648432.509854293661192, 4034935.904905120376498 ], [ 646560.80231134139467, 4028624.372235846240073 ], [ 646935.807934459298849, 4024245.015332370996475 ], [ 649560.758365713292733, 4021798.013307326007634 ], [ 649618.326020309352316, 4016938.517694600392133 ], [ 613244.91782398475334, 4017344.646606435067952 ], [ 597008.385345094138756, 4017710.147750853095204 ], [ 597285.34504227724392, 4025715.588562541641295 ] ] ] } },
{ "type": "Feature", "properties": { "drag_region": "Northwest", "NAME": "Johnson", "NAMELSAD": "Johnson" }, "geometry": { "type": "Polygon", "coordinates": [ [ [ 365048.951664603431709, 4025650.134470655582845 ], [ 381268.075686081545427, 4024977.950236011762172 ], [ 380926.398366223147605, 4021740.164559550117701 ], [ 394232.349201045464724, 4021203.058822569902986 ], [ 413058.704849085363094, 4021055.992827584967017 ], [ 412708.98033188394038, 4006479.15664326492697 ], [ 408157.579734021099284, 4006678.7041125013493 ], [ 407799.663698149612173, 3992197.617787188384682 ], [ 401286.924013414827641, 3992309.984058261383325 ], [ 400913.530638834636193, 3976495.617943969555199 ], [ 397656.77716612018412, 3978125.668451848439872 ], [ 389822.362761330208741, 3976631.146874606143683 ], [ 390491.905884570325725, 3980725.128454774152488 ], [ 388566.061980476486497, 3987688.486339225433767 ], [ 383009.918873561371583, 3984284.70452384930104 ], [ 380083.538449435145594, 3985633.732028583530337 ], [ 374200.820567284477875, 3982904.032848680391908 ], [ 369964.682748196879402, 3983216.252007940784097 ], [ 367370.930059526406694, 3985329.536111825145781 ], [ 363435.982763843843713, 3982022.191570464521646 ], [ 365048.951664603431709, 4025650.134470655582845 ] ] ] } },
{ "type": "Feature", "properties": { "drag_region": "Northeast", "NAME": "Greene", "NAMELSAD": "Greene" }, "geometry": { "type": "Polygon", "coordinates": [ [ [ 791747.49622657650616, 4077499.954362967517227 ], [ 791775.176387036335655, 4090564.279814741108567 ], [ 800157.295352091430686, 4090853.507631466258317 ], [ 822108.619407687219791, 4090541.129126400221139 ], [ 835657.536858853069134, 4090810.353102102410048 ], [ 835836.887714063981548, 4084328.754309745971113 ], [ 847457.176522794296034, 4084657.829588184133172 ], [ 844926.806268536951393, 4082772.287853637244552 ], [ 843453.684405868058093, 4077769.565706457942724 ], [ 836176.436874338309281, 4072032.916244965512305 ], [ 831287.317837146460079, 4061407.286129059735686 ], [ 830408.436762818484567, 4057949.935263306368142 ], [ 788639.210751499049366, 4057311.445614426396787 ], [ 790951.672630906919949, 4069758.43569467915222 ], [ 793826.188834998989478, 4071348.965886005200446 ], [ 797560.752634833450429, 4077632.954093985725194 ], [ 791747.49622657650616, 4077499.954362967517227 ] ] ] } },
{ "type": "Feature", "properties": { "drag_region": "Northeast", "NAME": "Crittenden", "NAMELSAD": "Crittenden" }, "geometry": { "type": "Polygon", "coordinates": [ [ [ 831565.359832278452814, 3965397.757072323001921 ], [ 864498.076546464581043, 3965623.53761542076245 ], [ 861937.213677661493421, 3963928.097455504816025 ], [ 861084.430130400462076, 3959515.811999641824514 ], [ 865014.584834213601425, 3959056.436522644944489 ], [ 865547.855930563528091, 3963173.781703157350421 ], [ 870536.7232020648662, 3959981.231284426990896 ], [ 867732.524584491970018, 3955415.190291601698846 ], [ 867857.817941580433398, 3951126.145731047261506 ], [ 862661.944566634250805, 3950022.052010345738381 ], [ 864096.616121073951945, 3945579.925705170724541 ], [ 869015.820421666838229, 3945054.8359653246589 ], [ 871057.331286410568282, 3942348.36692671617493 ], [ 867254.996027308050543, 3938135.323487664107233 ], [ 872322.060078695882112, 3932750.83018546178937 ], [ 869120.278617023956031, 3930272.130511208437383 ], [ 865136.365781245520338, 3932160.067248175852001 ], [ 862262.538819658569992, 3929598.002734419424087 ], [ 859584.638345702784136, 3919984.296037194319069 ], [ 851362.240141362417489, 3920997.734682835172862 ], [ 850505.687463292619213, 3916301.32497784961015 ], [ 856220.590755942976102, 3911211.48268439527601 ], [ 856338.636649181367829, 3906922.82587187923491 ], [ 850546.919012746307999, 3902569.041759051382542 ], [ 851236.586530333152041, 3901347.766164382454008 ], [ 847954.499059858266264, 3901260.054022660013288 ], [ 841797.468219849513844, 3898047.108296965248883 ], [ 841592.853735735407099, 3905956.874696942977607 ], [ 841544.052652915706858, 3933039.240286276675761 ], [ 832398.710397539427504, 3932328.170780497603118 ], [ 831976.039547439431772, 3936131.950216541998088 ], [ 831565.359832278452814, 3965397.757072323001921 ] ] ] } },
{ "type": "Feature", "properties": { "drag_region": "Southeast", "NAME": "Lincoln", "NAMELSAD": "Lincoln" }, "geometry": { "type": "Polygon", "coordinates": [ [ [ 646277.686626460170373, 3671432.108096216805279 ], [ 646146.096895032096654, 3684291.854184075258672 ], [ 665350.195634448318742, 3684603.496077878866345 ], [ 667046.176903286133893, 3681385.111775017343462 ], [ 666895.316935440408997, 3693483.320769812446088 ], [ 669877.54548499698285, 3693139.920145083684474 ], [ 674557.305072949500754, 3689580.359183265827596 ], [ 680203.499276540009305, 3688227.828780989162624 ], [ 677920.158468580921181, 3685719.11635712441057 ], [ 680259.000034506781958, 3684226.765939194243401 ], [ 683212.376695875427686, 3686173.835898676421493 ], [ 687569.550599046051502, 3682615.837824662216008 ], [ 692857.507965966127813, 3683456.991965974215418 ], [ 695289.067585164797492, 3676157.090875397436321 ], [ 691327.334154040552676, 3675048.707190298940986 ], [ 691375.873920827405527, 3671809.744255030527711 ], [ 683747.713612864492461, 3671793.825264181476086 ], [ 683053.745924740447663, 3650346.166159348096699 ], [ 673071.193785931449383, 3651164.375740416813642 ], [ 644161.37084751657676, 3650833.634493077173829 ], [ 643956.685815219534561, 3671408.678121741395444 ], [ 646277.686626460170373, 3671432.108096216805279 ] ] ] } },
{ "type": "Feature", "properties": { "drag_region": "Northwest", "NAME": "Marion", "NAMELSAD": "Marion" }, "geometry": { "type": "Polygon", "coordinates": [ [ [ 462046.447847992531024, 4129139.519591684453189 ], [ 490976.502742447773926, 4129327.309219761285931 ], [ 490715.35342336341273, 4116842.722406099084765 ], [ 485577.645933955325745, 4113770.160788563080132 ], [ 486873.667696477961726, 4111965.21653295122087 ], [ 490734.19243236281909, 4112935.869260436389595 ], [ 487213.404906460782513, 4107964.524913743138313 ], [ 491729.013274474651553, 4107127.984621535521001 ], [ 489813.736020208219998, 4103211.881658152211457 ], [ 496266.261045497376472, 4102482.269969703163952 ], [ 497581.594923890661448, 4097915.589001226238906 ], [ 495658.656500591314398, 4095522.830901079811156 ], [ 502152.828378864214756, 4088985.028274449519813 ], [ 501878.271974334493279, 4080979.095000301953405 ], [ 463734.275915444362909, 4081689.224301198031753 ], [ 463726.061427848413587, 4086548.701339818537235 ], [ 458880.628320742049254, 4086541.848097301088274 ], [ 459154.310544745996594, 4128373.284046245738864 ], [ 462052.096210692543536, 4125423.207661915104836 ], [ 462046.447847992531024, 4129139.519591684453189 ] ] ] } },
{ "type": "Feature", "properties": { "drag_region": "Southeast", "NAME": "Grant", "NAMELSAD": "Grant" }, "geometry": { "type": "Polygon", "coordinates": [ [ [ 562855.49054040282499, 3729074.338746896479279 ], [ 567143.890038594370708, 3728994.005570598877966 ], [ 570423.055957369157113, 3733769.753669428173453 ], [ 587239.878678097273223, 3733377.070810841396451 ], [ 587211.314563272055238, 3738235.334210109431297 ], [ 605338.00479282985907, 3738073.856297331862152 ], [ 604904.436474266229197, 3708919.238623865414411 ], [ 603250.825333775836043, 3709001.896427979227155 ], [ 603391.199911350384355, 3690331.661689285654575 ], [ 593787.374527703272179, 3689978.721954288426787 ], [ 590464.471438473090529, 3691672.397431761026382 ], [ 587457.805174140725285, 3696131.529453268740326 ], [ 579166.774316294817254, 3699230.342052318155766 ], [ 562288.763137761503458, 3699733.441513665020466 ], [ 562855.49054040282499, 3729074.338746896479279 ] ] ] } },
{ "type": "Feature", "properties": { "drag_region": "Southeast", "NAME": "Arkansas", "NAMELSAD": "Arkansas" }, "geometry": { "type": "Polygon", "coordinates": [ [ [ 678745.835726520046592, 3737717.1542784627527 ], [ 688636.790590953081846, 3737658.439521467778832 ], [ 688832.53055321064312, 3747285.218557183630764 ], [ 716503.864133725990541, 3747044.891517575830221 ], [ 715896.560152635560371, 3743984.991755831521004 ], [ 719533.394078960875049, 3743284.492837344761938 ], [ 719253.037357736495323, 3740420.586711368989199 ], [ 723565.863453244790435, 3738875.46942152781412 ], [ 724615.522281999583356, 3735463.050301315262914 ], [ 727593.509855927783065, 3734944.459778950549662 ], [ 731693.043855888885446, 3727299.341956942342222 ], [ 735070.373891185969114, 3723263.897127586882561 ], [ 738718.873069472727366, 3722475.280112160369754 ], [ 736589.049564949818887, 3712808.513248546048999 ], [ 738641.435588748776354, 3709225.696373892016709 ], [ 735418.285886832512915, 3704685.403815509751439 ], [ 736809.795116135617718, 3701089.843224048148841 ], [ 733551.073284787591547, 3698265.274253221228719 ], [ 730635.369758579647169, 3694685.75049379421398 ], [ 726360.218644739827141, 3692893.879589429590851 ], [ 726434.178427380044013, 3688702.02501469058916 ], [ 732213.657078246003948, 3680800.386718083173037 ], [ 730603.332444953732193, 3678102.825407563708723 ], [ 728903.693634569179267, 3680359.535610266029835 ], [ 725261.788380669080652, 3679914.055866639595479 ], [ 723558.824506263947114, 3682457.47022966388613 ], [ 711990.954765855916776, 3679882.238077490590513 ], [ 714898.073578095645644, 3684693.94530096789822 ], [ 708297.646129748085514, 3682682.287075139116496 ], [ 705590.692774327239022, 3686165.840169922448695 ], [ 703159.133155128569342, 3693465.741260499227792 ], [ 702407.335705728968605, 3699362.158004425931722 ], [ 696766.708990679588169, 3700231.259127864614129 ], [ 695326.096849766443484, 3708309.636938071809709 ], [ 689353.115496699698269, 3709749.824390680994838 ], [ 678435.933573766378686, 3710177.092588980682194 ], [ 678745.835726520046592, 3737717.1542784627527 ] ] ] } },
{ "type": "Feature", "properties": { "drag_region": "Southeast", "NAME": "Desha", "NAMELSAD": "Desha" }, "geometry": { "type": "Polygon", "coordinates": [ [ [ 709392.601897173328325, 3671746.011943365447223 ], [ 712099.555252594174817, 3668262.458848582115024 ], [ 718699.982700941734947, 3670274.117074410896748 ], [ 715792.863888702006079, 3665462.409850933589041 ], [ 727360.733629110036418, 3668037.642003106884658 ], [ 729063.697503515169956, 3665494.227640082594007 ], [ 732705.60275741526857, 3665939.707383709028363 ], [ 734405.241567799821496, 3663682.997181006707251 ], [ 736015.566201092093252, 3666380.558491526171565 ], [ 730236.087550226133317, 3674282.196788133587688 ], [ 730162.127767585916445, 3678474.05136287258938 ], [ 734437.278881425736472, 3680265.922267237212509 ], [ 737352.98240763368085, 3683845.446026664227247 ], [ 752251.248808374977671, 3684132.076946099754423 ], [ 755287.169877439271659, 3681429.233174153137952 ], [ 758924.226340783643536, 3681789.845503270626068 ], [ 759965.355711473152041, 3679523.843000556807965 ], [ 757434.612518002395518, 3673657.235878871753812 ], [ 749491.022188172093593, 3672925.808359307236969 ], [ 751896.617346308077686, 3668684.406042418908328 ], [ 748278.534125801408663, 3667088.201195403933525 ], [ 746540.993059991626069, 3671152.715957842767239 ], [ 741277.752307997900061, 3668860.387074453290552 ], [ 740334.50627150805667, 3666078.924651299137622 ], [ 747694.737888955743983, 3662978.602259121835232 ], [ 741861.547336288611405, 3655433.530451953876764 ], [ 744285.47675483149942, 3650237.564345741644502 ], [ 749649.923973827506416, 3647862.846640613395721 ], [ 746388.541830277303234, 3644559.424784050323069 ], [ 743696.543138555716723, 3646223.695997570175678 ], [ 735722.623992955544963, 3645885.900307266972959 ], [ 735491.370017729932442, 3640259.200790536124259 ], [ 738862.66275022982154, 3637842.657685480080545 ], [ 743162.456933539826423, 3639256.609341113362461 ], [ 745914.267631000606343, 3634543.55727352714166 ], [ 741952.57116697425954, 3632753.574784048832953 ], [ 736589.00895902805496, 3634751.779745135921985 ], [ 734200.101579074631445, 3638044.265181647613645 ], [ 728571.122178897028789, 3636420.860416494775563 ], [ 727951.471265279687941, 3633742.034069919958711 ], [ 736359.205018865410239, 3629029.874289900064468 ], [ 737081.963330368278548, 3625898.155405634548515 ], [ 727822.249407299328595, 3621828.506179248448461 ], [ 726573.211101040709764, 3616852.258378293830901 ], [ 719235.630777367041446, 3616921.515324043575674 ], [ 716823.136901128804311, 3621837.584101230371743 ], [ 707160.320998301962391, 3621688.518481824547052 ], [ 707131.972407654859126, 3645794.098240868188441 ], [ 697157.280236748978496, 3645935.087227316107601 ], [ 697851.247924873023294, 3667382.746332149486989 ], [ 705479.40823283593636, 3667398.665322998538613 ], [ 705430.868466049083509, 3670637.628258266951889 ], [ 709392.601897173328325, 3671746.011943365447223 ] ] ] } },
{ "type": "Feature", "properties": { "drag_region": "Southeast", "NAME": "Union", "NAMELSAD": "Union" }, "geometry": { "type": "Polygon", "coordinates": [ [ [ 526559.056772696902044, 3573818.948653572238982 ], [ 542919.295671397820115, 3573359.82858448009938 ], [ 546921.922053982736543, 3575082.572738757357001 ], [ 556280.78483437851537, 3571489.422638604417443 ], [ 562284.086936238920316, 3573510.997137838043272 ], [ 564957.90601081517525, 3572855.053481630980968 ], [ 567968.57876099133864, 3571629.879191244021058 ], [ 568990.451391144306399, 3567253.282555144280195 ], [ 572993.462069666478783, 3568510.576875695958734 ], [ 573680.816551004420035, 3564704.257475489750504 ], [ 577705.631004771916196, 3562058.564717844128609 ], [ 585039.685400900780223, 3565339.718028885312378 ], [ 587404.7094492809847, 3561354.366250235587358 ], [ 596773.16909417277202, 3560371.604663330130279 ], [ 597143.673376652412117, 3555516.720752439461648 ], [ 604879.840668384218588, 3550433.891716266050935 ], [ 607563.058711008168757, 3549789.566263874992728 ], [ 605924.318724819459021, 3545584.84991501364857 ], [ 605969.410126699833199, 3540156.091699383221567 ], [ 608016.127398861688562, 3535887.141988888382912 ], [ 611726.07708233455196, 3533347.659421431832016 ], [ 550369.300512366811745, 3533661.886338093318045 ], [ 525561.306573298759758, 3533913.887174938805401 ], [ 526559.056772696902044, 3573818.948653572238982 ] ] ] } },
{ "type": "Feature", "properties": { "drag_region": "Southwest", "NAME": "Miller", "NAMELSAD": "Miller" }, "geometry": { "type": "Polygon", "coordinates": [ [ [ 320861.396011712087784, 3612407.977545552887022 ], [ 325206.017916517914273, 3613698.769520579837263 ], [ 326172.843696737021673, 3610260.211314128246158 ], [ 328222.27531198709039, 3615575.333845174871385 ], [ 329522.296447553788312, 3612038.774018092080951 ], [ 331554.969395769003313, 3615735.336505736224353 ], [ 334542.048907376709394, 3614470.641239781398326 ], [ 338242.828251125698444, 3618821.016987339127809 ], [ 341238.117991049715783, 3618606.127926053013653 ], [ 341209.237191712483764, 3614986.687985525932163 ], [ 343530.697296898986679, 3613634.902851727325469 ], [ 346140.613585155108012, 3606185.401754663791507 ], [ 347822.213180110557005, 3608173.317736512981355 ], [ 350795.786808778881095, 3604342.12776840524748 ], [ 348420.379419408622198, 3598643.903844342101365 ], [ 352726.674586021981668, 3593946.725308823864907 ], [ 355061.017598467646167, 3593550.30586093897 ], [ 352033.123811249912251, 3590141.480673506855965 ], [ 355693.270827977044974, 3588021.872323762625456 ], [ 353006.993867798359133, 3585944.018555711489171 ], [ 354324.726011525373906, 3583077.896702406462282 ], [ 349971.410033445106819, 3581869.124589412007481 ], [ 352286.105350574303884, 3578138.611590304877609 ], [ 348222.560968300211243, 3571023.328577770851552 ], [ 344510.951693038630765, 3566954.910550939384848 ], [ 343524.788082028331701, 3569343.54109629848972 ], [ 338142.65675241855206, 3566052.317106021102518 ], [ 337767.314464011753444, 3561102.494988944847137 ], [ 342731.25910776987439, 3553157.74595051119104 ], [ 320605.376314675202593, 3553352.023868229240179 ], [ 321183.126199421763886, 3611261.623298961669207 ], [ 320861.396011712087784, 3612407.977545552887022 ] ] ] } },
{ "type": "Feature", "properties": { "drag_region": "Northwest", "NAME": "Newton", "NAMELSAD": "Newton" }, "geometry": { "type": "Polygon", "coordinates": [ [ [ 389963.24400065629743, 4073831.407603739295155 ], [ 438088.508692079456523, 4072583.676314240321517 ], [ 438420.094548394088633, 4058767.817060890607536 ], [ 437464.407188046432566, 4029325.74334707017988 ], [ 417988.316458688932471, 4029813.670409851707518 ], [ 399161.960810649034102, 4029960.736404836643487 ], [ 385856.009975826716982, 4030497.842141816858202 ], [ 386197.687295685114805, 4033735.627818278502673 ], [ 385619.244221910252236, 4046887.817878060974181 ], [ 387238.650089203496464, 4046783.989408506080508 ], [ 389222.313647511124145, 4054777.8167291325517 ], [ 392466.659548870229628, 4056382.119930765125901 ], [ 392847.403790243086405, 4068862.781284492928535 ], [ 389616.185445422015619, 4068973.469525219872594 ], [ 389963.24400065629743, 4073831.407603739295155 ] ] ] } }
]
}
