{
"type": "FeatureCollection",
"name": "filebab82d673eec",
"crs": { "type": "name", "properties": { "name": "urn:ogc:def:crs:EPSG::32619" } },
"features": [
{ "type": "Feature", "properties": { "drag_region": "Central", "region": "Central", "NAME": "Framingham", "NAMELSAD": "Framingham city" }, "geometry": { "type": "Polygon", "coordinates": [ [ [ 304917.866191814420745, 4691053.552600579336286 ], [ 305899.208416504669003, 4693395.763332687318325 ], [ 306007.086614297586493, 4694719.175196002237499 ], [ 305890.314813849865459, 4695506.459381143562496 ], [ 306253.517601997999009, 4698042.398153811693192 ], [ 313346.939632145105861, 4696495.70061847101897 ], [ 313489.952443126938306, 4696213.616308003664017 ], [ 313482.037096307612956, 4695903.334598208777606 ], [ 313645.389322202769108, 4695883.288000793196261 ], [ 313810.511654147238005, 4696043.452119382098317 ], [ 314003.417227519443259, 4696068.813676903955638 ], [ 313981.610235503641888, 4695947.069833229295909 ], [ 314540.236516122473404, 4695064.571228941902518 ], [ 314832.751520063960925, 4693522.776826742105186 ], [ 313982.930884443107061, 4692146.326178738847375 ], [ 312718.560404266230762, 4691210.73379170242697 ], [ 312928.915335662954021, 4689810.423539436422288 ], [ 313111.530466036056168, 4689607.796631109900773 ], [ 313204.372270914434921, 4688927.502206431701779 ], [ 313654.532999035378452, 4688804.605185112915933 ], [ 313011.430161985976156, 4687668.257959621958435 ], [ 311222.217258372460492, 4687246.888984152115881 ], [ 307872.242433583480306, 4689763.646429756656289 ], [ 304917.866191814420745, 4691053.552600579336286 ] ] ] } },
{ "type": "Feature", "properties": { "drag_region": "West", "region": "West", "NAME": "Alford", "NAMELSAD": "Alford town" }, "geometry": { "type": "Polygon", "coordinates": [ [ [ 101511.48741472142865, 4687238.246210093609989 ], [ 104349.057129246037221, 4695832.069011019542813 ], [ 105635.044031620753231, 4695305.402550778351724 ], [ 105558.058530250185868, 4693946.175947703421116 ], [ 106793.857045781594934, 4693072.922200034372509 ], [ 106512.153492456272943, 4691531.540130481123924 ], [ 106832.198318972921697, 4687784.12655614502728 ], [ 105337.441209010226885, 4687883.009482788853347 ], [ 105287.999111165088834, 4686492.631833428516984 ], [ 101511.48741472142865, 4687238.246210093609989 ] ] ] } },
{ "type": "Feature", "properties": { "drag_region": "West", "region": "West", "NAME": "Lenox", "NAMELSAD": "Lenox town" }, "geometry": { "type": "Polygon", "coordinates": [ [ [ 115503.213756044322508, 4705649.428145673125982 ], [ 115860.192834687404684, 4705656.150031745433807 ], [ 115897.515943783728289, 4706661.11300580855459 ], [ 116608.705373880788102, 4706622.408148385584354 ], [ 116494.164078311456251, 4708167.373606523498893 ], [ 117488.359490734510473, 4708123.119435614906251 ], [ 117794.335253696059226, 4709738.099734732881188 ], [ 118760.683816873686737, 4709465.032389621250331 ], [ 118898.627473373300745, 4710260.990649965591729 ], [ 124875.991786230515572, 4708704.738241173326969 ], [ 124181.42656118432933, 4706071.189759601838887 ], [ 123359.247716802216019, 4705531.790773878805339 ], [ 123487.808345768644358, 4704761.350013052113354 ], [ 123235.223914604037418, 4705166.217530488036573 ], [ 123168.342917961344938, 4704951.329926389269531 ], [ 123184.407917675838689, 4704555.599763249978423 ], [ 123306.345022803623579, 4704563.427094146609306 ], [ 123096.460252082659281, 4704038.137004369869828 ], [ 123199.156707042115158, 4703877.129648248665035 ], [ 123138.02293360872136, 4703549.277356453239918 ], [ 123364.930242435526452, 4703604.863731008954346 ], [ 123178.188885105642839, 4703318.354372230358422 ], [ 122825.875473233623779, 4703148.234753255732358 ], [ 122614.296866376520484, 4702643.189694425091147 ], [ 122679.091316942402045, 4702359.814484170638025 ], [ 122685.047178908702335, 4700619.475009669549763 ], [ 119838.279017150387517, 4700802.599977842532098 ], [ 119827.971409130477696, 4700558.603235532529652 ], [ 119565.156477209864534, 4700565.499611613340676 ], [ 119605.495388662719051, 4700390.433991979807615 ], [ 118983.378639832240879, 4700421.370886220596731 ], [ 119156.453377630197792, 4703619.445677679032087 ], [ 115642.398314652658883, 4703758.648306237533689 ], [ 115503.213756044322508, 4705649.428145673125982 ] ] ] } },
{ "type": "Feature", "properties": { "drag_region": "West", "region": "West", "NAME": "New Ashford", "NAMELSAD": "New Ashford town" }, "geometry": { "type": "Polygon", "coordinates": [ [ [ 122532.514993342425441, 4734254.993311915546656 ], [ 123707.628174498822773, 4738699.734590198844671 ], [ 131111.428714698733529, 4738037.974228543229401 ], [ 130721.048610068944981, 4734695.006887479685247 ], [ 128293.068612456059782, 4735657.669281851500273 ], [ 128589.981686716695549, 4733857.115855389274657 ], [ 128352.091576948965667, 4732661.346635795198381 ], [ 122532.514993342425441, 4734254.993311915546656 ] ] ] } },
{ "type": "Feature", "properties": { "drag_region": "West", "region": "West", "NAME": "Otis", "NAMELSAD": "Otis town" }, "geometry": { "type": "Polygon", "coordinates": [ [ [ 131386.79151732288301, 4680841.164188589900732 ], [ 131794.854516664752737, 4688495.327818442136049 ], [ 135151.384275606949814, 4688890.211095776408911 ], [ 135185.989788153965492, 4688715.094727872870862 ], [ 135013.279628933581989, 4688554.253191409632564 ], [ 134990.789529029047117, 4688428.101716549135745 ], [ 135142.619313898263499, 4687840.200668540783226 ], [ 137476.293528473761398, 4687986.151952439919114 ], [ 137553.76551089034183, 4686721.195401065051556 ], [ 142048.50457896682201, 4687175.419355399906635 ], [ 142073.973320248536766, 4686725.408633307553828 ], [ 144428.984127804578748, 4686865.320216582156718 ], [ 141697.807895684964024, 4676447.141282010823488 ], [ 138730.544707643217407, 4677095.133899118751287 ], [ 138780.706989201542456, 4676726.629612680524588 ], [ 138621.78050434339093, 4676581.832200144417584 ], [ 138734.734850646345876, 4676199.30890285409987 ], [ 138118.27444123494206, 4676077.940213144756854 ], [ 137939.747990276257042, 4676121.434677118435502 ], [ 137624.971140984329395, 4681465.066377064213157 ], [ 131386.79151732288301, 4680841.164188589900732 ] ] ] } },
{ "type": "Feature", "properties": { "drag_region": "West", "region": "West", "NAME": "Sandisfield", "NAMELSAD": "Sandisfield town" }, "geometry": { "type": "Polygon", "coordinates": [ [ [ 128408.722976552206092, 4676693.260972030460835 ], [ 130115.016027349221986, 4676779.077009185217321 ], [ 130093.810602514538914, 4677393.969736563973129 ], [ 130577.862026189744938, 4679130.494997844099998 ], [ 136816.041649851191323, 4679754.397186318412423 ], [ 137130.81849914311897, 4674410.765486372634768 ], [ 137309.344950101803988, 4674367.27102239895612 ], [ 137925.805359513207804, 4674488.639712108299136 ], [ 138043.847489428124391, 4674332.175698730163276 ], [ 138076.825682052120101, 4674005.902878539636731 ], [ 137950.2734710011282, 4673746.462083703838289 ], [ 137980.786151851527393, 4673451.808222983032465 ], [ 138199.610565053008031, 4672697.692023426294327 ], [ 138593.564449218974914, 4672068.042105990462005 ], [ 138403.715832087560557, 4671769.085757525637746 ], [ 137895.794627154129557, 4671569.897363818250597 ], [ 137624.999695931037422, 4671366.207242351956666 ], [ 137559.531198372016661, 4671236.203197763301432 ], [ 137646.937533338961657, 4670940.279847970232368 ], [ 137365.886768939963076, 4670642.247523997910321 ], [ 137472.345140358316712, 4669392.688467448577285 ], [ 138280.683055099041667, 4666733.115190450102091 ], [ 138557.482713525881991, 4666329.363869164139032 ], [ 138242.549020352424122, 4665745.047057957388461 ], [ 138728.587390942266211, 4665369.091588024049997 ], [ 138835.851187911583111, 4665149.171119346283376 ], [ 138842.308798728801776, 4664920.013171857222915 ], [ 138593.093870718264952, 4664133.761203073896468 ], [ 138823.218962066050153, 4663282.008447371423244 ], [ 129004.381089891365264, 4664147.089364042505622 ], [ 128408.722976552206092, 4676693.260972030460835 ] ] ] } },
{ "type": "Feature", "properties": { "drag_region": "West", "region": "West", "NAME": "Williamstown", "NAMELSAD": "Williamstown town" }, "geometry": { "type": "Polygon", "coordinates": [ [ [ 119899.527275328640826, 4740520.957449141889811 ], [ 123982.721455064485781, 4752889.159435327164829 ], [ 132255.446770215174183, 4752263.078397027216852 ], [ 131893.924421358737163, 4748705.668068148195744 ], [ 131120.845502333308104, 4748794.231958682648838 ], [ 130828.959183164930437, 4745997.718456143513322 ], [ 131602.814967089914717, 4745916.799611398018897 ], [ 130975.651090176892467, 4739496.030686635524035 ], [ 119899.527275328640826, 4740520.957449141889811 ] ] ] } },
{ "type": "Feature", "properties": { "drag_region": "Northeast", "region": "Northeast", "NAME": "Dartmouth", "NAMELSAD": "Dartmouth town" }, "geometry": { "type": "Polygon", "coordinates": [ [ [ 339534.849909890384879, 4603010.6443529445678 ], [ 340365.945649034751114, 4602785.123897288925946 ], [ 348914.39891179202823, 4607959.99198582675308 ], [ 347765.53155980608426, 4601839.523360031656921 ], [ 348340.017797961190809, 4598491.93505802936852 ], [ 349088.294818072870839, 4597538.407677505165339 ], [ 349138.117562452505808, 4597160.467716838233173 ], [ 349932.953258673602249, 4595376.172345157712698 ], [ 351025.320556703780312, 4594622.505016553215683 ], [ 351165.182527222728822, 4594127.260361316613853 ], [ 351304.583581855695229, 4594231.775873714126647 ], [ 351349.607701335393358, 4593930.616379880346358 ], [ 351773.15203396556899, 4593987.457231167703867 ], [ 354175.173790104512591, 4588169.150324991904199 ], [ 356777.059953516582027, 4582613.169162668287754 ], [ 347445.259081769676413, 4576904.23774469923228 ], [ 345047.987496600544546, 4580280.062125643715262 ], [ 343627.434742870915215, 4582500.014752965420485 ], [ 343075.361337667040061, 4583660.278678460977972 ], [ 342776.249037648376543, 4585192.345501719973981 ], [ 343319.096143827307969, 4585483.310521761886775 ], [ 343060.368893482082058, 4586416.094301007688046 ], [ 342930.800728453847114, 4587255.758739629760385 ], [ 343039.709159714111593, 4587450.937629456631839 ], [ 342980.908622731687501, 4587885.238304858095944 ], [ 343155.459827830956783, 4588566.004544911906123 ], [ 342877.642642303835601, 4589931.842325902543962 ], [ 341905.522876795090269, 4591911.792779035866261 ], [ 341929.658438014797866, 4592113.741057979874313 ], [ 342374.43925480422331, 4592540.913840209133923 ], [ 342618.103332009108271, 4593017.071672897785902 ], [ 342518.522466709662694, 4594121.007752971723676 ], [ 342693.42083899670979, 4595147.362596740014851 ], [ 342604.798768669075798, 4595820.895457776263356 ], [ 342700.816727558674756, 4595894.613663595169783 ], [ 342554.561631731630769, 4596336.772373146377504 ], [ 342060.090899473812897, 4597280.770120827481151 ], [ 341723.718951693328563, 4597701.134216236881912 ], [ 341342.485803712566849, 4599097.653230396099389 ], [ 340746.07004344847519, 4600337.151691123843193 ], [ 339639.287578265008051, 4601963.826749876141548 ], [ 339534.849909890384879, 4603010.6443529445678 ] ] ] } },
{ "type": "Feature", "properties": { "drag_region": "Northeast", "region": "Northeast", "NAME": "Freetown", "NAMELSAD": "Freetown town" }, "geometry": { "type": "Polygon", "coordinates": [ [ [ 335695.151486584509257, 4615979.05293633043766 ], [ 336279.821979079104494, 4616753.445884590037167 ], [ 336517.8932052210439, 4617303.088129488751292 ], [ 337495.069688983669039, 4618477.43793323636055 ], [ 337628.84568921267055, 4618915.786737415008247 ], [ 338108.646269558172207, 4619290.583392705768347 ], [ 338155.954328736232128, 4619525.960191369988024 ], [ 338806.406657215498853, 4619879.197616824880242 ], [ 338917.033912902872544, 4620131.815518136136234 ], [ 338825.227878141391557, 4620486.118341877125204 ], [ 338631.844472073193174, 4620648.35902239382267 ], [ 338528.943517474632245, 4620532.320316658355296 ], [ 338398.280626653984655, 4620552.944811512716115 ], [ 338355.711487543943804, 4620753.738792777061462 ], [ 338422.356069806031883, 4620817.885920830070972 ], [ 338383.555602646025363, 4621040.252473293803632 ], [ 338786.21437281667022, 4621578.949084317311645 ], [ 343093.017118499439675, 4621335.328720261342824 ], [ 344874.463271258049645, 4619409.493902137503028 ], [ 343848.506402308994438, 4617136.189743872731924 ], [ 352564.603821657539811, 4618308.646475490182638 ], [ 353709.361434228776488, 4615205.940744425170124 ], [ 352107.255624391546007, 4614719.766286410391331 ], [ 352116.842693815007806, 4614516.484405620954931 ], [ 352437.673493839218281, 4614267.581199675798416 ], [ 344870.336792703077663, 4609656.75086029805243 ], [ 345155.513065246108454, 4613473.656101806089282 ], [ 336348.58589362638304, 4615823.620638531632721 ], [ 336187.766390873817727, 4615744.477390659041703 ], [ 336027.294661958643701, 4615814.53694505430758 ], [ 336033.859225393447559, 4616063.906853107735515 ], [ 335993.597382537962403, 4615834.366067104041576 ], [ 335695.151486584509257, 4615979.05293633043766 ] ] ] } },
{ "type": "Feature", "properties": { "drag_region": "Northeast", "region": "Northeast", "NAME": "Raynham", "NAMELSAD": "Raynham town" }, "geometry": { "type": "Polygon", "coordinates": [ [ [ 338328.438104731438216, 4638060.952085730619729 ], [ 338880.627023410110269, 4638853.863087111152709 ], [ 338947.446683621557895, 4639261.423496092669666 ], [ 339393.175807815801818, 4640317.604169984348118 ], [ 339141.079108082922176, 4640999.1193394837901 ], [ 339204.443079853022937, 4641361.103032656013966 ], [ 339381.107722336135339, 4641728.665508514270186 ], [ 339429.816992004576605, 4642289.990161313675344 ], [ 339056.451420878001954, 4642859.471873760223389 ], [ 338928.153709437290672, 4643805.746504690498114 ], [ 341599.857064926938619, 4643099.506560735404491 ], [ 341975.007223584630992, 4640650.432762888260186 ], [ 345140.210649990884122, 4638018.516363384202123 ], [ 346008.07511882064864, 4636841.925878568552434 ], [ 345998.042820214701351, 4636724.843337361700833 ], [ 346309.824274900078308, 4636490.38622544053942 ], [ 346346.437730467354413, 4636306.227067349478602 ], [ 346204.257226704386994, 4636118.455117446370423 ], [ 346178.463314325606916, 4635445.820767931640148 ], [ 346359.029983364220243, 4635200.318536406382918 ], [ 346471.116007014119532, 4635360.131425575353205 ], [ 346606.440108424983919, 4635298.994271729141474 ], [ 346686.233096338168252, 4634647.349589204415679 ], [ 346601.521229741105344, 4634365.804359139874578 ], [ 346306.97610826784512, 4633976.15650141146034 ], [ 345928.865120621398091, 4633203.968902026303113 ], [ 346364.884213869576342, 4633208.035930010490119 ], [ 346410.004593283811118, 4632549.642433346249163 ], [ 346540.18158155400306, 4632393.196956614032388 ], [ 346290.110501867195126, 4631884.532146078534424 ], [ 345569.974836594308726, 4631669.350414645858109 ], [ 345596.280471165489871, 4631896.369007969275117 ], [ 345414.557210791797843, 4631846.734225287102163 ], [ 345172.671592307684477, 4632510.964866096153855 ], [ 344901.404083585191984, 4632465.440935526043177 ], [ 344757.743899914959911, 4632735.552251221612096 ], [ 344659.780926226114389, 4632703.191027940250933 ], [ 344489.870206658903044, 4632438.777218839153647 ], [ 344148.955248421465512, 4632400.696481761522591 ], [ 343882.170090674830135, 4632130.579885118640959 ], [ 343448.437002053309698, 4632047.506445433013141 ], [ 343173.32498819247121, 4632142.452865917235613 ], [ 342772.547001630475279, 4631783.563197585754097 ], [ 342662.16523722250713, 4632043.597475089132786 ], [ 342484.722488337720279, 4632010.82153111230582 ], [ 342329.294305992953014, 4631842.764558842405677 ], [ 342277.32634787959978, 4631898.662123190239072 ], [ 342326.092289101623464, 4632130.138616009615362 ], [ 342230.757301974401344, 4632013.868612887337804 ], [ 342017.62071254523471, 4632075.387826479971409 ], [ 341903.345766168728005, 4632191.87915460485965 ], [ 341845.236366192228161, 4632428.349742035381496 ], [ 342001.38408470217837, 4632643.928934589028358 ], [ 342176.243947586626746, 4632690.752039186656475 ], [ 341976.334838129172567, 4632916.049825729802251 ], [ 342232.866118463862222, 4633105.574121903628111 ], [ 342290.679675247345585, 4632971.434730469249189 ], [ 342439.533167039393447, 4633055.990030637010932 ], [ 342155.783309826452751, 4633521.028820194303989 ], [ 342162.916509188653436, 4633823.600313322618604 ], [ 341965.170391137886327, 4634131.061570004560053 ], [ 341851.491094232129399, 4634180.660613022744656 ], [ 341465.068732643849216, 4634173.684939185157418 ], [ 341311.23356353334384, 4633783.970924821682274 ], [ 341100.469683483941481, 4633924.566460249945521 ], [ 340666.391414389829151, 4634034.98694450315088 ], [ 338328.438104731438216, 4638060.952085730619729 ] ] ] } },
{ "type": "Feature", "properties": { "drag_region": "Northeast", "region": "Northeast", "NAME": "Swansea", "NAMELSAD": "Swansea town" }, "geometry": { "type": "Polygon", "coordinates": [ [ [ 316104.595549580873922, 4616972.728066367097199 ], [ 318826.726981030893512, 4616815.777028224430978 ], [ 326813.86577897251118, 4617536.233046962879598 ], [ 326429.720737094292417, 4621254.75713406689465 ], [ 327865.577880186028779, 4621148.013228852301836 ], [ 328221.060955643188208, 4618190.955906134098768 ], [ 329708.090363381430507, 4618173.87569004110992 ], [ 329307.538158087641932, 4612619.542019432410598 ], [ 326471.29411124275066, 4613294.835451015271246 ], [ 326779.743961519212462, 4612898.674475413747132 ], [ 326705.483545162074734, 4612478.475061139091849 ], [ 326344.229256059741601, 4611749.821360100992024 ], [ 326312.718874892161693, 4611440.752068274654448 ], [ 325958.212533091427758, 4610666.722179474309087 ], [ 325026.375007946917322, 4607833.033518727868795 ], [ 325014.225077046256047, 4607544.137368001043797 ], [ 324844.792784280143678, 4607292.27177045121789 ], [ 323413.221745169372298, 4609779.041785732842982 ], [ 320632.249447836074978, 4614243.597479524090886 ], [ 316104.595549580873922, 4616972.728066367097199 ] ] ] } },
{ "type": "Feature", "properties": { "drag_region": "West", "region": "West", "NAME": "Erving", "NAMELSAD": "Erving town" }, "geometry": { "type": "Polygon", "coordinates": [ [ [ 195944.871601039165398, 4728906.887948579154909 ], [ 196466.830887142656138, 4729492.918956889770925 ], [ 196431.786200111411745, 4729760.584922946989536 ], [ 196709.687957857182482, 4730187.520678903907537 ], [ 196602.927974998106947, 4730317.088331557810307 ], [ 196635.964068698725896, 4730585.275855890475214 ], [ 196566.724197507108329, 4730729.535586223937571 ], [ 197094.386339603195665, 4731424.051603307947516 ], [ 199513.496593119081808, 4731599.569518246687949 ], [ 199429.981938474200433, 4733105.121845720335841 ], [ 206593.654675974714337, 4734961.969945089891553 ], [ 207474.774697349552298, 4731605.826617102138698 ], [ 207614.338620958820684, 4730020.327128768898547 ], [ 206708.313685819826787, 4730522.148259334266186 ], [ 206288.678506601572735, 4730363.043278167024255 ], [ 205849.681725019443547, 4730404.514444841071963 ], [ 205438.141634210274788, 4730171.385391267947853 ], [ 205042.467438662162749, 4730440.761489189229906 ], [ 204359.084816841495922, 4730466.445837968960404 ], [ 203268.853158980113221, 4731577.400655354373157 ], [ 202443.185216496494832, 4731615.820113567635417 ], [ 202162.279557680507423, 4731396.053259251639247 ], [ 201902.49122997248196, 4730897.337624069303274 ], [ 201443.89016837082454, 4730603.605740014463663 ], [ 201467.77623302754364, 4730160.118074734695256 ], [ 201109.502083650993882, 4729933.853675728663802 ], [ 200973.085311976989033, 4729678.100700768642128 ], [ 200737.271103826729814, 4729619.848445526324213 ], [ 200070.828587343014078, 4729016.624706597067416 ], [ 199534.122555037174607, 4728711.729817733168602 ], [ 199396.105139837571187, 4728448.946970298886299 ], [ 198654.672710073267808, 4728079.740717892535031 ], [ 198291.744521278509637, 4728059.487157533876598 ], [ 197951.142223736824235, 4728524.142968570813537 ], [ 197770.033209837420145, 4728638.280025941319764 ], [ 197236.694987061870052, 4728564.248475918546319 ], [ 196781.028112487780163, 4728854.275317987427115 ], [ 196166.012356950697722, 4728733.750075156800449 ], [ 196018.073647118901135, 4728782.594924093224108 ], [ 195944.871601039165398, 4728906.887948579154909 ] ] ] } },
{ "type": "Feature", "properties": { "drag_region": "West", "region": "West", "NAME": "Greenfield", "NAMELSAD": "Greenfield city" }, "geometry": { "type": "Polygon", "coordinates": [ [ [ 182121.476515095680952, 4729202.86339620873332 ], [ 183828.732207842520438, 4736721.971604753285646 ], [ 191205.931334921566304, 4737586.992742615751922 ], [ 191161.978580564435106, 4737512.182677228935063 ], [ 191440.623146844620351, 4737545.774830550886691 ], [ 191386.868392598757055, 4737205.810232845135033 ], [ 191484.518242704914883, 4736994.338505615480244 ], [ 191363.080492506269366, 4736765.795399972237647 ], [ 191418.70073591300752, 4736393.988371665589511 ], [ 190936.047569637536071, 4736297.195863133296371 ], [ 190688.724160608195234, 4735970.369539685547352 ], [ 190678.900149119086564, 4735601.637932375073433 ], [ 190849.731413696717937, 4735274.271926137618721 ], [ 190455.281868188176304, 4734768.611259092576802 ], [ 190511.941773556231055, 4734635.060170377604663 ], [ 190412.237121600715909, 4734401.275972215458751 ], [ 190639.30622643919196, 4734254.224053827114403 ], [ 190528.066050427849405, 4734095.908543670549989 ], [ 190568.539517090597656, 4733342.014808552339673 ], [ 190315.445017074525822, 4733077.849004961550236 ], [ 190262.042746445164084, 4732759.456797039136291 ], [ 189821.000178903748747, 4732683.442517927847803 ], [ 189292.492210430500563, 4732308.971133640035987 ], [ 188796.179621346993372, 4731861.414356388151646 ], [ 188239.761601358884946, 4731140.956332861445844 ], [ 187823.126084313669708, 4730947.760053154081106 ], [ 187705.150556061824318, 4730796.107009667903185 ], [ 187658.280205676681362, 4730433.054904814809561 ], [ 187884.026847755245399, 4730031.196573287248611 ], [ 187880.103836269234307, 4729453.044843722134829 ], [ 188023.252682778460439, 4729060.589291269890964 ], [ 188028.927527769352309, 4728732.140054418705404 ], [ 187891.623359478719067, 4728312.834972690790892 ], [ 186876.776314294198528, 4728187.07436631526798 ], [ 186658.545907680992968, 4727835.419351501390338 ], [ 186504.515415856032632, 4727812.370447181165218 ], [ 186166.947249233373441, 4728043.128892160020769 ], [ 186041.310011227265932, 4728366.236149214208126 ], [ 185916.291314307134598, 4728460.346749549731612 ], [ 185746.975265826971736, 4728452.764463000930846 ], [ 185420.309483020566404, 4728270.988680245354772 ], [ 184681.421422725368757, 4728296.549333394505084 ], [ 184340.621852606767789, 4728432.857820719480515 ], [ 184222.540299808373675, 4728379.391862601973116 ], [ 183781.482589025865309, 4729312.333788678981364 ], [ 182121.476515095680952, 4729202.86339620873332 ] ] ] } },
{ "type": "Feature", "properties": { "drag_region": "West", "region": "West", "NAME": "Monson", "NAMELSAD": "Monson town" }, "geometry": { "type": "Polygon", "coordinates": [ [ [ 204333.26678573602112, 4673314.307140361517668 ], [ 204901.986734705627896, 4673292.50649390462786 ], [ 206218.857172215241008, 4673460.847129586152732 ], [ 206702.771153272187803, 4673921.133858859539032 ], [ 206973.841294884390663, 4673974.964612577110529 ], [ 207176.17202336632181, 4674147.404181935824454 ], [ 207684.141056038555689, 4674083.278886897489429 ], [ 207904.723064059158787, 4674215.314418110065162 ], [ 208019.61948015820235, 4674028.624626226723194 ], [ 208197.379594932077453, 4674149.224757127463818 ], [ 208307.35147356428206, 4673897.891405596397817 ], [ 208781.928932885522954, 4673876.641255419701338 ], [ 209023.513439743546769, 4673568.345802867785096 ], [ 209185.303896040422842, 4673085.335598077625036 ], [ 209546.505259872355964, 4673001.393502353690565 ], [ 209650.160840322321746, 4672800.715967253781855 ], [ 209852.168532858777326, 4672779.052985101938248 ], [ 209948.398495366855059, 4672523.394406902603805 ], [ 210103.995551614963915, 4672421.244814606383443 ], [ 210336.594047407153994, 4672619.842084172181785 ], [ 210501.34214941051323, 4672371.872457130812109 ], [ 210466.059429037733935, 4672185.952242257073522 ], [ 210636.021015514270402, 4672069.688963965512812 ], [ 211024.631232904328499, 4672225.660773210227489 ], [ 211463.170331219327636, 4672124.031781429424882 ], [ 211791.022931959014386, 4672175.628936469554901 ], [ 211989.323005714220926, 4672004.030856671743095 ], [ 212222.648026067647152, 4672057.63322236109525 ], [ 212393.993499270291068, 4671862.843413798138499 ], [ 212911.304025566554628, 4671733.913184577599168 ], [ 213174.742092786298599, 4671767.81474872585386 ], [ 213316.840356290398631, 4671991.228372958488762 ], [ 213764.475598248944152, 4671989.933344117365777 ], [ 213906.818361418147106, 4666287.374887864105403 ], [ 213601.393285889411345, 4659525.505353371612728 ], [ 205630.558151752513368, 4659956.213725888170302 ], [ 204333.26678573602112, 4673314.307140361517668 ] ] ] } },
{ "type": "Feature", "properties": { "drag_region": "West", "region": "West", "NAME": "Southwick", "NAMELSAD": "Southwick town" }, "geometry": { "type": "Polygon", "coordinates": [ [ [ 161467.592808486893773, 4665043.955768473446369 ], [ 161748.63619133020984, 4665593.178500672802329 ], [ 162071.927930237085093, 4666654.068175507709384 ], [ 162037.138117513502948, 4667786.01278639677912 ], [ 161764.448353723913897, 4668676.049024094827473 ], [ 172513.726333728816826, 4665817.488081386312842 ], [ 172464.754902454093099, 4665004.386091659776866 ], [ 172262.228854382468853, 4664013.364643518812954 ], [ 172219.367630755179562, 4663020.419238223694265 ], [ 171892.172200813889503, 4662209.49932184163481 ], [ 171787.26063171797432, 4661446.0048986999318 ], [ 171591.114545631106012, 4660934.81711108237505 ], [ 168167.970851108024362, 4661061.761836869642138 ], [ 168036.992809815506916, 4660737.273557730950415 ], [ 168419.695783561386634, 4660483.231361365877092 ], [ 168449.503997108375188, 4660234.46143071167171 ], [ 168120.706384497520048, 4659771.2282276134938 ], [ 167973.125821378547698, 4659360.122952121309936 ], [ 167817.017406700295396, 4659378.003085033968091 ], [ 167805.590113725455012, 4659499.232787979766726 ], [ 167714.148848264419939, 4659557.443790891207755 ], [ 167465.183505805267487, 4659405.281425124965608 ], [ 167324.808766253467184, 4659542.985126079060137 ], [ 167381.681484331435058, 4659374.353910460136831 ], [ 167265.242466192983557, 4659234.276101659983397 ], [ 167502.561352615361102, 4659236.619917280040681 ], [ 167569.780164162977599, 4659012.568390253931284 ], [ 167729.404973984172102, 4658963.15097026899457 ], [ 167812.975442552648019, 4658754.072513533756137 ], [ 167749.440909195400309, 4658716.921162392012775 ], [ 167675.420756843115669, 4658784.71341560781002 ], [ 167469.681859044125304, 4658546.304576827213168 ], [ 167571.574690142762847, 4658078.494575399905443 ], [ 167170.992061226104852, 4657936.904596431180835 ], [ 167108.703705593477935, 4657427.251361385919154 ], [ 162912.901161969115492, 4656992.317978105507791 ], [ 163377.2557877068175, 4661317.93137476965785 ], [ 161625.290160385076888, 4661433.742119843140244 ], [ 161800.589673181180842, 4663790.448951543308794 ], [ 161619.557584511116147, 4664242.696801151148975 ], [ 161467.592808486893773, 4665043.955768473446369 ] ] ] } },
{ "type": "Feature", "properties": { "drag_region": "West", "region": "West", "NAME": "Pelham", "NAMELSAD": "Pelham town" }, "geometry": { "type": "Polygon", "coordinates": [ [ [ 196587.930275612568948, 4706239.231630514375865 ], [ 205551.437844142958056, 4707354.292750045657158 ], [ 205514.230229803652037, 4707154.446087912656367 ], [ 205606.154431213857606, 4706958.361274537630379 ], [ 205783.209052241640165, 4706832.417423098348081 ], [ 205640.996755541185848, 4706524.624430400319397 ], [ 205937.914451039745472, 4706193.374332481063902 ], [ 205794.707858433015645, 4705987.170264241285622 ], [ 205910.811398549296428, 4705917.711616992019117 ], [ 206174.354499979293905, 4705384.140245542861521 ], [ 206017.744533008197322, 4705282.795794100500643 ], [ 205926.436143718485255, 4705055.174627483822405 ], [ 205950.030319424753543, 4704854.136602062731981 ], [ 206033.820606934605166, 4704807.098125430755317 ], [ 205953.865718976652715, 4704626.743155411444604 ], [ 206085.615276775963139, 4704414.851839572191238 ], [ 206023.844077344576363, 4704183.721652348525822 ], [ 206204.485861840774305, 4703994.364489460363984 ], [ 206155.551927985390648, 4703764.615344644524157 ], [ 206292.228476141928695, 4703688.900962209329009 ], [ 206333.570193091582041, 4703560.684788454324007 ], [ 206049.89821100741392, 4703364.711259164847434 ], [ 206168.541110129852314, 4703077.263869356364012 ], [ 206313.57799012970645, 4703008.227176944725215 ], [ 206086.806422772468068, 4702950.033192643895745 ], [ 206066.779557183384895, 4702692.443305783905089 ], [ 206154.368857633904554, 4702547.043485125526786 ], [ 206235.90289250947535, 4702660.824469743296504 ], [ 206290.186069874966051, 4702623.859249003231525 ], [ 206251.591034295444842, 4702078.479247967712581 ], [ 206345.361802735715173, 4701897.245167769491673 ], [ 206502.133801176736597, 4701798.942131004296243 ], [ 206495.700946199533064, 4701528.023540991358459 ], [ 206671.121783309790771, 4701329.549978135153651 ], [ 206848.090524154540617, 4701261.823669971898198 ], [ 206762.783898221387062, 4701098.577148667536676 ], [ 206674.155815272650216, 4701110.089612618088722 ], [ 206597.236431887024082, 4701015.140322146005929 ], [ 206746.049870709190145, 4700508.288675487972796 ], [ 206585.910395947576035, 4700063.371067000553012 ], [ 206726.319228193024173, 4699908.887304754927754 ], [ 206661.751816785370465, 4699702.9998570503667 ], [ 206771.743770232016686, 4699503.004927802830935 ], [ 206515.079431620775722, 4699396.695478462614119 ], [ 206618.201770505751483, 4699367.258516881614923 ], [ 206553.022270338959061, 4699277.516856407746673 ], [ 206629.498473372659646, 4699202.196023511700332 ], [ 206548.427222966158297, 4699121.646939684636891 ], [ 206585.370953584846575, 4699002.17455727327615 ], [ 206493.42786884988891, 4698993.129775810055435 ], [ 206729.57592801033752, 4698677.922220358625054 ], [ 206851.817375048063695, 4698664.307206187397242 ], [ 206747.247581314237323, 4698578.009921789169312 ], [ 206821.168039001058787, 4698533.825286702252924 ], [ 206814.591331889678258, 4698390.269081286154687 ], [ 204756.921095166006126, 4698464.710098526440561 ], [ 203652.018947725649923, 4698362.152730956673622 ], [ 203666.629267404612619, 4698236.212019738741219 ], [ 202671.460681105905678, 4698083.37258583959192 ], [ 202444.516050170641392, 4700575.743902442976832 ], [ 197233.091168764862232, 4699974.380458535626531 ], [ 196587.930275612568948, 4706239.231630514375865 ] ] ] } },
{ "type": "Feature", "properties": { "drag_region": "Central", "region": "Central", "NAME": "Wellesley", "NAMELSAD": "Wellesley town" }, "geometry": { "type": "MultiPolygon", "coordinates": [ [ [ [ 323940.492437887238339, 4688543.221067922189832 ], [ 324135.19227547000628, 4688760.544720582664013 ], [ 324296.12054435769096, 4688769.53817383851856 ], [ 323950.042356343008578, 4688459.842500844039023 ], [ 323940.492437887238339, 4688543.221067922189832 ] ] ], [ [ [ 321607.289606559439562, 4693343.961732350289822 ], [ 326579.893546582432464, 4694886.931000014767051 ], [ 326895.971781485946849, 4694801.27138461638242 ], [ 327102.931833255221136, 4694643.07800985686481 ], [ 327432.079111790051684, 4694707.332383346743882 ], [ 327569.638569229166023, 4694462.767251706682146 ], [ 327812.900530788931064, 4694525.20879374537617 ], [ 327978.459210968343541, 4694701.948916243389249 ], [ 328482.976145526045002, 4694051.435656625777483 ], [ 328954.347149856737815, 4694023.666335402987897 ], [ 329129.992217151913792, 4694120.715846369042993 ], [ 329756.940750170266256, 4693997.788959616795182 ], [ 329981.186250032507814, 4693788.006404141895473 ], [ 330040.538905968889594, 4693440.760044107213616 ], [ 330037.863342525321059, 4693385.826142648234963 ], [ 329887.574108001426794, 4693507.438585520721972 ], [ 329590.163618493941613, 4693493.793596210889518 ], [ 324364.621247676899657, 4688830.809460962191224 ], [ 324256.090278414310887, 4688974.418355067260563 ], [ 324078.861931571736932, 4688972.866941473446786 ], [ 323974.784131966531277, 4689058.020422470755875 ], [ 324167.894178010872565, 4689709.214438024908304 ], [ 323942.893081844667904, 4689936.205879715271294 ], [ 323572.953107801615261, 4689441.820059115067124 ], [ 323182.223041986697353, 4689232.493983020074666 ], [ 323234.585252039483748, 4688600.997549245133996 ], [ 322061.804864778532647, 4691600.624016296118498 ], [ 321607.289606559439562, 4693343.961732350289822 ] ] ] ] } },
{ "type": "Feature", "properties": { "drag_region": "West", "region": "West", "NAME": "Webster", "NAMELSAD": "Webster town" }, "geometry": { "type": "Polygon", "coordinates": [ [ [ 251755.70358447387116, 4657159.436103937216103 ], [ 252043.301359131088248, 4658281.665006814524531 ], [ 251959.224335070961388, 4658422.356790941208601 ], [ 251964.927005522418767, 4658777.578570326790214 ], [ 252019.539996607112698, 4658844.104071281850338 ], [ 252256.595176895847544, 4658799.970667758956552 ], [ 252547.649684703268576, 4658895.212036450393498 ], [ 252617.816599855781533, 4659583.32818353548646 ], [ 252422.95466093570576, 4659693.731270167976618 ], [ 252490.22547929227585, 4659858.33012486435473 ], [ 252450.795351738663157, 4660064.770239475183189 ], [ 252666.89497506810585, 4660255.479955369606614 ], [ 252740.068441889772657, 4660504.593693197704852 ], [ 252554.612013515812578, 4661593.094815738499165 ], [ 256872.766851035092259, 4663325.808523445390165 ], [ 258730.800158274447313, 4655569.519682815298438 ], [ 252159.958567609864986, 4655881.220648181624711 ], [ 251918.4814217442472, 4656322.712126047350466 ], [ 251897.215531763533363, 4656760.665186290629208 ], [ 251755.70358447387116, 4657159.436103937216103 ] ] ] } },
{ "type": "Feature", "properties": { "drag_region": "West", "region": "West", "NAME": "West Boylston", "NAMELSAD": "West Boylston town" }, "geometry": { "type": "Polygon", "coordinates": [ [ [ 259394.553172219690168, 4703533.688607694581151 ], [ 262420.340693977777846, 4702789.70813974365592 ], [ 263151.238654629793018, 4702924.72804235201329 ], [ 264338.834051786805503, 4702881.306000807322562 ], [ 266071.946039024041966, 4701980.934590990655124 ], [ 266050.462297996040434, 4701323.204185132868588 ], [ 265058.581501575070433, 4700941.875766375102103 ], [ 264528.067026214790531, 4699581.869183460250497 ], [ 264100.173028445104137, 4696644.674421757459641 ], [ 263929.220627309172414, 4693172.551711748354137 ], [ 263703.127469690516591, 4693214.921517634764314 ], [ 263693.388276034966111, 4693017.031555253081024 ], [ 263607.997298827394843, 4692999.467299152165651 ], [ 262728.360961843514815, 4694996.016476339660585 ], [ 262264.037586743244901, 4696370.229486750438809 ], [ 260897.691187617630931, 4695321.02477668132633 ], [ 259394.553172219690168, 4703533.688607694581151 ] ] ] } },
{ "type": "Feature", "properties": { "drag_region": "West", "region": "West", "NAME": "Millville", "NAMELSAD": "Millville town" }, "geometry": { "type": "Polygon", "coordinates": [ [ [ 280880.077960456197616, 4658686.331195717677474 ], [ 283200.916875983413775, 4658656.447437445633113 ], [ 283056.03474722255487, 4653128.188120630569756 ], [ 280782.079567216220312, 4653126.679972197860479 ], [ 280880.077960456197616, 4658686.331195717677474 ] ] ] } },
{ "type": "Feature", "properties": { "drag_region": "West", "region": "West", "NAME": "Barre", "NAMELSAD": "Barre town" }, "geometry": { "type": "Polygon", "coordinates": [ [ [ 223264.68162357257097, 4707000.117776898667216 ], [ 232213.968705202220008, 4714100.905504041351378 ], [ 239550.687203603360103, 4706776.463316728360951 ], [ 230641.761831106909085, 4699913.645275683142245 ], [ 223264.68162357257097, 4707000.117776898667216 ] ] ] } },
{ "type": "Feature", "properties": { "drag_region": "West", "region": "West", "NAME": "Hopedale", "NAMELSAD": "Hopedale town" }, "geometry": { "type": "Polygon", "coordinates": [ [ [ 283465.712261599546764, 4668982.867865053936839 ], [ 283513.048644750728272, 4670034.862771635875106 ], [ 284397.920737708511297, 4670727.345108567737043 ], [ 284394.909918226127047, 4670417.679592788219452 ], [ 284295.061250701372046, 4670411.119189198128879 ], [ 284194.133199268777389, 4670186.974068278446794 ], [ 286217.918014211056288, 4668416.892599538899958 ], [ 287732.72745431039948, 4666835.507244819775224 ], [ 288508.402799650270026, 4666782.874057278037071 ], [ 288724.426452404761221, 4666484.233639727346599 ], [ 288808.306195057055447, 4666198.925397760234773 ], [ 289167.048086949624121, 4666042.592382939532399 ], [ 289185.517429187369999, 4665585.610768177546561 ], [ 289253.815312317281496, 4665513.149502808228135 ], [ 289023.232249899709132, 4665252.064655729569495 ], [ 289209.988067640340887, 4664963.193240677937865 ], [ 289152.025392836076207, 4664803.853303555399179 ], [ 289281.356900607526768, 4664489.327558860182762 ], [ 288617.251047335274052, 4664387.212710820138454 ], [ 287821.095454344816972, 4664079.665325640700758 ], [ 287476.565768654167186, 4664145.397274304181337 ], [ 287229.478941704903264, 4664298.621473150327802 ], [ 286838.264446275949012, 4664618.051982954144478 ], [ 285846.270605121389963, 4666250.592922426760197 ], [ 285619.503578990872484, 4666493.411458427086473 ], [ 285181.066251470765565, 4666743.33609217312187 ], [ 284878.921740073070396, 4667313.856886378489435 ], [ 284706.902877771819476, 4667418.366786376573145 ], [ 284308.175841440737713, 4667921.790580788627267 ], [ 283652.80555153923342, 4669007.240956639871001 ], [ 283465.712261599546764, 4668982.867865053936839 ] ] ] } },
{ "type": "Feature", "properties": { "drag_region": "West", "region": "West", "NAME": "Lancaster", "NAMELSAD": "Lancaster town" }, "geometry": { "type": "Polygon", "coordinates": [ [ [ 269288.378961971437093, 4713066.580170525237918 ], [ 270401.752898055652622, 4717904.586721551604569 ], [ 270767.979979794414248, 4718154.975730953738093 ], [ 271646.119861590617802, 4719523.787053325213492 ], [ 277062.698326710669789, 4718255.840817774645984 ], [ 277036.909118687035516, 4718153.712053595110774 ], [ 277202.466724353900645, 4718038.739184956997633 ], [ 277371.777641310996842, 4717700.34072111453861 ], [ 277509.614979050180409, 4717674.606771440245211 ], [ 277511.183400824782439, 4717523.830196974799037 ], [ 277328.440349533397239, 4717395.895835245028138 ], [ 277548.223231414565817, 4717331.602924511767924 ], [ 277530.422818746243138, 4717089.279240539297462 ], [ 277724.258143567305524, 4716964.884648953564465 ], [ 277666.16403345571598, 4716756.93508331105113 ], [ 277524.578247390512843, 4716824.131023105233908 ], [ 277448.060583691520151, 4716653.436149335466325 ], [ 277347.365615733084269, 4716657.674570612609386 ], [ 277381.752652244118508, 4716501.766033071093261 ], [ 277130.015598998172209, 4716057.514882097952068 ], [ 277182.64921349537326, 4715866.802136070095003 ], [ 277369.251417233317625, 4715860.783489511348307 ], [ 277781.819077097519767, 4715542.419227599166334 ], [ 277736.017190576530993, 4715152.682280980050564 ], [ 277617.713177044468466, 4714990.282991503365338 ], [ 277505.342082048708107, 4714316.496607940644026 ], [ 277352.292761519260239, 4714180.299574623815715 ], [ 277279.422749698336702, 4713958.360300439409912 ], [ 277121.37248385528801, 4714053.527121800929308 ], [ 277071.898969443456735, 4714007.600685140118003 ], [ 277237.453751343593467, 4713799.043194090016186 ], [ 277215.300491740868893, 4713660.564021004363894 ], [ 277065.80600706639234, 4713681.769611827097833 ], [ 276994.519546459021512, 4713360.298780847340822 ], [ 277080.120845013705548, 4713048.73698256444186 ], [ 276906.317005110729951, 4713021.56933706253767 ], [ 276369.93249306170037, 4713328.605929269455373 ], [ 275024.453252420469653, 4707974.419120167382061 ], [ 272457.507958364963997, 4708698.538917042315006 ], [ 269881.381543148017954, 4705832.159460098482668 ], [ 270078.390241423447151, 4712846.221485197544098 ], [ 269288.378961971437093, 4713066.580170525237918 ] ] ] } },
{ "type": "Feature", "properties": { "drag_region": "West", "region": "West", "NAME": "Harvard", "NAMELSAD": "Harvard town" }, "geometry": { "type": "Polygon", "coordinates": [ [ [ 278451.531673799676355, 4719492.623866613022983 ], [ 278693.501627730613109, 4719767.871868889778852 ], [ 278755.554414032259956, 4720488.461797647178173 ], [ 278938.219876286573708, 4720602.605765216052532 ], [ 279107.05921903665876, 4721009.9710478708148 ], [ 279395.233642512350343, 4721364.83602321986109 ], [ 280108.999221428355668, 4721836.025526715442538 ], [ 281076.054865403217264, 4721014.5224355654791 ], [ 281532.172734868421685, 4720980.92680361494422 ], [ 282153.46993936720537, 4720758.672098318114877 ], [ 282446.681961333903018, 4720875.07502518966794 ], [ 283356.742435594787821, 4721510.089002361521125 ], [ 286740.002556757070124, 4720581.195426897145808 ], [ 287272.649965889228042, 4718044.635170390829444 ], [ 287397.132549496367574, 4717984.12046003062278 ], [ 284736.90012630057754, 4713007.751996476203203 ], [ 286105.894390341534745, 4712088.704531637020409 ], [ 285589.075773933494929, 4709976.407009749673307 ], [ 278545.270478238991927, 4713479.911935589276254 ], [ 278723.484025231620762, 4713513.945416742935777 ], [ 278634.057198249618523, 4713797.725910191424191 ], [ 278698.850221633561887, 4714119.398507942445576 ], [ 278869.048497633251827, 4714147.570073502138257 ], [ 278850.092423922556918, 4714361.133127178065479 ], [ 278710.852442571718711, 4714465.943283666856587 ], [ 278760.325956983549986, 4714511.869720327667892 ], [ 278918.376222826598678, 4714416.702898966148496 ], [ 278991.246234647522215, 4714638.642173150554299 ], [ 279148.563881491601933, 4714782.487717863172293 ], [ 279248.196580305986572, 4715416.875396291725338 ], [ 279363.791131696139928, 4715568.798777456395328 ], [ 279443.488722077629063, 4715921.582179225981236 ], [ 279031.045415845117532, 4716305.078225621022284 ], [ 278806.278066471335478, 4716340.182449210435152 ], [ 278769.297012329392601, 4716526.407139267772436 ], [ 279020.706125372380484, 4716960.108631597831845 ], [ 278986.319088861346245, 4717116.01716913934797 ], [ 279087.014056819782127, 4717111.778747862204909 ], [ 279163.531720518774819, 4717282.473621631972492 ], [ 279305.117506583977956, 4717215.277681837789714 ], [ 279366.588370894140098, 4717449.911108380183578 ], [ 279169.376291874505114, 4717547.621839066036046 ], [ 279187.176704542827792, 4717789.945523038506508 ], [ 278967.393822661659215, 4717854.238433771766722 ], [ 279135.635657322884072, 4717960.058281674981117 ], [ 279153.447341592574958, 4718123.238459518179297 ], [ 279010.731114439258818, 4718158.683319641277194 ], [ 278841.420197482162621, 4718497.081783483736217 ], [ 278675.862591815297492, 4718612.054652121849358 ], [ 278697.000141376804095, 4718770.795860134996474 ], [ 278479.270017543167342, 4719200.749913478270173 ], [ 278451.531673799676355, 4719492.623866613022983 ] ] ] } },
{ "type": "Feature", "properties": { "drag_region": "West", "region": "West", "NAME": "Gardner", "NAMELSAD": "Gardner city" }, "geometry": { "type": "Polygon", "coordinates": [ [ [ 239109.679264724283712, 4729715.033120730891824 ], [ 240033.472951602423564, 4730455.305530807003379 ], [ 244133.86803671301459, 4732661.827713231556118 ], [ 244122.213058171299053, 4732410.944755203090608 ], [ 244958.158371783909388, 4732354.554869805462658 ], [ 246486.749545573780779, 4730383.782866097055376 ], [ 246843.426826831011567, 4730418.576100487262011 ], [ 246981.999607194651617, 4730122.537071024999022 ], [ 246863.413916544319363, 4730068.857585279271007 ], [ 247083.370382567576598, 4729501.239608348347247 ], [ 246935.660211981390603, 4729415.884456063620746 ], [ 247299.393108160526026, 4728647.349536841735244 ], [ 248786.618728072207887, 4729385.020050740800798 ], [ 249132.051778845227091, 4728639.911765138618648 ], [ 246673.692669938929612, 4724822.177245981991291 ], [ 245636.623787704476854, 4723648.802375677973032 ], [ 245995.830598801403539, 4723296.777627600356936 ], [ 244878.928487520228373, 4722200.891005122102797 ], [ 244631.555926807865035, 4722181.448650842532516 ], [ 244275.472316632978618, 4721792.797877152450383 ], [ 240511.407133871951373, 4725365.636206263676286 ], [ 241516.031687860348029, 4725852.60924204159528 ], [ 241394.178896077879472, 4726072.668811032548547 ], [ 241159.122883404226741, 4726206.368815504945815 ], [ 241364.85922896003467, 4726338.356723825447261 ], [ 241456.427746144821867, 4726511.668837568722665 ], [ 241312.555455972236814, 4726807.46128898113966 ], [ 241227.946240719174966, 4726840.724747172556818 ], [ 240815.659105628321413, 4726498.40069636143744 ], [ 240576.75947041483596, 4726478.031740177422762 ], [ 240518.494586702465313, 4726553.95003876183182 ], [ 240239.833857207180699, 4726573.044494705274701 ], [ 240225.046626765397377, 4726788.849466469138861 ], [ 240077.820889607537538, 4726835.935275484807789 ], [ 240184.072630544105778, 4727055.853572258725762 ], [ 239970.936164953571279, 4727237.850398638285697 ], [ 239882.111238487705123, 4727263.276196866296232 ], [ 239806.473625970276771, 4727053.938767372630537 ], [ 239664.588258293457329, 4726933.713731090538204 ], [ 239682.070765095122624, 4727081.867099376395345 ], [ 239474.672958791576093, 4727112.223890299908817 ], [ 239344.94929538841825, 4727248.099648064002395 ], [ 239399.183092305116588, 4727590.860711927525699 ], [ 239339.306357892346568, 4727705.878946555778384 ], [ 239636.059777328191558, 4727981.211310287006199 ], [ 239367.987221383693395, 4728311.428582364693284 ], [ 239411.086436496378155, 4728600.548339043743908 ], [ 239896.795794648147421, 4728792.03619443718344 ], [ 239109.679264724283712, 4729715.033120730891824 ] ] ] } },
{ "type": "Feature", "properties": { "drag_region": "West", "region": "West", "NAME": "Phillipston", "NAMELSAD": "Phillipston town" }, "geometry": { "type": "Polygon", "coordinates": [ [ [ 225284.577148273296189, 4723745.990695811808109 ], [ 226277.433819235971896, 4728102.63657567743212 ], [ 226910.411643944302341, 4727523.069132927805185 ], [ 227291.981535005208571, 4727951.73985833581537 ], [ 227103.291650757892057, 4728120.38780615106225 ], [ 227831.325159901636653, 4729110.410666328854859 ], [ 227784.662878743634792, 4729187.553119328804314 ], [ 227683.020792574097868, 4729112.501657801680267 ], [ 227493.706529494840652, 4729303.295353244058788 ], [ 227293.34329050857923, 4729000.845765638165176 ], [ 226948.91094285226427, 4729220.03584816493094 ], [ 226702.140842212364078, 4728879.303752965293825 ], [ 227855.737989444372943, 4731176.333792560733855 ], [ 228111.780717533518327, 4731394.865100441500545 ], [ 228156.22523293379345, 4731808.908592810854316 ], [ 229440.40929812239483, 4731767.886149676516652 ], [ 229577.165129476721631, 4731617.794042835012078 ], [ 229591.031515178852715, 4731447.02016762457788 ], [ 229678.85309515814879, 4731376.814721344038844 ], [ 229625.282100488548167, 4731234.565652107819915 ], [ 229753.0288957778248, 4731151.203492906875908 ], [ 229762.796778751420788, 4731009.274062538519502 ], [ 229954.332154745876323, 4730931.558181222528219 ], [ 229967.412181359279202, 4730732.568647049367428 ], [ 230051.012038626446156, 4730718.796220789663494 ], [ 230194.335028052853886, 4730441.144214920699596 ], [ 230497.48912186754751, 4730373.660647127777338 ], [ 230540.691537843580591, 4730264.638408144935966 ], [ 230658.584973127464764, 4726668.778961710631847 ], [ 230207.360445262485882, 4726334.588674728758633 ], [ 232634.848061781900469, 4721821.442702940665185 ], [ 232976.353949435258983, 4720527.149232520721853 ], [ 232841.371728683938272, 4720238.727861289866269 ], [ 232948.81875185543322, 4720158.076940230093896 ], [ 232851.988791265146574, 4719939.209100427106023 ], [ 232927.735417118616169, 4719873.393308972008526 ], [ 232907.617182951042196, 4719754.920039372518659 ], [ 233114.802742710977327, 4719605.02471798658371 ], [ 233369.651314306334825, 4719186.963939974084496 ], [ 233480.660839698539348, 4718794.499474301934242 ], [ 233364.111714572703931, 4718395.531308331526816 ], [ 233512.179275178321404, 4718258.925086557865143 ], [ 233538.208070988766849, 4717873.004030830226839 ], [ 233724.653995615954045, 4717750.464150073006749 ], [ 233594.504332771291956, 4717710.494791002012789 ], [ 233570.284577716956846, 4717352.312019866891205 ], [ 231968.346651668834966, 4716082.906963285058737 ], [ 225284.577148273296189, 4723745.990695811808109 ] ] ] } },
{ "type": "Feature", "properties": { "drag_region": "West", "region": "West", "NAME": "Petersham", "NAMELSAD": "Petersham town" }, "geometry": { "type": "Polygon", "coordinates": [ [ [ 212493.543736310617533, 4702580.929300197400153 ], [ 212608.746466713491827, 4702760.171673199161887 ], [ 212900.386060635908507, 4702840.997927727177739 ], [ 212843.580426794884261, 4703004.262799718417227 ], [ 212734.145239896781277, 4702997.965548461303115 ], [ 212836.561651345517021, 4703312.733481276780367 ], [ 212705.332759804208763, 4703415.617909299209714 ], [ 212829.272788875736296, 4703571.943434478715062 ], [ 212759.979377208626829, 4703571.310200792737305 ], [ 212663.909497843764257, 4703926.189354640431702 ], [ 212783.596158708794974, 4703982.134405098855495 ], [ 212721.163035046309233, 4704074.772446322254837 ], [ 212810.250071052578278, 4704077.746760264970362 ], [ 212977.285560944292229, 4704354.180918755941093 ], [ 212915.135671435156837, 4704439.243196652270854 ], [ 213023.851037768472452, 4704425.549397382885218 ], [ 212968.785985450202134, 4704495.653603789396584 ], [ 213050.487683859886602, 4704520.829333066940308 ], [ 212775.565281879273243, 4704773.574441059492528 ], [ 212775.449657362129074, 4704852.991992103867233 ], [ 212871.363655395107344, 4704802.980244955979288 ], [ 212850.554173079959583, 4704922.57802376896143 ], [ 212701.394451975007541, 4705008.814419310539961 ], [ 212798.131998223892879, 4705127.827873720787466 ], [ 212605.987271332822274, 4705333.418794380500913 ], [ 212727.953278307104483, 4705414.519607211463153 ], [ 212652.250864772300702, 4705462.521274311468005 ], [ 212804.545123779447749, 4705554.005856899544597 ], [ 212684.880648667109199, 4705810.376060828566551 ], [ 212820.338489726709668, 4705943.781704235821962 ], [ 212783.505353075510357, 4706125.734708182513714 ], [ 212867.862084988446441, 4706137.011511504650116 ], [ 212849.745902993134223, 4706276.858630673028529 ], [ 212912.364118833385874, 4706318.347354837693274 ], [ 212830.817058128479403, 4706649.19382263161242 ], [ 213131.45878378622001, 4706821.201027417555451 ], [ 213146.14703336043749, 4706889.252519176341593 ], [ 213073.577527361689135, 4706900.981288846582174 ], [ 213148.036374020273797, 4707132.089284379035234 ], [ 213267.814378335257061, 4707177.023341681808233 ], [ 213210.242665670346469, 4707230.87569201271981 ], [ 213273.82325887324987, 4707525.583264266140759 ], [ 213397.088908828620333, 4707575.610380258411169 ], [ 213342.143873303837609, 4707681.967804267071187 ], [ 213469.537846481311135, 4707738.61955277249217 ], [ 213501.69163758243667, 4708134.430835443548858 ], [ 213852.21440260077361, 4708169.384046200662851 ], [ 213961.904188456130214, 4708374.991590153425932 ], [ 213839.576686244748998, 4708611.094038399867713 ], [ 214010.738476498285308, 4708617.779986096546054 ], [ 214009.005677448294591, 4708721.506251881830394 ], [ 214269.742923024343327, 4708813.246425412595272 ], [ 214228.37404748814879, 4708868.240874821320176 ], [ 214571.212549546966329, 4709186.027402555570006 ], [ 214725.264428303518798, 4709210.855644503608346 ], [ 214806.342274437425658, 4709531.585330361500382 ], [ 214752.269082950486336, 4709645.572044891305268 ], [ 214886.027155503514223, 4709553.185086996294558 ], [ 215017.094964293588419, 4709803.576594168320298 ], [ 214867.439667659287807, 4710025.483312146738172 ], [ 215139.125878735620063, 4709984.695959313772619 ], [ 215139.242560441256501, 4710119.490967475809157 ], [ 215486.682037273945753, 4710409.775814934633672 ], [ 214991.534381615696475, 4714692.749719018116593 ], [ 223083.844069342827424, 4722100.741735487245023 ], [ 223972.003918358881492, 4722227.403040767647326 ], [ 230655.773421754420269, 4714564.319308240897954 ], [ 221812.896542794711422, 4707553.159262942150235 ], [ 220577.404074739897624, 4705132.573609220795333 ], [ 219724.624913245905191, 4705693.673232146538794 ], [ 219599.006964646105189, 4705548.649134915322065 ], [ 219417.21180742548313, 4705543.338152546435595 ], [ 219145.165433481277432, 4705382.658543454483151 ], [ 218902.03417394333519, 4704990.670813808217645 ], [ 218997.110375996853691, 4704658.516175259836018 ], [ 218633.548059684573673, 4704384.457234935835004 ], [ 218464.718911513860803, 4704410.814326871186495 ], [ 217347.955757746996824, 4705034.909068698994815 ], [ 216828.017707802180666, 4704288.931290889158845 ], [ 216679.178568560397252, 4704367.725072355940938 ], [ 216485.127565423608758, 4704711.181311540305614 ], [ 216142.805271209392231, 4704653.078584854491055 ], [ 216004.001075635838788, 4704089.549239705316722 ], [ 215613.179931911989115, 4703841.932473479770124 ], [ 215486.894263250054792, 4703524.83164884056896 ], [ 215331.745959873544052, 4703414.936441900208592 ], [ 215505.996443453652319, 4703003.145392793230712 ], [ 215379.291867338761222, 4702775.92627891805023 ], [ 215289.846624851343222, 4702712.762500261887908 ], [ 215126.069721068895888, 4702789.718098108656704 ], [ 215106.649558915232774, 4702876.107872458174825 ], [ 215047.552878849150147, 4702851.367448268458247 ], [ 215052.606810609227978, 4701551.132272640243173 ], [ 214964.689474941522349, 4701493.806746162474155 ], [ 215013.525135658448562, 4701336.100267319940031 ], [ 214905.191430630569812, 4701181.803233182057738 ], [ 215065.482918593566865, 4701067.054856359027326 ], [ 214777.451747220125981, 4700892.793566517531872 ], [ 214867.656475243449677, 4700610.254935047589242 ], [ 214525.039845240069553, 4700539.545806417241693 ], [ 214485.229146959376521, 4700423.306404804810882 ], [ 214384.370185940933879, 4700513.631451425142586 ], [ 213984.320123394601978, 4700255.76580404676497 ], [ 213616.353393423836678, 4700166.174018181860447 ], [ 213359.216183619573712, 4699856.966023695655167 ], [ 213281.081383090582676, 4699820.855214661918581 ], [ 213308.257257777906489, 4699887.420457138679922 ], [ 213173.167218569200486, 4699918.479491019621491 ], [ 213130.748215928382706, 4699723.157768048346043 ], [ 212965.28698926337529, 4699709.579495837911963 ], [ 212969.934918933024164, 4699797.152120037004352 ], [ 212913.888011698902119, 4699673.65480037778616 ], [ 212681.781907295749988, 4699576.037467354908586 ], [ 212511.500684588565491, 4699724.596516084857285 ], [ 212532.673786017810926, 4700197.576209884136915 ], [ 212718.731813668448012, 4700631.75989303085953 ], [ 212599.28909835126251, 4700883.775731476023793 ], [ 212659.773818210524041, 4701011.101403285749257 ], [ 212613.000349334382918, 4701245.824951144866645 ], [ 212672.650727376225404, 4701356.054887329228222 ], [ 212760.242183249385562, 4701254.207533744163811 ], [ 212792.535664811905008, 4701297.548446334898472 ], [ 212704.738444140413776, 4701753.645826107822359 ], [ 212914.055641314713284, 4701981.497407139278948 ], [ 212701.464067998866085, 4702462.592787992209196 ], [ 212493.543736310617533, 4702580.929300197400153 ] ] ] } },
{ "type": "Feature", "properties": { "drag_region": "West", "region": "West", "NAME": "Hardwick", "NAMELSAD": "Hardwick town" }, "geometry": { "type": "Polygon", "coordinates": [ [ [ 214618.959647980664158, 4699072.830296095460653 ], [ 214661.051450484985253, 4699150.055455693043768 ], [ 214816.633411119837547, 4699143.590613694861531 ], [ 214726.428683096513851, 4699426.129245164804161 ], [ 215012.254890461830655, 4699573.227173932828009 ], [ 214854.168366506957682, 4699715.138911829330027 ], [ 214962.502071534836432, 4699869.435945967212319 ], [ 214913.666410817910219, 4700027.142424809746444 ], [ 215001.583746485615848, 4700084.467951287515461 ], [ 214996.529814725538017, 4701384.703126915730536 ], [ 215055.626494791620644, 4701409.443551105447114 ], [ 215075.046656945283758, 4701323.053776755928993 ], [ 215238.823560727731092, 4701246.098178909160197 ], [ 215328.268803215149092, 4701309.261957565322518 ], [ 215454.973379330040189, 4701536.481071440503001 ], [ 215280.722895749931922, 4701948.272120547480881 ], [ 215435.871199126442662, 4702058.167327487841249 ], [ 215562.156867788376985, 4702375.268152127042413 ], [ 215952.978011512226658, 4702622.884918352589011 ], [ 216091.782207085780101, 4703186.414263501763344 ], [ 216434.104501299996627, 4703244.516990187577903 ], [ 216628.155504436785122, 4702901.060751003213227 ], [ 216776.994643678568536, 4702822.266969536431134 ], [ 217296.932693623384694, 4703568.244747346267104 ], [ 218413.695847390248673, 4702944.150005518458784 ], [ 218582.524995560961543, 4702917.792913583107293 ], [ 218946.087311873241561, 4703191.851853907108307 ], [ 218851.01110981972306, 4703524.006492455489933 ], [ 219094.142369357665302, 4703915.99422210175544 ], [ 219366.188743301871, 4704076.673831193707883 ], [ 219547.983900522493059, 4704081.984813562594354 ], [ 219673.601849122293061, 4704227.008910793811083 ], [ 220526.381010616285494, 4703665.909287868067622 ], [ 221761.873478671099292, 4706086.494941589422524 ], [ 228247.116975032142363, 4699867.541237506084144 ], [ 228183.792583478498273, 4699805.039657501503825 ], [ 228210.834287605073769, 4699614.224144090898335 ], [ 227986.259387343627168, 4699412.315309423953295 ], [ 227534.289962765062228, 4699338.001244081184268 ], [ 227314.183996108564315, 4699175.312652410008013 ], [ 227105.886914974631509, 4698707.276276878081262 ], [ 227137.070006495108828, 4698215.83279257081449 ], [ 227069.094540810125181, 4698139.722017199732363 ], [ 226811.627744939236436, 4698174.920630477368832 ], [ 226790.484020237316145, 4697781.376536804251373 ], [ 226479.679608154634479, 4697726.481438013724983 ], [ 226262.84914584091166, 4697910.431689476594329 ], [ 225813.604397869523382, 4697908.51219882350415 ], [ 225614.506342357752146, 4697718.513302273117006 ], [ 225291.542449228698388, 4697663.231547404080629 ], [ 225182.468065400142223, 4697161.415656459517777 ], [ 224842.190156002470758, 4696927.755554743111134 ], [ 224826.971879636286758, 4696764.961620841175318 ], [ 224933.659429504885338, 4696649.785943853668869 ], [ 224800.784926516353153, 4696493.706171758472919 ], [ 224498.564406439778395, 4696354.724378732033074 ], [ 224425.994924261322012, 4696165.488353304564953 ], [ 224072.814416801760672, 4695782.65763408690691 ], [ 224086.907325582986232, 4695441.619246166199446 ], [ 223677.019834209757391, 4695062.143732344731688 ], [ 223659.924576504825382, 4694770.310042137280107 ], [ 223500.124250868073432, 4694716.899050828069448 ], [ 223410.071474334137747, 4694487.177804773673415 ], [ 223145.258589832490543, 4694367.197314993478358 ], [ 222954.792195624002488, 4694105.876504300162196 ], [ 222985.626633800711716, 4693908.774816352874041 ], [ 222894.895175200974336, 4693846.67270961869508 ], [ 223042.381226858211448, 4693665.330508946441114 ], [ 222760.441953619447304, 4693485.839823996648192 ], [ 222354.151419785019243, 4693519.317918205633759 ], [ 222194.89459368106327, 4693663.863195558078587 ], [ 222275.820028756832471, 4693928.389869086444378 ], [ 222175.969615171634359, 4694039.011415319517255 ], [ 221764.300477796903579, 4694264.340971071273088 ], [ 221436.035528017237084, 4694211.867179200984538 ], [ 221149.449629867303884, 4694303.854062094353139 ], [ 221305.508970175724244, 4693703.111360252834857 ], [ 220517.322657060140045, 4692407.685106816701591 ], [ 220287.934305142989615, 4692394.00374683458358 ], [ 220349.808590027241735, 4692975.628266612999141 ], [ 220687.645224579697242, 4693288.370937745086849 ], [ 220666.13636818077066, 4693901.171599049121141 ], [ 220735.069756330660312, 4694174.479135921224952 ], [ 220851.135992421623087, 4694299.32115394808352 ], [ 216633.77405861535226, 4693564.680349118076265 ], [ 216610.904732760303887, 4693779.869439925998449 ], [ 215548.50797388193314, 4693454.245667376555502 ], [ 215222.544039410859114, 4696483.912951438687742 ], [ 215464.832757775526261, 4696509.489091850817204 ], [ 215378.726716692355694, 4697298.006550463847816 ], [ 215139.080300979345338, 4697269.664354142732918 ], [ 214972.519979128410341, 4699042.581541540101171 ], [ 214618.959647980664158, 4699072.830296095460653 ] ] ] } },
{ "type": "Feature", "properties": { "drag_region": "West", "region": "West", "NAME": "Milford", "NAMELSAD": "Milford town" }, "geometry": { "type": "Polygon", "coordinates": [ [ [ 284388.082843700191006, 4672091.109789269976318 ], [ 284529.182046735135373, 4672381.288144299760461 ], [ 284777.047879347926937, 4672292.599027907475829 ], [ 284751.528303715633228, 4672395.505619896575809 ], [ 284662.169279078487307, 4672371.402854406274855 ], [ 284721.103278880007565, 4672475.441828167065978 ], [ 284507.446937777800485, 4672841.075383550487459 ], [ 284643.232572274515405, 4673142.084593675099313 ], [ 284633.029657637642231, 4673575.739979477599263 ], [ 284896.850793211546261, 4673593.159322160296142 ], [ 285130.089006780879572, 4673409.446884175762534 ], [ 285317.82036274287384, 4673513.965306066907942 ], [ 285413.001836045528762, 4673418.311359327286482 ], [ 285463.569552184198983, 4673679.872886192984879 ], [ 285320.72992326610256, 4673911.992238196544349 ], [ 285164.579566245083697, 4673992.025709896348417 ], [ 286529.735308990231715, 4674754.907350143417716 ], [ 289219.509895641473122, 4674585.614539241418242 ], [ 289580.0744191762642, 4674851.646557736210525 ], [ 289932.877039719023742, 4672088.073991619050503 ], [ 291528.953465299447998, 4671955.727172321639955 ], [ 291376.806227116030641, 4668126.73562014196068 ], [ 290395.524793154676445, 4667400.903156069107354 ], [ 289438.571630272956099, 4666549.452519815415144 ], [ 289422.274032685963903, 4666634.283192780800164 ], [ 289063.532140793395229, 4666790.616207601502538 ], [ 288979.652398141101003, 4667075.924449568614364 ], [ 288763.628745386609808, 4667374.564867119304836 ], [ 287987.953400046739262, 4667427.198054661042988 ], [ 286473.14395994739607, 4669008.583409380167723 ], [ 284449.359145005117171, 4670778.664878119714558 ], [ 284550.287196437711827, 4671002.809999039396644 ], [ 284650.135863962466829, 4671009.370402629487216 ], [ 284664.694538465118967, 4671257.449391771107912 ], [ 284450.369973297114484, 4671588.424900816753507 ], [ 284388.082843700191006, 4672091.109789269976318 ] ] ] } },
{ "type": "Feature", "properties": { "drag_region": "Northeast", "region": "Northeast", "NAME": "Hanson", "NAMELSAD": "Hanson town" }, "geometry": { "type": "Polygon", "coordinates": [ [ [ 356109.44736653403379, 4656184.394100613892078 ], [ 359236.101114136981778, 4656689.888213492929935 ], [ 359284.071704300236888, 4656556.860691407695413 ], [ 359638.427175395248923, 4656418.455202577635646 ], [ 359833.06967349362094, 4656521.511024344712496 ], [ 360036.531746159307659, 4656778.682847662828863 ], [ 360365.123979846015573, 4656616.103378220461309 ], [ 360852.118018968962133, 4656960.774874661117792 ], [ 360885.183152411249466, 4657153.685057524591684 ], [ 361017.611516610253602, 4657293.115889273583889 ], [ 361258.751690458739176, 4657230.233487416058779 ], [ 361530.159122954763006, 4657380.77269475441426 ], [ 361861.476704310742207, 4657198.763469649478793 ], [ 361665.991721459315158, 4656920.263661315664649 ], [ 361904.345328532159328, 4656543.195941937156022 ], [ 361774.045338428812101, 4655248.053402744233608 ], [ 362211.982854183879681, 4653761.155028805136681 ], [ 361972.907377785420977, 4653379.937197854742408 ], [ 362131.497481382451952, 4653251.995149858295918 ], [ 362316.362057020189241, 4653248.576637395657599 ], [ 361561.131233425810933, 4652796.273917458020151 ], [ 361597.091600966581609, 4652686.409660939127207 ], [ 361443.612110596324783, 4652395.785494142211974 ], [ 361438.731732235755771, 4652062.516828570514917 ], [ 361553.992250496288761, 4651805.748869302682579 ], [ 361930.60603771021124, 4651657.439008584246039 ], [ 361829.864110143913422, 4651497.309944279491901 ], [ 361619.536434518755414, 4651420.305453669279814 ], [ 362499.957059453648981, 4648829.718311731703579 ], [ 361185.988825270556845, 4648433.309210462495685 ], [ 360281.018895634275395, 4648501.135858941823244 ], [ 359939.097105217864737, 4649043.022016941569746 ], [ 357461.825332038570195, 4649705.32165883295238 ], [ 357243.027321705711074, 4648899.988627095706761 ], [ 357280.11657455121167, 4649358.635715262964368 ], [ 357217.960711628897116, 4649543.979479301720858 ], [ 357027.515535425278358, 4649587.976128526031971 ], [ 356109.44736653403379, 4656184.394100613892078 ] ] ] } },
{ "type": "Feature", "properties": { "drag_region": "Northeast", "region": "Northeast", "NAME": "West Bridgewater", "NAMELSAD": "West Bridgewater town" }, "geometry": { "type": "Polygon", "coordinates": [ [ [ 340677.249071072903462, 4652156.932608483359218 ], [ 344317.817399390856735, 4652668.025141292251647 ], [ 344519.910231855814345, 4651228.83810659032315 ], [ 347491.442283862154, 4651646.888109654188156 ], [ 348083.802140225074254, 4647281.192101919092238 ], [ 347095.860502760624513, 4646916.711814522743225 ], [ 346077.723867786990013, 4646289.993141130544245 ], [ 341774.071437359030824, 4644688.051025462336838 ], [ 340677.249071072903462, 4652156.932608483359218 ] ] ] } },
{ "type": "Feature", "properties": { "drag_region": "Northeast", "region": "Northeast", "NAME": "Whitman", "NAMELSAD": "Whitman town" }, "geometry": { "type": "Polygon", "coordinates": [ [ [ 349770.253221035702154, 4657296.658168952912092 ], [ 352244.269235831219703, 4658050.301708865910769 ], [ 354816.090158280800097, 4658613.065503069199622 ], [ 355896.935584731632844, 4657008.51312402356416 ], [ 355020.6569709838368, 4656863.658735067583621 ], [ 355365.826217152993195, 4654328.152582359500229 ], [ 354977.662615888635628, 4654709.651732690632343 ], [ 353641.31503927137237, 4654877.102972729131579 ], [ 351814.755191235686652, 4654320.757736862637103 ], [ 349836.226765506202355, 4655510.81066304910928 ], [ 349770.253221035702154, 4657296.658168952912092 ] ] ] } },
{ "type": "Feature", "properties": { "drag_region": "Central", "region": "Central", "NAME": "Revere", "NAMELSAD": "Revere city" }, "geometry": { "type": "Polygon", "coordinates": [ [ [ 351063.599563726747874, 4706434.18325877841562 ], [ 352165.876574344292749, 4709034.320835994556546 ], [ 351733.985811185266357, 4709762.255390446633101 ], [ 352330.473959624068812, 4710349.017315739765763 ], [ 352871.452249415626284, 4709452.429501432925463 ], [ 353067.415675897791516, 4709314.459510967135429 ], [ 352828.801802015805151, 4709184.230700355023146 ], [ 353011.392261818225961, 4709019.911224579438567 ], [ 352896.696880662755575, 4708843.970190241001546 ], [ 352945.80536613665754, 4708606.706584678031504 ], [ 353650.297104046796449, 4708372.286582359112799 ], [ 353835.484311059175525, 4708222.151153676211834 ], [ 354175.138611697766464, 4708165.160100352019072 ], [ 354645.778605631843675, 4708600.972888674587011 ], [ 355280.226503535581287, 4708188.263170603662729 ], [ 355480.500766907876823, 4708305.803204599767923 ], [ 355878.7463963519549, 4708796.491067639552057 ], [ 356189.819142742373515, 4709433.658045267686248 ], [ 356440.934631946438458, 4709616.704183791764081 ], [ 356627.863496057863813, 4709512.488910487852991 ], [ 357904.691708273487166, 4709571.793085348792374 ], [ 357685.686046332877595, 4707921.410654452629387 ], [ 356893.47121019300539, 4706051.05321685411036 ], [ 357094.777947377238888, 4705502.116414414718747 ], [ 355244.512826582300477, 4703694.740618675947189 ], [ 355117.849985118897166, 4703680.808454153127968 ], [ 355088.376055114727933, 4703536.618044363334775 ], [ 354858.871359475597274, 4703400.656401139684021 ], [ 354741.744491661607753, 4703527.053580721840262 ], [ 354756.550571376632433, 4703917.013495691120625 ], [ 354232.209860558970831, 4703949.521552158519626 ], [ 354107.523117530450691, 4704051.220665669068694 ], [ 354022.34184992936207, 4704330.426813431084156 ], [ 353885.332651389588136, 4704397.977784918621182 ], [ 353617.537018930655904, 4704387.950214484706521 ], [ 353243.478793687187135, 4704080.347577939741313 ], [ 352748.83382329106098, 4704298.700979349203408 ], [ 352805.192676187900361, 4704390.361294994130731 ], [ 352632.586246371793095, 4704484.334670865908265 ], [ 352949.821928934950847, 4704784.472098493017256 ], [ 352971.667266496981028, 4704896.838029800914228 ], [ 352678.905897675489541, 4705090.538568806834519 ], [ 352347.017068949237, 4705081.858067712746561 ], [ 352211.379837123211473, 4705195.519801813177764 ], [ 352036.968822955095675, 4705177.890866703353822 ], [ 352072.964884181390516, 4705354.915035308338702 ], [ 351598.214105787163135, 4705456.33293397910893 ], [ 351063.599563726747874, 4706434.18325877841562 ] ] ] } },
{ "type": "Feature", "properties": { "drag_region": "Northeast", "region": "Northeast", "NAME": "Middleborough", "NAMELSAD": "Middleborough town" }, "geometry": { "type": "Polygon", "coordinates": [ [ [ 348699.875676175986882, 4635594.524783794768155 ], [ 348841.940109815448523, 4635720.637148080393672 ], [ 348875.331236284924671, 4636163.684097374789417 ], [ 349407.228934819519054, 4635863.901309507898986 ], [ 349530.406485995277762, 4635866.928166056983173 ], [ 349713.920572668488603, 4636142.961010871455073 ], [ 349787.306078642082866, 4636520.980353716760874 ], [ 350408.561601020337548, 4636821.442612063139677 ], [ 350708.777463298407383, 4636697.309096795506775 ], [ 350931.970190928142983, 4636765.154437378980219 ], [ 352281.446550239052158, 4636066.761929265223444 ], [ 352919.491402367537376, 4636095.21423726528883 ], [ 353165.864882878377102, 4635894.759956932626665 ], [ 353802.954224999586586, 4636823.042628523893654 ], [ 354016.474417434714269, 4637389.557605432346463 ], [ 353978.565000589413103, 4637693.694054375402629 ], [ 354067.515324077510741, 4638169.265863419510424 ], [ 354360.026911537104752, 4638755.222943067550659 ], [ 354647.919780779164284, 4638920.925084618851542 ], [ 355107.412719999847468, 4638783.05942945368588 ], [ 355359.091621489322279, 4639224.218871903605759 ], [ 355444.198109849647153, 4639107.554438241757452 ], [ 355908.154278548900038, 4638987.637255830690265 ], [ 355955.766114875965286, 4639040.45230424311012 ], [ 355841.017478523252066, 4639092.562726206146181 ], [ 355899.696758691978175, 4639199.119857921265066 ], [ 356259.021010903001297, 4639324.851546993479133 ], [ 356203.070544465968851, 4639541.058568974025548 ], [ 356373.868417738412973, 4639567.46718942001462 ], [ 359595.331254441814963, 4637484.62567216064781 ], [ 360295.021700094803236, 4638214.898994064889848 ], [ 361528.536977918352932, 4636825.636698453687131 ], [ 363958.698239005811047, 4633541.852568696253002 ], [ 364949.323446902737487, 4629263.620563550852239 ], [ 364173.718184206285514, 4629089.338662355206907 ], [ 364377.615068602433894, 4628541.624095349572599 ], [ 364996.133766562037636, 4627815.58079322706908 ], [ 365204.987723308906425, 4627689.566234529018402 ], [ 365355.051939510682132, 4627694.198124965652823 ], [ 365617.402620951237623, 4627246.830636355094612 ], [ 365553.878516510769259, 4626353.18212111108005 ], [ 365793.667048124421854, 4626015.488504128530622 ], [ 365898.768985060334671, 4626005.187323484569788 ], [ 365930.051403073885012, 4625816.47639505378902 ], [ 365851.133223665703554, 4625632.729137799702585 ], [ 366062.119722989329603, 4625453.714213151484728 ], [ 366077.686931925883982, 4625259.888775981962681 ], [ 365926.949443501362111, 4625113.737417601980269 ], [ 365982.991705683234613, 4624928.954457721672952 ], [ 366173.580293920182157, 4624870.335271424613893 ], [ 366144.941242881177459, 4624767.515892814844847 ], [ 366209.779093511926476, 4624797.491466859355569 ], [ 366324.218545194540638, 4624620.050519520416856 ], [ 366401.904455495474394, 4624692.637565985321999 ], [ 366508.213508457120042, 4624595.457089744508266 ], [ 366674.528921617311426, 4624639.659889397211373 ], [ 366763.56321933172876, 4624378.111044880002737 ], [ 367020.692592814913951, 4624442.878946903161705 ], [ 367112.177958662156016, 4624359.455248008482158 ], [ 367362.958060219709296, 4624362.273538442328572 ], [ 368061.383237788919359, 4621922.394115950912237 ], [ 356956.98487524461234, 4620439.976487624458969 ], [ 356820.970232870371547, 4622726.577317516319454 ], [ 357283.941576527955476, 4624163.145924179814756 ], [ 355246.61083649325883, 4626879.13508877530694 ], [ 355416.54274150688434, 4627459.330131538212299 ], [ 355342.857493539981078, 4627629.386131891980767 ], [ 355469.213481115933973, 4627761.425310558639467 ], [ 355611.224004826624878, 4627720.597178883850574 ], [ 355754.712486578850076, 4627954.68226059153676 ], [ 355625.319715496501885, 4628002.558105144649744 ], [ 355616.473573546041735, 4628156.94604725856334 ], [ 355707.533260033989791, 4628192.574125469662249 ], [ 355556.107293063367251, 4628257.606038894504309 ], [ 355613.019070325011853, 4628351.98320725467056 ], [ 355506.521972314920276, 4628413.348007230088115 ], [ 355586.370946273964364, 4628467.665400457568467 ], [ 355447.649751308897976, 4628565.854145647957921 ], [ 355768.156133070995566, 4628900.52156338840723 ], [ 355635.938323844282422, 4629107.53986188955605 ], [ 355495.157707647129428, 4629165.004801056347787 ], [ 355498.966913958138321, 4629647.822233680635691 ], [ 355272.345388200657908, 4629886.840900670737028 ], [ 351653.835758306609932, 4631897.595291944220662 ], [ 351543.936837053566705, 4632234.277622221969068 ], [ 351351.908802926831413, 4632445.311627028509974 ], [ 350952.468652699899394, 4632507.2544368179515 ], [ 350592.727213710604701, 4632451.323901688680053 ], [ 350396.104818335443269, 4632760.364633189514279 ], [ 350282.153273951262236, 4632731.444423922337592 ], [ 349896.202772193588316, 4633167.300281898118556 ], [ 349645.876401680230629, 4632976.0184555221349 ], [ 349420.053583906556014, 4633093.684387820772827 ], [ 349222.898211756895762, 4633048.38261054828763 ], [ 349396.145138804626185, 4633468.627167873084545 ], [ 349328.002519249799661, 4634086.006230274215341 ], [ 349190.225381506083068, 4634184.416860275901854 ], [ 349089.393220466386992, 4634016.120971493422985 ], [ 348920.644867411523592, 4634174.137887675315142 ], [ 348912.446415603160858, 4634929.885383223183453 ], [ 349038.486023966223001, 4635072.928561002016068 ], [ 349048.059616917686071, 4635234.682066220790148 ], [ 348962.516482018341776, 4635401.761447021737695 ], [ 348699.875676175986882, 4635594.524783794768155 ] ] ] } },
{ "type": "Feature", "properties": { "drag_region": "Northeast", "region": "Northeast", "NAME": "Rochester", "NAMELSAD": "Rochester town" }, "geometry": { "type": "Polygon", "coordinates": [ [ [ 355191.414275564660784, 4618285.053218054585159 ], [ 367699.969600497512147, 4619977.728005468845367 ], [ 367590.118629337695893, 4619213.109062687493861 ], [ 367180.097702956933063, 4618649.636843333952129 ], [ 367103.112183287972584, 4618082.507885647006333 ], [ 367391.098524186818395, 4615647.612110148184001 ], [ 367003.447938034776598, 4614703.906371743418276 ], [ 366903.764576530375052, 4614870.253233808092773 ], [ 366343.26313927519368, 4614223.182821121066809 ], [ 366254.747493767936248, 4613441.809478400275111 ], [ 366393.025620805972721, 4613170.794917281717062 ], [ 365764.10786117479438, 4612714.016900017857552 ], [ 365702.600711287755985, 4611774.910030885599554 ], [ 365862.373715701396577, 4611536.428687912411988 ], [ 365581.445213888131548, 4611100.1925337780267 ], [ 365482.314714077918325, 4611074.9357620626688 ], [ 365200.003437381412368, 4609053.655202873051167 ], [ 361495.960361744975671, 4608602.724897861480713 ], [ 361421.257290168490727, 4608352.393698903732002 ], [ 361518.737995720352046, 4608189.128100580535829 ], [ 359690.878564138547517, 4608066.199781817384064 ], [ 358053.394184436532669, 4614774.444417502731085 ], [ 356551.595178303832654, 4614559.602868501096964 ], [ 355191.414275564660784, 4618285.053218054585159 ] ] ] } },
{ "type": "Feature", "properties": { "drag_region": "West", "region": "West", "NAME": "Berlin", "NAMELSAD": "Berlin town" }, "geometry": { "type": "Polygon", "coordinates": [ [ [ 273723.66437122784555, 4701623.81235040910542 ], [ 273928.536934842879418, 4702374.894870424643159 ], [ 274618.804695922532119, 4702180.544403025880456 ], [ 275313.239095176104456, 4704789.396248683333397 ], [ 277769.443702927732375, 4703746.350201124325395 ], [ 281831.145111901161727, 4701111.482059570029378 ], [ 279499.36979468469508, 4699300.799175946973264 ], [ 279876.519548531854525, 4698983.01230566482991 ], [ 279271.217099273344502, 4697905.185293523594737 ], [ 278037.133348452916835, 4697172.02002980094403 ], [ 277303.339654005831107, 4698076.49945367872715 ], [ 273715.351609573117457, 4698939.612482401542366 ], [ 274386.914908919017762, 4701309.579344801604748 ], [ 273723.66437122784555, 4701623.81235040910542 ] ] ] } },
{ "type": "Feature", "properties": { "drag_region": "Central", "region": "Central", "NAME": "Danvers", "NAMELSAD": "Danvers town" }, "geometry": { "type": "Polygon", "coordinates": [ [ [ 355004.051334106654394, 4726366.805371859110892 ], [ 355062.445286606729496, 4726599.417443088255823 ], [ 355476.503233507508412, 4726827.40912354644388 ], [ 355405.937946711201221, 4726899.738375750370324 ], [ 355533.201994660717901, 4726961.067532372660935 ], [ 355496.059597559447866, 4727033.274501480162144 ], [ 355582.479340864752885, 4727097.012316801585257 ], [ 355486.255379224719945, 4727105.059013380669057 ], [ 355509.559089949296322, 4727222.616671160794795 ], [ 355641.615819322993048, 4727219.281024854630232 ], [ 355581.274746435228735, 4727324.588859269395471 ], [ 355706.226537067850586, 4727347.420987878926098 ], [ 355653.625314455595799, 4727488.433600725606084 ], [ 355813.836988592345733, 4727544.102142457850277 ], [ 355756.880042224249337, 4727695.43843210209161 ], [ 355866.660868886217941, 4727820.627002091147006 ], [ 355831.14577123435447, 4727982.791061131283641 ], [ 355935.136700108938385, 4728005.231384351849556 ], [ 356102.155536060512532, 4728270.738418427295983 ], [ 356070.965014914807398, 4728379.468033955432475 ], [ 355984.558632055122871, 4728336.390714325942099 ], [ 355962.79114195908187, 4728887.329167019575834 ], [ 356105.109360070840921, 4728927.202211443334818 ], [ 356476.057418777083512, 4729267.144214265048504 ], [ 356441.989701070415322, 4729484.158224892802536 ], [ 357407.921242762298789, 4729762.321659745648503 ], [ 359047.7943415165646, 4730922.302962550893426 ], [ 360897.18943529255921, 4731759.320592695847154 ], [ 361004.42957459227182, 4731668.655112849548459 ], [ 361130.009628148924094, 4731280.925874521024525 ], [ 360744.659515578125138, 4730245.458491140976548 ], [ 361247.996979544113856, 4729417.029658818617463 ], [ 361669.157281268329825, 4729328.011366479098797 ], [ 362768.432482990145218, 4727251.742444992996752 ], [ 362712.653441081114579, 4725534.924713446758687 ], [ 362372.977263271517586, 4724332.692159868776798 ], [ 362698.157850286224857, 4724199.035748246125877 ], [ 362567.621355687151663, 4723984.219495774246752 ], [ 362724.261132574349176, 4723618.16651467513293 ], [ 361485.817362018220592, 4724010.251191125251353 ], [ 361103.519604299392086, 4724261.699950152076781 ], [ 361026.972236840403639, 4724172.338522654026747 ], [ 360319.218000981432851, 4724456.24885683786124 ], [ 360035.917806902027223, 4724296.635382783599198 ], [ 359965.301425384066533, 4724405.690802629105747 ], [ 356859.628521986363921, 4725486.868230387568474 ], [ 355004.051334106654394, 4726366.805371859110892 ] ] ] } },
{ "type": "Feature", "properties": { "drag_region": "Central", "region": "Central", "NAME": "Hamilton", "NAMELSAD": "Hamilton town" }, "geometry": { "type": "Polygon", "coordinates": [ [ [ 364037.345445369544905, 4734562.645405426621437 ], [ 364218.129646565124858, 4734770.306878352537751 ], [ 364366.212406965554692, 4734809.725292175076902 ], [ 364298.872205472551286, 4734911.910842326469719 ], [ 364440.541741357767023, 4734882.036513700149953 ], [ 364464.123377963202074, 4734956.052818488329649 ], [ 364548.860110770096071, 4734893.805718313902617 ], [ 364653.303568476287182, 4735049.876032456755638 ], [ 364706.137396913778502, 4734999.018313981592655 ], [ 364690.313478137773927, 4735104.701783856377006 ], [ 364788.595671293558553, 4734999.265599966980517 ], [ 365189.041798353311606, 4735144.772748885676265 ], [ 365374.039539731980767, 4735385.142376591451466 ], [ 365262.628689397650305, 4735414.093993646092713 ], [ 365108.47958410269348, 4735668.661117956973612 ], [ 365321.397128922864795, 4735979.949490460567176 ], [ 366035.4118160859216, 4736098.114150260575116 ], [ 366020.422295383352321, 4736581.856310370378196 ], [ 365705.956081849813927, 4737012.884210668504238 ], [ 365865.639018000219949, 4737071.0697963219136 ], [ 365593.772454495192505, 4737604.251571511849761 ], [ 365325.395148863084614, 4737526.189660835079849 ], [ 365292.360480506438762, 4738258.104041134938598 ], [ 365345.361130551435053, 4738321.126935054548085 ], [ 365677.43063345272094, 4738435.974807024002075 ], [ 365854.697651644120924, 4738340.219132653437555 ], [ 366248.929710054595489, 4738357.038457577116787 ], [ 366641.149090283957776, 4738228.936740790493786 ], [ 366869.936644079803955, 4738276.711410285905004 ], [ 366956.090105271025095, 4738194.462448596023023 ], [ 366883.306868441868573, 4738019.65639535151422 ], [ 366928.796364287729375, 4737945.092008408159018 ], [ 367446.219585951883346, 4737692.812006413936615 ], [ 367652.432591699354816, 4737827.773932966403663 ], [ 367619.879507405683398, 4737953.485771152190864 ], [ 367687.995873136911541, 4738018.634162814356387 ], [ 368027.443179669440724, 4738045.992962983436882 ], [ 368210.092398925509769, 4738258.48544673807919 ], [ 368407.451445712416898, 4738053.584794349968433 ], [ 368885.238096870481968, 4738144.590343493036926 ], [ 369047.684922404587269, 4738044.02353638689965 ], [ 368732.659682459256146, 4736799.082852626219392 ], [ 369185.101205677143298, 4736285.39926206599921 ], [ 369508.872920293593779, 4736473.606468541547656 ], [ 369805.66989187564468, 4736505.656987788155675 ], [ 370164.195855245867278, 4736867.003284364938736 ], [ 370587.959904022864066, 4736889.093930220231414 ], [ 370732.522338610084262, 4736993.269384014420211 ], [ 370868.361452765529975, 4736945.320942956022918 ], [ 371012.701299108332023, 4737054.617361471056938 ], [ 371321.265961710829288, 4736965.26742834225297 ], [ 371385.074272067751735, 4736741.910842565819621 ], [ 371370.520251339301467, 4736281.9461550693959 ], [ 371208.823422636487521, 4736193.46027279086411 ], [ 371243.08595739165321, 4736071.287240060977638 ], [ 371106.251671088277362, 4736066.699422710575163 ], [ 371212.963150492229033, 4735892.516497182659805 ], [ 371916.405903001083061, 4735389.919455708935857 ], [ 371929.134059161297046, 4735820.259280341677368 ], [ 372106.686081823543645, 4736069.844968507997692 ], [ 372120.033889055950567, 4736293.418999596498907 ], [ 372834.81573754362762, 4736077.857322260737419 ], [ 372899.046098392514978, 4734386.031112056225538 ], [ 372342.172865801374428, 4734349.544584561139345 ], [ 372338.692575957393274, 4733996.886326582171023 ], [ 373052.764998423692305, 4732386.338356024585664 ], [ 373742.897357002540957, 4731778.91817875765264 ], [ 373731.883746945066378, 4731037.701412997208536 ], [ 372602.308390964521095, 4730848.19230932649225 ], [ 367648.596934228145983, 4732788.548136411234736 ], [ 364137.559859564178623, 4734278.390800855122507 ], [ 364200.100970486761071, 4734445.627243557944894 ], [ 364037.345445369544905, 4734562.645405426621437 ] ] ] } },
{ "type": "Feature", "properties": { "drag_region": "Central", "region": "Central", "NAME": "Newbury", "NAMELSAD": "Newbury town" }, "geometry": { "type": "Polygon", "coordinates": [ [ [ 360736.022435684222728, 4753606.811867231503129 ], [ 361058.604507631680463, 4754373.393873043358326 ], [ 361384.850256068981253, 4754465.472144331783056 ], [ 361478.894699766242411, 4754394.178430079482496 ], [ 361602.298679859435651, 4754550.866584970615804 ], [ 362168.728707289614249, 4754834.963427174836397 ], [ 362957.744965750840493, 4755488.523969074711204 ], [ 364139.520136387262028, 4756041.07705887593329 ], [ 365908.996626725012902, 4757824.684493345208466 ], [ 366501.095264799660072, 4757913.87932378705591 ], [ 366784.423714606382418, 4757574.7462775465101 ], [ 367072.250268585106824, 4757449.513540940359235 ], [ 369366.640340016398113, 4758203.935551064088941 ], [ 371145.43296035710955, 4757538.016518058255315 ], [ 374061.654530845407862, 4759327.093662264756858 ], [ 374171.089788690151181, 4757239.853513138368726 ], [ 374350.195815631072037, 4756006.710776412859559 ], [ 375098.392259288637433, 4752784.472990015521646 ], [ 373492.439314149436541, 4752376.25135687366128 ], [ 372459.367269949696492, 4752580.927098250947893 ], [ 371968.855062962335069, 4752472.22465842589736 ], [ 371862.244769951503258, 4752547.530092928558588 ], [ 371801.644620772625785, 4752894.034214010462165 ], [ 371259.521155789785553, 4752524.305478136055171 ], [ 371087.22046419599792, 4752684.491580625064671 ], [ 370951.676694657711778, 4752502.799685094505548 ], [ 370639.28156906197546, 4752415.635149854235351 ], [ 370454.463584048033226, 4752631.884279846213758 ], [ 370434.272186986810993, 4752782.868985751643777 ], [ 370238.583101719443221, 4752801.379953776486218 ], [ 369916.907772117934655, 4752489.359600652940571 ], [ 369388.00708303891588, 4752369.127412586472929 ], [ 368694.943066689709667, 4752354.006846394389868 ], [ 368441.703310498909559, 4752535.942797501571476 ], [ 368235.234697907639202, 4752412.315528706647456 ], [ 368167.436209363746457, 4752246.612492749467492 ], [ 368036.67396416713018, 4752394.177243441343307 ], [ 367906.291307832405437, 4752231.313747766427696 ], [ 367772.718488539627288, 4752634.595280073583126 ], [ 367695.914467469847295, 4752663.972629072144628 ], [ 367492.118653273035306, 4752418.53788146097213 ], [ 367463.074137609102763, 4752247.309258277527988 ], [ 367097.803275300830137, 4752482.351270020008087 ], [ 366990.223202376568224, 4752417.20949328597635 ], [ 367115.81274046440376, 4752277.294703349471092 ], [ 367094.035847876395565, 4752208.008974285796285 ], [ 366772.039797364792321, 4752323.996194641105831 ], [ 366855.64506572013488, 4752042.805399540811777 ], [ 367015.038491182553116, 4752106.673548462800682 ], [ 366896.829096901637968, 4751947.554844574071467 ], [ 366781.669968249218073, 4751994.023140229284763 ], [ 366782.235198190202937, 4751887.794970056042075 ], [ 366646.850291944865603, 4751901.499059806577861 ], [ 366707.746526190137956, 4752020.569070923142135 ], [ 366576.96447399695171, 4752242.714079995639622 ], [ 366443.595412720402237, 4751846.735471450723708 ], [ 366272.201030938362237, 4751668.601362379267812 ], [ 364345.20797214115737, 4750955.824419329874218 ], [ 363664.541820292768534, 4751333.345806015655398 ], [ 362132.422822765132878, 4752438.868265341036022 ], [ 360736.022435684222728, 4753606.811867231503129 ] ] ] } },
{ "type": "Feature", "properties": { "drag_region": "Central", "region": "Central", "NAME": "Ipswich", "NAMELSAD": "Ipswich town" }, "geometry": { "type": "Polygon", "coordinates": [ [ [ 361285.707995330507401, 4741555.140017883852124 ], [ 361365.947800985595677, 4741881.929787425324321 ], [ 368301.110347512643784, 4745223.552440743893385 ], [ 368750.213377592561301, 4745942.617851379327476 ], [ 369648.030320408463012, 4745502.103340935893357 ], [ 369632.027121988590807, 4745638.222838866524398 ], [ 369764.730038516281638, 4745941.37845747731626 ], [ 370098.765815391845535, 4745915.684267431497574 ], [ 370210.348297215008643, 4745997.332118097692728 ], [ 370230.983712607237976, 4746134.643669401295483 ], [ 369973.865907372848596, 4746229.963677205145359 ], [ 370165.490032724046614, 4746419.726447395980358 ], [ 370208.133080022002105, 4746700.874286156147718 ], [ 370124.880071689898614, 4746885.913168609142303 ], [ 370358.16210565174697, 4746951.996253560297191 ], [ 370264.433337660680991, 4747007.164101618342102 ], [ 370272.492105810146313, 4747071.870018882676959 ], [ 370335.695058702898677, 4747051.59264269284904 ], [ 370308.868745514249895, 4747139.174982831813395 ], [ 370684.636985700170044, 4747438.89255861658603 ], [ 370957.097232731175609, 4747342.705521604977548 ], [ 371180.361203664273489, 4747599.794730380177498 ], [ 371491.726441838720348, 4747687.427083036862314 ], [ 371771.402936381578911, 4747937.525615285150707 ], [ 372828.566411979903933, 4748044.669952687807381 ], [ 373302.442906988959294, 4747801.124738066457212 ], [ 373612.157364910410251, 4747326.836782469414175 ], [ 373706.583444052434061, 4746937.515114283189178 ], [ 374502.438311965612229, 4747391.949310178868473 ], [ 375106.096329985011835, 4747529.934313414618373 ], [ 374990.281655154365581, 4747652.943809562362731 ], [ 375142.677946872252505, 4747886.112463308498263 ], [ 375102.135314319108147, 4748085.952554753050208 ], [ 376159.156989951385185, 4748806.973253346979618 ], [ 377020.441153399122413, 4746577.094163032248616 ], [ 378268.714278512925375, 4745249.820718267932534 ], [ 380044.61166435451014, 4743822.27331420686096 ], [ 381210.288602111919317, 4743331.587879939004779 ], [ 382335.799867267429363, 4743213.74274824000895 ], [ 380367.888513483339921, 4739172.395392317324877 ], [ 378816.485674529743847, 4741040.067532036453485 ], [ 378056.023810702085029, 4741590.56726285815239 ], [ 377900.895963916380424, 4741628.351971955038607 ], [ 377285.149963089788798, 4741376.262356436811388 ], [ 376646.789332683722023, 4741341.337460746057332 ], [ 376127.915056760481093, 4741033.206510547548532 ], [ 375997.421971212839708, 4740793.773683222010732 ], [ 375688.968528681900352, 4740784.966845048591495 ], [ 375692.119260639068671, 4740562.041365248151124 ], [ 375559.345149098196998, 4740339.884067758917809 ], [ 375748.752677185169887, 4740285.991019821725786 ], [ 375623.463512550515588, 4740130.887158403173089 ], [ 375406.161185041593853, 4740126.160807201638818 ], [ 375407.340161854226608, 4740286.114350813440979 ], [ 375303.950925482728053, 4740278.531695247627795 ], [ 375347.931944749027025, 4739986.415015978738666 ], [ 375526.186055882659275, 4740009.409248316660523 ], [ 375580.263388322375249, 4739922.386181652545929 ], [ 375418.319420018058736, 4739798.613643616437912 ], [ 375172.032401436532382, 4739904.494232783094049 ], [ 375278.643240021017846, 4739731.364311444573104 ], [ 375134.487191688560415, 4739696.541884051635861 ], [ 375136.291106551943813, 4739627.068361628800631 ], [ 375291.009441543777939, 4739483.357334965839982 ], [ 375173.100857542303856, 4739495.414988931268454 ], [ 375129.732030483253766, 4739376.24121034797281 ], [ 375091.90615197760053, 4739494.807024488225579 ], [ 374921.383692237606738, 4739508.320615253411233 ], [ 374937.411184613185469, 4739633.407507569529116 ], [ 374817.962340985890478, 4739530.630300750024617 ], [ 374730.75111341959564, 4739636.363031264394522 ], [ 374521.598232046759222, 4739568.609269675798714 ], [ 374581.727145980286878, 4739508.112165545113385 ], [ 374483.294373887882102, 4739491.325542503036559 ], [ 374481.669952365453355, 4739372.931068593636155 ], [ 374180.811752862413414, 4739358.2492008889094 ], [ 374157.671350279939361, 4739104.443104457110167 ], [ 373971.918554230825976, 4738947.104802591726184 ], [ 373934.37404832203174, 4738798.483184420503676 ], [ 373455.561197036760859, 4738541.23061493691057 ], [ 373591.182315809011925, 4738478.65938837826252 ], [ 373374.284645760024432, 4737888.613664750009775 ], [ 372973.56208525627153, 4738012.222291944548488 ], [ 372960.214278023864608, 4737788.648260856047273 ], [ 372782.662255361618008, 4737539.062572689726949 ], [ 372769.934099201404024, 4737108.722748056985438 ], [ 372066.491346692549996, 4737611.319789530709386 ], [ 371958.605480676633306, 4737788.083451501093805 ], [ 372098.54555444145808, 4737792.159540944732726 ], [ 372062.351618836808484, 4737912.263565138913691 ], [ 372224.04844753962243, 4738000.749447417445481 ], [ 372245.506255572487134, 4738120.493015686050057 ], [ 372181.805217327259015, 4738189.975848563946784 ], [ 372212.409353049995843, 4738576.712542013265193 ], [ 372066.83816767699318, 4738747.181498448364437 ], [ 371861.458106257079635, 4738772.746563034132123 ], [ 371721.889648965850938, 4738664.124235304072499 ], [ 371586.050534810405225, 4738712.072676362469792 ], [ 371441.488100223185029, 4738607.897222568280995 ], [ 371017.724051446188241, 4738585.806576712988317 ], [ 370659.198088075965643, 4738224.460280136205256 ], [ 370362.401116493914742, 4738192.409760889597237 ], [ 370038.629401877464261, 4738004.202554414048791 ], [ 369586.187878659577109, 4738517.886144974268973 ], [ 369901.213118604908232, 4739762.826828734949231 ], [ 369738.766293070802931, 4739863.393635841086507 ], [ 369260.979641912737861, 4739772.388086698018014 ], [ 369063.620595125830732, 4739977.288739086128771 ], [ 368880.971375869761687, 4739764.796255331486464 ], [ 368541.524069337232504, 4739737.437455162405968 ], [ 368476.254870890581515, 4739512.462117931805551 ], [ 368256.353719228238333, 4739418.468514426611364 ], [ 367763.40693891729461, 4739683.426860522478819 ], [ 367809.618301471346058, 4739913.265740944072604 ], [ 367723.464840280124918, 4739995.514702633954585 ], [ 367494.677286484278738, 4739947.740033138543367 ], [ 367102.457906254916452, 4740075.841749925166368 ], [ 366708.225847844441887, 4740059.022425001487136 ], [ 366530.958829653041903, 4740154.778099372051656 ], [ 366312.499491957074497, 4740067.035057499073446 ], [ 366208.792272628983483, 4740344.685354385524988 ], [ 365273.011299036617856, 4740228.849438197910786 ], [ 364953.623944128805306, 4741272.035085372626781 ], [ 363666.432913631491829, 4740569.113660220988095 ], [ 361285.707995330507401, 4741555.140017883852124 ] ] ] } },
{ "type": "Feature", "properties": { "drag_region": "Central", "region": "Central", "NAME": "Middleton", "NAMELSAD": "Middleton town" }, "geometry": { "type": "Polygon", "coordinates": [ [ [ 349285.318480518646538, 4731887.777980557642877 ], [ 349736.097586003539618, 4734246.291459911502898 ], [ 352417.675719724502414, 4735735.430366165004671 ], [ 355396.06310562469298, 4733451.779462762176991 ], [ 356051.331774410617072, 4733411.985431999899447 ], [ 356076.11590807425091, 4733320.853692784905434 ], [ 356155.606505675881635, 4733365.549981546588242 ], [ 355630.315375780046452, 4732883.858462747186422 ], [ 355382.698439618339762, 4732336.905545308254659 ], [ 355626.049184355360921, 4732046.875411924906075 ], [ 355611.949560498294886, 4731910.988228351809084 ], [ 355728.169683284999337, 4731746.382895404472947 ], [ 356114.953592220437713, 4731590.121354531496763 ], [ 356337.252585412643384, 4731352.275622062385082 ], [ 356550.850642221805174, 4731328.742522858083248 ], [ 356776.159209084580652, 4731088.731005838140845 ], [ 356910.1134562480147, 4731127.392777101136744 ], [ 357023.471841662598308, 4730954.322890929877758 ], [ 356225.777112927928101, 4730412.581411147490144 ], [ 355259.845571236044634, 4730134.417976294644177 ], [ 355293.913288942712825, 4729917.403965666890144 ], [ 354922.965230236470234, 4729577.461962845176458 ], [ 354780.647012124711182, 4729537.588918421417475 ], [ 354802.414502220752183, 4728986.65046572778374 ], [ 354888.82088508043671, 4729029.727785357274115 ], [ 354920.011406226141844, 4728920.998169829137623 ], [ 354752.992570274567697, 4728655.491135753691196 ], [ 354649.001641399983782, 4728633.050812533125281 ], [ 354684.516739051847253, 4728470.886753492988646 ], [ 354574.735912389878649, 4728345.698183503933251 ], [ 354631.692858757975046, 4728194.361893859691918 ], [ 354471.481184621225111, 4728138.693352127447724 ], [ 354524.082407233479898, 4727997.680739280767739 ], [ 354399.130616600858048, 4727974.848610671237111 ], [ 354459.47168948862236, 4727869.540776256471872 ], [ 354327.414960114925634, 4727872.876422562636435 ], [ 354304.111249390349258, 4727755.318764782510698 ], [ 354400.335211030382197, 4727747.272068203426898 ], [ 354313.915467725077178, 4727683.534252882003784 ], [ 354351.057864826347213, 4727611.327283774502575 ], [ 354223.793816876830533, 4727549.998127152211964 ], [ 354294.359103673137724, 4727477.66887494828552 ], [ 353880.301156772358809, 4727249.677194490097463 ], [ 353806.432767868216615, 4727001.764945128932595 ], [ 353763.571217458869796, 4727196.662170530296862 ], [ 353327.984136746672448, 4727101.318782994523644 ], [ 352811.198996406339575, 4727532.478002388961613 ], [ 352412.407700545270927, 4727591.980386591516435 ], [ 352318.257977362896781, 4727766.113270392641425 ], [ 352151.325635916611645, 4727825.766431895084679 ], [ 352050.57577862002654, 4727713.176705242134631 ], [ 351652.341749365732539, 4727791.932193180546165 ], [ 351599.039160745567642, 4727257.438886584714055 ], [ 351203.442735316057224, 4727303.378202413208783 ], [ 351148.878568842250388, 4727835.129405735060573 ], [ 351745.747388132906053, 4728245.5770413428545 ], [ 351309.526932693901472, 4729523.921752399764955 ], [ 349285.318480518646538, 4731887.777980557642877 ] ] ] } },
{ "type": "Feature", "properties": { "drag_region": "Central", "region": "Central", "NAME": "Newburyport", "NAMELSAD": "Newburyport city" }, "geometry": { "type": "Polygon", "coordinates": [ [ [ 362944.898081559455022, 4761966.17989175952971 ], [ 363482.503759398707189, 4762561.472414416261017 ], [ 363691.505687354132533, 4763020.221742769703269 ], [ 364217.355763715750072, 4763704.943565509282053 ], [ 364474.056154160934966, 4763932.074440557509661 ], [ 364844.295853444607928, 4764004.299697140231729 ], [ 365028.633656228717882, 4763891.109079197049141 ], [ 365147.302272569795605, 4763438.871774598024786 ], [ 365272.160552128450945, 4763262.15372225549072 ], [ 365587.295597663149238, 4763138.789936387911439 ], [ 366039.898515222826973, 4763134.663110391236842 ], [ 366542.454586632549763, 4762959.44897735491395 ], [ 367059.962897037738003, 4762290.517619596794248 ], [ 367827.209657618019264, 4761794.487161501310766 ], [ 368419.421763008460402, 4761091.338293391279876 ], [ 368746.615636062226258, 4760885.419734414666891 ], [ 370309.56814734346699, 4760660.948333086445928 ], [ 370795.878049497143365, 4760695.398669188842177 ], [ 371751.192929590586573, 4760917.431293735280633 ], [ 372365.362443484948017, 4761158.082490534521639 ], [ 372780.271621477440931, 4761418.640998549759388 ], [ 373022.379428172425833, 4761449.746538796462119 ], [ 373804.004497297108173, 4761292.840595473535359 ], [ 373909.70546934963204, 4760614.864226227626204 ], [ 370993.483898861333728, 4758825.787082021124661 ], [ 369214.691278520622291, 4759491.706115026958287 ], [ 366920.301207089331001, 4758737.284104903228581 ], [ 366632.474653110606596, 4758862.516841509379447 ], [ 366344.801974222646095, 4759201.3032730165869 ], [ 365757.04756522923708, 4759112.455057308077812 ], [ 364728.762173995841295, 4758027.926298617385328 ], [ 363669.739677954872604, 4759743.257608993910253 ], [ 363617.041673703351989, 4760157.007986936718225 ], [ 363782.362402780447155, 4760420.657500279136002 ], [ 363629.780322008999065, 4760791.364026985131204 ], [ 363711.960216097999364, 4761064.917358572594821 ], [ 363464.843646098859608, 4761189.691053196787834 ], [ 363394.682762422366068, 4761286.854386361315846 ], [ 363430.999315991066396, 4761432.90574402268976 ], [ 363295.888685949612409, 4761422.897511356510222 ], [ 362944.898081559455022, 4761966.17989175952971 ] ] ] } },
{ "type": "Feature", "properties": { "drag_region": "Central", "region": "Central", "NAME": "Rowley", "NAMELSAD": "Rowley town" }, "geometry": { "type": "Polygon", "coordinates": [ [ [ 359315.290605870482977, 4745023.60944992210716 ], [ 360779.611930897168349, 4746382.010724476538599 ], [ 362510.309430234949104, 4748480.767354560084641 ], [ 363700.39992704289034, 4749541.601387466304004 ], [ 363846.322856677346863, 4749461.279813982546329 ], [ 365773.31591547455173, 4750174.056757031939924 ], [ 365944.71029725659173, 4750352.19086610339582 ], [ 366078.079358533141203, 4750748.169474648311734 ], [ 366208.861410726327449, 4750526.024465575814247 ], [ 366147.965176481055096, 4750406.954454459249973 ], [ 366283.350082726392429, 4750393.250364708714187 ], [ 366282.784852785407566, 4750499.478534881956875 ], [ 366397.94398143782746, 4750453.010239226743579 ], [ 366516.153375718742609, 4750612.128943115472794 ], [ 366356.759950256324373, 4750548.260794193483889 ], [ 366256.82019898830913, 4750802.153138533234596 ], [ 366413.075727487448603, 4750824.869507702067494 ], [ 366601.959007368190214, 4750717.645001704804599 ], [ 366491.823909550264943, 4750918.765363508835435 ], [ 366546.127271392382681, 4750985.211271937936544 ], [ 366964.189022145292256, 4750752.7646529302001 ], [ 366993.233537809224799, 4750923.993276113644242 ], [ 367230.305828317941632, 4751170.907981872558594 ], [ 367365.751058870228007, 4750756.25118940602988 ], [ 367441.594330707332119, 4750746.007137367501855 ], [ 367537.788848703319672, 4750899.632638094015419 ], [ 367658.767511794343591, 4750746.619152808561921 ], [ 367736.349582443828695, 4750917.770923359319568 ], [ 367942.818195035099052, 4751041.398192154243588 ], [ 368196.05795122589916, 4750859.46224104706198 ], [ 368889.121967575105373, 4750874.582807239145041 ], [ 369418.022656654124148, 4750994.814995305612683 ], [ 369739.697986255632713, 4751306.83534842915833 ], [ 369885.008895059057977, 4751309.648723813705146 ], [ 370140.396453598164953, 4750921.090544506907463 ], [ 370452.791579193901271, 4751008.25507974717766 ], [ 370588.335348732187413, 4751189.946975277736783 ], [ 370760.636040325975046, 4751029.760872788727283 ], [ 371302.759505308815278, 4751399.489608663134277 ], [ 371363.359654487692751, 4751052.9854875812307 ], [ 371469.969947498524562, 4750977.680053078569472 ], [ 371960.482154485885985, 4751086.382492903620005 ], [ 372993.554198685626034, 4750881.706751526333392 ], [ 374599.507143824826926, 4751289.928384668193758 ], [ 374652.558503967244178, 4750915.62449970189482 ], [ 375034.171532102802303, 4749750.234414727427065 ], [ 373977.149856470525265, 4749029.213716133497655 ], [ 374017.692489023669623, 4748829.373624688945711 ], [ 373865.296197305782698, 4748596.204970942810178 ], [ 373981.110872136428952, 4748473.19547479506582 ], [ 373377.452854117029347, 4748335.21047155931592 ], [ 372581.597986203851178, 4747880.776275663636625 ], [ 372487.171907061827369, 4748270.097943849861622 ], [ 372306.883631913457066, 4748570.281025007367134 ], [ 371924.940314118983224, 4748911.041665472090244 ], [ 371597.248780381283723, 4748994.4543800605461 ], [ 370646.417478532996029, 4748880.786776665598154 ], [ 370366.740983990137465, 4748630.688244417309761 ], [ 370055.375745815690607, 4748543.055891760624945 ], [ 369832.111774882592726, 4748285.966682985424995 ], [ 369559.651527851587161, 4748382.153719997033477 ], [ 369183.883287665667012, 4748082.436144212260842 ], [ 369210.709600854315795, 4747994.853804073296487 ], [ 369147.506647961563431, 4748015.131180263124406 ], [ 369139.447879812098108, 4747950.425262998789549 ], [ 369233.176647803164087, 4747895.257414940744638 ], [ 368999.894613841315731, 4747829.174329989589751 ], [ 369083.147622173419222, 4747644.135447536595166 ], [ 369040.504574875463732, 4747362.987608776427805 ], [ 368849.874378434557002, 4747184.868588484823704 ], [ 368912.031015210028272, 4747098.173254845663905 ], [ 369105.998254758655094, 4747077.90483078174293 ], [ 369085.36283936642576, 4746940.593279478140175 ], [ 368973.780357543262653, 4746858.945428811945021 ], [ 368639.744580667698756, 4746884.639618857763708 ], [ 368507.041664140007924, 4746581.484000246971846 ], [ 368523.04486255988013, 4746445.364502316340804 ], [ 367625.227919743978418, 4746885.879012759774923 ], [ 367176.124889664060902, 4746166.813602124340832 ], [ 361555.587341406964697, 4743443.834891685284674 ], [ 359315.290605870482977, 4745023.60944992210716 ] ] ] } },
{ "type": "Feature", "properties": { "drag_region": "West", "region": "West", "NAME": "Chesterfield", "NAMELSAD": "Chesterfield town" }, "geometry": { "type": "Polygon", "coordinates": [ [ [ 157692.189906130573945, 4710648.375390542671084 ], [ 163514.284429080405971, 4711216.922061434015632 ], [ 163295.400610846030759, 4709217.202872474677861 ], [ 164956.165297014784301, 4709295.196305004879832 ], [ 164813.530900115758413, 4707290.375942193903029 ], [ 165702.094517074088799, 4707403.811367430724204 ], [ 165654.989287466014503, 4706712.189038654789329 ], [ 168313.522892306995345, 4706952.883254440501332 ], [ 167802.46909959797631, 4702159.159933201037347 ], [ 164059.209805736114504, 4701722.734130462631583 ], [ 164081.902061541943112, 4700142.933648629114032 ], [ 164012.229047717322828, 4700227.527665926143527 ], [ 163852.386428178084316, 4700242.066417385824025 ], [ 163677.423923729074886, 4700441.464922371320426 ], [ 163666.689932461100398, 4700577.047301100566983 ], [ 163079.054224344057729, 4700535.10461794398725 ], [ 162900.89978137993603, 4700710.743180355988443 ], [ 162612.225230640469817, 4700689.398660733364522 ], [ 162527.854816943843616, 4700930.47444811463356 ], [ 162249.977840921928873, 4700895.85939697176218 ], [ 162005.32725357482559, 4700441.089535085484385 ], [ 161927.350777005805867, 4700649.833986742421985 ], [ 161555.505298132222379, 4700651.664311593398452 ], [ 161376.898636616155272, 4700796.539378413930535 ], [ 158773.526162131718593, 4700540.222941399551928 ], [ 157692.189906130573945, 4710648.375390542671084 ] ] ] } },
{ "type": "Feature", "properties": { "drag_region": "West", "region": "West", "NAME": "Cummington", "NAMELSAD": "Cummington town" }, "geometry": { "type": "Polygon", "coordinates": [ [ [ 149492.543390075705247, 4714309.266709215939045 ], [ 149957.387396690115565, 4716274.560926382429898 ], [ 150092.049467743578134, 4716241.398249763064086 ], [ 150845.722163083468331, 4719673.300409211777151 ], [ 158732.736225516622653, 4717396.210495548322797 ], [ 159663.831439235567814, 4717726.875921661965549 ], [ 160922.456580865051365, 4717322.130619213916361 ], [ 161333.711751696100691, 4712358.839736862108111 ], [ 158608.724894323881017, 4712095.748735683970153 ], [ 149492.543390075705247, 4714309.266709215939045 ] ] ] } },
{ "type": "Feature", "properties": { "drag_region": "West", "region": "West", "NAME": "Goshen", "NAMELSAD": "Goshen town" }, "geometry": { "type": "Polygon", "coordinates": [ [ [ 162455.596574294846505, 4716843.236088595353067 ], [ 169151.657432903477456, 4714968.416661655530334 ], [ 169123.149577596457675, 4714831.47680551558733 ], [ 169920.466768145153765, 4714587.370153544470668 ], [ 169861.384156823100056, 4714199.518577792681754 ], [ 170359.650285161158536, 4714263.088940547779202 ], [ 170270.058595749665983, 4713773.879904538393021 ], [ 169773.368642252637073, 4713728.04703582637012 ], [ 169684.945957460673526, 4713264.272231690585613 ], [ 170414.528447830642108, 4713313.351082881912589 ], [ 170329.085502524103504, 4712590.497943125665188 ], [ 169291.543815470475238, 4712504.923628021962941 ], [ 168812.440503089863341, 4707722.000676539726555 ], [ 166153.906898248882499, 4707481.306460754014552 ], [ 166201.012127856956795, 4708172.928789529949427 ], [ 165312.448510898626409, 4708059.493364293128252 ], [ 165455.082907797652297, 4710064.313727104105055 ], [ 163794.318221628898755, 4709986.320294573903084 ], [ 164013.202039863273967, 4711986.039483533240855 ], [ 162866.851745125895832, 4711879.945206243544817 ], [ 162455.596574294846505, 4716843.236088595353067 ] ] ] } },
{ "type": "Feature", "properties": { "drag_region": "Central", "region": "Central", "NAME": "Bellingham", "NAMELSAD": "Bellingham town" }, "geometry": { "type": "Polygon", "coordinates": [ [ [ 302140.340778631798457, 4664205.720680962316692 ], [ 302370.357466166897211, 4664447.484248624183238 ], [ 302302.059583036985714, 4664519.945513993501663 ], [ 302296.912909426202532, 4664889.405183059163392 ], [ 303256.841001267952379, 4665743.547092043794692 ], [ 304238.122435229306575, 4666469.379556116648018 ], [ 307192.995634683000389, 4666871.40291906427592 ], [ 307315.24534895241959, 4666764.218215112574399 ], [ 307192.182952141447458, 4666684.056483376771212 ], [ 307267.113550050125923, 4666628.679799588397145 ], [ 307224.46735349210212, 4666470.980405964888632 ], [ 307285.06909791007638, 4666438.018349159508944 ], [ 307212.031928918499034, 4666412.21371016651392 ], [ 306784.414867638901342, 4663146.271384879946709 ], [ 306280.535988822637592, 4661115.438607212156057 ], [ 306102.499160650244448, 4659885.646192504093051 ], [ 305972.535838117648382, 4659904.048589038662612 ], [ 305892.538323875924107, 4658843.25432253908366 ], [ 305967.8122532213456, 4658834.535012799315155 ], [ 305924.2394989002496, 4656723.054066604934633 ], [ 305562.967946251272224, 4653808.553250135853887 ], [ 302236.319268765335437, 4653846.468587369658053 ], [ 302478.490565763204359, 4662078.995877253822982 ], [ 302559.584197674703319, 4662635.752138040028512 ], [ 302750.860859153966885, 4663020.80611417721957 ], [ 302590.411951510875951, 4663228.653308937326074 ], [ 302640.790084297012072, 4663278.747747371904552 ], [ 302411.102204370952677, 4663374.264528028666973 ], [ 302268.567546685691923, 4663738.188049371354282 ], [ 302326.530221489956602, 4663897.527986493892968 ], [ 302189.307352726289537, 4664027.021654919721186 ], [ 302140.340778631798457, 4664205.720680962316692 ] ] ] } },
{ "type": "Feature", "properties": { "drag_region": "Central", "region": "Central", "NAME": "Brookline", "NAMELSAD": "Brookline town" }, "geometry": { "type": "Polygon", "coordinates": [ [ [ 336386.441552762233187, 4693705.414284110069275 ], [ 337127.807009338750504, 4694386.599790937267244 ], [ 337095.874846137769055, 4694482.751180132851005 ], [ 337357.500281546905171, 4694598.639500487595797 ], [ 338229.068731242616195, 4695437.507801636122167 ], [ 338832.8167815884226, 4695893.897929405793548 ], [ 338817.973071286513004, 4695978.497432762756944 ], [ 338964.464778806315735, 4696020.796068457886577 ], [ 338930.609645876742434, 4696139.320834915153682 ], [ 339145.27119494008366, 4696197.90111328382045 ], [ 339111.267925138527062, 4696320.428750554099679 ], [ 339312.650315015634988, 4696480.351113238371909 ], [ 339499.862499366048723, 4696474.076971721835434 ], [ 340065.145849984663073, 4697119.092123648151755 ], [ 340627.453162908030208, 4697537.441735992208123 ], [ 341104.879320435749833, 4697750.839320564642549 ], [ 342440.831844612781424, 4697501.050378343090415 ], [ 342379.989578848879319, 4697184.44772510509938 ], [ 342510.872170392249245, 4696821.539515242911875 ], [ 342084.51836249785265, 4696457.777656593360007 ], [ 341995.342512370028999, 4696119.769745111465454 ], [ 342074.215899001632351, 4695889.923115111887455 ], [ 341845.577005637285765, 4695576.490477214567363 ], [ 341548.087070121255238, 4694637.33291401155293 ], [ 341305.873402609548066, 4694509.586403637193143 ], [ 341136.662771205243189, 4694641.249631650745869 ], [ 340953.547070067317691, 4694516.263339498080313 ], [ 339545.985182231583167, 4692268.962698809802532 ], [ 338972.823596654983703, 4691739.726636921055615 ], [ 338534.120580651506316, 4691451.691605934873223 ], [ 336386.441552762233187, 4693705.414284110069275 ] ] ] } },
{ "type": "Feature", "properties": { "drag_region": "Central", "region": "Central", "NAME": "Canton", "NAMELSAD": "Canton town" }, "geometry": { "type": "Polygon", "coordinates": [ [ [ 336323.739544184762053, 4672719.077603426761925 ], [ 336398.961695103673264, 4672835.603561232797801 ], [ 336505.11784032988362, 4672810.339633776806295 ], [ 336471.299590879585594, 4672926.647930914536119 ], [ 336701.185326480539516, 4672926.78763541020453 ], [ 336700.350719659472816, 4673121.144122287631035 ], [ 336814.260912167956121, 4673059.686776859685779 ], [ 336844.899687959288713, 4673188.463432724587619 ], [ 337016.945922574028373, 4673300.308703571557999 ], [ 337218.451920903113205, 4673264.075105158612132 ], [ 337098.196524718718138, 4673573.355728448368609 ], [ 337142.2535601638956, 4673684.014304864220321 ], [ 337505.800380586413667, 4673662.893501648679376 ], [ 337543.546837243135087, 4673795.492177144624293 ], [ 337383.956053062400315, 4673922.764725296758115 ], [ 337554.681794078322127, 4674038.98863919172436 ], [ 337265.655158430337906, 4674185.104224529117346 ], [ 337346.570139772666153, 4674308.93868547398597 ], [ 337185.407400736294221, 4674367.256040637381375 ], [ 337413.881331454438623, 4674463.452822814695537 ], [ 337520.163536359672435, 4674603.645124644041061 ], [ 337410.793295477633364, 4674709.644015555270016 ], [ 337628.464699582022149, 4675019.122509830631316 ], [ 337549.83287520048907, 4675277.896669222973287 ], [ 337678.260806991020218, 4675258.972271144390106 ], [ 337837.800818814313971, 4675372.151521569117904 ], [ 338052.290803006384522, 4676109.168049551546574 ], [ 338414.344352562038694, 4676419.903291255235672 ], [ 338531.187742843234446, 4676437.063814421184361 ], [ 339047.337846464419272, 4677114.384544629603624 ], [ 339102.406131971394643, 4677346.108998795971274 ], [ 338937.658355843683239, 4677308.924424421042204 ], [ 338880.908956953091547, 4677400.798838250339031 ], [ 339396.611237239965703, 4677929.485536155290902 ], [ 339301.800911823287606, 4678094.313201590441167 ], [ 339396.217237618751824, 4678222.716871476732194 ], [ 339424.141374176368117, 4678584.458627924323082 ], [ 339510.897484473185614, 4678671.278333633206785 ], [ 339425.15196366753662, 4678802.099496169015765 ], [ 339616.391537528601475, 4679287.293699410744011 ], [ 339918.310316841641907, 4679629.494341045618057 ], [ 340242.146090060996357, 4679624.49341338686645 ], [ 340395.776690034195781, 4679711.649511861614883 ], [ 345517.654210225737188, 4672489.266144336201251 ], [ 343077.919615662074648, 4670754.306070468388498 ], [ 340061.342888952000067, 4669874.04428784083575 ], [ 340122.43263763532741, 4670287.176113274879754 ], [ 339838.441957450238988, 4670371.716029658913612 ], [ 339779.666508367809001, 4670170.745821518823504 ], [ 339593.688539301976562, 4670239.844308435916901 ], [ 339514.119032205257099, 4670176.283148241229355 ], [ 339497.699816771782935, 4669959.920613932423294 ], [ 339395.811072137730662, 4669952.918892245739698 ], [ 339319.367863092571497, 4669753.72801380418241 ], [ 339006.783671752200462, 4669721.130611965432763 ], [ 337447.694493794348091, 4670178.25033759418875 ], [ 337569.513907096872572, 4670599.829341293312609 ], [ 336777.753214788332116, 4671313.82530602812767 ], [ 336427.124367912532762, 4671748.984540497884154 ], [ 336477.787296680966392, 4671774.24833710771054 ], [ 336323.739544184762053, 4672719.077603426761925 ] ] ] } },
{ "type": "Feature", "properties": { "drag_region": "Central", "region": "Central", "NAME": "Cohasset", "NAMELSAD": "Cohasset town" }, "geometry": { "type": "Polygon", "coordinates": [ [ [ 370228.294139385281596, 4682970.795682601630688 ], [ 371246.203312716388609, 4683364.096400986425579 ], [ 371241.740052789624315, 4683497.502132914960384 ], [ 370585.451075349526946, 4683821.106766154058278 ], [ 370675.882085666584317, 4683968.007009315304458 ], [ 370629.693744153890293, 4684372.605285620316863 ], [ 370765.68127893313067, 4684569.286603406071663 ], [ 371000.566567875444889, 4685266.850441614165902 ], [ 371331.850543085252866, 4685322.227545607835054 ], [ 371501.427969485812355, 4685597.292677438817918 ], [ 371744.044789300707635, 4685735.810778824612498 ], [ 372576.853793728223536, 4685700.244782053865492 ], [ 379056.461821807257365, 4695244.977237564511597 ], [ 380776.316648600331973, 4697661.480103674344718 ], [ 385185.760134894226212, 4697712.006907706148922 ], [ 378927.698040353308897, 4688979.873249834403396 ], [ 376286.439814518380444, 4684930.625375234521925 ], [ 376237.795336663431954, 4683906.415396872907877 ], [ 375900.683113755017985, 4683593.093753924593329 ], [ 375538.236436366394628, 4682919.839060417376459 ], [ 375736.84689469699515, 4682849.241180030629039 ], [ 375978.103582303214353, 4682974.15882564894855 ], [ 375953.168897560215555, 4682630.865216231904924 ], [ 376112.732424750982318, 4682492.555283448658884 ], [ 375550.370610131474677, 4682078.317220184952021 ], [ 375607.991916960512754, 4681688.634894083254039 ], [ 375803.595003031252418, 4681724.969804820604622 ], [ 375830.329976989130955, 4681259.176132161170244 ], [ 375512.562630874628667, 4681287.945302835665643 ], [ 375562.485962344508152, 4681042.616331625729799 ], [ 372311.281467574066482, 4678613.178522041067481 ], [ 371202.744324578263331, 4680006.984238262288272 ], [ 370228.294139385281596, 4682970.795682601630688 ] ] ] } },
{ "type": "Feature", "properties": { "drag_region": "Central", "region": "Central", "NAME": "Millis", "NAMELSAD": "Millis town" }, "geometry": { "type": "Polygon", "coordinates": [ [ [ 313210.391027391538955, 4675708.30499614495784 ], [ 315376.052337175817229, 4676207.544822835363448 ], [ 316737.709150762064382, 4676424.061784924007952 ], [ 318226.918418802379165, 4676931.923020150512457 ], [ 318143.744724923337344, 4676776.856195620261133 ], [ 318180.409735027467832, 4676697.948418291285634 ], [ 318237.791067988669965, 4676681.257410568185151 ], [ 318270.767501838272437, 4676831.815370502881706 ], [ 318327.731334625917953, 4676827.026976407505572 ], [ 318335.004674530006014, 4676643.691790225915611 ], [ 318537.439354404283222, 4676619.351585750468075 ], [ 318695.702098012203351, 4676400.425752116367221 ], [ 318669.214950858615339, 4676323.475605095736682 ], [ 318504.508916006889194, 4676280.655897106043994 ], [ 318633.601612671976909, 4676218.10554266627878 ], [ 318540.019163651391864, 4676165.444129803217947 ], [ 318597.595800730283372, 4676113.524262144230306 ], [ 318586.560020329954568, 4675804.676231314428151 ], [ 318884.239641691558063, 4675862.523399232886732 ], [ 318931.84504924993962, 4675554.958867588080466 ], [ 319190.775423017970752, 4675576.653921615332365 ], [ 319310.712997304275632, 4675362.904745403677225 ], [ 319478.526700762333348, 4675313.203822010196745 ], [ 319378.523725232633296, 4675161.805557830259204 ], [ 319672.744310542126186, 4675046.761302654631436 ], [ 319623.856955401133746, 4674896.743770906701684 ], [ 319704.730738321028184, 4674774.079318876378238 ], [ 319897.060536944307387, 4674749.9461674913764 ], [ 320143.451611636264715, 4674568.107453697361052 ], [ 320078.085750110447407, 4674395.42188998311758 ], [ 320178.217550103436224, 4674457.593863543123007 ], [ 320300.685314955830108, 4674356.364110657013953 ], [ 320199.368986086454242, 4674122.981281862594187 ], [ 320234.305610516457818, 4673906.118485297076404 ], [ 320148.819751382165123, 4673942.002387393265963 ], [ 320110.084333633538336, 4673836.821977245621383 ], [ 319892.238391001126729, 4673874.977473439648747 ], [ 319922.426644830149598, 4673769.365719604305923 ], [ 319808.96906740689883, 4673798.014541245996952 ], [ 319795.979773494182155, 4673676.243413785472512 ], [ 319760.032779368630145, 4673749.453438196331263 ], [ 319681.195993930101395, 4673716.931740785948932 ], [ 319648.567998748563696, 4673817.832919639535248 ], [ 319581.856122330762446, 4673747.977427505888045 ], [ 319480.012480134086218, 4673787.2049600770697 ], [ 319024.92335235979408, 4673465.600061257369816 ], [ 319107.914173432334792, 4673398.87822846416384 ], [ 319047.909007481473964, 4673296.506695722229779 ], [ 319190.614499904913828, 4673297.272388088516891 ], [ 318959.385547181242146, 4673124.796290437690914 ], [ 318982.413904195767827, 4673050.935247329995036 ], [ 319077.869751980178989, 4673049.880247514694929 ], [ 319051.984828107175417, 4672789.557012532837689 ], [ 319199.361976994841825, 4672836.867910107597709 ], [ 319069.635390158859082, 4672606.608322277665138 ], [ 319188.323121955734678, 4672569.026943657547235 ], [ 319098.83531693025725, 4672492.241082849912345 ], [ 319207.189684332930483, 4672400.158452178351581 ], [ 319139.225413882290013, 4672354.676646972075105 ], [ 319072.365829284186475, 4672431.290749544277787 ], [ 319006.962488385906909, 4672310.175668494775891 ], [ 319145.83957912371261, 4672133.803408151492476 ], [ 319035.111678065150045, 4672133.162924262695014 ], [ 318921.087683595018461, 4672012.04449222702533 ], [ 318913.517865591391455, 4671720.217035636305809 ], [ 318481.080025570408907, 4671385.906632260419428 ], [ 318410.722755414783023, 4671169.253614372573793 ], [ 318195.459558822854888, 4671087.482350678183138 ], [ 318019.981135307461955, 4670891.832323371432722 ], [ 317663.699218929803465, 4670253.992488340474665 ], [ 316812.52818996575661, 4669617.713559710420668 ], [ 316686.087169443897437, 4669672.549056279473007 ], [ 316468.99985463032499, 4669351.066865512169898 ], [ 316383.52331794903148, 4669469.449215502478182 ], [ 316182.3162429764634, 4669345.562142455950379 ], [ 316164.299954699235968, 4669554.979256408289075 ], [ 315896.005355382221751, 4669562.089750001206994 ], [ 315791.944817866198719, 4669493.414024833589792 ], [ 315425.619132075109519, 4669758.747419422492385 ], [ 313356.298689109622501, 4674633.0070671569556 ], [ 313210.391027391538955, 4675708.30499614495784 ] ] ] } },
{ "type": "Feature", "properties": { "drag_region": "Central", "region": "Central", "NAME": "Milton", "NAMELSAD": "Milton town" }, "geometry": { "type": "Polygon", "coordinates": [ [ [ 341130.587551129341591, 4681640.835558315739036 ], [ 341402.497448364563752, 4681987.260574052110314 ], [ 341594.908977340674028, 4682087.124424776062369 ], [ 341664.110905361536425, 4682319.17393277771771 ], [ 341818.194456206692848, 4682345.999929624609649 ], [ 341817.997551648004446, 4682450.781384581699967 ], [ 341519.94694941106718, 4682878.431715028360486 ], [ 342949.404386898910161, 4683823.769162178970873 ], [ 342953.563880549219903, 4684648.31854607257992 ], [ 342651.441664241952822, 4685053.358463174663484 ], [ 342810.259158012981061, 4685247.082904321141541 ], [ 343018.413457440386992, 4685300.479542526416481 ], [ 343531.135382604843471, 4685130.914856418967247 ], [ 343969.483831533405464, 4685476.208118319511414 ], [ 344257.000718688359484, 4685918.34317630995065 ], [ 344575.085147041478194, 4685855.751190724782646 ], [ 344587.253875315713231, 4686126.222991636954248 ], [ 344674.922937209426891, 4686198.069392646662891 ], [ 345210.973848983936477, 4686062.718703569844365 ], [ 345690.767555985657964, 4686252.43717625644058 ], [ 346338.312950291379821, 4686259.671047781594098 ], [ 346463.38524224847788, 4686350.295747096650302 ], [ 346632.261510505399201, 4686290.865938159637153 ], [ 346688.724157403339632, 4686022.841165252961218 ], [ 346921.414344261458609, 4685861.76516379788518 ], [ 347604.858062738028821, 4686357.224044190719724 ], [ 347458.161226999538485, 4686720.302364584058523 ], [ 347560.245924072398338, 4686936.383402801118791 ], [ 347942.381403961393517, 4687047.277394992299378 ], [ 348343.363519389822613, 4686833.86727955751121 ], [ 348518.599377119273413, 4686922.54422811511904 ], [ 348581.708513569028582, 4685734.98628892749548 ], [ 349410.783826889528427, 4684913.541822125203907 ], [ 346915.575420427427161, 4683103.814778406172991 ], [ 347545.983004396490287, 4681620.784099441021681 ], [ 344189.55886921560159, 4680009.507613638415933 ], [ 345014.922451788443141, 4678893.888354091905057 ], [ 344685.114204665529542, 4678912.509002148173749 ], [ 344547.325451167533174, 4678703.447125523351133 ], [ 344065.14711481827544, 4678734.385840764269233 ], [ 343347.023213338514324, 4678560.513717003166676 ], [ 341130.587551129341591, 4681640.835558315739036 ] ] ] } },
{ "type": "Feature", "properties": { "drag_region": "Central", "region": "Central", "NAME": "Needham", "NAMELSAD": "Needham town" }, "geometry": { "type": "Polygon", "coordinates": [ [ [ 324513.873563667526469, 4687627.874165503308177 ], [ 324644.781014896114357, 4687878.588249820284545 ], [ 330334.661432786961086, 4692923.123077199794352 ], [ 330622.32415514276363, 4692914.134994040243328 ], [ 330824.24726421944797, 4692682.497450522147119 ], [ 330782.283972612698562, 4692008.770285172387958 ], [ 331257.71604720025789, 4691791.662876017391682 ], [ 331455.063195687485859, 4691831.628286716528237 ], [ 331908.372283006901853, 4691723.705823653377593 ], [ 332040.469042629934847, 4691379.473329529166222 ], [ 331987.487601210945286, 4691067.498615390621126 ], [ 332327.857285166624933, 4690702.639797410927713 ], [ 332496.322071744594723, 4689888.228498357348144 ], [ 332814.634560638689436, 4689767.760105861350894 ], [ 333218.515714291483164, 4689468.31213887501508 ], [ 333336.063189105479978, 4689710.513117883354425 ], [ 333493.67286236747168, 4689682.782427061349154 ], [ 333669.060592944035307, 4689441.810888532549143 ], [ 333638.972373800468631, 4689058.235943182371557 ], [ 333874.164445172646083, 4688838.177200065925717 ], [ 333142.617874279036187, 4687610.965580810792744 ], [ 332905.20688963891007, 4687458.532236482948065 ], [ 332449.387567682075314, 4687388.318267494440079 ], [ 332202.177263631951064, 4687482.729150393977761 ], [ 331942.847095701610669, 4687428.011552314274013 ], [ 331375.048372215824202, 4687593.566545975394547 ], [ 331225.797970345360227, 4687038.201629983261228 ], [ 330938.639491156442091, 4686942.909388124011457 ], [ 330754.198905664146878, 4687102.07014386728406 ], [ 330468.135952483396977, 4687127.664859735406935 ], [ 330165.419828269514255, 4686480.21907639503479 ], [ 329807.089881798252463, 4686656.077655619941652 ], [ 329112.12999543058686, 4686608.028555982746184 ], [ 328819.940432660281658, 4686221.041653061285615 ], [ 328463.692607499891892, 4686150.561936777085066 ], [ 328099.836314271669835, 4686160.863648690283298 ], [ 327680.108164021628909, 4686476.2498564645648 ], [ 327623.844167959643528, 4686651.426632296293974 ], [ 327420.982335859443992, 4686730.272163491696119 ], [ 327378.425305446959101, 4686623.061673365533352 ], [ 327480.72733407234773, 4686217.526870528236032 ], [ 327335.15865544625558, 4686188.396819797344506 ], [ 326970.335070452536456, 4686533.92469731811434 ], [ 327025.856998357572593, 4686851.584550444968045 ], [ 326954.860878305742517, 4686971.933436063118279 ], [ 326590.377454124274664, 4686855.431490475311875 ], [ 326513.795066106482409, 4686908.594745040871203 ], [ 326316.092687176307663, 4686766.313697753474116 ], [ 325926.030549069400877, 4687066.57172745000571 ], [ 325860.983129189466126, 4687306.341182241216302 ], [ 325705.683170512085781, 4687464.526307611726224 ], [ 325620.647991776815616, 4687362.355281230993569 ], [ 325281.518835355062038, 4687602.389342579990625 ], [ 325016.083100100397132, 4687342.176951704546809 ], [ 324993.313888631062582, 4687556.925444227643311 ], [ 324513.873563667526469, 4687627.874165503308177 ] ] ] } },
{ "type": "Feature", "properties": { "drag_region": "Central", "region": "Central", "NAME": "Norwood", "NAMELSAD": "Norwood town" }, "geometry": { "type": "Polygon", "coordinates": [ [ [ 330133.036372377828229, 4675320.574163900688291 ], [ 332480.93086432229029, 4678145.568031970411539 ], [ 333657.566219890548382, 4678676.723441310226917 ], [ 335141.027222100819927, 4678465.420680183917284 ], [ 337066.183212356001604, 4676709.913360515609384 ], [ 336782.355895110347774, 4676473.868933430872858 ], [ 336580.787199243728537, 4675760.969911616295576 ], [ 336421.247187420434784, 4675647.790661191567779 ], [ 336292.819255629903637, 4675666.715059270150959 ], [ 336374.539737457584124, 4675441.75165615323931 ], [ 336156.944015905901324, 4675118.937764853239059 ], [ 336262.133153733506333, 4675024.045059611089528 ], [ 336240.504829681420233, 4674946.815628843382001 ], [ 335928.393781165708788, 4674756.074430684559047 ], [ 336089.556520202080719, 4674697.757075521163642 ], [ 336008.641538859752472, 4674573.922614576295018 ], [ 336297.668174507736694, 4674427.807029238902032 ], [ 336126.942433491814882, 4674311.583115343935788 ], [ 336286.533217672549654, 4674184.310567191801965 ], [ 336248.786761015828233, 4674051.711891695857048 ], [ 335885.239940593310166, 4674072.832694911397994 ], [ 335841.182905148132704, 4673962.174118495546281 ], [ 335961.438301332527772, 4673652.893495205789804 ], [ 335759.932303003442939, 4673689.127093618735671 ], [ 335587.886068388703279, 4673577.281822771765292 ], [ 335557.247292597370688, 4673448.505166906863451 ], [ 335443.337100088887382, 4673509.962512334808707 ], [ 335444.171706909954082, 4673315.606025457382202 ], [ 335209.751489623798989, 4673312.693069653585553 ], [ 335250.541884461592417, 4673203.984798535704613 ], [ 335141.948075533087831, 4673224.421951279975474 ], [ 335110.756214394350536, 4673093.771970215253532 ], [ 335044.497163778345566, 4673302.46592028811574 ], [ 334967.018056000873912, 4673314.444735721684992 ], [ 334914.167923853092361, 4673213.015743868425488 ], [ 334790.396834446757566, 4673276.735691339708865 ], [ 334660.957399353967048, 4673031.598160651512444 ], [ 334168.387380465399474, 4672804.213199748657644 ], [ 334295.211404685571324, 4671927.279350890778005 ], [ 333660.182339222577866, 4671571.574597508646548 ], [ 333026.086807947081979, 4672715.494849476963282 ], [ 332799.681762151187286, 4672838.235345664434135 ], [ 332314.800882456533145, 4673500.807363970205188 ], [ 332190.608427647617646, 4673553.696179597638547 ], [ 332146.080090515606571, 4673698.078844463452697 ], [ 331599.78288524603704, 4673679.273489948362112 ], [ 331455.489855393243488, 4673982.042874284088612 ], [ 331167.733655458723661, 4673962.098355741240084 ], [ 330520.207572404004168, 4675143.414286361075938 ], [ 330255.236023986304644, 4675146.136324540711939 ], [ 330133.036372377828229, 4675320.574163900688291 ] ] ] } },
{ "type": "Feature", "properties": { "drag_region": "Central", "region": "Central", "NAME": "Stoughton", "NAMELSAD": "Stoughton town" }, "geometry": { "type": "Polygon", "coordinates": [ [ [ 339017.536910284718033, 4667755.10600524302572 ], [ 339108.226584970892873, 4668026.485724833793938 ], [ 339487.239138443779666, 4667915.287797120399773 ], [ 339799.823329784150701, 4667947.88519895914942 ], [ 339876.266538829309866, 4668147.076077400706708 ], [ 339978.155283463362139, 4668154.077799087390304 ], [ 339994.574498896836303, 4668370.440333396196365 ], [ 340074.144005993555766, 4668434.001493590883911 ], [ 340260.121975059388205, 4668364.903006673790514 ], [ 340318.897424141818192, 4668565.873214813880622 ], [ 340602.888104326906614, 4668481.333298429846764 ], [ 340541.798355643579271, 4668068.20147299580276 ], [ 343558.375082353653852, 4668948.463255623355508 ], [ 345998.109676917316392, 4670683.423329491168261 ], [ 346806.216970535751898, 4669525.971767945215106 ], [ 346164.350278028694447, 4668059.12050652410835 ], [ 345552.935796488833148, 4667148.654266120865941 ], [ 346364.714290132804308, 4664331.097236860543489 ], [ 346278.465475901670288, 4663914.542398045770824 ], [ 339797.815539327042643, 4660694.104175854474306 ], [ 339739.965550960565452, 4661640.302945230156183 ], [ 339818.12621637241682, 4661905.894449606537819 ], [ 339763.517451062973123, 4662038.813470836728811 ], [ 340480.599794302310329, 4663784.173932236619294 ], [ 340459.565940426895395, 4664430.013507097959518 ], [ 339888.822662858467083, 4665965.02523169759661 ], [ 339350.928936441137921, 4666525.845171159133315 ], [ 339175.760982658306602, 4666815.912294961512089 ], [ 339017.536910284718033, 4667755.10600524302572 ] ] ] } },
{ "type": "Feature", "properties": { "drag_region": "Central", "region": "Central", "NAME": "Walpole", "NAMELSAD": "Walpole town" }, "geometry": { "type": "Polygon", "coordinates": [ [ [ 323429.493012044636998, 4670492.61407708376646 ], [ 325804.206309323955793, 4670363.565521515905857 ], [ 325848.705479923111852, 4674034.222947553731501 ], [ 326408.318396517832298, 4676111.922062418423593 ], [ 326595.743032410100568, 4676166.16184242349118 ], [ 326909.625839651969727, 4676418.396447630599141 ], [ 327210.266661592526361, 4676492.981543273665011 ], [ 327913.293189902615268, 4676306.922509161755443 ], [ 328273.493129068287089, 4675779.718438008800149 ], [ 328498.626253930153325, 4675672.33796427026391 ], [ 328683.047489904856775, 4675131.898071998730302 ], [ 328611.68096985068405, 4674878.425934890285134 ], [ 328762.618586223747116, 4674537.438244291581213 ], [ 328742.68261353392154, 4674222.165882688015699 ], [ 329021.969950907572638, 4674025.267073788680136 ], [ 329060.53006020601606, 4673907.360289302654564 ], [ 329319.579104313801508, 4673912.015964965336025 ], [ 329973.027691678435076, 4672723.322320503182709 ], [ 330260.783891612954903, 4672743.266839046031237 ], [ 330405.076921465748455, 4672440.497454710304737 ], [ 330951.374126735317986, 4672459.302809225395322 ], [ 330995.902463867329061, 4672314.920144359581172 ], [ 331120.094918676244561, 4672262.031328732147813 ], [ 331604.975798370898701, 4671599.45931042637676 ], [ 331831.380844166793395, 4671476.718814238905907 ], [ 332465.476375442289282, 4670332.798562270589173 ], [ 329817.755491454445291, 4668789.538643455132842 ], [ 329658.765275632846169, 4668534.787131393328309 ], [ 329320.57092771603493, 4668382.836778795346618 ], [ 329179.25940458761761, 4668046.073419445194304 ], [ 329185.564444430812728, 4667755.895969042554498 ], [ 329360.440009208803531, 4667455.644790796563029 ], [ 329179.323755307821557, 4667473.047151441685855 ], [ 328625.807765160512645, 4667200.645043103955686 ], [ 328736.629642807121854, 4666855.612097116187215 ], [ 328650.066278986283578, 4666608.426099184900522 ], [ 328760.198892997752409, 4666315.525959976017475 ], [ 328681.836883852258325, 4666242.465588971972466 ], [ 328674.241169999470003, 4665596.080884519964457 ], [ 327472.362639012048021, 4665510.237729910761118 ], [ 325927.726388564391527, 4664784.552897709421813 ], [ 325192.659320199803915, 4663698.174479937180877 ], [ 323654.095623003493529, 4667897.317129005677998 ], [ 323761.913788251404185, 4667959.974321878515184 ], [ 323524.656758373195771, 4669118.805985828861594 ], [ 323786.241008733690251, 4669333.10873703006655 ], [ 323802.963921210262924, 4669505.673977992497385 ], [ 323681.469995804305654, 4669781.639344844035804 ], [ 323726.408761317899916, 4670258.472301275469363 ], [ 323548.339996270020492, 4670468.849042444489896 ], [ 323480.51380470249569, 4670403.784071953035891 ], [ 323429.493012044636998, 4670492.61407708376646 ] ] ] } },
{ "type": "Feature", "properties": { "drag_region": "Northeast", "region": "Northeast", "NAME": "Acushnet", "NAMELSAD": "Acushnet town" }, "geometry": { "type": "Polygon", "coordinates": [ [ [ 352346.235564034199342, 4612192.546298671513796 ], [ 354098.655777594365645, 4613283.26264918781817 ], [ 353777.82497757015517, 4613532.165855132974684 ], [ 353786.016702421184164, 4613741.936917163431644 ], [ 355370.343717983923852, 4614221.622193937189877 ], [ 355584.985733631416224, 4613601.116793965920806 ], [ 357086.784739764116239, 4613815.958342967554927 ], [ 359243.444312272011302, 4604983.495980301871896 ], [ 356596.745631929137744, 4603636.884402307681739 ], [ 354292.064719036163297, 4603143.7132319342345 ], [ 354273.759239802137017, 4603444.049235036596656 ], [ 354459.524226507055573, 4604306.377444944344461 ], [ 354357.307941437116824, 4604986.379975402727723 ], [ 354149.955862132832408, 4605166.178984037600458 ], [ 354060.469937310554087, 4605473.991481373086572 ], [ 353815.117058136733249, 4605614.213864551857114 ], [ 352346.235564034199342, 4612192.546298671513796 ] ] ] } },
{ "type": "Feature", "properties": { "drag_region": "Northeast", "region": "Northeast", "NAME": "Attleboro", "NAMELSAD": "Attleboro city" }, "geometry": { "type": "Polygon", "coordinates": [ [ [ 309499.024303441401571, 4634040.798284801654518 ], [ 309566.045686419878621, 4636381.968679575249553 ], [ 313416.643268318555783, 4639161.820905749686062 ], [ 319126.026864936575294, 4644176.875283538363874 ], [ 323919.760166129621211, 4635335.042810653336346 ], [ 322740.792153865739238, 4635742.393411040306091 ], [ 316227.362777798145544, 4634960.520606732927263 ], [ 309499.024303441401571, 4634040.798284801654518 ] ] ] } },
{ "type": "Feature", "properties": { "drag_region": "Northeast", "region": "Northeast", "NAME": "Dighton", "NAMELSAD": "Dighton town" }, "geometry": { "type": "Polygon", "coordinates": [ [ [ 326984.260702057625167, 4630171.093150948174298 ], [ 332995.190732320188545, 4628734.542102194391191 ], [ 333008.061815750901587, 4628520.459803862497211 ], [ 333383.086363926820923, 4628449.718614882789552 ], [ 333480.038669069472235, 4628303.661345922388136 ], [ 333632.203217663976829, 4628294.451319357380271 ], [ 333740.484682433540002, 4628129.341451724991202 ], [ 333747.270687917247415, 4628061.178940317593515 ], [ 333644.134239582635928, 4628024.732285963371396 ], [ 333653.957616011204664, 4627790.618391359224916 ], [ 333848.925984309753403, 4627284.616520687937737 ], [ 334092.142963435908314, 4627238.283051825128496 ], [ 334229.181784566608258, 4627045.80869048461318 ], [ 334395.201453928952105, 4627078.715918769128621 ], [ 334822.521644460852258, 4626844.226782853715122 ], [ 334832.80216283723712, 4626735.206081843003631 ], [ 334550.531677068094723, 4626558.937255236320198 ], [ 334412.821283200522885, 4626299.681506932713091 ], [ 334591.209698583930731, 4625726.787094774655998 ], [ 334570.203484332305379, 4625402.88767012860626 ], [ 334751.386500158696435, 4624986.139472264796495 ], [ 334701.867458617198281, 4624519.286886162124574 ], [ 334642.858543975511566, 4624407.079976627603173 ], [ 334217.263055402087048, 4624201.344889200292528 ], [ 334198.935918428061996, 4624017.256853540427983 ], [ 333938.602188971708529, 4623643.59423369821161 ], [ 334070.566744203912094, 4623387.252386681735516 ], [ 334150.814091440639459, 4622835.880152710713446 ], [ 334356.951076476834714, 4622400.846708888188004 ], [ 333799.542830574908294, 4621705.305138247087598 ], [ 333771.021076707576867, 4621320.709619339555502 ], [ 333888.180326788628008, 4620876.749737678095698 ], [ 333719.219408918055706, 4620400.181352038867772 ], [ 333693.051203025504947, 4619905.538485014811158 ], [ 329413.926826140494086, 4619834.820211834274232 ], [ 329058.443750683334656, 4622791.8775345524773 ], [ 327622.586607591598295, 4622898.621439767070115 ], [ 326984.260702057625167, 4630171.093150948174298 ] ] ] } },
{ "type": "Feature", "properties": { "drag_region": "Northeast", "region": "Northeast", "NAME": "Easton", "NAMELSAD": "Easton town" }, "geometry": { "type": "Polygon", "coordinates": [ [ [ 331027.97914119559573, 4654153.73150753043592 ], [ 338418.781375046761241, 4657789.621257547289133 ], [ 340254.793948999198619, 4645470.449818179011345 ], [ 336357.939723291958217, 4646486.203341413289309 ], [ 331871.728324162890203, 4647452.651926804333925 ], [ 331027.97914119559573, 4654153.73150753043592 ] ] ] } },
{ "type": "Feature", "properties": { "drag_region": "Northeast", "region": "Northeast", "NAME": "Mansfield", "NAMELSAD": "Mansfield town" }, "geometry": { "type": "Polygon", "coordinates": [ [ [ 319007.373798141197767, 4649013.82514579501003 ], [ 322394.285713737364858, 4650673.889565290883183 ], [ 329041.074564333655871, 4653941.274463560432196 ], [ 329730.583121555391699, 4648530.935593346133828 ], [ 327736.420299255987629, 4647438.207010571844876 ], [ 326074.05392302875407, 4646763.239094666205347 ], [ 321288.79394790250808, 4644481.227007808163762 ], [ 319007.373798141197767, 4649013.82514579501003 ] ] ] } },
{ "type": "Feature", "properties": { "drag_region": "Northeast", "region": "Northeast", "NAME": "New Bedford", "NAMELSAD": "New Bedford city" }, "geometry": { "type": "Polygon", "coordinates": [ [ [ 348612.883815499430057, 4603781.133498610928655 ], [ 349760.990937441762071, 4609897.509288788773119 ], [ 351650.847122247854713, 4611039.339673556387424 ], [ 353119.72861635038862, 4604461.007239436730742 ], [ 353365.081495524209458, 4604320.7848562579602 ], [ 353454.567420346487779, 4604012.972358922474086 ], [ 353661.919499650772195, 4603833.173350287601352 ], [ 353764.135784720710944, 4603153.17081982921809 ], [ 353578.370798015792388, 4602290.842609921470284 ], [ 353634.894850493117701, 4601487.998384908773005 ], [ 353327.932882963388693, 4600396.983110467903316 ], [ 353387.880975940322969, 4600095.830850497819483 ], [ 353566.651762737019453, 4599891.900574019178748 ], [ 353990.245460694713984, 4599827.060938035137951 ], [ 354131.545563382911496, 4599435.245908753946424 ], [ 353807.076810868573375, 4599086.752457229420543 ], [ 353857.98607055877801, 4598752.259709996171296 ], [ 354314.613190773001406, 4598297.806766437366605 ], [ 354375.315498692390975, 4597699.946749757044017 ], [ 354582.955329395888839, 4597236.585308923386037 ], [ 356622.787799872516189, 4593946.932480054907501 ], [ 353848.247320289083291, 4592902.386803217232227 ], [ 352619.744059615302831, 4595924.974534129723907 ], [ 352196.199726985127199, 4595868.133682842366397 ], [ 352151.17560750542907, 4596169.293176676146686 ], [ 352011.774552872462664, 4596064.777664278633893 ], [ 351871.912582353514154, 4596560.022319515235722 ], [ 350779.545284323336091, 4597313.689648119732738 ], [ 349984.70958810223965, 4599097.985019800253212 ], [ 349934.886843722604681, 4599475.924980467185378 ], [ 349186.60982361092465, 4600429.452360991388559 ], [ 348612.883815499430057, 4603781.133498610928655 ] ] ] } },
{ "type": "Feature", "properties": { "drag_region": "Northeast", "region": "Northeast", "NAME": "Norton", "NAMELSAD": "Norton town" }, "geometry": { "type": "Polygon", "coordinates": [ [ [ 322024.583915155846626, 4643249.703211490064859 ], [ 326809.843890282092616, 4645531.715298348106444 ], [ 328472.210266509326175, 4646206.683214253745973 ], [ 330466.373088808730245, 4647299.411797028034925 ], [ 330620.61371455428889, 4646008.671086516231298 ], [ 335203.698903105570935, 4645017.95687738712877 ], [ 333069.30112788034603, 4642164.152474698610604 ], [ 330509.008142485923599, 4639006.957203631289303 ], [ 327262.749002170749009, 4636063.421524299308658 ], [ 326073.808453454403207, 4635881.392621662467718 ], [ 322024.583915155846626, 4643249.703211490064859 ] ] ] } },
{ "type": "Feature", "properties": { "drag_region": "Northeast", "region": "Northeast", "NAME": "Rehoboth", "NAMELSAD": "Rehoboth town" }, "geometry": { "type": "Polygon", "coordinates": [ [ [ 317224.552048538229428, 4633013.116965943016112 ], [ 323737.981424605823122, 4633794.98977025039494 ], [ 324916.949436869705096, 4633387.639169863425195 ], [ 326105.889985586050898, 4633569.668072500266135 ], [ 326606.198620705748908, 4630065.093718049116433 ], [ 325229.641297617112286, 4630378.644653115421534 ], [ 326252.112245029304177, 4619387.648854830302298 ], [ 318264.973447087686509, 4618667.192836091853678 ], [ 317528.126949741330463, 4618695.473161092028022 ], [ 317224.552048538229428, 4633013.116965943016112 ] ] ] } },
{ "type": "Feature", "properties": { "drag_region": "Northeast", "region": "Northeast", "NAME": "Somerset", "NAMELSAD": "Somerset town" }, "geometry": { "type": "Polygon", "coordinates": [ [ [ 325960.138224521942902, 4607218.511965392157435 ], [ 325972.288155422604177, 4607507.408116118982434 ], [ 326904.125680567114614, 4610341.096776865422726 ], [ 327258.632022367848549, 4611115.126665665768087 ], [ 327290.142403535428457, 4611424.195957492105663 ], [ 327651.396692637761589, 4612152.849658530205488 ], [ 327725.657108994899318, 4612573.049072804860771 ], [ 327417.207258718437515, 4612969.210048406384885 ], [ 330253.451305563328788, 4612293.916616823524237 ], [ 330654.003510857117362, 4617848.250287432223558 ], [ 333446.098480003885925, 4617936.048776705749333 ], [ 333838.389489279303234, 4616574.623985022306442 ], [ 333600.318263137363829, 4616024.981740123592317 ], [ 332383.510910476674326, 4614244.212586772628129 ], [ 332311.333200647903141, 4613346.082609383389354 ], [ 331566.415783419157378, 4612164.689102465286851 ], [ 330037.660111556644551, 4610269.706325200386345 ], [ 328661.643119663349353, 4608193.38542179018259 ], [ 327333.353814163827337, 4607038.240892798639834 ], [ 326359.707835483597592, 4605997.239850162528455 ], [ 325790.705931755830534, 4606966.646367842331529 ], [ 325960.138224521942902, 4607218.511965392157435 ] ] ] } },
{ "type": "Feature", "properties": { "drag_region": "Central", "region": "Central", "NAME": "Hudson", "NAMELSAD": "Hudson town" }, "geometry": { "type": "Polygon", "coordinates": [ [ [ 293966.391489731438924, 4702159.371832358650863 ], [ 296272.160717103048228, 4703949.84529069531709 ], [ 294323.495880297152326, 4705204.192528550513089 ], [ 295918.364005337760318, 4706199.605224208906293 ], [ 298087.429640998132527, 4706672.516209774650633 ], [ 300608.128158995823469, 4705438.964763805270195 ], [ 300691.074693930917419, 4704829.755764001049101 ], [ 301430.342296343005728, 4705039.978124815039337 ], [ 302618.810290911176708, 4704928.04019592422992 ], [ 302859.46765368868364, 4704693.996562527492642 ], [ 303477.920773747260682, 4704784.400183718651533 ], [ 303646.303299760969821, 4704649.534457309171557 ], [ 303729.406274111883249, 4704769.686763575300574 ], [ 303972.862085884145927, 4704728.321352853439748 ], [ 303904.484937268076465, 4704612.958671181462705 ], [ 304032.476337303698529, 4704420.603700696490705 ], [ 305128.10213316680165, 4704027.856118769384921 ], [ 304864.993210059008561, 4702991.580326858907938 ], [ 294317.535153733741026, 4701821.375536790117621 ], [ 293966.391489731438924, 4702159.371832358650863 ] ] ] } },
{ "type": "Feature", "properties": { "drag_region": "Central", "region": "Central", "NAME": "Malden", "NAMELSAD": "Malden city" }, "geometry": { "type": "Polygon", "coordinates": [ [ [ 345235.028423084761016, 4708232.80162360612303 ], [ 345271.836738510930445, 4708497.562517792917788 ], [ 345356.407684267265722, 4708485.592816837131977 ], [ 345595.920944324694574, 4710219.926996868103743 ], [ 345883.626665745628998, 4710129.750869493000209 ], [ 345803.684676664415747, 4709565.046662013977766 ], [ 350514.373781037167646, 4710103.112341091968119 ], [ 350946.264544196194038, 4709375.177786639891565 ], [ 350263.316119797294959, 4707830.637569864280522 ], [ 348429.691582707571797, 4707728.577851024456322 ], [ 347587.274896915303543, 4706977.545439548790455 ], [ 346529.977829207258765, 4706875.729235543869436 ], [ 346533.325807170476764, 4706675.64989719260484 ], [ 346422.622654369624797, 4706626.576495218090713 ], [ 345986.767426450387575, 4706930.125183978118002 ], [ 345837.483204610995017, 4706932.783646922558546 ], [ 345503.037101013236679, 4707247.212510866113007 ], [ 345235.028423084761016, 4708232.80162360612303 ] ] ] } },
{ "type": "Feature", "properties": { "drag_region": "West", "region": "West", "NAME": "Lanesborough", "NAMELSAD": "Lanesborough town" }, "geometry": { "type": "Polygon", "coordinates": [ [ [ 118706.11477310040209, 4723444.132043419405818 ], [ 123569.209158374214894, 4732546.577306316234171 ], [ 128148.41419134339958, 4731273.096205854788423 ], [ 127355.397429957214626, 4729808.565837297588587 ], [ 127851.384962931319023, 4729673.545091754756868 ], [ 127410.436123470644816, 4728854.195785977877676 ], [ 127885.247348804536159, 4728714.00428422074765 ], [ 127103.066957772171008, 4727229.339414342306554 ], [ 129104.283576226429432, 4726708.452552734874189 ], [ 127893.031005152777652, 4724544.409727627411485 ], [ 128905.636030916633899, 4724268.982535953633487 ], [ 128802.58180260482186, 4724070.670913337729871 ], [ 130733.516859876966919, 4723546.050621347501874 ], [ 129246.72904882497096, 4720778.321720871143043 ], [ 118706.11477310040209, 4723444.132043419405818 ] ] ] } },
{ "type": "Feature", "properties": { "drag_region": "Central", "region": "Central", "NAME": "Marblehead", "NAMELSAD": "Marblehead town" }, "geometry": { "type": "Polygon", "coordinates": [ [ [ 365612.538011581229512, 4715565.495638141408563 ], [ 365962.656081579392776, 4715682.319499252364039 ], [ 366267.090968675853219, 4715985.713942844420671 ], [ 366326.025807880330831, 4716139.716455465182662 ], [ 366264.682604753877968, 4716530.374956233426929 ], [ 366613.375773287261836, 4716693.033251367509365 ], [ 366709.750780562928412, 4716934.084625997580588 ], [ 366608.549881594954059, 4717056.211696526966989 ], [ 366990.141923271818087, 4717521.010122320614755 ], [ 367214.641578103415668, 4717631.904879688285291 ], [ 367287.306132058263756, 4717809.718221933580935 ], [ 367216.134974800923374, 4718247.913453958928585 ], [ 367616.662678484921344, 4719261.148548654280603 ], [ 369034.810474928002805, 4720218.68401266541332 ], [ 370253.77592076943256, 4720347.596236313693225 ], [ 372668.404901460802648, 4719582.702541424892843 ], [ 373841.982393045327626, 4718096.023824800737202 ], [ 376370.544005581061356, 4715306.523037356324494 ], [ 373672.523683094594162, 4713620.895437544211745 ], [ 372774.649342980934307, 4713140.416979424655437 ], [ 371601.139858080190606, 4712578.873763198032975 ], [ 370461.243608972639777, 4712195.764985376037657 ], [ 367248.597938575141598, 4714797.036142541095614 ], [ 365612.538011581229512, 4715565.495638141408563 ] ], [ [ 370797.751375770196319, 4715334.360191699117422 ], [ 370829.394219281850383, 4715139.81412433180958 ], [ 370952.49346055049682, 4715120.709744174033403 ], [ 370830.57618714205455, 4715285.656695601530373 ], [ 370860.359050317492802, 4715370.000265178270638 ], [ 370992.884061379940249, 4715368.689925751648843 ], [ 370937.771063480526209, 4715546.522855419665575 ], [ 370797.751375770196319, 4715334.360191699117422 ] ], [ [ 372332.274303769052494, 4718646.708624104037881 ], [ 372578.589800171437673, 4718316.256979360245168 ], [ 372758.809124465449713, 4718218.748810875229537 ], [ 372783.889823819394223, 4718442.290126383304596 ], [ 372632.792204736848362, 4718444.744262874126434 ], [ 372455.960987906961236, 4718730.711276502348483 ], [ 372332.274303769052494, 4718646.708624104037881 ] ] ] } },
{ "type": "Feature", "properties": { "drag_region": "West", "region": "West", "NAME": "Hatfield", "NAMELSAD": "Hatfield town" }, "geometry": { "type": "Polygon", "coordinates": [ [ [ 179213.021498285146663, 4703056.296230499632657 ], [ 179642.911546183429891, 4707299.603559458628297 ], [ 182961.106308594607981, 4707668.683905079960823 ], [ 182958.669462600169936, 4707731.205274252220988 ], [ 183522.011088369268691, 4707733.385355975478888 ], [ 186582.320422469143523, 4708497.429866555146873 ], [ 186945.174234910082305, 4708419.464266539551318 ], [ 187357.231124417361571, 4706821.494949162006378 ], [ 187322.978528951847693, 4705981.19285648688674 ], [ 187200.401357884897152, 4705733.589916071854532 ], [ 187055.140927915257635, 4705628.793560639023781 ], [ 186863.732392171543324, 4705610.833721797913313 ], [ 186540.859102093061665, 4705813.041081032715738 ], [ 186298.670388117054245, 4705826.613576664589345 ], [ 186195.661631241819123, 4705791.139891107566655 ], [ 186073.25956543002394, 4705583.819761972874403 ], [ 186377.404285060503753, 4704801.74344730284065 ], [ 186063.202266092906939, 4704008.426911014132202 ], [ 185842.075707832846092, 4703104.042074066586792 ], [ 186134.810759233863791, 4701482.701465350575745 ], [ 185960.611318283976289, 4700880.944073596969247 ], [ 185699.126518399250926, 4700600.400518556125462 ], [ 185386.643057224486256, 4700464.652783629484475 ], [ 184746.387352749967249, 4700382.312043903395534 ], [ 182920.197218154295115, 4700702.907499576918781 ], [ 182259.31031977411476, 4700671.628877435810864 ], [ 182098.611314790294273, 4701208.994587196968496 ], [ 182179.418055003479822, 4701221.000436716713011 ], [ 181855.005853899783688, 4703370.545620694756508 ], [ 179213.021498285146663, 4703056.296230499632657 ] ] ] } },
{ "type": "Feature", "properties": { "drag_region": "West", "region": "West", "NAME": "Charlton", "NAMELSAD": "Charlton town" }, "geometry": { "type": "Polygon", "coordinates": [ [ [ 237203.80684343536268, 4670387.470168545842171 ], [ 239115.409229622746352, 4671082.319707445800304 ], [ 238795.808355828106869, 4674722.816996299661696 ], [ 239696.225041271216469, 4674832.421732023358345 ], [ 239621.717790427792352, 4675731.561229501850903 ], [ 248148.524828428257024, 4676224.01636123098433 ], [ 249264.706116184679559, 4666541.73970200587064 ], [ 248228.219731602235697, 4666266.058574639260769 ], [ 248410.150603942543967, 4665141.887567565776408 ], [ 241422.136783808586188, 4663304.397278533317149 ], [ 241472.313804320408963, 4663928.039609612897038 ], [ 241201.074525625474053, 4663855.605563887394965 ], [ 241149.62157843352179, 4664376.967124940827489 ], [ 241478.201863177819178, 4664479.075405561365187 ], [ 241430.528706556244288, 4664763.594218953512609 ], [ 241304.012483215541579, 4664731.450413077138364 ], [ 241394.642873152159154, 4664968.4273686921224 ], [ 241211.725660121504916, 4664947.935748088173568 ], [ 241082.779561975126853, 4666129.778564426116645 ], [ 240676.186456524155801, 4666001.97396367508918 ], [ 238700.281201441248413, 4667009.930392938666046 ], [ 238859.809072379721329, 4667327.049000794067979 ], [ 238683.436353339988273, 4667275.04021574370563 ], [ 238594.077969906415092, 4668135.347773130051792 ], [ 238367.230467194924131, 4668062.568598828278482 ], [ 238424.868618120090105, 4667550.1738211940974 ], [ 237968.385162228747504, 4667383.381357208825648 ], [ 237981.580161548976321, 4667530.902434885501862 ], [ 237741.264232375047868, 4667492.199073876254261 ], [ 237709.695985186030157, 4667854.238403722643852 ], [ 237508.56445943255676, 4667788.13046726025641 ], [ 237203.80684343536268, 4670387.470168545842171 ] ] ] } },
{ "type": "Feature", "properties": { "drag_region": "Central", "region": "Central", "NAME": "Gloucester", "NAMELSAD": "Gloucester city" }, "geometry": { "type": "Polygon", "coordinates": [ [ [ 381375.171339141321369, 4734095.907660073600709 ], [ 382890.720837287139148, 4736536.169620701111853 ], [ 385507.596448933240026, 4741872.86303791962564 ], [ 391199.496559560997412, 4742217.73873467464 ], [ 390772.500597484526224, 4738853.411099057644606 ], [ 390784.434915763908066, 4735514.784445948898792 ], [ 393766.512824170058593, 4734110.805959773249924 ], [ 396919.196676217950881, 4733602.433258568868041 ], [ 392622.222076921432745, 4732734.511287336237729 ], [ 392244.251419300795533, 4732263.091681755147874 ], [ 390892.375039884471335, 4729926.155446304939687 ], [ 390267.671667397138663, 4729382.081270071677864 ], [ 389931.338856622460298, 4729294.546275399625301 ], [ 388887.079842518549412, 4729283.34237664937973 ], [ 388335.674747522163671, 4729319.201737238094211 ], [ 387698.618387651804369, 4729519.325074971653521 ], [ 386878.1577292906004, 4729437.779588377103209 ], [ 385902.22339667804772, 4729129.831170676276088 ], [ 384907.71583749668207, 4728529.448252389207482 ], [ 384695.981803962145932, 4728725.365224957466125 ], [ 384661.212415210087784, 4728889.594212500378489 ], [ 384741.945871472125873, 4729117.692157316021621 ], [ 384594.813957642298192, 4729736.89117428753525 ], [ 383236.673773707123473, 4730497.774895477108657 ], [ 382698.531050175311975, 4730718.782725716941059 ], [ 381375.171339141321369, 4734095.907660073600709 ] ] ] } },
{ "type": "Feature", "properties": { "drag_region": "Central", "region": "Central", "NAME": "Lowell", "NAMELSAD": "Lowell city" }, "geometry": { "type": "Polygon", "coordinates": [ [ [ 317840.622803127218504, 4738731.719348414801061 ], [ 318215.380711673817132, 4739600.92951366212219 ], [ 318982.742272985924501, 4739697.847324792295694 ], [ 319891.111376682703849, 4738861.260633393190801 ], [ 324678.00453668407863, 4740069.73769199103117 ], [ 325666.518272311368492, 4738081.788342063315213 ], [ 326241.831744764291216, 4738674.570452685467899 ], [ 326648.09926870156778, 4738871.878572826273739 ], [ 326683.952351679618005, 4738762.451233900152147 ], [ 326884.250252842437476, 4738087.621624251827598 ], [ 326937.448899859853555, 4737533.436694386415184 ], [ 326602.827002827252727, 4735832.938141564838588 ], [ 326326.129176981921773, 4734950.021863357163966 ], [ 325847.268460293824319, 4734346.390800163149834 ], [ 324785.88537242874736, 4734083.521616585552692 ], [ 324724.806489277048968, 4734122.51985327154398 ], [ 324797.352640997210983, 4734306.359716594219208 ], [ 322898.945797766151372, 4734234.691734636202455 ], [ 322918.662162982102018, 4733675.379811064340174 ], [ 322830.395206918532494, 4733495.099240169860423 ], [ 322546.627335984318051, 4733457.323264921084046 ], [ 322373.960454711748753, 4734214.878844087012112 ], [ 322190.058905048761517, 4734207.824608644470572 ], [ 319604.44715212850133, 4735703.893896241672337 ], [ 319247.33394988818327, 4737005.936357895843685 ], [ 318857.253162514942233, 4737015.19173638895154 ], [ 318434.280148783174809, 4737264.448394879698753 ], [ 318248.446316363697406, 4737600.637678756378591 ], [ 318099.8196562808007, 4738127.053377914242446 ], [ 317956.234793762268964, 4738310.250222490169108 ], [ 318007.158354510145728, 4738487.080551574006677 ], [ 317840.622803127218504, 4738731.719348414801061 ] ] ] } },
{ "type": "Feature", "properties": { "drag_region": "Central", "region": "Central", "NAME": "Groveland", "NAMELSAD": "Groveland town" }, "geometry": { "type": "Polygon", "coordinates": [ [ [ 350178.250605054199696, 4750103.687772058881819 ], [ 351074.97431090020109, 4751592.581716743297875 ], [ 351395.159320227685384, 4751905.825428657233715 ], [ 351441.434555770480074, 4752369.16198565531522 ], [ 351635.332396821118891, 4752524.471222954802215 ], [ 351576.854360201803502, 4752791.116541924886405 ], [ 351958.557364119798876, 4752993.446201026439667 ], [ 353095.141402040608227, 4754775.671733431518078 ], [ 353327.909638324403204, 4755259.208087363280356 ], [ 353464.903014219482429, 4755774.04580585565418 ], [ 355386.262577649846207, 4754322.713512142188847 ], [ 357748.526883149868809, 4752781.777161152102053 ], [ 358350.386564936197829, 4752274.001897207461298 ], [ 357481.76860523968935, 4752003.126372979022563 ], [ 357162.213200257509016, 4751822.931951728649437 ], [ 356718.828294922364876, 4751737.209868689998984 ], [ 354078.703471260261722, 4750191.308372126892209 ], [ 353417.730592344829347, 4750144.979703301563859 ], [ 352782.440209232270718, 4749906.649561776779592 ], [ 352159.603100059670396, 4750033.971272980794311 ], [ 352368.49196420784574, 4748438.245779643766582 ], [ 350178.250605054199696, 4750103.687772058881819 ] ] ] } },
{ "type": "Feature", "properties": { "drag_region": "Northeast", "region": "Northeast", "NAME": "Barnstable Town", "NAMELSAD": "Barnstable Town city" }, "geometry": { "type": "Polygon", "coordinates": [ [ [ 399881.604375238006469, 4597567.864477479830384 ], [ 399993.192570945480838, 4597878.039617755450308 ], [ 400645.915399082587101, 4597910.169816014356911 ], [ 400991.877593122073449, 4598095.678082931786776 ], [ 401141.293046892154962, 4598043.627404456026852 ], [ 401090.08024303620914, 4598371.222099243663251 ], [ 401218.6520325622987, 4598457.013546159490943 ], [ 401666.195891416515224, 4599322.180508216843009 ], [ 401300.006340269756038, 4600058.20722287055105 ], [ 400674.102033350733109, 4600860.50764455832541 ], [ 407091.730976231512614, 4609200.174577533267438 ], [ 409011.773694912262727, 4608888.040333497337997 ], [ 411340.042136917589232, 4608688.035319574177265 ], [ 414186.176838312298059, 4608573.913629924878478 ], [ 414760.199726232734974, 4608434.682161699980497 ], [ 415550.856189737620298, 4607943.677957950159907 ], [ 415795.999446219997481, 4607679.728152358904481 ], [ 416157.279750840854831, 4607453.823819927871227 ], [ 416251.564113558910321, 4607286.851900759153068 ], [ 416145.025763227313291, 4607227.350063317455351 ], [ 416668.070490568235982, 4606481.251186181791127 ], [ 416981.980056459491607, 4606179.57575086504221 ], [ 417207.062389834201895, 4606151.621863447129726 ], [ 417211.224306349351536, 4605913.13603497762233 ], [ 416967.005309224594384, 4605527.930154178291559 ], [ 417149.877491529798135, 4605355.230250149033964 ], [ 417240.613879643380642, 4605101.484438691288233 ], [ 417295.602729704871308, 4603728.991278572008014 ], [ 415978.58525497931987, 4598705.704577885568142 ], [ 416945.759626224520616, 4597076.374644310213625 ], [ 417051.353683841880411, 4596737.130221526138484 ], [ 416924.014167578192428, 4596638.272771388292313 ], [ 416537.700110379140824, 4596793.523247153498232 ], [ 414587.764803701487835, 4595330.384504415094852 ], [ 407584.337281374493614, 4594666.881431545130908 ], [ 405261.192203935235739, 4593671.245108465664089 ], [ 405333.386232639837544, 4594461.779378573410213 ], [ 404557.907015301461797, 4594503.294064617715776 ], [ 403265.610254290222656, 4594224.139112389646471 ], [ 402914.642405355698429, 4594347.002955763600767 ], [ 402358.509869286324829, 4594311.934804237447679 ], [ 402115.961865964811295, 4593978.035145261324942 ], [ 401958.244504916772712, 4593369.193217972293496 ], [ 401880.600182664813474, 4593427.129780667833984 ], [ 401991.701401225873269, 4593730.122439694590867 ], [ 401897.314713874598965, 4593808.550995893776417 ], [ 401674.987854034814518, 4592797.771443976089358 ], [ 401512.911806955351494, 4592618.688079341314733 ], [ 401244.796956939506344, 4592510.466366841457784 ], [ 401250.48541744844988, 4592372.660702278837562 ], [ 401137.072554904269055, 4592302.047327060252428 ], [ 401085.514477928343695, 4592349.780510270036757 ], [ 401005.709185110463295, 4592225.185516780242324 ], [ 400544.630347922211513, 4592491.94780355785042 ], [ 400027.225193063670304, 4593397.16616134904325 ], [ 400373.017522913229186, 4594460.007905605249107 ], [ 401091.673193285008892, 4595513.465303603559732 ], [ 401275.572773921943735, 4595580.891719884239137 ], [ 401266.058246271102689, 4595803.05487540923059 ], [ 401368.364956949313637, 4595840.871227722615004 ], [ 401336.215567321050912, 4596035.31727666221559 ], [ 401438.091381849837489, 4596122.117910373024642 ], [ 401412.476495118113235, 4596328.559150883927941 ], [ 401243.673011344915722, 4596681.671882989816368 ], [ 401124.004769393592142, 4597610.905196914449334 ], [ 400847.00004162552068, 4597557.938666887581348 ], [ 400809.332389364251867, 4597631.428711374290287 ], [ 400129.355416540405713, 4597379.406372369267046 ], [ 399881.604375238006469, 4597567.864477479830384 ] ] ] } },
{ "type": "Feature", "properties": { "drag_region": "Northeast", "region": "Northeast", "NAME": "Brewster", "NAMELSAD": "Brewster town" }, "geometry": { "type": "Polygon", "coordinates": [ [ [ 432636.420495335711166, 4610710.698661830276251 ], [ 432791.026349037187174, 4611011.019737642258406 ], [ 433138.399194996978622, 4611118.232024789787829 ], [ 433213.108300563180819, 4611208.522289283573627 ], [ 433339.359191623982042, 4611165.653800467029214 ], [ 433382.999236192787066, 4611283.784975056536496 ], [ 433533.258223179611377, 4611371.414629759266973 ], [ 433577.53614179615397, 4611330.187702252529562 ], [ 433599.394477574154735, 4611398.636794487014413 ], [ 433652.510601552377921, 4611359.181572505272925 ], [ 433681.567580175469629, 4611456.518976464867592 ], [ 433746.128249002853408, 4611421.022361469455063 ], [ 433720.438578151515685, 4611547.730754041112959 ], [ 433917.315299690468237, 4611519.822063892148435 ], [ 433868.729550403833855, 4611682.476521692238748 ], [ 434035.936791688029189, 4611662.401279903016984 ], [ 433918.710042491788045, 4611809.410990311764181 ], [ 434255.350409309670795, 4612085.606424263678491 ], [ 434515.766949439363088, 4612129.838758628815413 ], [ 434826.975577838951722, 4612537.53705445304513 ], [ 435283.276454493345227, 4612551.37665418908 ], [ 435291.050999419006985, 4612407.02815047185868 ], [ 435325.296126975212246, 4612541.06038021016866 ], [ 435250.608145480335224, 4612603.213953666388988 ], [ 436066.163274391787127, 4612837.544171976856887 ], [ 437175.165804533404298, 4613336.629598741419613 ], [ 437262.219064020609949, 4613442.571933492086828 ], [ 437679.364066785026807, 4613343.238872226327658 ], [ 438733.636723113129847, 4613849.026460909284651 ], [ 438976.128626267018262, 4613876.874752542935312 ], [ 439061.370306117110886, 4613746.226288632489741 ], [ 439475.03019958891673, 4613835.260402365587652 ], [ 441122.238272276357748, 4614546.839328633621335 ], [ 442419.556416919745971, 4615327.928717817179859 ], [ 442745.590588846709579, 4615467.834014878608286 ], [ 442807.297847693727817, 4615408.690138044767082 ], [ 442847.19869993586326, 4615493.273398170247674 ], [ 443242.887192242837045, 4615250.164008950814605 ], [ 443215.60095644480316, 4615100.691423166543245 ], [ 443341.103227994579356, 4615164.497345986776054 ], [ 443464.106813025136944, 4615017.132709446363151 ], [ 443707.371263096050825, 4614974.952227063477039 ], [ 443879.288743516488466, 4614745.624945320188999 ], [ 444360.321016048023012, 4613307.435056023299694 ], [ 444353.887010666716378, 4612842.357595879584551 ], [ 445346.250305995577946, 4610961.565278234891593 ], [ 444999.142578818253241, 4610250.144857387058437 ], [ 444575.636027743748855, 4609626.24137544259429 ], [ 445438.521360972546972, 4608866.277820678427815 ], [ 442720.568286504421849, 4608767.971555263735354 ], [ 442513.612900422944222, 4608663.726902751252055 ], [ 442540.182575507613365, 4608534.046728076413274 ], [ 442403.495379099389538, 4608400.651814993470907 ], [ 442127.228995547513478, 4608338.109480054117739 ], [ 441761.432627592992503, 4608626.991098271682858 ], [ 441554.273293608915992, 4608672.904693742282689 ], [ 441354.318094051675871, 4608488.880500153638422 ], [ 441143.745297470188234, 4608493.539583132602274 ], [ 441104.200274335336871, 4608319.461043863557279 ], [ 440352.761502758250572, 4608109.303978157229722 ], [ 439189.251842767116614, 4608318.50845112837851 ], [ 438462.52530363475671, 4608160.432143073529005 ], [ 437939.424127293226775, 4608531.98644551075995 ], [ 437580.203338574850932, 4608662.655887834727764 ], [ 436926.414313561108429, 4608477.497920491732657 ], [ 436721.343028645031154, 4607536.12397026643157 ], [ 433589.416818057885394, 4606481.345527609810233 ], [ 432636.420495335711166, 4610710.698661830276251 ] ] ] } },
{ "type": "Feature", "properties": { "drag_region": "Northeast", "region": "Northeast", "NAME": "Falmouth", "NAMELSAD": "Falmouth town" }, "geometry": { "type": "Polygon", "coordinates": [ [ [ 376528.146544907882344, 4584780.898316765204072 ], [ 379342.32871800364228, 4586472.680755424313247 ], [ 380055.025284570001531, 4589083.601191304624081 ], [ 380738.964971200039145, 4589618.959131119772792 ], [ 380832.853369335178286, 4590404.296137167140841 ], [ 380300.322164467885159, 4593377.42157977540046 ], [ 380332.85058626049431, 4595586.046910032629967 ], [ 379837.593653229821939, 4595595.454647870734334 ], [ 379975.718842756177764, 4599380.679114842787385 ], [ 383181.248252738441806, 4599121.630699880421162 ], [ 383835.829066052509006, 4599218.303947845473886 ], [ 389912.495988020324148, 4596760.715196677483618 ], [ 390403.111211630923208, 4595592.376100921072066 ], [ 391029.464377485623118, 4592588.95290002040565 ], [ 393301.235876890772488, 4591871.02027858607471 ], [ 392653.409420103591401, 4590320.580508475191891 ], [ 392711.037259108095895, 4590177.420001833699644 ], [ 392556.997891275852453, 4590104.808906005695462 ], [ 392514.999289205414243, 4589925.070955730043352 ], [ 392085.78309578174958, 4589340.186831621453166 ], [ 392027.049989512597676, 4589039.245576490648091 ], [ 391818.798113675147761, 4589125.303578623570502 ], [ 390748.750100209086668, 4587094.775653562508523 ], [ 390713.186165428196546, 4586772.77643250208348 ], [ 390598.508092611387838, 4586661.969497979618609 ], [ 390387.83598092145985, 4586948.683416035957634 ], [ 390121.300930440949742, 4587109.566489089280367 ], [ 389174.197460033523384, 4587313.157025780528784 ], [ 389056.778165792464279, 4587143.449732935987413 ], [ 388843.794856643828098, 4587064.974164521321654 ], [ 387963.131744533486199, 4586881.482945925556123 ], [ 387265.14982633391628, 4586886.801837016828358 ], [ 386319.645025302947033, 4586492.33603223785758 ], [ 385833.290105358755682, 4586633.417146107181907 ], [ 385635.80139987898292, 4586606.505029673688114 ], [ 385632.768913934763987, 4586672.976384890265763 ], [ 385620.665954833151773, 4586609.22684655431658 ], [ 385095.854460935981479, 4586618.678940542973578 ], [ 384504.357546846789774, 4586276.33520847838372 ], [ 383814.088179190584924, 4586404.01307041104883 ], [ 383335.299274389690254, 4586327.881622250191867 ], [ 383259.438361357024405, 4586247.002940716221929 ], [ 382773.762898075161502, 4586222.793140109628439 ], [ 381888.287377692584414, 4585924.282772249542177 ], [ 381156.060137045802549, 4585425.266417486593127 ], [ 380842.511277011828497, 4585043.503360545262694 ], [ 380184.891721837397199, 4583941.958585327491164 ], [ 380091.108575736870989, 4583407.749704228714108 ], [ 378956.637960333726369, 4583048.7113634981215 ], [ 378609.934838714601938, 4583475.910191643051803 ], [ 378418.015842936933041, 4583880.689634094946086 ], [ 377850.732806996034924, 4583687.897197064012289 ], [ 377268.640862501051743, 4583614.724179639481008 ], [ 377019.674172554223333, 4583736.547329577617347 ], [ 376761.69796134531498, 4584598.826127298176289 ], [ 376528.146544907882344, 4584780.898316765204072 ] ] ] } },
{ "type": "Feature", "properties": { "drag_region": "Northeast", "region": "Northeast", "NAME": "Orleans", "NAMELSAD": "Orleans town" }, "geometry": { "type": "Polygon", "coordinates": [ [ [ 445129.591171260341071, 4616015.570289977826178 ], [ 445955.184006853261963, 4617111.545961783267558 ], [ 446249.89695997920353, 4617280.524124324321747 ], [ 446598.13242484460352, 4617132.639239037409425 ], [ 446699.228514096990693, 4617322.448884453624487 ], [ 446830.60109345120145, 4617124.147432080470026 ], [ 446862.665167690312956, 4617194.618000186979771 ], [ 447018.691853223135695, 4617207.67853840533644 ], [ 447018.748304423061199, 4617134.057059929706156 ], [ 447148.283088608179241, 4617148.206366656348109 ], [ 447136.868702600477263, 4617066.945405391044915 ], [ 447374.415036181104369, 4617116.376133978366852 ], [ 447515.447774954605848, 4616982.602189381606877 ], [ 447678.25571298552677, 4616999.818294112570584 ], [ 448163.399850043817423, 4617417.408205185085535 ], [ 448771.736404553987086, 4616352.000539738684893 ], [ 449443.834142167470418, 4617704.400408243760467 ], [ 449868.443778383720201, 4617887.158792197704315 ], [ 450059.508684063097462, 4618351.827643111348152 ], [ 450486.35518503660569, 4618784.438387368805707 ], [ 450728.310237258905545, 4618789.735291325487196 ], [ 451012.846213442157023, 4618537.508763671852648 ], [ 452850.137608349614311, 4618155.040529518388212 ], [ 453297.319423222565092, 4611720.378963313996792 ], [ 453371.640816993545741, 4608433.848682365380228 ], [ 451119.543639659648761, 4608740.625281311571598 ], [ 447972.450404540693853, 4608819.934756359085441 ], [ 447707.726914177299477, 4609272.470551140606403 ], [ 446843.370144800283015, 4610020.23663140181452 ], [ 447266.876695874787401, 4610644.140113346278667 ], [ 447613.984423052112106, 4611355.560534194111824 ], [ 446621.621127723250538, 4613236.352851838804781 ], [ 446628.055133104557171, 4613701.430311982519925 ], [ 446147.022860573022626, 4615139.62020127940923 ], [ 445975.105380152584985, 4615368.94748302269727 ], [ 445731.840930081671104, 4615411.127965405583382 ], [ 445608.837345051113516, 4615558.492601945996284 ], [ 445483.33507350133732, 4615494.686679125763476 ], [ 445526.531365318049211, 4615626.203928934410214 ], [ 445124.668727349780966, 4615916.245848791673779 ], [ 445129.591171260341071, 4616015.570289977826178 ] ] ] } },
{ "type": "Feature", "properties": { "drag_region": "Northeast", "region": "Northeast", "NAME": "Wellfleet", "NAMELSAD": "Wellfleet town" }, "geometry": { "type": "Polygon", "coordinates": [ [ [ 438875.622140739287715, 4635919.39857070799917 ], [ 438914.370085342321545, 4638226.369513251818717 ], [ 439553.139119020313956, 4638373.552726176567376 ], [ 442775.294916105282027, 4638896.101042283698916 ], [ 446266.670354582020082, 4639290.592002493329346 ], [ 447350.260437529708724, 4636815.658933354541659 ], [ 447723.298915018560365, 4637031.81148262321949 ], [ 448458.891013261221815, 4634931.276591517031193 ], [ 449581.035638279048726, 4630989.653983232565224 ], [ 449854.739571342244744, 4629680.312435407191515 ], [ 447483.281478068674915, 4629308.374902187846601 ], [ 446722.019614691729657, 4629344.208739102818072 ], [ 446458.342780368227977, 4629227.661269244737923 ], [ 445956.484155365789775, 4629290.561857216060162 ], [ 445843.528403031174093, 4629403.920484486967325 ], [ 445645.875825201161206, 4629349.373017061501741 ], [ 445507.005478387989569, 4629396.524899552576244 ], [ 445435.11472764890641, 4629472.543228583410382 ], [ 445513.268657506618183, 4629626.756017133593559 ], [ 445392.2365551503608, 4629708.458227924071252 ], [ 445557.017714454734232, 4629713.191241537220776 ], [ 445524.822951996931806, 4629777.306992770172656 ], [ 439011.778107499296311, 4628673.978368611074984 ], [ 438875.622140739287715, 4635919.39857070799917 ] ] ] } },
{ "type": "Feature", "properties": { "drag_region": "Central", "region": "Central", "NAME": "Saugus", "NAMELSAD": "Saugus town" }, "geometry": { "type": "Polygon", "coordinates": [ [ [ 349043.330449778179172, 4714439.147362848743796 ], [ 349199.0020896999049, 4715457.476008482277393 ], [ 349815.199193662090693, 4715733.470965621992946 ], [ 350274.899404431867879, 4716537.382060490548611 ], [ 349967.231718572438695, 4717001.784355314448476 ], [ 349967.915193373861257, 4717122.210467992350459 ], [ 350098.07792908733245, 4717269.515557443723083 ], [ 350403.096870242210571, 4717279.840122823603451 ], [ 350629.202341266733129, 4717544.06771843880415 ], [ 352609.543686334684025, 4717103.022219797596335 ], [ 353297.675401205138769, 4716504.417171153239906 ], [ 354347.733011014643125, 4712400.123644763603806 ], [ 354432.69722301553702, 4712290.471557547338307 ], [ 354638.007444025424775, 4712394.434977037832141 ], [ 354483.98438356484985, 4712116.279890423640609 ], [ 354470.782747833582107, 4711875.825282195582986 ], [ 354580.371277691156138, 4711872.259152173064649 ], [ 354601.976342696056236, 4712120.405492481775582 ], [ 354696.676733554457314, 4712243.737571734003723 ], [ 354840.821380873036105, 4712268.698459937237203 ], [ 355136.840844063088298, 4711951.915967592969537 ], [ 354808.21141207346227, 4711735.937371404841542 ], [ 354765.433850936417002, 4711577.835954967886209 ], [ 355151.710405455844011, 4711400.715092225931585 ], [ 355997.612725344079081, 4710662.532308459281921 ], [ 355746.497236140014138, 4710479.486169935204089 ], [ 355435.424489749595523, 4709842.319192307069898 ], [ 355074.45784597058082, 4709397.314351809211075 ], [ 354836.90459693322191, 4709234.09129527118057 ], [ 354202.456699029484298, 4709646.801013342104852 ], [ 353731.816705095407087, 4709210.988225019536912 ], [ 353392.162404456816148, 4709267.979278343729675 ], [ 353206.975197444437072, 4709418.11470702663064 ], [ 352502.483459534298163, 4709652.534709345549345 ], [ 352453.374974060396198, 4709889.798314908519387 ], [ 352568.070355215866584, 4710065.739349246956408 ], [ 352385.479895413445774, 4710230.058825022540987 ], [ 352624.093769295432139, 4710360.28763563465327 ], [ 352428.130342813266907, 4710498.257626100443304 ], [ 351887.152053021709435, 4711394.845440407283604 ], [ 351290.66390458290698, 4710808.083515114150941 ], [ 349043.330449778179172, 4714439.147362848743796 ] ] ] } },
{ "type": "Feature", "properties": { "drag_region": "Central", "region": "Central", "NAME": "Topsfield", "NAMELSAD": "Topsfield town" }, "geometry": { "type": "Polygon", "coordinates": [ [ [ 356912.054525003011804, 4733387.205749520100653 ], [ 357048.21848389855586, 4733538.228659677319229 ], [ 357168.379163816687651, 4733875.067304192110896 ], [ 357693.670293712522835, 4734356.758822991512716 ], [ 357651.166403196868487, 4734599.076795181259513 ], [ 358061.600866264780052, 4734673.160057540982962 ], [ 358040.165303674235474, 4734777.878099932335317 ], [ 358272.248975071124732, 4734786.803372566588223 ], [ 358353.769452058768366, 4734922.678094089962542 ], [ 358360.920769374701194, 4734983.17592906486243 ], [ 357939.659645410371013, 4735284.537212801165879 ], [ 357881.929130523698404, 4735440.434653059579432 ], [ 357944.102219215128571, 4735538.202231196686625 ], [ 357795.012368816300295, 4735828.895368229597807 ], [ 357958.196302662196103, 4736089.409467291086912 ], [ 357719.719908676459454, 4736535.186990511603653 ], [ 357793.23239087080583, 4736697.241413556039333 ], [ 359053.929982204630505, 4737433.422533101402223 ], [ 358409.45752829790581, 4740128.086156428791583 ], [ 361085.104257426341064, 4738987.531912738457322 ], [ 362372.295287923654541, 4739690.453337890096009 ], [ 362691.682642831467092, 4738647.267690715380013 ], [ 363627.463616423832718, 4738763.103606902994215 ], [ 363736.3750524133211, 4738570.885495840571821 ], [ 363731.170835751923732, 4738485.453310016542673 ], [ 363565.07247941987589, 4738399.869264203123748 ], [ 363597.594688858254813, 4737663.411205700598657 ], [ 363865.971994490362704, 4737741.473116377368569 ], [ 364137.838557995390147, 4737208.291341187432408 ], [ 363978.155621844984125, 4737150.105755534023046 ], [ 364292.621835378522519, 4736719.077855235897005 ], [ 364307.611356081091799, 4736235.335695126093924 ], [ 363593.596668918034993, 4736117.171035326085985 ], [ 363375.261546119465493, 4735758.45282712392509 ], [ 363643.404188688262366, 4735505.762355674989522 ], [ 363450.152787799772341, 4735274.133726952597499 ], [ 363060.795211288728751, 4735136.487144832499325 ], [ 362962.513018132944126, 4735241.923328721895814 ], [ 362978.336936908948701, 4735136.239858847111464 ], [ 362925.503108471457381, 4735187.097577322274446 ], [ 362821.059650765266269, 4735031.027263179421425 ], [ 362736.322917958372273, 4735093.274363353848457 ], [ 362712.741281352937222, 4735019.258058565668762 ], [ 362571.071745467721485, 4735049.132387191988528 ], [ 362638.41194696072489, 4734946.94683704059571 ], [ 362490.329186560295057, 4734907.52842321805656 ], [ 362309.544985364715103, 4734699.866950292140245 ], [ 362472.300510481931269, 4734582.848788423463702 ], [ 362405.507794305041898, 4734441.595875604078174 ], [ 362387.532532849232666, 4734553.440371576696634 ], [ 362300.208747591241263, 4734476.538690735585988 ], [ 362229.932810411846731, 4734547.018520120531321 ], [ 362070.168361115735024, 4734492.319355103187263 ], [ 361947.074072117800824, 4734556.448097398504615 ], [ 361827.800146093242802, 4734463.946832908317447 ], [ 361669.167792588472366, 4733811.047537582926452 ], [ 361358.7426378011005, 4733308.049404700286686 ], [ 361253.109093494829722, 4733400.789185542613268 ], [ 360305.513768324512057, 4733015.412371596321464 ], [ 359403.713999718835112, 4732563.77155539765954 ], [ 358572.855709729134105, 4731934.602711108513176 ], [ 358448.177244284655899, 4732118.601618546061218 ], [ 358314.222997121221852, 4732079.939847283065319 ], [ 358088.914430258446373, 4732319.951364303007722 ], [ 357875.316373449284583, 4732343.484463507309556 ], [ 357653.017380257078912, 4732581.330195976421237 ], [ 357266.233471321640536, 4732737.591736849397421 ], [ 357150.013348534936085, 4732902.197069796733558 ], [ 357164.112972392002121, 4733038.084253369830549 ], [ 356912.054525003011804, 4733387.205749520100653 ] ] ] } },
{ "type": "Feature", "properties": { "drag_region": "Central", "region": "Central", "NAME": "West Newbury", "NAMELSAD": "West Newbury town" }, "geometry": { "type": "Polygon", "coordinates": [ [ [ 354515.866403380292468, 4757158.133265553973615 ], [ 354594.938493584399112, 4757790.696001715958118 ], [ 354732.533326473436318, 4758048.295287414453924 ], [ 355129.11619283107575, 4758436.376110563054681 ], [ 355945.733426008373499, 4758982.817420165985823 ], [ 356278.96522762812674, 4759471.577004610560834 ], [ 356353.98170732537983, 4759809.356872601434588 ], [ 356152.471556192147546, 4760518.592110806144774 ], [ 356246.468535991967656, 4760925.476855623535812 ], [ 356622.82656101527391, 4761253.889873154461384 ], [ 357928.974525739555247, 4761542.742760888300836 ], [ 358541.09653068886837, 4761459.607958564534783 ], [ 359079.075592492124997, 4761121.814973135478795 ], [ 359470.296330139739439, 4760985.033817703835666 ], [ 360664.371158418070991, 4761036.903570306487381 ], [ 361163.894220093963668, 4761243.711924550123513 ], [ 361514.884824484121054, 4760700.429544147104025 ], [ 361649.995454525575042, 4760710.437776813283563 ], [ 361613.678900956874713, 4760564.386419151909649 ], [ 361683.839784633368254, 4760467.223085987381637 ], [ 361930.95635463250801, 4760342.449391363188624 ], [ 361848.77646054350771, 4760068.896059775725007 ], [ 362001.358541314955801, 4759698.189533069729805 ], [ 361836.037812237860635, 4759434.540019727312028 ], [ 361888.73581648938125, 4759020.789641784504056 ], [ 362947.75831253034994, 4757305.458331407979131 ], [ 362206.567213425994851, 4756606.379655629396439 ], [ 361024.792042789573316, 4756053.826565828174353 ], [ 360235.775784328347072, 4755400.266023928299546 ], [ 359669.345756898168474, 4755116.169181724078953 ], [ 359545.941776804975234, 4754959.481026832945645 ], [ 359451.897333107714076, 4755030.774741085246205 ], [ 359125.651584670413285, 4754938.696469796821475 ], [ 358798.879058170830831, 4754157.434655027464032 ], [ 356436.61475267080823, 4755698.371006017550826 ], [ 354515.866403380292468, 4757158.133265553973615 ] ] ] } },
{ "type": "Feature", "properties": { "drag_region": "Central", "region": "Central", "NAME": "Andover", "NAMELSAD": "Andover town" }, "geometry": { "type": "Polygon", "coordinates": [ [ [ 330849.350211466429755, 4738935.379182037897408 ], [ 331304.769073249481153, 4739327.406897992826998 ], [ 331795.359254432551097, 4739375.144307038746774 ], [ 332038.232956309046131, 4739542.832816366106272 ], [ 332267.327139967295807, 4740125.619641185738146 ], [ 332705.427116781531367, 4740594.422861716710031 ], [ 333170.083403901255224, 4741326.141615831293166 ], [ 333436.262140446866397, 4742049.222989459522069 ], [ 333544.242913853900973, 4742952.168011853471398 ], [ 333954.665892574761529, 4743593.900723016820848 ], [ 334211.921198023541365, 4743720.605060745030642 ], [ 334478.974118702055421, 4743739.936552887782454 ], [ 335371.635958752885927, 4743457.230097059160471 ], [ 336230.885104261687957, 4743305.858320719562471 ], [ 336480.302722059888765, 4743134.814843098632991 ], [ 336696.836256736714859, 4740862.292637013830245 ], [ 339523.08132178458618, 4741438.591499117203057 ], [ 340875.574759799754247, 4740860.464262949302793 ], [ 341336.916072188818362, 4740586.249918446876109 ], [ 345460.236513278156053, 4732670.684426233172417 ], [ 340586.513498788233846, 4732230.186302521266043 ], [ 339961.198497338511515, 4732797.032679883763194 ], [ 339539.366248614911456, 4733822.136655914597213 ], [ 339072.363049898354802, 4734067.366080764681101 ], [ 338895.606306752597447, 4734039.534707960672677 ], [ 338721.468419514421839, 4733818.514716014266014 ], [ 338632.653708610043395, 4733233.069214221090078 ], [ 338255.883722804428544, 4732597.423659003339708 ], [ 338165.42173321347218, 4732174.03732776734978 ], [ 336786.861896256450564, 4733368.219820003025234 ], [ 336934.55905398709001, 4733372.523435845971107 ], [ 336919.906175503041595, 4733463.242726068943739 ], [ 337161.631022627290804, 4733415.123504520393908 ], [ 337173.877733508241363, 4733600.713858432136476 ], [ 337090.566304577223491, 4733638.973255582153797 ], [ 337192.675564106961247, 4733683.681958789937198 ], [ 337136.145043130323756, 4733885.377588326111436 ], [ 337226.347267236735206, 4733882.166622704826295 ], [ 337290.897799621860031, 4734039.964421948418021 ], [ 337573.424695989233442, 4734092.039976228959858 ], [ 337653.859383792965673, 4734245.543404066003859 ], [ 330849.350211466429755, 4738935.379182037897408 ] ] ] } },
{ "type": "Feature", "properties": { "drag_region": "Central", "region": "Central", "NAME": "Boxford", "NAMELSAD": "Boxford town" }, "geometry": { "type": "Polygon", "coordinates": [ [ [ 345811.096116835717112, 4748402.16421905439347 ], [ 346694.871794032107573, 4748373.360580710694194 ], [ 347139.125599457474891, 4748560.120617886073887 ], [ 347497.20104662515223, 4748456.135152645409107 ], [ 348002.453386714041699, 4748503.766558827832341 ], [ 348639.05200930259889, 4748243.746903266757727 ], [ 348793.64576656249119, 4748037.940663440153003 ], [ 349876.002178298134822, 4747988.673288704827428 ], [ 352069.423660892702173, 4746332.709605555981398 ], [ 352472.282059046905488, 4744871.566522382199764 ], [ 352680.077942584466655, 4744490.913942947052419 ], [ 354216.841160591691732, 4744428.593345661647618 ], [ 354830.212300343206152, 4744336.837548536248505 ], [ 354956.88557257928187, 4744217.843955842778087 ], [ 355028.558628493978176, 4744320.371698655188084 ], [ 355272.960380651697051, 4744345.491276631131768 ], [ 355296.803524550457951, 4744192.375296114012599 ], [ 356531.802320036920719, 4743602.262984059751034 ], [ 358772.099055573402438, 4742022.488425822928548 ], [ 357457.474057303450536, 4741403.844482943415642 ], [ 357377.23425164836226, 4741077.054713401943445 ], [ 357082.312440820911434, 4741231.582599429413676 ], [ 357726.784894727636129, 4738536.918976102024317 ], [ 356466.087303393811453, 4737800.737856556661427 ], [ 356392.574821199465077, 4737638.683433512225747 ], [ 356631.051215185201727, 4737192.905910291709006 ], [ 356467.867281339305919, 4736932.391811230219901 ], [ 356616.957131738134194, 4736641.698674197308719 ], [ 356554.784043046704028, 4736543.931096060201526 ], [ 356626.614990696834866, 4736373.482932209037244 ], [ 357033.775681897706818, 4736086.672372065484524 ], [ 356952.095828148594592, 4735894.581294273026288 ], [ 356836.091030671843328, 4735923.393213152885437 ], [ 356713.020216197241098, 4735881.374542932957411 ], [ 356734.455778787785675, 4735776.656500541605055 ], [ 356345.254767852427904, 4735722.854063342325389 ], [ 356366.525206235528458, 4735460.255265992134809 ], [ 356297.496860704559367, 4735417.314364532008767 ], [ 356262.250474970263895, 4735506.690716445446014 ], [ 355606.981806184339803, 4735546.484747207723558 ], [ 352628.594420284149237, 4737830.135650610551238 ], [ 351218.983264556212816, 4741314.25239993352443 ], [ 347242.111053020285908, 4746524.013294798322022 ], [ 347145.865940871939529, 4746462.28289881721139 ], [ 346865.203682064136956, 4746906.48930102493614 ], [ 347162.537777941965032, 4747145.017460254952312 ], [ 347144.688113295531366, 4747234.686875769868493 ], [ 347012.553693333407864, 4747423.417701567523181 ], [ 346900.265139857539907, 4747371.756357314996421 ], [ 346776.423279199108947, 4747135.373114689253271 ], [ 345811.096116835717112, 4748402.16421905439347 ] ] ] } },
{ "type": "Feature", "properties": { "drag_region": "Central", "region": "Central", "NAME": "Essex", "NAMELSAD": "Essex town" }, "geometry": { "type": "Polygon", "coordinates": [ [ [ 374178.234941726899706, 4734702.205362076871097 ], [ 374735.108174318040255, 4734738.69188957195729 ], [ 374670.877813469152898, 4736430.518099776469171 ], [ 374356.818525485228747, 4736522.471149917691946 ], [ 374573.71619553421624, 4737112.516873545944691 ], [ 374438.095076761965174, 4737175.088100104592741 ], [ 374916.907928047236055, 4737432.340669588185847 ], [ 374954.452433956030291, 4737580.962287759408355 ], [ 375140.205230005143676, 4737738.300589624792337 ], [ 375163.345632587617729, 4737992.10668605659157 ], [ 375464.20383209065767, 4738006.788553761318326 ], [ 375465.828253613086417, 4738125.183027670718729 ], [ 375564.261025705491193, 4738141.969650712795556 ], [ 375510.205515663023107, 4738206.558860340155661 ], [ 375726.298226024257019, 4738269.054510905407369 ], [ 375803.126177044177894, 4738164.765080112963915 ], [ 375916.608197522466071, 4738268.446949981153011 ], [ 375903.917571962811053, 4738142.178100421093404 ], [ 376074.440031702804845, 4738128.66450965590775 ], [ 376120.846412816201337, 4738008.694344604387879 ], [ 376155.634737267508171, 4738129.272474098950624 ], [ 376273.543321268982254, 4738117.214820133522153 ], [ 376118.824986277148128, 4738260.925846796482801 ], [ 376117.02107141376473, 4738330.399369219318032 ], [ 376261.177119746222161, 4738365.221796612255275 ], [ 376154.566281161736697, 4738538.351717950776219 ], [ 376400.853299743263051, 4738432.471128784120083 ], [ 376562.797268047579564, 4738556.2436668202281 ], [ 376508.71993560786359, 4738643.266733484342694 ], [ 376330.46582447423134, 4738620.272501146420836 ], [ 376286.484805207932368, 4738912.389180415309966 ], [ 376389.874041579430923, 4738919.971835981123149 ], [ 376388.695064766798168, 4738760.018292369320989 ], [ 376605.997392275719903, 4738764.74464357085526 ], [ 376731.286556910374202, 4738919.848504989407957 ], [ 376541.879028823401313, 4738973.741552926599979 ], [ 376674.653140364272986, 4739195.898850415833294 ], [ 376671.502408407104667, 4739418.824330216273665 ], [ 376979.955850938044023, 4739427.631168389692903 ], [ 377110.448936485685408, 4739667.063995715230703 ], [ 377629.323212408926338, 4739975.194945913739502 ], [ 378267.683842814993113, 4740010.119841604493558 ], [ 378883.429843641584739, 4740262.209457122720778 ], [ 379038.557690427289344, 4740224.42474802583456 ], [ 379799.019554254948162, 4739673.925017204135656 ], [ 381311.078419908881187, 4737783.06311781425029 ], [ 380701.458135346532799, 4736510.906816189177334 ], [ 379185.90863720071502, 4734070.644855561666191 ], [ 380104.954215658595785, 4731766.107857246883214 ], [ 377821.181163321831264, 4731666.062802664004266 ], [ 375567.945822870591655, 4731390.362190512940288 ], [ 375578.959432928066235, 4732131.578956273384392 ], [ 374888.827074349217582, 4732738.999133540317416 ], [ 374174.754651882918552, 4734349.547104097902775 ], [ 374178.234941726899706, 4734702.205362076871097 ] ] ] } },
{ "type": "Feature", "properties": { "drag_region": "Central", "region": "Central", "NAME": "Lawrence", "NAMELSAD": "Lawrence city" }, "geometry": { "type": "Polygon", "coordinates": [ [ [ 336430.657074049231596, 4746276.104134634137154 ], [ 338004.45302090694895, 4747465.678405645303428 ], [ 338132.248292064294219, 4747646.410077136941254 ], [ 338285.599617909116205, 4747537.012401334010065 ], [ 341130.495650442782789, 4747370.823437724262476 ], [ 341058.477142088464461, 4747082.509939505718648 ], [ 341165.483350555412471, 4746485.868307137861848 ], [ 341119.178180618793704, 4746138.67770557012409 ], [ 340813.178189287718851, 4745714.272397420369089 ], [ 340843.450758091290481, 4745475.93152286298573 ], [ 340531.416356499597896, 4745368.048566188663244 ], [ 340364.321097762498539, 4744880.912862102501094 ], [ 340233.978298802976497, 4744922.002291597425938 ], [ 340110.873354426934384, 4744838.23311511054635 ], [ 340308.44171250180807, 4744671.757941101677716 ], [ 340320.622813390451483, 4744357.200709105469286 ], [ 340439.4029595060274, 4744367.188655844889581 ], [ 340751.926209315890446, 4744133.141725127585232 ], [ 340784.544755749637261, 4743805.73525801487267 ], [ 340685.716297441511415, 4743752.010132719762623 ], [ 340682.958915583323687, 4743613.958066830411553 ], [ 340574.489687461405993, 4743571.368179000914097 ], [ 340723.448087143071461, 4743535.927140903659165 ], [ 340597.491069219075143, 4743366.102846212685108 ], [ 340734.128304190933704, 4743329.529818715527654 ], [ 340600.214072473114356, 4743269.693035043776035 ], [ 341058.266948960372247, 4742718.84528345707804 ], [ 340977.211822188517544, 4742408.536559794098139 ], [ 339624.718384173349477, 4742986.663795961998403 ], [ 336798.473319125478156, 4742410.364933858625591 ], [ 336430.657074049231596, 4746276.104134634137154 ] ] ] } },
{ "type": "Feature", "properties": { "drag_region": "Central", "region": "Central", "NAME": "Lynn", "NAMELSAD": "Lynn city" }, "geometry": { "type": "Polygon", "coordinates": [ [ [ 353657.36598591337679, 4717228.248387369327247 ], [ 354484.004426500585396, 4717811.989970163442194 ], [ 354882.314056152303237, 4717795.261926798149943 ], [ 355008.200610655476339, 4717632.304441441781819 ], [ 355587.571911190520041, 4718023.337672143243253 ], [ 355218.107646440446842, 4718371.221724006347358 ], [ 355714.269457397807855, 4718304.797222805209458 ], [ 358121.018893038097303, 4716554.906686269678175 ], [ 359999.001098581997212, 4715879.193317376077175 ], [ 360979.25314974860521, 4713068.717689084820449 ], [ 362576.973586410458665, 4711239.463044026866555 ], [ 362195.936982456070837, 4710759.175421185791492 ], [ 362178.730138444865588, 4709992.978570287115872 ], [ 359924.284533002704848, 4712036.119546175003052 ], [ 359707.465781983395573, 4712113.836326446384192 ], [ 359446.735466112499125, 4711933.141867376863956 ], [ 359479.115735332074109, 4712086.388338592834771 ], [ 359252.664654109103139, 4711947.913703740574419 ], [ 358509.192101249820553, 4710742.847377588041127 ], [ 357232.3638890341972, 4710683.543202727101743 ], [ 356199.532705034536775, 4711525.941259797662497 ], [ 355813.256150515109766, 4711703.062122539617121 ], [ 355856.033711652155034, 4711861.163538976572454 ], [ 356160.795636192720849, 4712020.369252432137728 ], [ 356179.549758683715481, 4712118.92548494040966 ], [ 355802.148435207025614, 4712396.169140649959445 ], [ 355649.798642274749, 4712245.631660053506494 ], [ 355628.193577269848902, 4711997.485319744795561 ], [ 355518.605047412274871, 4712001.051449767313898 ], [ 355531.806683143542614, 4712241.506057995371521 ], [ 355685.829743604117539, 4712519.661144609563053 ], [ 355480.519522594229784, 4712415.697725119069219 ], [ 355395.555310593335889, 4712525.349812335334718 ], [ 354345.497700783831533, 4716629.643338724970818 ], [ 353657.36598591337679, 4717228.248387369327247 ] ] ] } },
{ "type": "Feature", "properties": { "drag_region": "Central", "region": "Central", "NAME": "Lynnfield", "NAMELSAD": "Lynnfield town" }, "geometry": { "type": "Polygon", "coordinates": [ [ [ 347172.316504010930657, 4721886.304122759960592 ], [ 347582.051299938757438, 4724635.193770568817854 ], [ 348094.865341424709186, 4725314.565687704831362 ], [ 348762.034163750591688, 4726614.444345332682133 ], [ 348956.729633146664128, 4726617.160130808129907 ], [ 349103.565324967494234, 4726498.708192179910839 ], [ 349042.259185455972329, 4726446.195049236528575 ], [ 349131.086329473997466, 4726424.596168825402856 ], [ 349111.529089107876644, 4726322.514562846161425 ], [ 349188.885136036202312, 4726400.194903693161905 ], [ 349389.931720004882663, 4726271.546874881722033 ], [ 349774.912179293925874, 4726464.348322996869683 ], [ 349826.859722987981513, 4726581.871229853481054 ], [ 350050.868792808498256, 4726530.021168808452785 ], [ 350179.542970125330612, 4726297.809398287907243 ], [ 350357.950842579011805, 4726265.068646808154881 ], [ 350416.841324653709307, 4726330.206512004137039 ], [ 350534.195898367906921, 4726200.384824700653553 ], [ 350805.851336939726025, 4724036.440540762618184 ], [ 352888.555062954314053, 4720852.338937511667609 ], [ 354368.843435173737817, 4719571.08005338627845 ], [ 353872.681624216376804, 4719637.504554587416351 ], [ 354242.145888966450002, 4719289.620502724312246 ], [ 353662.774588431406301, 4718898.587272022850811 ], [ 353536.888033928233199, 4719061.544757379218936 ], [ 353138.578404276515357, 4719078.272800744511187 ], [ 352311.939963689306751, 4718494.53121795039624 ], [ 350331.598618621355854, 4718935.576716591604054 ], [ 350413.878697405220009, 4719140.485783417709172 ], [ 350245.091095548821613, 4719471.756243222393095 ], [ 350292.012603134848177, 4719741.290462238714099 ], [ 350058.266919174464419, 4719971.685385917313397 ], [ 350159.231347374909092, 4720167.475436240434647 ], [ 350000.959645679744426, 4720302.282015060074627 ], [ 349940.907297413330525, 4720603.946107394993305 ], [ 349958.891236886847764, 4720780.732767649926245 ], [ 350154.958110855775885, 4721025.12066550180316 ], [ 349965.295342372963205, 4721285.460808680392802 ], [ 348523.711623120354488, 4721025.669116995297372 ], [ 348339.435742659494281, 4721211.148088724352419 ], [ 348231.532735158747528, 4721106.773207078687847 ], [ 347815.915961473598145, 4721238.455941907130182 ], [ 347777.495047780685127, 4721162.726421160623431 ], [ 347172.316504010930657, 4721886.304122759960592 ] ] ] } },
{ "type": "Feature", "properties": { "drag_region": "Central", "region": "Central", "NAME": "Manchester-by-the-Sea", "NAMELSAD": "Manchester-by-the-Sea town" }, "geometry": { "type": "Polygon", "coordinates": [ [ [ 374650.105493505252525, 4729278.026362810283899 ], [ 378032.916189937037416, 4729743.236078632064164 ], [ 380316.689242273801938, 4729843.281133214943111 ], [ 380721.003374849911779, 4728770.693197173066437 ], [ 381259.146098381723277, 4728549.685366933234036 ], [ 382617.286282316897996, 4727788.801645743660629 ], [ 382764.418196146725677, 4727169.602628772147 ], [ 382683.684739884687588, 4726941.504683956503868 ], [ 382718.454128636745736, 4726777.275696413591504 ], [ 382930.188162171281874, 4726581.358723845332861 ], [ 382661.647048739949241, 4726239.085750059224665 ], [ 382116.675956945342477, 4725105.924760269932449 ], [ 381733.402859796769917, 4723592.240674025379121 ], [ 381374.580501677410211, 4721375.986730617471039 ], [ 381194.436200712923892, 4719408.935923745855689 ], [ 381091.38329071586486, 4719204.971365688368678 ], [ 377889.186181846540421, 4722798.478409331291914 ], [ 376694.800072641228326, 4724361.228382260538638 ], [ 376120.751021040021442, 4724587.784320410341024 ], [ 376323.47514266485814, 4726003.829319171607494 ], [ 376276.315303316048812, 4726553.190325775183737 ], [ 375235.330164123384748, 4727826.703738738782704 ], [ 374994.030471121426672, 4728248.912260031327605 ], [ 374650.105493505252525, 4729278.026362810283899 ] ] ] } },
{ "type": "Feature", "properties": { "drag_region": "Central", "region": "Central", "NAME": "Methuen", "NAMELSAD": "Methuen city" }, "geometry": { "type": "Polygon", "coordinates": [ [ [ 330838.079045209567994, 4750333.629309583455324 ], [ 331647.594696695508901, 4750973.703686721622944 ], [ 332308.843855497892946, 4751217.178197720088065 ], [ 333426.814733208622783, 4751364.202941115945578 ], [ 336841.757827459252439, 4750259.03046942781657 ], [ 336639.604400659678504, 4756219.875879782252014 ], [ 336955.41874982859008, 4756588.962685785256326 ], [ 341096.313967521185987, 4752754.891731739975512 ], [ 341157.020897871814668, 4752444.88802014105022 ], [ 341447.524611314642243, 4751826.731963474303484 ], [ 341873.555893509997986, 4751420.867162337526679 ], [ 342210.064623784041032, 4750888.71159490570426 ], [ 342273.526295498537365, 4750633.434976724907756 ], [ 342215.985989057517145, 4750360.635693809948862 ], [ 342011.627876508398913, 4750047.517882337793708 ], [ 340692.812555779935792, 4748400.836375578306615 ], [ 337847.916523246269207, 4748567.025339188054204 ], [ 337694.565197401447222, 4748676.423014990985394 ], [ 337566.769926244101953, 4748495.691343499347568 ], [ 335992.973979386384599, 4747306.117072488181293 ], [ 336144.256689785805065, 4745712.900077797472477 ], [ 335684.517513190454338, 4745959.858514677733183 ], [ 335035.589926478802226, 4746035.315331757999957 ], [ 334197.888626623200253, 4746310.358316672034562 ], [ 333875.875165749457665, 4746298.690295443870127 ], [ 333618.619860300677828, 4746171.985957715660334 ], [ 333208.196881579817273, 4745530.253246552310884 ], [ 333100.216108172782697, 4744627.308224158361554 ], [ 332834.037371627171524, 4743904.226850530132651 ], [ 332369.381084507447667, 4743172.508096415549517 ], [ 332025.519158239825629, 4742837.22721055150032 ], [ 330838.079045209567994, 4750333.629309583455324 ] ] ] } },
{ "type": "Feature", "properties": { "drag_region": "Central", "region": "Central", "NAME": "Nahant", "NAMELSAD": "Nahant town" }, "geometry": { "type": "Polygon", "coordinates": [ [ [ 358449.7372352295788, 4705845.779147548601031 ], [ 359241.952071369509213, 4707716.136585147120059 ], [ 359460.957733310060576, 4709366.519016043283045 ], [ 360204.43028616940137, 4710571.585342195816338 ], [ 360430.88136739237234, 4710710.059977048076689 ], [ 360398.501098172739148, 4710556.813505832105875 ], [ 360659.231414043693803, 4710737.50796490162611 ], [ 360876.050165063003078, 4710659.79118463024497 ], [ 363130.495770505163819, 4708616.65020874235779 ], [ 363896.954634422319941, 4708118.980525540187955 ], [ 364532.302582035772502, 4706869.074881292879581 ], [ 366895.669320853892714, 4704758.862310667522252 ], [ 367269.461572948377579, 4704215.545432758517563 ], [ 367508.695623731589876, 4703510.652084141038358 ], [ 363382.412143296562135, 4702589.587448761798441 ], [ 361471.019296148209833, 4702932.588443099521101 ], [ 358651.043972413870506, 4705296.842345109209418 ], [ 358449.7372352295788, 4705845.779147548601031 ] ] ] } },
{ "type": "Feature", "properties": { "drag_region": "West", "region": "West", "NAME": "Deerfield", "NAMELSAD": "Deerfield town" }, "geometry": { "type": "Polygon", "coordinates": [ [ [ 179833.492988110694569, 4725070.302150593139231 ], [ 181492.474158051831182, 4725244.219537827186286 ], [ 181833.40154268022161, 4726719.907593303360045 ], [ 182915.008065092028119, 4726827.727435559034348 ], [ 183121.99424988537794, 4727705.269680913537741 ], [ 183706.696242272504605, 4727763.931129889562726 ], [ 184147.753953055012971, 4726830.989203812554479 ], [ 184265.835505853407085, 4726884.455161930061877 ], [ 184606.635075972008053, 4726748.146674605086446 ], [ 185345.5231362672057, 4726722.586021455936134 ], [ 185672.188919073611032, 4726904.361804211512208 ], [ 185841.504967553773895, 4726911.944090760312974 ], [ 185966.523664473905228, 4726817.833490424789488 ], [ 186128.039323818811681, 4726456.594823129475117 ], [ 186458.60882040503202, 4726260.403745162300766 ], [ 186583.759560927632265, 4726287.0166927119717 ], [ 186801.989967540837824, 4726638.671707525849342 ], [ 187816.837012725358363, 4726764.432313901372254 ], [ 187954.141181015991606, 4727183.737395629286766 ], [ 187940.932630216993857, 4727555.673241288401186 ], [ 188106.652105666813441, 4727616.864414760842919 ], [ 188576.198274741414934, 4727567.542069247923791 ], [ 189281.17205487343017, 4727136.072217985056341 ], [ 189396.926941232406534, 4726613.973660113289952 ], [ 189646.918435219209641, 4726021.483866489492357 ], [ 189675.116738616721705, 4724907.865954142995179 ], [ 188544.378403747570701, 4722652.708011609502137 ], [ 188482.970423409948125, 4722291.046876368112862 ], [ 188599.335127021011431, 4721523.933084447868168 ], [ 188817.818775265594013, 4721039.006060692481697 ], [ 189415.695132555731107, 4720221.40391209628433 ], [ 189494.597308050899301, 4719750.158955379389226 ], [ 189334.74798167735571, 4719446.474437948316336 ], [ 188405.634820742416196, 4718514.52954161260277 ], [ 188116.441054999886546, 4717505.508442061021924 ], [ 188057.406394151737913, 4716800.416692451573908 ], [ 187132.524187492788769, 4715758.165161944925785 ], [ 186815.220452389039565, 4715181.036354311741889 ], [ 184846.658156722493004, 4714946.50748276617378 ], [ 184723.451846437470522, 4715753.378264895640314 ], [ 183682.728106584749185, 4715659.062638703733683 ], [ 183688.145193293574266, 4715560.365139377303421 ], [ 183036.369150940503459, 4715501.592170825228095 ], [ 182981.838524489721749, 4716016.624173373915255 ], [ 180469.790313258243259, 4715722.535540965385735 ], [ 180675.271656555414665, 4716936.020321555435658 ], [ 181910.980526826228015, 4722354.833616488613188 ], [ 181645.776491959346458, 4722855.282849071547389 ], [ 181396.227037194359582, 4723599.076784980483353 ], [ 180973.502941870014183, 4724037.382568022236228 ], [ 180779.387547836289741, 4724559.393269518390298 ], [ 180332.953641260624863, 4724873.59802620112896 ], [ 180026.522492633666843, 4724932.736487182788551 ], [ 179833.492988110694569, 4725070.302150593139231 ] ] ] } },
{ "type": "Feature", "properties": { "drag_region": "West", "region": "West", "NAME": "Monroe", "NAMELSAD": "Monroe town" }, "geometry": { "type": "Polygon", "coordinates": [ [ [ 147138.20767433787114, 4747297.486243688501418 ], [ 147398.797695357032353, 4751564.662389570847154 ], [ 155263.303949776134687, 4750981.282270912081003 ], [ 155147.466587538452586, 4750204.983723413199186 ], [ 154865.549902815517271, 4750006.644069002009928 ], [ 154564.839323130057892, 4749511.448270499706268 ], [ 154275.925925301533425, 4749408.510338070802391 ], [ 154099.150151654001093, 4748992.134854841046035 ], [ 153943.882470735203242, 4748913.351496736519039 ], [ 153585.692341215064516, 4749065.343366904184222 ], [ 153066.836211351706879, 4748911.218877742998302 ], [ 152976.568942336976761, 4748587.647965976968408 ], [ 153147.668713701626984, 4748036.891752031631768 ], [ 153132.187240531697171, 4747450.580290902405977 ], [ 153218.337553958088392, 4747279.584147709421813 ], [ 149246.685193269950105, 4747038.487452685832977 ], [ 147138.20767433787114, 4747297.486243688501418 ] ] ] } },
{ "type": "Feature", "properties": { "drag_region": "Central", "region": "Central", "NAME": "Salem", "NAMELSAD": "Salem city" }, "geometry": { "type": "MultiPolygon", "coordinates": [ [ [ [ 373573.601145095657557, 4722515.222129818052053 ], [ 373629.180743648554198, 4722676.128839085809886 ], [ 373766.368091778247617, 4722676.21809166111052 ], [ 373717.771362131519709, 4722573.264567814767361 ], [ 373573.601145095657557, 4722515.222129818052053 ] ] ], [ [ [ 373169.939673107175622, 4723002.288347263820469 ], [ 373278.386150484730024, 4723234.723017160780728 ], [ 373211.335307268891484, 4723391.793693022802472 ], [ 373272.748654978582636, 4723413.705335737206042 ], [ 373514.091107659798581, 4723325.697284464724362 ], [ 373599.276680319919251, 4723155.80226950161159 ], [ 373802.027729696652386, 4723304.255107391625643 ], [ 373881.779970644391142, 4723234.241645590402186 ], [ 373831.524145105096977, 4723052.779062392190099 ], [ 373980.056202261243016, 4723018.74802646227181 ], [ 374015.587622398743406, 4722927.787371319718659 ], [ 373711.092170859337784, 4722765.710274559445679 ], [ 373456.115305622341111, 4722901.215241039171815 ], [ 373266.152960668550804, 4722868.260092950426042 ], [ 373169.939673107175622, 4723002.288347263820469 ] ] ], [ [ [ 371933.294613167468924, 4719224.273572567850351 ], [ 372056.443135518988129, 4719283.180330480448902 ], [ 372233.274352348875254, 4718997.213316852226853 ], [ 372384.371971431421116, 4718994.759180361405015 ], [ 372359.291272077476606, 4718771.217864853329957 ], [ 372179.071947783464566, 4718868.726033338345587 ], [ 371933.294613167468924, 4719224.273572567850351 ] ] ], [ [ [ 370398.457502583158202, 4715893.379024597816169 ], [ 370538.253211092553101, 4716098.991909397765994 ], [ 370593.366208991967142, 4715921.158979729749262 ], [ 370460.841197929519694, 4715922.469319156371057 ], [ 370431.058334754081443, 4715838.125749579630792 ], [ 370552.975608162523713, 4715673.178798152133822 ], [ 370429.876366893877275, 4715692.283178309909999 ], [ 370398.457502583158202, 4715893.379024597816169 ] ] ], [ [ [ 361009.985081199207343, 4717318.466687093488872 ], [ 363551.058715947205201, 4720128.010528633370996 ], [ 363633.053278788924217, 4720380.909037509933114 ], [ 363725.002083077095449, 4720351.2744056629017 ], [ 363780.706409249454737, 4720532.220185111276805 ], [ 363682.9194150379044, 4720612.426414689980447 ], [ 363920.431105715688318, 4721034.682419064454734 ], [ 364151.194599536829628, 4720944.476878932677209 ], [ 364120.526989714242518, 4722435.482154192402959 ], [ 364574.906623642309569, 4722299.022312074899673 ], [ 364418.266846755112056, 4722665.075293174013495 ], [ 364548.80334135418525, 4722879.89154564589262 ], [ 364484.103040028654505, 4722958.009435730986297 ], [ 364593.958356734074187, 4723020.861638992093503 ], [ 365686.685322818870191, 4722314.178376242518425 ], [ 366199.330536423542071, 4722114.307852614670992 ], [ 366219.425267918850295, 4721814.112969363108277 ], [ 366332.719109119498171, 4722005.569333252497017 ], [ 366959.166316960589029, 4721896.880373007617891 ], [ 367873.844560658733826, 4722387.708672321401536 ], [ 368281.488824242260307, 4722148.203721509315073 ], [ 369942.583667678467464, 4721942.565070175565779 ], [ 373709.610174923669547, 4722037.408559973351657 ], [ 374287.452663821401075, 4721145.205638204701245 ], [ 374381.187630407977849, 4721701.138003096915781 ], [ 374601.349225698970258, 4721715.71318550594151 ], [ 374835.922577997087501, 4721517.24858657643199 ], [ 374879.091625831206329, 4721339.257940925657749 ], [ 374645.458835814381018, 4721192.756336933933198 ], [ 374576.249920384492725, 4721047.238395776599646 ], [ 374362.011639037169516, 4721006.764352105557919 ], [ 377969.898769015213475, 4717082.153884723782539 ], [ 375971.026153193088248, 4715858.992091334424913 ], [ 373442.464540657354519, 4718648.492878778837621 ], [ 372268.887049072829541, 4720135.171595402993262 ], [ 369854.258068381459452, 4720900.065290291793644 ], [ 368635.292622540029697, 4720771.153066643513739 ], [ 367217.144826096948236, 4719813.617602632381022 ], [ 366816.617122412950266, 4718800.382507937029004 ], [ 366887.788279670290649, 4718362.187275911681354 ], [ 366815.123725715442561, 4718184.37393366638571 ], [ 366590.624070883844979, 4718073.479176298715174 ], [ 366209.032029206980951, 4717608.680750505067408 ], [ 366310.232928174955305, 4717486.553679975681007 ], [ 366213.857920899288729, 4717245.502305345609784 ], [ 365865.16475236590486, 4717082.844010211527348 ], [ 365926.507955492357723, 4716692.185509443283081 ], [ 365563.138229191419668, 4716234.788553230464458 ], [ 365166.356763654388487, 4716101.566901256330311 ], [ 364942.370707410329487, 4716182.800707304850221 ], [ 364548.41566868434893, 4716069.99246437381953 ], [ 361009.985081199207343, 4717318.466687093488872 ] ] ] ] } },
{ "type": "Feature", "properties": { "drag_region": "West", "region": "West", "NAME": "Leverett", "NAMELSAD": "Leverett town" }, "geometry": { "type": "Polygon", "coordinates": [ [ [ 192113.124832636181964, 4713215.134298112243414 ], [ 193045.387423932406818, 4715182.359369061887264 ], [ 193480.95028318974073, 4718915.231277646496892 ], [ 200206.138674118876224, 4719568.394456343725324 ], [ 198740.037459609651705, 4710732.957166608422995 ], [ 192279.499029161670478, 4709912.886681786738336 ], [ 192068.921881375805242, 4711407.835552676580846 ], [ 192113.124832636181964, 4713215.134298112243414 ] ] ] } },
{ "type": "Feature", "properties": { "drag_region": "West", "region": "West", "NAME": "Palmer Town", "NAMELSAD": "Palmer Town city" }, "geometry": { "type": "Polygon", "coordinates": [ [ [ 204032.303897132864222, 4678660.690137681551278 ], [ 207136.481579162646085, 4678991.376454881392419 ], [ 206943.514492990798317, 4679056.486315050162375 ], [ 206858.717762862448581, 4679410.409962250851095 ], [ 206872.132771255448461, 4679528.223468077369034 ], [ 207059.393245061219204, 4679497.036300071515143 ], [ 207020.441712799540255, 4679719.463331237435341 ], [ 206930.404607219737954, 4679827.120334192179143 ], [ 206695.009857844910584, 4679841.303765491582453 ], [ 206812.869491632271092, 4680030.071120428852737 ], [ 206663.03012280742405, 4680463.979510855861008 ], [ 206652.095062157080974, 4680924.104151488281786 ], [ 206771.089645575149916, 4680993.25817106012255 ], [ 206892.624611135164741, 4680948.753314418718219 ], [ 206779.515730990329757, 4680808.737151741981506 ], [ 207005.849589697667398, 4680731.290726920589805 ], [ 207350.238404081843328, 4681144.035733480006456 ], [ 207475.005312483001035, 4681095.520787952467799 ], [ 207574.623647569504101, 4680887.057490116916597 ], [ 207715.683567008876707, 4680899.412565988488495 ], [ 207930.739832820021547, 4681224.845991740003228 ], [ 208161.847083247848786, 4681243.790346487425268 ], [ 208276.323801875754725, 4681497.441858765669167 ], [ 208241.416428919124883, 4681884.311942578293383 ], [ 208534.926043222367298, 4682183.543373287655413 ], [ 209016.158167039684486, 4682193.81253376416862 ], [ 209096.945378795964643, 4682289.190417347475886 ], [ 213673.520719241932966, 4683764.200203127227724 ], [ 213964.480421120359097, 4683539.7929204152897 ], [ 214569.404117252735887, 4683963.95112035330385 ], [ 214727.298275985463988, 4683088.745286510325968 ], [ 215605.939799278043211, 4683117.691748189739883 ], [ 216532.610536760883406, 4684441.317648996599019 ], [ 218674.374001841933932, 4684711.160071375779808 ], [ 215062.288334470009431, 4680097.925520727410913 ], [ 214874.572231718455441, 4679312.052603189833462 ], [ 214981.375706896011252, 4678719.198298626579344 ], [ 214873.754108277906198, 4677677.692995695397258 ], [ 215047.415227385936305, 4677250.660516348667443 ], [ 214849.450698772387113, 4677014.903953704982996 ], [ 215032.591599250561558, 4676647.008815509267151 ], [ 214915.39308560162317, 4676338.651955378241837 ], [ 214570.239502577111125, 4676081.955377577804029 ], [ 214447.697235046012793, 4675777.367678693495691 ], [ 214564.609119088505395, 4675492.296727858483791 ], [ 214412.411924454208929, 4675202.190753775648773 ], [ 214653.627770420454908, 4674785.354412479326129 ], [ 214524.867472665559035, 4674668.730017269961536 ], [ 214422.76669843820855, 4674176.743087629787624 ], [ 214288.177120815089438, 4673992.616448397748172 ], [ 214291.086932033475023, 4673779.198270065709949 ], [ 214083.949834271799773, 4673525.122126019559801 ], [ 213932.577228940092027, 4673510.243945434689522 ], [ 213810.504936174314935, 4673633.372194589115679 ], [ 213412.608425821410492, 4673610.847880745306611 ], [ 213244.924356054572854, 4673376.407203843817115 ], [ 212971.89739467354957, 4673351.438922177068889 ], [ 212478.067466615175363, 4673479.687371601350605 ], [ 212306.721993412531447, 4673674.477180164307356 ], [ 212073.396973059105221, 4673620.874814474955201 ], [ 211875.096899303898681, 4673792.472894272767007 ], [ 211547.244298564211931, 4673740.875739232636988 ], [ 211108.705200249212794, 4673842.504731013439596 ], [ 210720.094982859154698, 4673686.532921768724918 ], [ 210550.13339638261823, 4673802.796200060285628 ], [ 210585.416116755397525, 4673988.716414934024215 ], [ 210420.668014752038289, 4674236.686041975393891 ], [ 210188.06951895984821, 4674038.088772409595549 ], [ 210032.472462711739354, 4674140.238364705815911 ], [ 209936.242500203661621, 4674395.896942905150354 ], [ 209734.234807667206042, 4674417.559925056993961 ], [ 209630.579227217240259, 4674618.237460156902671 ], [ 209269.377863385307137, 4674702.179555880837142 ], [ 209107.587407088431064, 4675185.189760670997202 ], [ 208866.002900230407249, 4675493.485213222913444 ], [ 208391.425440909166355, 4675514.735363399609923 ], [ 208281.453562276961748, 4675766.068714930675924 ], [ 208103.693447503086645, 4675645.4685840299353 ], [ 207988.797031404043082, 4675832.158375913277268 ], [ 207768.215023383439984, 4675700.122844700701535 ], [ 207260.245990711206105, 4675764.24813973903656 ], [ 207057.915262229274958, 4675591.808570380322635 ], [ 206786.845120617072098, 4675537.977816662751138 ], [ 206302.931139560125303, 4675077.691087389364839 ], [ 204986.060702050512191, 4674909.350451707839966 ], [ 204417.340753080905415, 4674931.151098164729774 ], [ 204032.303897132864222, 4678660.690137681551278 ] ] ] } },
{ "type": "Feature", "properties": { "drag_region": "West", "region": "West", "NAME": "Russell", "NAMELSAD": "Russell town" }, "geometry": { "type": "Polygon", "coordinates": [ [ [ 156307.17139450419927, 4673139.851180885918438 ], [ 158715.558378980669659, 4683326.694758415222168 ], [ 159058.262154258962255, 4684114.387629681266844 ], [ 159379.947395499271806, 4683923.164599382318556 ], [ 159740.920287315733731, 4683917.582428801804781 ], [ 159941.175865828699898, 4683694.836317505687475 ], [ 159746.172724539355841, 4683325.524984716437757 ], [ 159866.841518061002716, 4683157.021955165080726 ], [ 159916.411977487499826, 4682823.25595389585942 ], [ 160161.15777816134505, 4682259.196723964996636 ], [ 159942.936438542150427, 4681816.034075762145221 ], [ 160704.224700126680546, 4681596.090274665504694 ], [ 163512.237651592993643, 4677254.441526604816318 ], [ 163310.294064573361538, 4676376.693249928764999 ], [ 161889.039369623060338, 4674341.433216504752636 ], [ 161699.934332971926779, 4674492.255049722269177 ], [ 161347.347376461722888, 4674416.632815830409527 ], [ 161240.020278909592889, 4674032.198873821645975 ], [ 160881.857975405757315, 4673853.689612672664225 ], [ 160625.524337729730178, 4673872.806232504546642 ], [ 160597.390403238241561, 4673606.996918927878141 ], [ 160692.305140545824543, 4673251.846953842788935 ], [ 160604.48845934018027, 4673183.693362002260983 ], [ 160341.440762520593125, 4673234.502147678285837 ], [ 160133.71727795683546, 4673075.726309330202639 ], [ 159979.303124971687794, 4673055.655367751605809 ], [ 159715.500300270679872, 4671993.353734201751649 ], [ 156307.17139450419927, 4673139.851180885918438 ] ] ] } },
{ "type": "Feature", "properties": { "drag_region": "West", "region": "West", "NAME": "Tolland", "NAMELSAD": "Tolland town" }, "geometry": { "type": "Polygon", "coordinates": [ [ [ 138859.671610890422016, 4670433.398625076748431 ], [ 139136.817633677681442, 4670708.687018224038184 ], [ 139049.411298710736446, 4671004.610368017107248 ], [ 139114.879796269757207, 4671134.614412605762482 ], [ 139385.674727492849343, 4671338.304534072056413 ], [ 139893.595932426280342, 4671537.492927779443562 ], [ 140083.4445495576947, 4671836.449276244267821 ], [ 139689.490665391727816, 4672466.099193680100143 ], [ 139470.666252190247178, 4673220.215393236838281 ], [ 139439.33635832881555, 4673509.89919001236558 ], [ 139560.0924682552577, 4673731.213729343377054 ], [ 139550.484183949127328, 4674050.694227842614055 ], [ 139302.731113548972644, 4674639.570179652422667 ], [ 139461.657598407124169, 4674784.36759218852967 ], [ 139411.495316848799121, 4675152.87187862675637 ], [ 146723.770561613433529, 4673526.135174546390772 ], [ 147385.542522228672169, 4667030.133525595068932 ], [ 146451.617210562340915, 4662580.60562417563051 ], [ 140313.099062404769938, 4663050.415617625229061 ], [ 140082.973971056984738, 4663902.168373327702284 ], [ 140332.188899067521561, 4664688.420342111028731 ], [ 140325.731288250302896, 4664917.578289600089192 ], [ 140218.467491280985996, 4665137.498758277855814 ], [ 139732.429120691143908, 4665513.454228211194277 ], [ 140047.362813864601776, 4666097.771039417944849 ], [ 139770.563155437761452, 4666501.522360703907907 ], [ 138962.225240697036497, 4669161.095637702383101 ], [ 138859.671610890422016, 4670433.398625076748431 ] ] ] } },
{ "type": "Feature", "properties": { "drag_region": "West", "region": "West", "NAME": "Leyden", "NAMELSAD": "Leyden town" }, "geometry": { "type": "Polygon", "coordinates": [ [ [ 180544.146788559039123, 4748146.258623640984297 ], [ 186716.271517027344089, 4747662.667980236932635 ], [ 187208.211570458603092, 4741256.512245435267687 ], [ 186826.53759722475661, 4740303.889558675698936 ], [ 187391.684486385202035, 4738731.232545314356685 ], [ 184494.663088512024842, 4738405.781084889546037 ], [ 184613.062536553887185, 4738604.096372998319566 ], [ 184417.003510289883707, 4738900.898456336930394 ], [ 184226.033673470315989, 4738902.527113652788103 ], [ 184097.773224126256537, 4739234.149788338690996 ], [ 184240.428873514349107, 4739431.194716171361506 ], [ 184159.503657177614514, 4739667.657062709331512 ], [ 184022.589934788644314, 4739843.216227640397847 ], [ 183551.176153324719053, 4740018.032031079754233 ], [ 183706.725400513096247, 4740209.281984630040824 ], [ 183737.188438900338951, 4740432.617014366202056 ], [ 183573.211541287484579, 4740507.209714639000595 ], [ 183274.356173422303982, 4741030.455666873604059 ], [ 182955.400626597576775, 4741075.1368986396119 ], [ 182810.39738015178591, 4741377.696877631358802 ], [ 182090.063590401841793, 4741819.511938313953578 ], [ 182013.589266825758386, 4742190.4523263880983 ], [ 181832.436668775801081, 4742342.944743652828038 ], [ 181870.024622255936265, 4742537.929038964211941 ], [ 182055.902809087885544, 4742608.548719516955316 ], [ 182123.37170021852944, 4742761.961266142316163 ], [ 181795.304717727354728, 4742916.587102659977973 ], [ 181885.826372215757146, 4743285.639792023226619 ], [ 181741.75487740925746, 4743431.190827145241201 ], [ 181313.270833423128352, 4743614.453030644915998 ], [ 181326.50650597398635, 4743836.196060743182898 ], [ 181085.992092621396296, 4744442.158793021924794 ], [ 180677.045591691101436, 4744865.187685394659638 ], [ 180714.609509813832119, 4745362.604971396736801 ], [ 180394.645050669147167, 4745419.04054953251034 ], [ 180596.775546380551532, 4745883.031796547584236 ], [ 180755.054278142692056, 4745933.781336923129857 ], [ 180819.768034433131106, 4746216.04284545686096 ], [ 180632.097315848979633, 4746741.401631444692612 ], [ 180544.146788559039123, 4748146.258623640984297 ] ] ] } },
{ "type": "Feature", "properties": { "drag_region": "West", "region": "West", "NAME": "New Salem", "NAMELSAD": "New Salem town" }, "geometry": { "type": "Polygon", "coordinates": [ [ [ 205978.695850856252946, 4713173.322536137886345 ], [ 207308.684386606444605, 4713103.657841148786247 ], [ 207486.582623594324104, 4717324.0240124380216 ], [ 208326.879467933205888, 4717163.30082827154547 ], [ 208649.770543705148157, 4722417.921728983521461 ], [ 215659.115723944909405, 4721979.400375450029969 ], [ 215783.943263908207882, 4720439.508204342797399 ], [ 217690.064684224780649, 4718143.36979459412396 ], [ 213729.867491447133943, 4714524.225608280859888 ], [ 214225.015147105383221, 4710241.251704197376966 ], [ 213877.575670272693969, 4709950.966856738552451 ], [ 213877.458988567057531, 4709816.171848576515913 ], [ 213605.772777490725275, 4709856.959201409481466 ], [ 213755.428074125025887, 4709635.052483431063592 ], [ 213624.360265334951691, 4709384.660976259037852 ], [ 213490.602192781923804, 4709477.047934154048562 ], [ 213544.675384268863127, 4709363.061219624243677 ], [ 213463.597538134956267, 4709042.33153376635164 ], [ 213309.545659378403798, 4709017.503291818313301 ], [ 212966.707157319586258, 4708699.71676408406347 ], [ 213008.076032855780795, 4708644.722314675338566 ], [ 212747.33878727973206, 4708552.982141144573689 ], [ 212749.071586329722777, 4708449.255875359289348 ], [ 212577.909796076186467, 4708442.569927662611008 ], [ 212700.237298287567683, 4708206.467479416169226 ], [ 212590.547512432211079, 4708000.859935463406146 ], [ 212240.024747413874138, 4707965.906724706292152 ], [ 212207.870956312748604, 4707570.095442035235465 ], [ 212080.476983135275077, 4707513.443693529814482 ], [ 212135.422018660057802, 4707407.086269521154463 ], [ 212012.156368704687338, 4707357.059153528884053 ], [ 211948.575775501783937, 4707062.351581275463104 ], [ 212006.147488166694529, 4707008.499230944551528 ], [ 211886.369483851711266, 4706963.565173641778529 ], [ 211811.910637193126604, 4706732.457178109325469 ], [ 211884.480143191874959, 4706720.728408439084888 ], [ 211869.791893617657479, 4706652.676916680298746 ], [ 211569.150167959916871, 4706480.669711894355714 ], [ 211650.697228664823342, 4706149.823244100436568 ], [ 211588.079012824571691, 4706108.334519935771823 ], [ 211606.195194819883909, 4705968.48740076739341 ], [ 211521.838462906947825, 4705957.210597445257008 ], [ 211558.671599558147136, 4705775.257593498565257 ], [ 211423.213758498546667, 4705641.851950091309845 ], [ 211542.878233610885218, 4705385.481746162287891 ], [ 211390.58397460373817, 4705293.997163574211299 ], [ 211466.286388138541952, 4705245.995496474206448 ], [ 211344.320381164259743, 4705164.894683643244207 ], [ 211536.465108055330347, 4704959.30376298353076 ], [ 211439.72756180644501, 4704840.290308573283255 ], [ 211588.887282911397051, 4704754.053913031704724 ], [ 211609.696765226544812, 4704634.456134218722582 ], [ 211513.782767193566542, 4704684.467881366610527 ], [ 211513.898391710710712, 4704605.050330322235823 ], [ 211788.82079369132407, 4704352.305222329683602 ], [ 211707.119095281639602, 4704327.129493052139878 ], [ 211762.18414759990992, 4704257.025286645628512 ], [ 211653.468781266594306, 4704270.719085915014148 ], [ 211715.618670775729697, 4704185.656808018684387 ], [ 211548.583180884015746, 4703909.222649527713656 ], [ 211459.496144877746701, 4703906.248335584998131 ], [ 211521.929268540232442, 4703813.61029436159879 ], [ 211402.242607675201725, 4703757.665243903174996 ], [ 211498.312487040064298, 4703402.786090055480599 ], [ 211567.605898707173765, 4703403.419323741458356 ], [ 211443.665869635646231, 4703247.093798561953008 ], [ 211574.894761176954489, 4703144.209370539523661 ], [ 211472.478349728218745, 4702829.441437724046409 ], [ 211581.913536626321729, 4702835.738688981160522 ], [ 211638.719170467345975, 4702672.473816989921033 ], [ 211347.079576544929296, 4702591.647562461905181 ], [ 211231.876846142055001, 4702412.405189460143447 ], [ 211439.797177830303553, 4702294.06867725495249 ], [ 211652.388751146150753, 4701812.973296402022243 ], [ 211443.071553971851245, 4701585.121715370565653 ], [ 211530.868774643342476, 4701129.024335597641766 ], [ 211498.57529308082303, 4701085.683423006907105 ], [ 211410.983837207662873, 4701187.530776591971517 ], [ 211351.333459165820386, 4701077.30084040760994 ], [ 211398.10692804196151, 4700842.577292548492551 ], [ 211337.622208182699978, 4700715.251620738767087 ], [ 211457.064923499885481, 4700463.235782293602824 ], [ 211255.62171131616924, 4699960.360970662906766 ], [ 211191.70399033772992, 4699087.537564581260085 ], [ 210956.935977894754615, 4699072.342152216471732 ], [ 210502.306537222233601, 4698482.163484721444547 ], [ 210521.681504244275857, 4698169.31517743319273 ], [ 210322.673514905269258, 4698117.705077829770744 ], [ 210214.520970071374904, 4697861.452820814214647 ], [ 210328.814124798867851, 4697641.764886986464262 ], [ 210298.093282458663452, 4697563.219870829954743 ], [ 210186.907526415307075, 4697493.273289888165891 ], [ 210148.946197975892574, 4697678.944231090135872 ], [ 210045.444392471050378, 4697636.616156056523323 ], [ 210086.311160953249782, 4697025.513984689489007 ], [ 210002.205247764883097, 4696787.341385164298117 ], [ 209940.28353165066801, 4696778.532447526231408 ], [ 209893.519077322387602, 4696903.821619431488216 ], [ 209595.387737900833599, 4696845.10074941534549 ], [ 209453.508936416357756, 4696683.384749258868396 ], [ 209398.957173637347296, 4696410.134869823232293 ], [ 208814.701445751066785, 4696332.979141256771982 ], [ 208696.442497359064873, 4696075.695429082028568 ], [ 208467.790475240442902, 4695849.673511411063373 ], [ 208267.594680769369006, 4695791.043140877969563 ], [ 208065.546037029009312, 4695928.470428949221969 ], [ 208079.114782921969891, 4695786.790541919879615 ], [ 208186.904525772435591, 4695712.693584265187383 ], [ 207920.268455848214217, 4695612.867493318393826 ], [ 208149.158869501261506, 4695527.878411957994103 ], [ 208145.158399877895135, 4695277.556814600713551 ], [ 208005.907303741085343, 4695230.212271775119007 ], [ 207963.412666121905204, 4695496.826466731727123 ], [ 207794.485739086056128, 4695421.292812015861273 ], [ 207634.921862682502251, 4695160.535893015563488 ], [ 207280.213179110724013, 4695745.247578400187194 ], [ 207421.507706963922828, 4695771.252401983365417 ], [ 207416.831067885446828, 4695899.458667113445699 ], [ 207638.949857705214527, 4696019.70874067209661 ], [ 207602.655422422976699, 4696246.263406072743237 ], [ 207812.842592684843112, 4696549.844416744075716 ], [ 207772.359181386418641, 4696940.065848536789417 ], [ 207962.253525705600623, 4697146.237940609455109 ], [ 207868.918359861185309, 4697439.552940879017115 ], [ 208128.477512298792135, 4697543.654663095250726 ], [ 207941.683259161363821, 4697863.344779926352203 ], [ 208058.360819497669581, 4697973.638209138065577 ], [ 208041.504402071645018, 4698077.743256438523531 ], [ 208153.085981288051698, 4698063.109817055054009 ], [ 208028.224735659081489, 4698318.515337978489697 ], [ 208188.253812375303824, 4698634.758762734010816 ], [ 208103.503349080798216, 4698812.614907210692763 ], [ 208034.262211608001962, 4698814.568039804697037 ], [ 208046.117535577737726, 4699025.096319949254394 ], [ 207782.788636759039946, 4699499.084260898642242 ], [ 207887.358430492866319, 4699585.381545296870172 ], [ 207765.116983455140144, 4699598.996559468097985 ], [ 207528.968924294691533, 4699914.204114919528365 ], [ 207620.912009029649198, 4699923.248896382749081 ], [ 207583.96827841096092, 4700042.721278794109821 ], [ 207665.039528817462269, 4700123.270362621173263 ], [ 207588.563325783761684, 4700198.591195517219603 ], [ 207653.742825950554106, 4700288.332855991087854 ], [ 207550.620487065578345, 4700317.769817572087049 ], [ 207807.28482567681931, 4700424.079266912303865 ], [ 207697.292872230173089, 4700624.07419615983963 ], [ 207761.860283637826797, 4700829.961643864400685 ], [ 207621.451451392378658, 4700984.445406110025942 ], [ 207781.590926153992768, 4701429.363014597445726 ], [ 207632.777487331826705, 4701936.214661255478859 ], [ 207709.696870717452839, 4702031.163951727561653 ], [ 207798.324953666189685, 4702019.651487777009606 ], [ 207883.63157959934324, 4702182.898009081371129 ], [ 207706.662838754593395, 4702250.624317244626582 ], [ 207531.242001644335687, 4702449.097880100831389 ], [ 207537.67485662153922, 4702720.016470113769174 ], [ 207380.902858180517796, 4702818.319506878964603 ], [ 207287.132089740247466, 4702999.553587077185512 ], [ 207325.727125319768675, 4703544.933588112704456 ], [ 207271.443947954277974, 4703581.898808852769434 ], [ 207189.909913078707177, 4703468.117824234999716 ], [ 207102.320612628187519, 4703613.517644893378019 ], [ 207122.347478217270691, 4703871.107531753368676 ], [ 207349.119045574509073, 4703929.301516054198146 ], [ 207204.082165574654937, 4703998.338208465836942 ], [ 207085.439266452216543, 4704285.785598274320364 ], [ 207369.111248536384664, 4704481.759127563796937 ], [ 207327.769531586731318, 4704609.975301318801939 ], [ 207191.092983430193271, 4704685.689683753997087 ], [ 207240.026917285576928, 4704915.438828569836915 ], [ 207059.385132789378986, 4705104.795991457998753 ], [ 207121.156332220765762, 4705335.926178681664169 ], [ 206989.406774421455339, 4705547.817494520917535 ], [ 207069.36166237940779, 4705728.172464540228248 ], [ 206985.571374869556166, 4705775.210941172204912 ], [ 206961.977199163287878, 4705976.248966593295336 ], [ 207053.285588452999946, 4706203.870133209973574 ], [ 207209.895555424096528, 4706305.214584652334452 ], [ 206946.352453994099051, 4706838.785956101492047 ], [ 206830.248913877818268, 4706908.244603350758553 ], [ 206973.455506484548096, 4707114.448671590536833 ], [ 206676.537810985988472, 4707445.698769509792328 ], [ 206818.750107686442789, 4707753.491762207821012 ], [ 206641.695486658660229, 4707879.43561364710331 ], [ 206544.461489978653844, 4708097.421596725471318 ], [ 206586.978899587760679, 4708275.367089155130088 ], [ 206470.901536037505139, 4708707.11114561278373 ], [ 206653.887281401199289, 4709025.067592909559608 ], [ 206621.74249289202271, 4709296.191615652292967 ], [ 206530.988513792981394, 4709394.794278777204454 ], [ 206604.89924309332855, 4710005.512145727872849 ], [ 206210.990775742102414, 4710311.737444145604968 ], [ 206339.53265330044087, 4710525.072787979617715 ], [ 206305.523776917776559, 4710912.066850977949798 ], [ 206452.281494872819167, 4711128.014225935563445 ], [ 206346.490984493051656, 4711270.267513285391033 ], [ 206360.018074547115248, 4711452.592772199772298 ], [ 206102.086617765249684, 4711896.236314496956766 ], [ 206174.73961933713872, 4712088.327341376803815 ], [ 206143.054875157948118, 4712435.856090643443167 ], [ 206281.119329237903003, 4712671.833103051409125 ], [ 206119.353968043229543, 4712878.059059887193143 ], [ 206173.56234072445659, 4713060.096162510104477 ], [ 205978.695850856252946, 4713173.322536137886345 ] ] ] } },
{ "type": "Feature", "properties": { "drag_region": "West", "region": "West", "NAME": "Orange", "NAMELSAD": "Orange town" }, "geometry": { "type": "Polygon", "coordinates": [ [ [ 208997.23130799093633, 4731650.357449482195079 ], [ 212822.497229993954534, 4732108.126858301460743 ], [ 212637.367752272548387, 4733959.226037695072591 ], [ 213494.492247542802943, 4734076.634020188823342 ], [ 213395.021087346802233, 4734966.570398516021669 ], [ 214294.490427028475096, 4735000.876274828799069 ], [ 214204.190035729348892, 4735829.039570335298777 ], [ 215049.172257929836633, 4735989.580631082877517 ], [ 214910.371761328511639, 4737131.165204710327089 ], [ 215917.041807873669313, 4737276.703323394060135 ], [ 215773.150527274847263, 4738498.543853278271854 ], [ 217994.420259620499564, 4738638.471969493664801 ], [ 218061.67822666282882, 4737803.491415583528578 ], [ 219200.719811830233084, 4737905.125881380401552 ], [ 219281.881477831600932, 4737056.06837754137814 ], [ 220321.365724334289553, 4737130.131472035311162 ], [ 220593.533506903535454, 4734480.636665758676827 ], [ 220251.108553867350565, 4734428.874314144253731 ], [ 220451.97740758859436, 4734042.17032884247601 ], [ 220526.134660750889452, 4733536.635329872369766 ], [ 220327.175345208292129, 4733126.719801602885127 ], [ 220036.533943175134482, 4733054.189219139516354 ], [ 219981.827208885719301, 4732974.535491554997861 ], [ 220068.956340080156224, 4732815.165496341884136 ], [ 220191.176982873381348, 4732834.629256883636117 ], [ 220118.258452717127511, 4732624.433084179647267 ], [ 220321.475614996772492, 4732609.663753919303417 ], [ 220229.322754051565425, 4732261.401321492157876 ], [ 220264.457369583105901, 4731927.40754671767354 ], [ 220139.882604563463246, 4731790.807646433822811 ], [ 220019.084148981113685, 4731819.779943349771202 ], [ 219923.974450560606783, 4731725.654849419370294 ], [ 219418.625169770763023, 4731831.409982775337994 ], [ 219289.187390331324423, 4731733.491795640438795 ], [ 219105.970047385286307, 4731775.660720667801797 ], [ 219051.116978191101225, 4731699.132535921409726 ], [ 218032.162207527348073, 4731539.984318853355944 ], [ 218122.965073397528613, 4730838.247928401455283 ], [ 217874.455155818635831, 4730824.01365237403661 ], [ 217664.913669393834425, 4730676.155698618851602 ], [ 217552.393765292392345, 4730393.877200536429882 ], [ 217375.621349947847193, 4730301.485861668363214 ], [ 216975.268853421177482, 4730379.449720121920109 ], [ 217338.874541415803833, 4727597.011905572377145 ], [ 217184.046696527831955, 4727597.977739821188152 ], [ 217041.439440120622749, 4727785.660205211490393 ], [ 216807.966051348572364, 4727833.825599072501063 ], [ 216537.492623877100414, 4727654.202022968791425 ], [ 216476.90020678730798, 4727921.69792965054512 ], [ 216377.416466617229162, 4728014.524271070025861 ], [ 216305.974231147061801, 4727990.818340184167027 ], [ 216292.895641192881158, 4727756.979821417480707 ], [ 216187.821175773948198, 4727730.906351144425571 ], [ 216105.658725435700035, 4727806.160169846378267 ], [ 216057.274305073806318, 4727036.597120915539563 ], [ 216268.719028153194813, 4725978.589213853701949 ], [ 216393.332190222485224, 4724442.03025895357132 ], [ 209383.987009982723976, 4724880.551612487062812 ], [ 209848.177026372723049, 4730355.17391627188772 ], [ 209418.728428769070888, 4730442.519829746335745 ], [ 209136.795231600204716, 4730064.857961148954928 ], [ 208997.23130799093633, 4731650.357449482195079 ] ] ] } },
{ "type": "Feature", "properties": { "drag_region": "West", "region": "West", "NAME": "Longmeadow", "NAMELSAD": "Longmeadow town" }, "geometry": { "type": "Polygon", "coordinates": [ [ [ 182873.182750795240281, 4660134.043917579576373 ], [ 182993.144264446891611, 4661451.080358339473605 ], [ 183101.197737911221338, 4661818.540659471414983 ], [ 183623.529353653109865, 4662859.838323375210166 ], [ 184606.869145976757864, 4664424.000135075300932 ], [ 188932.049756262305891, 4663302.973161175847054 ], [ 189219.407885437918594, 4660047.498417565599084 ], [ 185785.846974934014725, 4659705.298864494077861 ], [ 184983.316322312661214, 4659129.48111629858613 ], [ 182914.661756213085027, 4659261.759180623106658 ], [ 182873.182750795240281, 4660134.043917579576373 ] ] ] } },
{ "type": "Feature", "properties": { "drag_region": "Southeast", "region": "Southeast", "NAME": "Gosnold", "NAMELSAD": "Gosnold town" }, "geometry": { "type": "Polygon", "coordinates": [ [ [ 334241.050892152707092, 4576635.937216894701123 ], [ 348870.754085261723958, 4585565.367592375725508 ], [ 358634.103025317774154, 4591635.416697174310684 ], [ 359086.873978323827032, 4592106.46052508149296 ], [ 364330.6285420221393, 4588072.95884389989078 ], [ 364588.604753231047653, 4587210.680046179331839 ], [ 364837.571443177876063, 4587088.8568962411955 ], [ 365419.663387672859244, 4587162.029913665726781 ], [ 365986.946423613757361, 4587354.822350696660578 ], [ 366178.865419391426258, 4586950.042908244766295 ], [ 366851.436038586776704, 4586121.388221227563918 ], [ 367976.215409174212255, 4583831.75666706636548 ], [ 365867.864848708617501, 4583230.001150992698967 ], [ 364475.019840013002977, 4582241.851191180758178 ], [ 361659.373662432888523, 4579705.788371708244085 ], [ 358659.316385150828864, 4576679.560471702367067 ], [ 351364.148589410353452, 4573215.480587995611131 ], [ 347453.054396189167164, 4572072.037883548997343 ], [ 347153.458170067635365, 4571709.143886897712946 ], [ 347136.417016662308015, 4571159.793518075719476 ], [ 345262.652483559912071, 4570418.595781376585364 ], [ 343545.13152305863332, 4569451.873632217757404 ], [ 342106.033643441973254, 4569059.315712407231331 ], [ 340867.983426471240819, 4568979.157888054847717 ], [ 339181.100069294800051, 4569251.194511875510216 ], [ 338457.787678857333958, 4569580.431718886829913 ], [ 337196.68713472672971, 4570489.092472671531141 ], [ 336276.257430389290676, 4571585.084778156131506 ], [ 335746.78848585463129, 4572550.608986424282193 ], [ 335392.193928761058487, 4573518.175925320014358 ], [ 335190.307946798740886, 4574561.70729046035558 ], [ 335359.920207744871732, 4575356.878958875313401 ], [ 335759.423412223928608, 4576306.394491649232805 ], [ 334241.050892152707092, 4576635.937216894701123 ] ] ] } },
{ "type": "Feature", "properties": { "drag_region": "Southeast", "region": "Southeast", "NAME": "Tisbury", "NAMELSAD": "Tisbury town" }, "geometry": { "type": "Polygon", "coordinates": [ [ [ 372071.127756058238447, 4583321.065763627178967 ], [ 374482.542616603663191, 4584062.983534969389439 ], [ 376092.320134182460606, 4585036.194671503268182 ], [ 378154.636545525514521, 4586490.573292999528348 ], [ 381756.540512318839319, 4586150.01404716912657 ], [ 379058.142397305578925, 4580996.190840312279761 ], [ 379426.166568148531951, 4580532.415913719683886 ], [ 379540.940801370074041, 4580139.044689844362438 ], [ 379081.219680779264309, 4579119.943717126734555 ], [ 378745.882527070934884, 4578852.792183960787952 ], [ 378098.275891403201967, 4577654.180998789146543 ], [ 378212.01667543721851, 4577368.537965626455843 ], [ 378099.771661760867573, 4577206.465264555066824 ], [ 377964.657558438600972, 4577163.875329369679093 ], [ 377959.530027559143491, 4577026.920622474513948 ], [ 376484.07041873713024, 4579128.375671559944749 ], [ 376938.793602599645965, 4575609.977205292321742 ], [ 373621.093017327249981, 4580942.957745866850019 ], [ 371010.161488148849458, 4582568.336319180205464 ], [ 372071.127756058238447, 4583321.065763627178967 ] ] ] } },
{ "type": "Feature", "properties": { "drag_region": "West", "region": "West", "NAME": "Bernardston", "NAMELSAD": "Bernardston town" }, "geometry": { "type": "Polygon", "coordinates": [ [ [ 187610.829106478631729, 4747500.512373372912407 ], [ 194306.995608890749281, 4746951.443685734644532 ], [ 196233.145875150308711, 4739513.478719623759389 ], [ 192048.378711128345458, 4739017.927505504339933 ], [ 191998.356711943546543, 4738941.256569373421371 ], [ 191747.109782965184422, 4738910.853596499189734 ], [ 191763.664900020492496, 4738982.474481438286602 ], [ 188286.242075836489676, 4738569.076938450336456 ], [ 187721.09518667604425, 4740141.733951811678708 ], [ 188102.769159909890732, 4741094.356638571247458 ], [ 187610.829106478631729, 4747500.512373372912407 ] ] ] } },
{ "type": "Feature", "properties": { "drag_region": "Central", "region": "Central", "NAME": "Belmont", "NAMELSAD": "Belmont town" }, "geometry": { "type": "Polygon", "coordinates": [ [ [ 333420.104930931411218, 4705704.159336254000664 ], [ 334151.889669257157948, 4706654.211854825727642 ], [ 334837.703971671813633, 4706476.554129830561578 ], [ 334757.243965402711183, 4706676.647303510457277 ], [ 334840.44791791838361, 4706691.053125133737922 ], [ 335684.396361301071011, 4706236.266867944039404 ], [ 336690.021714251546655, 4705881.680059677921236 ], [ 337318.853853289911058, 4705566.835727300494909 ], [ 337411.78257954394212, 4705426.128987525589764 ], [ 337783.71717439929489, 4705197.769201538525522 ], [ 337928.651828311674763, 4705191.087598114274442 ], [ 338259.267896793608088, 4704991.804972157813609 ], [ 337904.463882097101305, 4704446.00592780392617 ], [ 337731.161469662270974, 4704309.291175413876772 ], [ 337828.949673941184301, 4703814.010187179781497 ], [ 337756.366847233322915, 4703498.841591088101268 ], [ 337547.951404675841331, 4703423.802289835177362 ], [ 337753.798493491718546, 4702924.218621097505093 ], [ 337960.215143866545986, 4702816.086699009872973 ], [ 337970.252147721068468, 4702708.383894954808056 ], [ 337874.333559756923933, 4702759.263681404292583 ], [ 338012.578223540273029, 4702135.846541587263346 ], [ 335954.696591234591324, 4702756.798559880815446 ], [ 335159.09518554789247, 4702835.590261917561293 ], [ 334658.263977588911075, 4703593.226494740694761 ], [ 334714.392148384533357, 4703677.336988046765327 ], [ 334559.110044675064273, 4703855.362041710875928 ], [ 334548.166288757289294, 4704104.216687113977969 ], [ 334473.147053509193938, 4704184.49593979306519 ], [ 334611.529945971618872, 4704331.259482737630606 ], [ 334601.404134699900169, 4704430.194392185658216 ], [ 334365.90779777453281, 4704703.084035937674344 ], [ 334120.990751301171258, 4705418.591484528034925 ], [ 333420.104930931411218, 4705704.159336254000664 ] ] ] } },
{ "type": "Feature", "properties": { "drag_region": "Central", "region": "Central", "NAME": "Cambridge", "NAMELSAD": "Cambridge city" }, "geometry": { "type": "Polygon", "coordinates": [ [ [ 338399.336862320138607, 4702900.073021425865591 ], [ 338607.75230487762019, 4702975.112322678789496 ], [ 338680.335131585481577, 4703290.280918770469725 ], [ 338582.54692730656825, 4703785.561907004565001 ], [ 338755.84933974139858, 4703922.276659394614398 ], [ 339126.756276730797254, 4704492.557444608770311 ], [ 339813.1832392057986, 4704072.073891567997634 ], [ 340085.058967203192879, 4704334.002976431511343 ], [ 340423.187682803138159, 4704454.382128030993044 ], [ 340579.288011138036381, 4704803.355155787430704 ], [ 341507.087757807224989, 4703455.074466917663813 ], [ 341664.577105511329137, 4703613.809499442577362 ], [ 341973.266049171099439, 4703147.769519206136465 ], [ 341877.707584288727958, 4702975.482856986112893 ], [ 342084.590886644087732, 4702653.546393867582083 ], [ 342704.919221126823686, 4701995.456780571490526 ], [ 342654.635159212222788, 4701967.593189871869981 ], [ 343073.959543451026548, 4701425.533093322999775 ], [ 343902.018200496677309, 4701392.086762553080916 ], [ 344479.75913827389013, 4701249.991852616891265 ], [ 344535.55366991867777, 4701358.176684580743313 ], [ 344615.698358162015211, 4701273.544565026648343 ], [ 344885.181893020868301, 4701350.827099148184061 ], [ 345179.928701082419138, 4701289.059744780883193 ], [ 345315.560630045249127, 4701337.299618032760918 ], [ 345449.832633497426286, 4701167.912562124431133 ], [ 345583.436608078191057, 4701241.095540581271052 ], [ 345600.27033789595589, 4701178.019532448612154 ], [ 346038.58483625925146, 4701073.790106364525855 ], [ 346288.609472328214906, 4700747.276456521824002 ], [ 345836.527900413610041, 4700770.937048856168985 ], [ 345384.665947009460069, 4700196.077599540352821 ], [ 345162.60833640047349, 4699680.511595415882766 ], [ 344024.170668300474063, 4699187.654746472835541 ], [ 342997.12165382434614, 4698996.549892256967723 ], [ 342252.730573278269731, 4699065.452710443176329 ], [ 342053.091907803725917, 4699176.861461354419589 ], [ 341881.557505436590873, 4699403.910276815295219 ], [ 341925.161658816039562, 4700516.053858410567045 ], [ 341844.710090959561057, 4700795.838320785202086 ], [ 341361.602214922138955, 4700893.673820643685758 ], [ 341059.528798831219319, 4701357.014428128488362 ], [ 340784.39164917904418, 4701434.243453362956643 ], [ 340607.836032985593192, 4701306.337524996139109 ], [ 340710.183623822988011, 4700988.541155648417771 ], [ 340609.676758105750196, 4700838.06031209230423 ], [ 340042.14782259077765, 4700406.539763587526977 ], [ 339716.508973465824965, 4700482.080715053714812 ], [ 339670.782259610132314, 4700635.793655249290168 ], [ 339812.853950153570622, 4700682.211684305220842 ], [ 339947.36999120307155, 4700948.828016959130764 ], [ 340042.872677519102581, 4701416.989139845594764 ], [ 339720.456784380192403, 4701481.228953200392425 ], [ 339748.11598688934464, 4701614.201340366154909 ], [ 339201.437477773288265, 4701528.011173266917467 ], [ 338863.082648232928477, 4701616.3619748884812 ], [ 338725.719017401221208, 4702235.534412994980812 ], [ 338821.637605365365744, 4702184.654626545496285 ], [ 338811.600601510843262, 4702292.357430600561202 ], [ 338605.183951136015821, 4702400.489352688193321 ], [ 338399.336862320138607, 4702900.073021425865591 ] ] ] } },
{ "type": "Feature", "properties": { "drag_region": "Central", "region": "Central", "NAME": "Chelmsford", "NAMELSAD": "Chelmsford town" }, "geometry": { "type": "Polygon", "coordinates": [ [ [ 314283.278379890602082, 4738000.871117037720978 ], [ 314706.594798454199918, 4737503.758146188221872 ], [ 314729.178121406934224, 4737343.516395424492657 ], [ 314913.245577704859897, 4737428.400535989552736 ], [ 315382.269063180894591, 4737372.921995882876217 ], [ 315479.251528555992991, 4737188.451331662945449 ], [ 315792.574150306172669, 4736977.056116752326488 ], [ 315841.021200723713264, 4737036.252047244459391 ], [ 315542.303007035166956, 4737721.017067407257855 ], [ 315807.662936408247333, 4737812.171262850984931 ], [ 315964.907519541797228, 4737493.186301513575017 ], [ 316176.599546951591037, 4737357.931571438908577 ], [ 316951.074885660142172, 4737462.287734001874924 ], [ 317297.295345113205258, 4737375.175027360208333 ], [ 317773.546381701366045, 4736320.86759399343282 ], [ 318179.507177066290751, 4736091.093227833509445 ], [ 318569.587964439531788, 4736081.83784934040159 ], [ 318926.701166679849848, 4734779.795387686230242 ], [ 321512.312919600110035, 4733283.726100089028478 ], [ 321696.214469263097271, 4733290.780335531570017 ], [ 321868.88135053566657, 4732533.224756365641952 ], [ 322152.649221469881013, 4732571.000731614418328 ], [ 322240.916177533450536, 4732751.281302508898079 ], [ 322221.199812317499891, 4733310.59322608076036 ], [ 324119.606655548559502, 4733382.261208038777113 ], [ 324046.708743327704724, 4733118.972782403230667 ], [ 324252.498722567921504, 4732362.482081529684365 ], [ 320974.03772787109483, 4727475.325241243466735 ], [ 319853.714191089617088, 4727829.123158587142825 ], [ 318027.253828171873465, 4727254.961184333078563 ], [ 316358.106446879624855, 4726402.98127100802958 ], [ 314283.278379890602082, 4738000.871117037720978 ] ] ] } },
{ "type": "Feature", "properties": { "drag_region": "Central", "region": "Central", "NAME": "Everett", "NAMELSAD": "Everett city" }, "geometry": { "type": "Polygon", "coordinates": [ [ [ 346312.164243723847903, 4704502.017675028182566 ], [ 346758.506671371578705, 4705507.660254028625786 ], [ 346561.900469276763033, 4705707.678083934821188 ], [ 346722.422647771134507, 4705972.645159421488643 ], [ 346615.35155333467992, 4706386.031202645041049 ], [ 347672.648621042724699, 4706487.847406649962068 ], [ 348515.065306834992953, 4707238.879818125627935 ], [ 350348.689843924716115, 4707340.939536965452135 ], [ 349890.8707940588356, 4706149.491135596297681 ], [ 349274.100875565782189, 4704897.886449580080807 ], [ 348636.199559503002092, 4704319.03770589735359 ], [ 348381.26431208231952, 4704453.408136494457722 ], [ 348234.747466221917421, 4704340.506901033222675 ], [ 348208.494859399914276, 4704191.36786359641701 ], [ 348421.213071557460353, 4704095.565042081288993 ], [ 348474.880330380983651, 4703971.495534971356392 ], [ 348022.087175292661414, 4703274.234851208515465 ], [ 347164.619635478360578, 4703239.366558010689914 ], [ 346742.972844438161701, 4703516.293504478409886 ], [ 347091.531048339209519, 4704172.569716392084956 ], [ 347050.49278918094933, 4704208.789960671216249 ], [ 346886.134154234430753, 4704071.239171538501978 ], [ 346599.680343275773339, 4703719.784766090102494 ], [ 346312.164243723847903, 4704502.017675028182566 ] ] ] } },
{ "type": "Feature", "properties": { "drag_region": "Central", "region": "Central", "NAME": "Holliston", "NAMELSAD": "Holliston town" }, "geometry": { "type": "Polygon", "coordinates": [ [ [ 303535.614767185470555, 4677011.118744608014822 ], [ 305251.157038912642747, 4678363.409893119707704 ], [ 307112.747701824002434, 4679667.073470242321491 ], [ 306845.070635781274177, 4680838.06800795905292 ], [ 306594.919990820984822, 4681295.965159550309181 ], [ 310520.288502080482431, 4682002.658258246257901 ], [ 310731.295466085080989, 4681968.106238693930209 ], [ 311042.379941639839672, 4681589.104102328419685 ], [ 311090.295600300538354, 4680878.057518569752574 ], [ 311288.578783517004922, 4680693.1901562102139 ], [ 311366.946601855335757, 4680470.599787523970008 ], [ 311313.106571463984437, 4680409.777350637130439 ], [ 311391.902301583089866, 4680085.267897496931255 ], [ 311266.000427038408816, 4679944.578924838453531 ], [ 311268.344735717226285, 4679825.935193348675966 ], [ 311413.157377208815888, 4679788.057214645668864 ], [ 311435.031299143272918, 4679699.756391821429133 ], [ 311488.62628574075643, 4679754.696913962252438 ], [ 311923.945219672517851, 4679437.469651048071682 ], [ 311777.245644528185949, 4679379.48364916164428 ], [ 311785.931286969629582, 4679315.449485212564468 ], [ 312273.136074811453, 4678858.870683690533042 ], [ 312281.119191869045608, 4678590.488515824079514 ], [ 312560.795983024523593, 4678493.723675274290144 ], [ 312752.088475795288105, 4678783.181265459395945 ], [ 313012.253787512774579, 4678582.85326976981014 ], [ 313024.098948201339226, 4678171.119631394743919 ], [ 313678.666621337877586, 4677870.099014258943498 ], [ 313270.012667004833929, 4676798.567815327085555 ], [ 311635.202482431661338, 4676446.525337548926473 ], [ 311781.110144149744883, 4675371.227408560924232 ], [ 310023.510088626120705, 4675347.276297246105969 ], [ 310012.184137361880857, 4675472.288208699785173 ], [ 309480.380933680105954, 4675502.203244899399579 ], [ 308318.618387314374559, 4675035.637657903134823 ], [ 306618.243027265998535, 4673229.726755402982235 ], [ 305891.960111101041548, 4673103.374913397245109 ], [ 305447.575159994419664, 4673106.155537337996066 ], [ 305484.493813308654353, 4674115.199359193444252 ], [ 303888.417387728230096, 4674247.5461784908548 ], [ 303535.614767185470555, 4677011.118744608014822 ] ] ] } },
{ "type": "Feature", "properties": { "drag_region": "West", "region": "West", "NAME": "Charlemont", "NAMELSAD": "Charlemont town" }, "geometry": { "type": "Polygon", "coordinates": [ [ [ 154187.075643076532288, 4739873.343263538554311 ], [ 155734.179893581167562, 4740855.865911085158587 ], [ 156079.073254828079371, 4741191.843167305923998 ], [ 156315.484831837267848, 4741204.426998404785991 ], [ 156401.741251991450554, 4741393.41209505777806 ], [ 157619.067422765161609, 4741368.121546801179647 ], [ 157711.648919495666632, 4741706.749548872001469 ], [ 162312.582219557865756, 4741662.875656533055007 ], [ 162448.372532137465896, 4740615.512601166963577 ], [ 162547.73844916690723, 4740615.092945722863078 ], [ 162705.681314292218303, 4738659.468395815230906 ], [ 163435.401495666737901, 4738567.130634753964841 ], [ 163349.730350252444623, 4737623.265842102468014 ], [ 163888.718298217951087, 4737564.374448013491929 ], [ 163915.512824217061279, 4737260.557194905355573 ], [ 165089.13622242512065, 4737408.459390270523727 ], [ 169202.117316249612486, 4739611.390200600959361 ], [ 169595.460348682332551, 4736358.4050168748945 ], [ 172154.90439964827965, 4736672.974481726996601 ], [ 171979.044128469278803, 4736228.517972860485315 ], [ 171979.439459380198969, 4736003.384836654178798 ], [ 171470.921594534913311, 4736036.356672517955303 ], [ 171159.038138245901791, 4735722.575670382007957 ], [ 171130.497004421922611, 4735586.745306935161352 ], [ 171239.325604433979606, 4735422.234212013892829 ], [ 171255.072375552466838, 4735217.561667555943131 ], [ 170992.424334940238623, 4735047.48944487515837 ], [ 170849.178588363953168, 4735075.433724341914058 ], [ 170538.156980909727281, 4735394.931082110852003 ], [ 169695.248982994613471, 4735259.836593122221529 ], [ 168124.828958909580251, 4735537.857269506901503 ], [ 166480.146178447263082, 4735090.104214020073414 ], [ 165468.661203173949616, 4735157.742095206864178 ], [ 164918.411421116179554, 4735404.188716399483383 ], [ 164147.261897977819899, 4735197.508695704862475 ], [ 163982.495936835737666, 4734598.673190807923675 ], [ 156152.403123162133852, 4736353.390305610373616 ], [ 154132.428191006329143, 4736997.616809353232384 ], [ 154488.575126970623387, 4738355.805861792527139 ], [ 154407.733886711619562, 4739456.960905347950757 ], [ 154302.519002296059625, 4739501.623956149443984 ], [ 154187.075643076532288, 4739873.343263538554311 ] ] ] } },
{ "type": "Feature", "properties": { "drag_region": "West", "region": "West", "NAME": "Colrain", "NAMELSAD": "Colrain town" }, "geometry": { "type": "Polygon", "coordinates": [ [ [ 169920.179261393350316, 4748818.441708517260849 ], [ 179428.099637242237804, 4748049.179603987373412 ], [ 179574.841016253893031, 4746540.058773126453161 ], [ 179747.701343374355929, 4746115.48943002242595 ], [ 179682.987587083916878, 4745833.227921488694847 ], [ 179524.708855321776355, 4745782.478381113149226 ], [ 179322.57835961037199, 4745318.48713409807533 ], [ 179642.542818755056942, 4745262.051555962301791 ], [ 179604.978900632326258, 4744764.634269960224628 ], [ 180013.925401562621119, 4744341.605377587489784 ], [ 180254.439814915211173, 4743735.642645308747888 ], [ 180241.204142364353174, 4743513.899615210480988 ], [ 180669.688186350482283, 4743330.637411710806191 ], [ 180813.759681156981969, 4743185.086376588791609 ], [ 180723.23802666857955, 4742816.033687225542963 ], [ 181051.305009159754263, 4742661.407850707881153 ], [ 180983.836118029110366, 4742507.995304082520306 ], [ 180797.957931197161088, 4742437.375623529776931 ], [ 180760.369977717025904, 4742242.391328218393028 ], [ 180941.522575766983209, 4742089.89891095366329 ], [ 181017.996899343066616, 4741718.958522879518569 ], [ 181738.330689093010733, 4741277.143462196923792 ], [ 181883.333935538801597, 4740974.58348320517689 ], [ 182202.289482363528805, 4740929.902251439169049 ], [ 182501.144850228709402, 4740406.656299204565585 ], [ 182665.121747841563774, 4740332.063598931767046 ], [ 182634.65870945432107, 4740108.728569195605814 ], [ 182479.109462265943876, 4739917.478615645319223 ], [ 182950.523243729869137, 4739742.662812205962837 ], [ 183087.436966118839337, 4739567.103647274896502 ], [ 183168.362182455573929, 4739330.641300736926496 ], [ 183025.706533067481359, 4739133.596372904255986 ], [ 183153.966982411540812, 4738801.973698218353093 ], [ 183344.936819231108529, 4738800.345040902495384 ], [ 183540.995845495112007, 4738503.542957563884556 ], [ 183422.596397453249665, 4738305.227669455111027 ], [ 171431.257917168579297, 4736869.828274795785546 ], [ 169920.179261393350316, 4748818.441708517260849 ] ] ] } },
{ "type": "Feature", "properties": { "drag_region": "Central", "region": "Central", "NAME": "Natick", "NAMELSAD": "Natick town" }, "geometry": { "type": "Polygon", "coordinates": [ [ [ 314333.706005163781811, 4690718.433058860711753 ], [ 315598.07648534065811, 4691654.025445897132158 ], [ 316447.897120961511973, 4693030.476093900389969 ], [ 316829.708754038729239, 4692481.053512221202254 ], [ 317017.263390054402407, 4692524.832833206281066 ], [ 317199.876551184861455, 4692803.016711117699742 ], [ 317572.065292600484099, 4693136.609974797815084 ], [ 317920.630093222716823, 4693265.064657066017389 ], [ 318308.936425582622178, 4693256.635546100325882 ], [ 319059.960067361884285, 4692972.950635800138116 ], [ 319701.692662907997146, 4693890.087823072448373 ], [ 320122.906993571552448, 4694899.002979390323162 ], [ 320532.187491307908203, 4694807.992783143185079 ], [ 320595.510561608301941, 4692813.196212502196431 ], [ 320393.52033739403123, 4692734.824664881452918 ], [ 320848.035595613124315, 4690991.486948827281594 ], [ 322019.092586109356489, 4688001.352793166413903 ], [ 322410.172560148523189, 4685488.250029460527003 ], [ 319972.709109305695165, 4685643.590671245008707 ], [ 319934.956448436656501, 4685507.16186446044594 ], [ 319154.970670168811921, 4685819.388307719491422 ], [ 319220.645334407163318, 4686160.074871928431094 ], [ 318677.113461493921932, 4686304.727563249878585 ], [ 318248.620236256334465, 4686548.702940300107002 ], [ 318191.393243298807647, 4686754.093405522406101 ], [ 318010.542642504849937, 4686909.896985286846757 ], [ 318003.104913918476086, 4687300.273711839690804 ], [ 316378.151901016535703, 4688011.554744741879404 ], [ 314819.51787181198597, 4688435.201473589986563 ], [ 314726.676066933607217, 4689115.495898268185556 ], [ 314544.06093656050507, 4689318.122806594707072 ], [ 314333.706005163781811, 4690718.433058860711753 ] ] ] } },
{ "type": "Feature", "properties": { "drag_region": "Central", "region": "Central", "NAME": "North Reading", "NAMELSAD": "North Reading town" }, "geometry": { "type": "Polygon", "coordinates": [ [ [ 341477.595396068354603, 4725499.130633914843202 ], [ 342071.22758998820791, 4728789.458356188610196 ], [ 341711.07111985393567, 4730565.971168502233922 ], [ 346588.877335118188057, 4731002.365996229462326 ], [ 348029.706807092938107, 4731516.164632014930248 ], [ 347974.20485116855707, 4731211.956000014208257 ], [ 349998.413303343812004, 4728848.099771856330335 ], [ 350434.633758782816585, 4727569.75506079941988 ], [ 349837.76493949216092, 4727159.307425191625953 ], [ 349730.237660511920694, 4727325.558982447721064 ], [ 349659.364743791928049, 4727264.153840716928244 ], [ 349480.956871338246856, 4727296.894592196680605 ], [ 349352.2826940214145, 4727529.106362717226148 ], [ 349128.273624200897757, 4727580.956423762254417 ], [ 349076.326080506842118, 4727463.433516905643046 ], [ 348691.345621217798907, 4727270.632068790495396 ], [ 348490.299037249118555, 4727399.280097601935267 ], [ 348419.817224488884676, 4727317.210832560434937 ], [ 348432.50023068691371, 4727423.681362734176219 ], [ 348343.673086668888573, 4727445.280243145301938 ], [ 348397.493092186632566, 4727507.419415012933314 ], [ 348258.143534359580372, 4727616.245324716903269 ], [ 348069.737406308937352, 4727622.265641272999346 ], [ 347396.27924263762543, 4726313.650881613604724 ], [ 346883.465201151673682, 4725634.278964477591217 ], [ 345337.22892995987786, 4725931.494410760700703 ], [ 344221.194870262756012, 4726708.042407876811922 ], [ 344143.678518676839303, 4726897.197616055607796 ], [ 343823.208110023813788, 4726617.605695283040404 ], [ 343681.886855122225825, 4726329.115595097653568 ], [ 343433.299641231715214, 4726272.09061402734369 ], [ 343201.650701139646117, 4726399.991927809081972 ], [ 342994.465562565252185, 4726336.614406079053879 ], [ 342927.164925066928845, 4726204.292867454700172 ], [ 342815.221093981934246, 4726254.208848246373236 ], [ 342538.652001377718989, 4726002.351625491864979 ], [ 342501.194765123480465, 4725861.618124852888286 ], [ 342361.640145411889534, 4725855.675790002569556 ], [ 342285.423656660073902, 4725555.464484646916389 ], [ 342096.902037828753237, 4725624.760756120085716 ], [ 342074.969827655411791, 4725503.973029739223421 ], [ 341974.30631462339079, 4725538.840020233765244 ], [ 341928.155302619270515, 4725399.216630332171917 ], [ 341868.919007233460434, 4725483.934052590280771 ], [ 341831.453801807307173, 4725408.762434904463589 ], [ 341525.112381749728229, 4725360.369027529843152 ], [ 341477.595396068354603, 4725499.130633914843202 ] ] ] } },
{ "type": "Feature", "properties": { "drag_region": "Central", "region": "Central", "NAME": "Pepperell", "NAMELSAD": "Pepperell town" }, "geometry": { "type": "Polygon", "coordinates": [ [ [ 289357.674802160297986, 4740796.533539364114404 ], [ 290090.01215409336146, 4745319.689181481488049 ], [ 290046.973530628543813, 4746860.518259435892105 ], [ 298991.906630465469789, 4746351.017658948898315 ], [ 298827.367486457980704, 4745934.707611879333854 ], [ 298405.718071526382118, 4745457.021494417451322 ], [ 298093.119474951701704, 4745290.177872147411108 ], [ 297808.751965613570064, 4744929.642007830552757 ], [ 297846.317648431228008, 4743688.816286904737353 ], [ 297686.364377973834053, 4743463.126373818144202 ], [ 299198.204335440299474, 4743177.987710504792631 ], [ 299709.461076085281093, 4742585.546296365559101 ], [ 299303.710672654269729, 4741988.280106763355434 ], [ 298039.667071094212588, 4741651.659292892552912 ], [ 298125.543661053001415, 4741618.49883768428117 ], [ 297773.851045611547306, 4741504.747688706032932 ], [ 297817.555483626492787, 4741596.238228322006762 ], [ 295817.172811721451581, 4741071.901176733896136 ], [ 295750.097953677002806, 4740363.672221599146724 ], [ 295555.100485151458997, 4739973.13939549587667 ], [ 295482.255576883908361, 4739952.467390030622482 ], [ 295366.044932114717085, 4740209.67482219170779 ], [ 295180.418304061575327, 4740198.569381314329803 ], [ 295141.62850223784335, 4740054.588384066708386 ], [ 295215.292431445850525, 4739911.61186295747757 ], [ 295043.186143936996814, 4739264.956663020886481 ], [ 294976.587916762393434, 4739191.299554230645299 ], [ 294687.006466434511822, 4739179.388404638506472 ], [ 294773.452417474822141, 4739014.229062426835299 ], [ 294639.613506189489271, 4738889.170681512914598 ], [ 294625.133033941499889, 4738754.227803124114871 ], [ 294931.267944638908375, 4738721.835506349802017 ], [ 295035.320616606797557, 4738522.79470254573971 ], [ 294590.77600466448348, 4738303.102442390285432 ], [ 294577.905665948230308, 4738006.601916826330125 ], [ 293997.938611767895054, 4737978.730177395045757 ], [ 293744.476225753373001, 4738419.149445659480989 ], [ 293579.609211944742128, 4738553.392300925217569 ], [ 293454.531968577182852, 4738495.223238255828619 ], [ 293367.444933344435412, 4738154.658357083797455 ], [ 292869.077225316257682, 4738294.323560922406614 ], [ 290728.381848702498246, 4739557.812693847343326 ], [ 290236.293327564198989, 4740116.332733886316419 ], [ 290069.398518637986854, 4740130.232220929116011 ], [ 289789.572005953814369, 4740308.528608124703169 ], [ 289479.920623925572727, 4740759.341348664835095 ], [ 289357.674802160297986, 4740796.533539364114404 ] ] ] } },
{ "type": "Feature", "properties": { "drag_region": "Central", "region": "Central", "NAME": "Sudbury", "NAMELSAD": "Sudbury town" }, "geometry": { "type": "MultiPolygon", "coordinates": [ [ [ [ 314502.756944273307454, 4701080.016159541904926 ], [ 314581.546305449737702, 4701030.235885095782578 ], [ 314977.957548885606229, 4701121.233522959053516 ], [ 315033.620817557617556, 4700781.607647567987442 ], [ 314760.67796412325697, 4700635.682846521958709 ], [ 314502.756944273307454, 4701080.016159541904926 ] ] ], [ [ [ 314501.434167000057641, 4701317.210835938341916 ], [ 314599.896045738190878, 4701187.528512238524854 ], [ 314503.60541797085898, 4701080.881359193474054 ], [ 314502.740180145890918, 4701082.350420073606074 ], [ 314501.434167000057641, 4701317.210835938341916 ] ] ], [ [ [ 306775.583431991108228, 4699947.030816832557321 ], [ 308076.035879203409422, 4705404.672017379663885 ], [ 310296.997327541641425, 4705824.329904307611287 ], [ 311399.390084917191416, 4709125.707029438577592 ], [ 316592.783820699725766, 4706287.615281495265663 ], [ 316501.542186191771179, 4706225.702428359538317 ], [ 316489.518976037099492, 4706066.230024653486907 ], [ 315941.627374592178967, 4705816.145071407780051 ], [ 315884.183647648140322, 4705688.059953013435006 ], [ 315959.33992880047299, 4705518.815416927449405 ], [ 316417.339047674264293, 4705326.660071928054094 ], [ 316248.63371022825595, 4704980.412377188913524 ], [ 316395.918009481800254, 4704989.750253333710134 ], [ 316480.941168429504614, 4704898.918802314437926 ], [ 316253.803746751800645, 4704693.436745846644044 ], [ 316648.410554449423216, 4704482.510494930669665 ], [ 316898.410212776332628, 4704441.102348178625107 ], [ 316900.434407025342807, 4704004.411911088041961 ], [ 316652.999510557216126, 4704002.406376310624182 ], [ 316610.825922143994831, 4703899.006154332309961 ], [ 316680.993468513828702, 4703774.030180987901986 ], [ 316615.477898526936769, 4703711.064702942967415 ], [ 316328.025612762838136, 4703766.305882104672492 ], [ 316184.038314995414112, 4703607.403726261109114 ], [ 316018.052283887576777, 4703705.277427895925939 ], [ 315965.00374837371055, 4703460.71333003602922 ], [ 315806.57194488105597, 4703643.17469996213913 ], [ 315609.750634995580185, 4703542.771740740165114 ], [ 315498.494695478293579, 4703194.263864889740944 ], [ 315265.27196266799001, 4703068.550557361915708 ], [ 315058.627659713034518, 4702777.511218247935176 ], [ 315116.588334120577201, 4702493.94185727648437 ], [ 315069.532092862355057, 4702317.449869846925139 ], [ 314708.861972304119263, 4702179.326372865587473 ], [ 314793.725879232690204, 4701929.671495459973812 ], [ 314617.388738299312536, 4701759.926262883469462 ], [ 314724.769463705655653, 4701587.097383958287537 ], [ 314496.150093762786128, 4701360.812414258718491 ], [ 314494.941503601614386, 4701068.789288922213018 ], [ 314338.823098001361359, 4700695.996768421493471 ], [ 314399.653555530298036, 4699960.808774346485734 ], [ 314615.439976367226336, 4699221.157219909131527 ], [ 314624.393396853294689, 4698782.711160371080041 ], [ 314295.701050774485338, 4698847.183671103790402 ], [ 314144.822688288346399, 4698729.628711316734552 ], [ 313771.209347619558685, 4698642.471731062047184 ], [ 313868.62408874911489, 4698398.566179591231048 ], [ 306775.583431991108228, 4699947.030816832557321 ] ] ] ] } },
{ "type": "Feature", "properties": { "drag_region": "Central", "region": "Central", "NAME": "Tewksbury", "NAMELSAD": "Tewksbury town" }, "geometry": { "type": "Polygon", "coordinates": [ [ [ 326401.489914593286812, 4733187.580793899483979 ], [ 327464.771614668541588, 4733450.842953181825578 ], [ 327943.632331356639042, 4734054.47401637583971 ], [ 328220.330157201969996, 4734937.390294583514333 ], [ 328554.952054234570824, 4736637.888847405090928 ], [ 328501.753407217154745, 4737192.073777270503342 ], [ 328265.602423076285049, 4737976.330725844949484 ], [ 329155.733288666466251, 4738113.672377845272422 ], [ 329822.935719453438651, 4738037.818968316540122 ], [ 336627.444891779974569, 4733347.983190344646573 ], [ 336547.010203976242337, 4733194.479762507602572 ], [ 336264.483307608868927, 4733142.404208227060735 ], [ 336199.932775223744102, 4732984.606408983469009 ], [ 336109.730551117332652, 4732987.81737460475415 ], [ 336166.261072093970142, 4732786.121745068579912 ], [ 336064.151812564232387, 4732741.413041860796511 ], [ 336147.463241495250259, 4732703.15364471077919 ], [ 336135.2165306142997, 4732517.563290799036622 ], [ 335893.491683490050491, 4732565.682512347586453 ], [ 335908.144561974098906, 4732474.963222124613822 ], [ 335760.447404243459459, 4732470.659606281667948 ], [ 337139.007241200481076, 4731276.477114045992494 ], [ 336276.225896004762035, 4730659.107020620256662 ], [ 334774.204196400300134, 4727616.699426307342947 ], [ 326401.489914593286812, 4733187.580793899483979 ] ] ] } },
{ "type": "Feature", "properties": { "drag_region": "Central", "region": "Central", "NAME": "Tyngsborough", "NAMELSAD": "Tyngsborough town" }, "geometry": { "type": "Polygon", "coordinates": [ [ [ 306193.842029453138821, 4738546.020820490084589 ], [ 306385.273651908908505, 4739709.521402103826404 ], [ 306994.427489729656372, 4739624.310503799468279 ], [ 307534.732497010554653, 4739812.149826752953231 ], [ 307808.166869306063745, 4740667.059447675012052 ], [ 308164.439124969881959, 4739666.864263761788607 ], [ 309634.269010972522665, 4740566.480917722918093 ], [ 309516.210157692839857, 4740723.960743388161063 ], [ 309824.9461667216965, 4740753.884678362868726 ], [ 309786.878330993466079, 4740877.915958052501082 ], [ 310254.727768427634146, 4740932.800730817951262 ], [ 310488.364857866836246, 4741075.074098687618971 ], [ 310366.848197541374248, 4741586.186470464803278 ], [ 310134.967598932795227, 4741817.754614024423063 ], [ 310064.766781665908638, 4741778.446526105515659 ], [ 310068.048274833941832, 4741818.029630086384714 ], [ 310555.745296651846729, 4741878.022861787118018 ], [ 310457.444440848950762, 4743048.211350520141423 ], [ 310145.07339380501071, 4743750.922064487822354 ], [ 309812.07241178775439, 4743671.460537990555167 ], [ 309751.754447046376299, 4744151.692472569644451 ], [ 309661.898178216360975, 4744196.98696266580373 ], [ 309542.241456383548211, 4744136.784937351942062 ], [ 309427.819941922149155, 4744306.947011734358966 ], [ 309825.133955577795859, 4744726.620909200981259 ], [ 309729.252821664325893, 4745249.12400393281132 ], [ 316927.542773080000188, 4744808.29217386059463 ], [ 316531.568735881592147, 4744247.499904800206423 ], [ 316548.330050274031237, 4743814.257795911282301 ], [ 316136.772252202325035, 4743128.113415847532451 ], [ 316528.967021498945542, 4741231.186688612215221 ], [ 316669.171771267836448, 4741007.420508561655879 ], [ 316845.394128589134198, 4741579.166679804213345 ], [ 317098.717049406201113, 4741276.887017795816064 ], [ 316882.762096358637791, 4740735.589413068257272 ], [ 316115.400535046530422, 4740638.671601938083768 ], [ 315740.642626499931794, 4739769.461436690762639 ], [ 315915.653182044392452, 4739496.577284776605666 ], [ 315856.254617134982254, 4739347.992310766130686 ], [ 315505.607041360402945, 4739423.561456712894142 ], [ 314754.365355772955809, 4739319.77216827031225 ], [ 314542.673328363162, 4739455.02689834497869 ], [ 314385.428745229612105, 4739774.011859682388604 ], [ 314120.068815856531728, 4739682.857664238661528 ], [ 314418.787009545078035, 4738998.092644075863063 ], [ 314370.339959127537441, 4738938.896713583730161 ], [ 314057.017337377357762, 4739150.291928494349122 ], [ 313960.034872002259362, 4739334.76259271427989 ], [ 313491.011386526224669, 4739390.241132820956409 ], [ 313306.943930228298996, 4739305.35699225589633 ], [ 313284.360607275564689, 4739465.598743019625545 ], [ 312861.044188711966854, 4739962.711713869124651 ], [ 306521.477017118537333, 4736104.569570484571159 ], [ 306193.842029453138821, 4738546.020820490084589 ] ] ] } },
{ "type": "Feature", "properties": { "drag_region": "Central", "region": "Central", "NAME": "Watertown", "NAMELSAD": "Watertown city" }, "geometry": { "type": "Polygon", "coordinates": [ [ [ 332844.994162583374418, 4700743.341303567402065 ], [ 334783.263926340732723, 4702853.395556804724038 ], [ 335176.561707187560387, 4702250.658270101994276 ], [ 335972.163112874259241, 4702171.86656806524843 ], [ 336825.177554379217327, 4701863.245706198737025 ], [ 338367.518541768658906, 4701466.808449860662222 ], [ 338914.197050884715281, 4701552.998616959899664 ], [ 338886.537848375563044, 4701420.02622979413718 ], [ 339208.953741514473222, 4701355.786416439339519 ], [ 339113.451055198442191, 4700887.625293552875519 ], [ 338978.935014148941264, 4700621.008960898965597 ], [ 338836.863323605502956, 4700574.590931843034923 ], [ 338882.590037461195607, 4700420.877991647459567 ], [ 338550.717065015167464, 4700024.468103840015829 ], [ 337914.479691479005851, 4699869.123390344902873 ], [ 337582.444916901178658, 4699878.32856129296124 ], [ 337271.212043240957428, 4699727.014244481921196 ], [ 336961.374843771453016, 4699909.023724460043013 ], [ 336263.471295106573962, 4699841.957982111722231 ], [ 335703.022150877513923, 4700012.887152520939708 ], [ 335569.760572645056527, 4699810.521678923629224 ], [ 334539.119029264955316, 4700167.429173607379198 ], [ 334885.738748564617708, 4700560.947764499112964 ], [ 334628.537197836558335, 4700834.380692295730114 ], [ 334078.717193005140871, 4700625.814536555670202 ], [ 333825.788824958028272, 4700624.483365221880376 ], [ 333626.692755342111923, 4700446.417672693729401 ], [ 333314.216595874750055, 4700475.097966209985316 ], [ 332844.994162583374418, 4700743.341303567402065 ] ] ] } },
{ "type": "Feature", "properties": { "drag_region": "Central", "region": "Central", "NAME": "Wayland", "NAMELSAD": "Wayland town" }, "geometry": { "type": "Polygon", "coordinates": [ [ [ 314925.300414437893778, 4698082.958957402035594 ], [ 315464.463579303002916, 4698310.928378908894956 ], [ 315793.155925381812267, 4698246.455868176184595 ], [ 315784.202504895743914, 4698684.901927714236081 ], [ 315568.416084058815613, 4699424.553482151590288 ], [ 315507.585626529878937, 4700159.741476226598024 ], [ 315663.704032130131964, 4700532.533996727317572 ], [ 315664.912622291303705, 4700824.557122063823044 ], [ 315893.531992234173231, 4701050.842091763392091 ], [ 315786.151266827830113, 4701223.670970688574016 ], [ 315962.488407761207782, 4701393.416203265078366 ], [ 315877.624500832636841, 4701643.071080670692027 ], [ 316238.294621390872635, 4701781.194577652029693 ], [ 316241.288747845683247, 4702266.759840766899288 ], [ 316434.034491196507588, 4702532.295265167020261 ], [ 316667.257224006811157, 4702658.008572694845498 ], [ 316778.513163524097763, 4703006.516448545269668 ], [ 316975.334473409573548, 4703106.919407767243683 ], [ 317133.766276902228128, 4702924.458037841133773 ], [ 317186.814812416094355, 4703169.022135701030493 ], [ 317352.80084352393169, 4703071.148434066213667 ], [ 317496.788141291355714, 4703230.050589909777045 ], [ 317784.240427055454347, 4703174.809410748071969 ], [ 317849.75599704234628, 4703237.774888793006539 ], [ 317779.588450672512408, 4703362.750862137414515 ], [ 317821.762039085733704, 4703466.151084115728736 ], [ 318069.196935553860385, 4703468.156618893146515 ], [ 318067.172741304850206, 4703904.847055983729661 ], [ 317817.173082977940794, 4703946.255202735774219 ], [ 317422.566275280318223, 4704157.181453651748598 ], [ 317649.703696958022192, 4704362.66351011954248 ], [ 317564.680538010317832, 4704453.494961138814688 ], [ 317417.396238756773528, 4704444.157084994018078 ], [ 317590.448826094274409, 4704777.9479138571769 ], [ 317128.102457328990567, 4704982.560124732553959 ], [ 317052.9461761766579, 4705151.80466081853956 ], [ 317089.354082143981941, 4705263.919261649250984 ], [ 317658.28150456561707, 4705529.974732458591461 ], [ 317670.304714720288757, 4705689.44713616464287 ], [ 317761.546349228243344, 4705751.359989300370216 ], [ 320497.473659507697448, 4704199.959034290164709 ], [ 320210.803953336609993, 4703596.73994945269078 ], [ 320605.682320661842823, 4696667.175514033995569 ], [ 320198.208377806528006, 4696757.913981157355011 ], [ 319776.994047142972704, 4695748.998824839480221 ], [ 319135.261451596859843, 4694831.861637567169964 ], [ 318384.237809817597736, 4695115.546547867357731 ], [ 317995.931477457692381, 4695123.975658833049238 ], [ 317647.366676835459657, 4694995.520976564846933 ], [ 317275.177935419837013, 4694661.927712884731591 ], [ 317092.564774289377965, 4694383.743834973312914 ], [ 316862.009072442539036, 4694344.942539343610406 ], [ 316523.198505196487531, 4694889.387095667421818 ], [ 316230.68350125500001, 4696431.18149786721915 ], [ 315672.057220636168495, 4697313.680102154612541 ], [ 315693.864212651969865, 4697435.42394582927227 ], [ 315500.958639279764611, 4697410.062388307414949 ], [ 315335.836307335295714, 4697249.898269718512893 ], [ 315172.484081440139562, 4697269.944867134094238 ], [ 315180.399428259464912, 4697580.226576928980649 ], [ 314925.300414437893778, 4698082.958957402035594 ] ], [ [ 315670.196695528575219, 4700780.955543743446469 ], [ 315671.502708674408495, 4700546.095127878710628 ], [ 315672.367946499376558, 4700544.626066998578608 ], [ 315768.658574266708456, 4700651.273220043629408 ], [ 315670.196695528575219, 4700780.955543743446469 ] ], [ [ 315663.704032130131964, 4700532.533996727317572 ], [ 315929.440492651774548, 4700099.427554327063262 ], [ 316202.383346086135134, 4700245.352355373091996 ], [ 316146.720077414123807, 4700584.97823076415807 ], [ 315663.704032130131964, 4700532.533996727317572 ] ] ] } },
{ "type": "Feature", "properties": { "drag_region": "Central", "region": "Central", "NAME": "Wilmington", "NAMELSAD": "Wilmington town" }, "geometry": { "type": "Polygon", "coordinates": [ [ [ 333542.209254144108854, 4726019.423413878306746 ], [ 333788.905078034615144, 4726120.196883989498019 ], [ 333783.23782984574791, 4726248.914567170664668 ], [ 333882.18418639205629, 4726338.557714027352631 ], [ 333830.246472247992642, 4726378.476220853626728 ], [ 333914.362203545111697, 4726397.389089891687036 ], [ 333843.132834220014047, 4726977.648128597065806 ], [ 334195.407738274370786, 4727298.250876421108842 ], [ 335696.606946262181737, 4726284.109180230647326 ], [ 337198.628645866643637, 4729326.516774543561041 ], [ 338061.409991062362678, 4729943.886867969296873 ], [ 338151.871980653319042, 4730367.273199205286801 ], [ 338528.641966458933894, 4731002.918754423037171 ], [ 338617.456677363312338, 4731588.364256216213107 ], [ 338791.594564601487946, 4731809.38424816261977 ], [ 338968.351307747245301, 4731837.215620966628194 ], [ 339435.354506463801954, 4731591.986196116544306 ], [ 339857.186755187402014, 4730566.882220085710287 ], [ 340478.418555862794165, 4730004.139138707891107 ], [ 340838.575025997066405, 4728227.62632639426738 ], [ 340244.942832077213097, 4724937.298604120500386 ], [ 340631.668995424581226, 4722522.547054324299097 ], [ 337403.825758412771393, 4720795.152232787571847 ], [ 335031.862818072491791, 4723518.425091033801436 ], [ 334600.443316119431984, 4724133.923076763749123 ], [ 334485.277134639502037, 4724245.599966677837074 ], [ 334224.555297289101873, 4724264.287962663918734 ], [ 334018.451843730930705, 4724439.352745413780212 ], [ 334164.382156629639212, 4724448.987893191166222 ], [ 334238.47435459686676, 4724866.98558902554214 ], [ 334115.028032914211508, 4725051.004362059757113 ], [ 334326.086390251701232, 4725208.290119137614965 ], [ 333542.209254144108854, 4726019.423413878306746 ] ] ] } },
{ "type": "Feature", "properties": { "drag_region": "Central", "region": "Central", "NAME": "Sherborn", "NAMELSAD": "Sherborn town" }, "geometry": { "type": "Polygon", "coordinates": [ [ [ 312045.431463093555067, 4683179.825523767620325 ], [ 312218.071370943740476, 4684106.326263190247118 ], [ 312169.976385502435733, 4685305.372217583470047 ], [ 313959.189289115951397, 4685726.7411930533126 ], [ 314602.292126165353693, 4686863.088418544270098 ], [ 315710.765427248959895, 4686562.338711014948785 ], [ 317335.718440150900278, 4685851.057678112760186 ], [ 317343.156168737274129, 4685460.680951559916139 ], [ 317524.006769531231839, 4685304.877371795475483 ], [ 317581.233762488758657, 4685099.486906573176384 ], [ 318009.726987726346124, 4684855.511529522947967 ], [ 318553.25886063958751, 4684710.858838201500475 ], [ 318487.584196401236113, 4684370.172273992560804 ], [ 319306.344534467731137, 4684044.77114640828222 ], [ 319550.71589722589124, 4683751.267934943549335 ], [ 319378.562349712417927, 4682915.534368675202131 ], [ 319488.583568611822557, 4682439.463364341296256 ], [ 318555.483562193403486, 4681522.91324644908309 ], [ 318466.65752959967358, 4681199.97641471773386 ], [ 318338.764355388993863, 4681075.69688007235527 ], [ 318495.934662077925168, 4680792.450495689176023 ], [ 318701.749841157754418, 4680634.779175981879234 ], [ 318706.41969396272907, 4680449.737721983343363 ], [ 318582.675166179076768, 4680302.336478336714208 ], [ 318007.846657544956543, 4680505.056952479295433 ], [ 317755.054654600739013, 4680333.775982469320297 ], [ 317624.196904804091901, 4680070.125566338188946 ], [ 317570.099380106083117, 4679567.658598299138248 ], [ 317791.565790875756647, 4679332.630663063377142 ], [ 318010.718356230121572, 4679292.145188915543258 ], [ 318018.08661457238486, 4679088.581462503410876 ], [ 318194.439801574510057, 4678849.475969663821161 ], [ 316708.279284460062627, 4678341.308647950179875 ], [ 314815.771345662709791, 4677977.594336949288845 ], [ 315224.425299995753448, 4679049.125535881146789 ], [ 314569.857626859215088, 4679350.14615301694721 ], [ 314558.012466170650441, 4679761.879791392013431 ], [ 314297.847154453163967, 4679962.207787081599236 ], [ 314106.554661682399455, 4679672.750196896493435 ], [ 313826.87787052692147, 4679769.515037446282804 ], [ 313818.894753469328862, 4680037.897205312736332 ], [ 313331.689965627505444, 4680494.476006834767759 ], [ 313323.004323186061811, 4680558.51017078384757 ], [ 313469.703898330393713, 4680616.496172670274973 ], [ 313034.384964398632292, 4680933.723435584455729 ], [ 312980.78997780114878, 4680878.782913443632424 ], [ 312958.91605586669175, 4680967.083736267872155 ], [ 312814.103414375102147, 4681004.961714970879257 ], [ 312811.759105696284678, 4681123.605446460656822 ], [ 312937.660980240965728, 4681264.294419119134545 ], [ 312858.865250121860299, 4681588.80387225933373 ], [ 312912.705280513211619, 4681649.626309146173298 ], [ 312834.337462174880784, 4681872.21667783241719 ], [ 312636.054278958414216, 4682057.084040191955864 ], [ 312588.138620297715534, 4682768.130623950622976 ], [ 312277.054144742956851, 4683147.132760316133499 ], [ 312045.431463093555067, 4683179.825523767620325 ] ] ] } },
{ "type": "Feature", "properties": { "drag_region": "Central", "region": "Central", "NAME": "Shirley", "NAMELSAD": "Shirley town" }, "geometry": { "type": "Polygon", "coordinates": [ [ [ 286375.89279518823605, 4724936.019508754834533 ], [ 286519.703371757816058, 4725981.831058881245553 ], [ 288260.479719435039442, 4736510.452190211974084 ], [ 288362.360315831261687, 4736393.750866639427841 ], [ 288458.46633979777107, 4736437.860508752986789 ], [ 288482.694719518709462, 4736302.593920443207026 ], [ 289019.222290140402038, 4735903.910729007795453 ], [ 289136.15733526594704, 4735646.132748760282993 ], [ 289074.982000784773845, 4735561.678739506751299 ], [ 289253.127151338558178, 4735347.227190250530839 ], [ 289332.652719349192921, 4735370.192575238645077 ], [ 289324.135049676988274, 4735530.751777147874236 ], [ 289430.201737711264286, 4735423.497192031703889 ], [ 289397.714211713639088, 4735285.119600032456219 ], [ 289489.126802160288207, 4735265.585251018404961 ], [ 289403.781890864600427, 4735185.219417120330036 ], [ 289551.683680359914433, 4735066.209107549861073 ], [ 289466.245004915690515, 4734972.395039000548422 ], [ 289588.709414900105912, 4734892.976413948461413 ], [ 289497.269237196829636, 4734583.700060933828354 ], [ 289606.552219429868273, 4734481.57342195045203 ], [ 289545.031235626956914, 4734401.905813121236861 ], [ 289677.728185238724109, 4734189.779009137302637 ], [ 290212.19844850798836, 4733928.328009297139943 ], [ 290365.882308179570828, 4733935.656114734709263 ], [ 290233.461440398474224, 4733691.119977822527289 ], [ 290350.315134156728163, 4733491.173946855589747 ], [ 290656.187122158880811, 4733325.144528883509338 ], [ 290625.603466790402308, 4732933.152246972545981 ], [ 290733.912215091229882, 4732787.725279455073178 ], [ 290847.45662677771179, 4732887.351485061459243 ], [ 290772.086431915115099, 4732570.670622142963111 ], [ 290945.042136313044466, 4732348.763742636889219 ], [ 290892.144706197956111, 4731930.564424647949636 ], [ 290940.998912390030455, 4731811.109734900295734 ], [ 291162.309565989708062, 4731722.765337669290602 ], [ 291087.737697343865875, 4731516.32497500628233 ], [ 291173.843443455931265, 4731371.596065989695489 ], [ 291385.542637481936254, 4731131.495541535317898 ], [ 291505.106499463552609, 4731133.240270507521927 ], [ 291465.788359134516213, 4730900.583889305591583 ], [ 291583.933041714772116, 4730989.076222890987992 ], [ 291858.840915821841918, 4730940.893059849739075 ], [ 291916.43832303333329, 4730848.41011372487992 ], [ 291822.490680260118097, 4730726.818005829118192 ], [ 291949.793399773188867, 4730598.612594126723707 ], [ 291918.502275822742376, 4730452.519641860388219 ], [ 292215.648939809761941, 4730525.380835761316121 ], [ 292142.6038390059839, 4730420.924773208796978 ], [ 292280.765844802488573, 4730396.766330739483237 ], [ 292242.794432880240493, 4730060.4688113136217 ], [ 291960.114055074111093, 4729940.584209867753088 ], [ 291872.37352757708868, 4729743.657814541831613 ], [ 291730.724445245752577, 4729735.140288735739887 ], [ 291689.859125746588688, 4729659.594583377242088 ], [ 291844.712719276954886, 4729398.706196447834373 ], [ 292030.684251845872495, 4729301.81680488679558 ], [ 292067.315040314279031, 4728976.556800791993737 ], [ 292440.390235806640703, 4728735.74384578038007 ], [ 292266.381594254344236, 4728634.951445538550615 ], [ 291934.522387563774828, 4727959.023968202061951 ], [ 292055.387146633234806, 4727462.988230214454234 ], [ 292015.239402156148572, 4727376.302622314542532 ], [ 291356.35291580989724, 4727260.823704117909074 ], [ 290865.942244507081341, 4726981.78180343657732 ], [ 290587.313574730069377, 4726764.222367087379098 ], [ 290280.870548868610058, 4726379.57937572337687 ], [ 290130.299808504292741, 4726001.99210908357054 ], [ 289947.634346249978989, 4725887.848141514696181 ], [ 289885.581559948332142, 4725167.25821275729686 ], [ 289643.611606017395388, 4724892.010210480540991 ], [ 289671.349949760886375, 4724600.136257345788181 ], [ 289893.731732056650799, 4724113.569760168902576 ], [ 286375.89279518823605, 4724936.019508754834533 ] ] ] } },
{ "type": "Feature", "properties": { "drag_region": "Northeast", "region": "Northeast", "NAME": "Brockton", "NAMELSAD": "Brockton city" }, "geometry": { "type": "Polygon", "coordinates": [ [ [ 339822.512931596487761, 4658650.674231757409871 ], [ 346395.781708325492218, 4661936.280168687924743 ], [ 346636.472207436221652, 4660276.378135805949569 ], [ 348253.068814006750472, 4660509.92278600204736 ], [ 348271.261255661025643, 4660388.293909125030041 ], [ 348092.974228699924424, 4660166.121350598521531 ], [ 348112.837111427565105, 4659977.46151289716363 ], [ 348318.685525760054588, 4659817.932453957386315 ], [ 348421.485123395337723, 4659237.513978983275592 ], [ 348376.95863721112255, 4658918.695931642316282 ], [ 348541.664018250303343, 4658520.380774077028036 ], [ 348458.985246101627126, 4657800.385272899642587 ], [ 348527.144462315714918, 4657598.724271593615413 ], [ 348398.061126893735491, 4657520.497264437377453 ], [ 348464.220117853255942, 4655739.089340167120099 ], [ 347998.435050613363273, 4655492.124010378494859 ], [ 347218.857724043773487, 4654469.139773472212255 ], [ 347413.897784756380133, 4653029.342660717666149 ], [ 344442.365732750040479, 4652611.292657653801143 ], [ 344240.272900285082869, 4654050.47969235572964 ], [ 340599.704571967129596, 4653539.387159546837211 ], [ 339822.512931596487761, 4658650.674231757409871 ] ] ] } },
{ "type": "Feature", "properties": { "drag_region": "Northeast", "region": "Northeast", "NAME": "Carver", "NAMELSAD": "Carver town" }, "geometry": { "type": "Polygon", "coordinates": [ [ [ 364145.924826634523924, 4634895.80412772949785 ], [ 368991.932021711370908, 4636836.462333121336997 ], [ 370074.695313910080586, 4636965.226761019788682 ], [ 370686.922280027647503, 4634565.809001102112234 ], [ 376317.773639491584618, 4625519.091749300248921 ], [ 376059.610842624446377, 4625436.956924979574978 ], [ 375574.927801939134952, 4624923.207853849977255 ], [ 375543.883816618646961, 4624717.442972576245666 ], [ 375215.245789982785936, 4624504.879075125791132 ], [ 375080.39880609017564, 4624103.562516520731151 ], [ 374909.47716632403899, 4623916.334785862825811 ], [ 374902.692157213750761, 4623757.965714442543685 ], [ 374703.25548957643332, 4623788.678810280747712 ], [ 374619.242764956492465, 4623678.37879391759634 ], [ 374228.652602768561337, 4623763.765129454433918 ], [ 373985.949267905496527, 4623481.904050147160888 ], [ 373957.274774409190286, 4623159.69060701597482 ], [ 373399.738935219414998, 4622445.592172811739147 ], [ 373446.395668287295848, 4622347.803317569196224 ], [ 373327.715315820649266, 4622184.337622438557446 ], [ 373376.571361534006428, 4621942.773268783465028 ], [ 373206.010670450923499, 4621612.066373358480632 ], [ 373256.546013856132049, 4621458.661477862857282 ], [ 373153.090948499448132, 4621242.910766190849245 ], [ 373224.951345947512891, 4620996.220810122787952 ], [ 373140.21371035737684, 4620914.719150595366955 ], [ 373161.649367456499022, 4620685.698239100165665 ], [ 371220.340585264551919, 4620593.137845330871642 ], [ 368836.920169824443292, 4623468.985597735270858 ], [ 368677.753491818031762, 4624138.296260069124401 ], [ 368439.35084597801324, 4624119.338269371539354 ], [ 368347.865480130771175, 4624202.761968266218901 ], [ 368090.736106647585984, 4624137.994066243059933 ], [ 368001.70180893316865, 4624399.542910760268569 ], [ 367835.386395772977266, 4624355.340111107565463 ], [ 367729.077342811331619, 4624452.520587348379195 ], [ 367651.391432510397863, 4624379.933540883474052 ], [ 367536.9519808277837, 4624557.374488222412765 ], [ 367472.114130197034683, 4624527.398914177902043 ], [ 367500.753181236039381, 4624630.218292787671089 ], [ 367310.164592999091838, 4624688.837479084730148 ], [ 367254.122330817219336, 4624873.620438965037465 ], [ 367404.859819241741206, 4625019.771797345019877 ], [ 367389.292610305186827, 4625213.597234514541924 ], [ 367178.306110981560778, 4625392.612159162759781 ], [ 367257.224290389742237, 4625576.359416416846216 ], [ 367225.941872376191895, 4625765.070344847626984 ], [ 367120.839935440279078, 4625775.371525491587818 ], [ 366881.051403826626483, 4626113.065142474137247 ], [ 366944.575508267094847, 4627006.713657718151808 ], [ 366682.224826826539356, 4627454.08114632871002 ], [ 366532.160610624763649, 4627449.449255892075598 ], [ 366323.30665387789486, 4627575.463814590126276 ], [ 365704.787955918291118, 4628301.507116712629795 ], [ 365500.891071522142738, 4628849.221683718264103 ], [ 366276.496334218594711, 4629023.503584913909435 ], [ 365285.871126321668271, 4633301.735590059310198 ], [ 364145.924826634523924, 4634895.80412772949785 ] ] ] } },
{ "type": "Feature", "properties": { "drag_region": "Northeast", "region": "Northeast", "NAME": "Hingham", "NAMELSAD": "Hingham town" }, "geometry": { "type": "Polygon", "coordinates": [ [ [ 354542.695620176265948, 4679048.516921670176089 ], [ 355475.137815152993426, 4679207.400643080472946 ], [ 355816.692435357428622, 4679348.129441211931407 ], [ 355736.382395164982881, 4679849.870573646388948 ], [ 355811.949506537464913, 4680270.223710801452398 ], [ 356506.017830890777986, 4680310.178918522782624 ], [ 358644.283962499990594, 4681397.510525442659855 ], [ 359198.482424239569809, 4681289.510708877816796 ], [ 359784.964166644378565, 4680734.695592784322798 ], [ 359966.502427746891044, 4680486.863181800581515 ], [ 359888.500687694933731, 4679883.782798961736262 ], [ 360086.814285172556993, 4679650.806948929093778 ], [ 360754.309251654252876, 4679516.350292673334479 ], [ 361232.211306012410205, 4679611.14931202866137 ], [ 361492.392869776755106, 4679526.733927351422608 ], [ 361592.102602303319145, 4679683.654137463308871 ], [ 361805.006916067795828, 4679752.026982402428985 ], [ 361570.121627125481609, 4679054.463144194334745 ], [ 361434.134092346241232, 4678857.781826408579946 ], [ 361480.322433858935256, 4678453.183550103567541 ], [ 361389.891423541877884, 4678306.28330694232136 ], [ 362046.180400981975254, 4677982.678673703223467 ], [ 362050.643660908739548, 4677849.272941774688661 ], [ 361032.734487577632535, 4677455.97222338989377 ], [ 362007.18467277061427, 4674492.160779050551355 ], [ 363115.721815766417421, 4673098.355062829330564 ], [ 362123.137736581848003, 4672455.374907613731921 ], [ 361014.41392393031856, 4671996.792147794738412 ], [ 359501.761229262396228, 4671142.07196263037622 ], [ 357548.976301537652034, 4669779.056026173755527 ], [ 354927.85950372624211, 4668478.583195006474853 ], [ 355934.588902688061353, 4675967.722946172580123 ], [ 355862.967624461103696, 4676039.766946758143604 ], [ 355658.134465313109104, 4676007.823675190098584 ], [ 355602.44414693681756, 4676097.842731948010623 ], [ 355327.59704997803783, 4675992.940481388941407 ], [ 355213.559568863653112, 4676062.170933490619063 ], [ 355197.421275714819785, 4676301.947081534191966 ], [ 355312.857511975278612, 4676437.656596028245986 ], [ 355051.096720106550492, 4677276.788342978805304 ], [ 354616.142803076072596, 4678119.747190400026739 ], [ 354635.137385551992338, 4678597.144225724972785 ], [ 354448.918042205099482, 4678756.904298924840987 ], [ 354542.695620176265948, 4679048.516921670176089 ] ] ] } },
{ "type": "Feature", "properties": { "drag_region": "Northeast", "region": "Northeast", "NAME": "Lakeville", "NAMELSAD": "Lakeville town" }, "geometry": { "type": "Polygon", "coordinates": [ [ [ 344103.788252611062489, 4622429.076886776834726 ], [ 347130.937359792529605, 4625350.137310431338847 ], [ 348156.79328867723234, 4626179.162239586003125 ], [ 348418.908729924121872, 4626497.707387794740498 ], [ 349047.250765060714912, 4626837.361234371550381 ], [ 349437.616625738446601, 4627231.972231200896204 ], [ 349188.093827159609646, 4628823.005629175342619 ], [ 348429.397451373399235, 4632246.54944127984345 ], [ 348607.066827065660618, 4632425.294625489972532 ], [ 349017.146020836022217, 4631988.546911115758121 ], [ 349131.097565220203251, 4632017.467120382934809 ], [ 349327.719960595364682, 4631708.426388882100582 ], [ 349687.461399584659375, 4631764.35692401137203 ], [ 350086.901549811591394, 4631702.414114221930504 ], [ 350278.929583938326687, 4631491.380109415389597 ], [ 350388.828505191369914, 4631154.697779137641191 ], [ 354007.338135085417889, 4629143.943387864157557 ], [ 354233.959660842898302, 4628904.92472087405622 ], [ 354230.150454531889409, 4628422.107288249768317 ], [ 354370.931070729042403, 4628364.64234908297658 ], [ 354503.148879955755547, 4628157.62405058182776 ], [ 354182.642498193657957, 4627822.95663284137845 ], [ 354321.363693158724345, 4627724.767887650988996 ], [ 354241.514719199680258, 4627670.450494423508644 ], [ 354348.011817209771834, 4627609.08569444809109 ], [ 354291.100039948127232, 4627514.708526087924838 ], [ 354442.526006918749772, 4627449.676612663082778 ], [ 354351.466320430801716, 4627414.048534451983869 ], [ 354360.312462381261867, 4627259.660592338070273 ], [ 354489.705233463610057, 4627211.78474778495729 ], [ 354346.216751711384859, 4626977.699666077271104 ], [ 354204.206228000693955, 4627018.527797752059996 ], [ 354077.85024042474106, 4626886.488619085401297 ], [ 354151.535488391644321, 4626716.432618731632829 ], [ 353981.603583378018811, 4626136.237575968727469 ], [ 356018.934323412715457, 4623420.248411373235285 ], [ 355555.962979755131528, 4621983.679804709739983 ], [ 355691.977622129372321, 4619697.078974817879498 ], [ 344859.277536420617253, 4618229.937910388223827 ], [ 345885.234405369672459, 4620503.242068652994931 ], [ 344103.788252611062489, 4622429.076886776834726 ] ] ] } },
{ "type": "Feature", "properties": { "drag_region": "Northeast", "region": "Northeast", "NAME": "Plymouth", "NAMELSAD": "Plymouth town" }, "geometry": { "type": "Polygon", "coordinates": [ [ [ 372130.503749699098989, 4635824.62840639706701 ], [ 374795.915882222587243, 4638086.58146533370018 ], [ 377268.574726537510287, 4641330.417376092635095 ], [ 378910.258600957284216, 4643112.917797734029591 ], [ 379296.424665620841552, 4641968.739746773615479 ], [ 379549.008657482801937, 4641807.316920559853315 ], [ 380518.507738865446299, 4641624.691935228183866 ], [ 381568.921935216290876, 4644497.087535390630364 ], [ 385126.108048560272437, 4644487.732080984860659 ], [ 385205.386868667905219, 4643715.965225390158594 ], [ 385698.865098423382733, 4642931.380146158859134 ], [ 386701.165589887939859, 4642184.970993952825665 ], [ 388285.177721559768543, 4640225.541166606359184 ], [ 388886.276013359019998, 4639217.776130032725632 ], [ 390764.85275163030019, 4635325.392963835038245 ], [ 391391.939998798596207, 4633666.343717409297824 ], [ 391523.51643378555309, 4633053.480101806111634 ], [ 391642.294906879251357, 4631312.194625714793801 ], [ 391626.061426468833815, 4627082.886635728180408 ], [ 391256.032192222599406, 4624848.361038642935455 ], [ 390823.533211586996913, 4623041.673338134773076 ], [ 387421.317405881767627, 4619235.771406890824437 ], [ 384267.18135817052098, 4617960.084367108531296 ], [ 381779.759454358310904, 4616696.491819367744029 ], [ 381481.498554016754497, 4617375.353467154316604 ], [ 382010.972163951199036, 4617979.178568652831018 ], [ 381965.088949346973095, 4618225.290222512558103 ], [ 382106.247559470008127, 4618522.946328138001263 ], [ 381964.84345518326154, 4618720.776558045297861 ], [ 382054.114687994064298, 4619149.700788005255163 ], [ 381990.862417303374968, 4619356.157251453958452 ], [ 382261.151615252485499, 4619402.349202326498926 ], [ 383193.089039981772657, 4621391.564539331942797 ], [ 381927.497562950942665, 4621517.671750975772738 ], [ 374802.157984667166602, 4621121.170001918449998 ], [ 374780.72232756804442, 4621350.190913413651288 ], [ 374865.459963158180472, 4621431.692572941072285 ], [ 374793.599565710115712, 4621678.382529009133577 ], [ 374897.054631066799629, 4621894.133240681141615 ], [ 374846.519287661591079, 4622047.538136176764965 ], [ 375017.079978744674008, 4622378.245031601749361 ], [ 374968.223933031316847, 4622619.809385256841779 ], [ 375086.904285497963428, 4622783.275080387480557 ], [ 375040.247552430082578, 4622881.063935630023479 ], [ 375597.783391619857866, 4623595.162369834259152 ], [ 375626.457885116164107, 4623917.37581296544522 ], [ 375869.161219979228918, 4624199.236892272718251 ], [ 376259.751382167160045, 4624113.850556735880673 ], [ 376343.7641067871009, 4624224.150573099032044 ], [ 376543.200774424418341, 4624193.437477260828018 ], [ 376549.98578353470657, 4624351.806548681110144 ], [ 376720.90742330084322, 4624539.034279339015484 ], [ 376855.754407193453517, 4624940.350837944075465 ], [ 377184.392433829314541, 4625152.914735394529998 ], [ 377215.436419149802532, 4625358.679616668261588 ], [ 377700.119459835113958, 4625872.428687797859311 ], [ 377958.282256702252198, 4625954.563512118533254 ], [ 372327.430897238315083, 4635001.280763920396566 ], [ 372130.503749699098989, 4635824.62840639706701 ] ] ] } },
{ "type": "Feature", "properties": { "drag_region": "Northeast", "region": "Northeast", "NAME": "Plympton", "NAMELSAD": "Plympton town" }, "geometry": { "type": "Polygon", "coordinates": [ [ [ 360844.219316978531424, 4639822.725093395449221 ], [ 364234.066551744181197, 4642821.861670921556652 ], [ 364609.752606221183669, 4644171.440017725341022 ], [ 365652.373945918574464, 4645661.111000512726605 ], [ 365538.358155904978048, 4645871.913106110878289 ], [ 365595.733525078801904, 4645944.794567875564098 ], [ 366253.437452485959511, 4646012.804390834644437 ], [ 366516.459312361199409, 4645104.945883226580918 ], [ 367153.018956404004712, 4642077.938960541039705 ], [ 368945.292601929570083, 4640777.317760650999844 ], [ 369467.604459902097005, 4638602.834470272064209 ], [ 368384.841167703387327, 4638474.070042373612523 ], [ 363524.262033940467518, 4636526.946753296069801 ], [ 362248.619011226226576, 4638223.127429069019854 ], [ 360844.219316978531424, 4639822.725093395449221 ] ] ] } },
{ "type": "Feature", "properties": { "drag_region": "Northeast", "region": "Northeast", "NAME": "Scituate", "NAMELSAD": "Scituate town" }, "geometry": { "type": "Polygon", "coordinates": [ [ [ 364350.668713273538742, 4672027.607915706001222 ], [ 365339.314388094528113, 4672668.007003878243268 ], [ 368589.266193662479054, 4675096.805118773132563 ], [ 368539.342862192599569, 4675342.134089983068407 ], [ 368857.110208307101857, 4675313.364919308573008 ], [ 368830.375234349223319, 4675779.158591968007386 ], [ 368634.772148278483655, 4675742.823681230656803 ], [ 368577.150841449445579, 4676132.506007332354784 ], [ 369139.51265606895322, 4676546.744070596061647 ], [ 368979.949128878186457, 4676685.054003379307687 ], [ 369004.883813621185254, 4677028.347612796351314 ], [ 368763.627126014966052, 4676903.429967178031802 ], [ 368565.01666768436553, 4676974.027847564779222 ], [ 368927.463345072988886, 4677647.282541071996093 ], [ 369264.575567981402855, 4677960.60418402031064 ], [ 369313.220045836351346, 4678984.814162381924689 ], [ 371820.589771966973785, 4682787.759292399510741 ], [ 371944.995688289694954, 4682568.693688062019646 ], [ 373264.478136510995682, 4677980.103463281877339 ], [ 375627.454686541343108, 4672306.681273443624377 ], [ 376231.342108625511173, 4669140.058270990848541 ], [ 376477.670336116163526, 4668314.729761286638677 ], [ 377471.624329667130951, 4665748.824484669603407 ], [ 378181.629575799626764, 4664473.823890146799386 ], [ 377064.759602752805222, 4664035.437183912843466 ], [ 376640.550127313530538, 4664900.901040605269372 ], [ 376335.945399074291345, 4665167.524383868090808 ], [ 376185.910961401998065, 4665606.377963139675558 ], [ 375590.62528649054002, 4666288.920097230002284 ], [ 375541.488539471698459, 4666933.946311640553176 ], [ 375274.801168008183595, 4666924.051529061980546 ], [ 374982.140122843149584, 4667078.420598832890391 ], [ 374858.319400569947902, 4667259.853017498739064 ], [ 374778.386980016890448, 4667770.653171354904771 ], [ 374639.745968328381423, 4668077.465699787251651 ], [ 374336.077045996615198, 4668211.535455645062029 ], [ 374118.980317878478672, 4668494.945389511995018 ], [ 373379.637676643033046, 4668562.537791097536683 ], [ 373013.422822142660152, 4668052.208859842270613 ], [ 372708.519737276539672, 4668262.466977884061635 ], [ 372328.232481973944232, 4668118.810224645771086 ], [ 372030.098029027867597, 4668149.78272944688797 ], [ 371713.792127107677516, 4668548.16139920707792 ], [ 371414.769759976712521, 4668446.433552222326398 ], [ 369356.814489068638068, 4670701.493754633702338 ], [ 366440.922020028869156, 4672042.389770972542465 ], [ 364350.668713273538742, 4672027.607915706001222 ] ] ] } },
{ "type": "Feature", "properties": { "drag_region": "West", "region": "West", "NAME": "Northfield", "NAMELSAD": "Northfield town" }, "geometry": { "type": "Polygon", "coordinates": [ [ [ 195497.617506391456118, 4746594.027544569224119 ], [ 204019.801762461051112, 4745892.340787987224758 ], [ 206496.134079341863981, 4736218.201016523875296 ], [ 199332.461341841350077, 4734361.352917154319584 ], [ 199415.975996486231452, 4732855.800589680671692 ], [ 196996.865742970345309, 4732680.28267474193126 ], [ 197212.888225300324848, 4733089.65449018869549 ], [ 197612.288040301093133, 4733301.460776425898075 ], [ 197771.682547180826077, 4733472.442453308962286 ], [ 197968.102292123163352, 4734107.802336724475026 ], [ 197890.238533538387856, 4734465.55148957669735 ], [ 197267.313143250910798, 4735964.157078851014376 ], [ 197285.743224423174979, 4736167.758172285743058 ], [ 197836.595535302505596, 4736829.644725794903934 ], [ 198687.079553296760423, 4737433.184668912552297 ], [ 199223.896110699948622, 4737982.824888195842505 ], [ 199346.590114243765129, 4738179.255423290655017 ], [ 199349.099774044501828, 4738390.518671157769859 ], [ 198873.617322544479975, 4739318.036067448556423 ], [ 198872.831245354522252, 4739955.843844580464065 ], [ 198549.368544596276479, 4740033.341736586764455 ], [ 198178.609943371120607, 4740757.595651027746499 ], [ 198033.098861916776514, 4740879.628231673501432 ], [ 197821.241507347527659, 4740818.062472236342728 ], [ 197684.690517694834853, 4740355.901976562105119 ], [ 197451.230747842782876, 4740451.430994869209826 ], [ 197418.221592103858711, 4741116.394070139154792 ], [ 196913.003170449548634, 4740983.665347550995648 ], [ 195497.617506391456118, 4746594.027544569224119 ] ] ] } },
{ "type": "Feature", "properties": { "drag_region": "West", "region": "West", "NAME": "Hawley", "NAMELSAD": "Hawley town" }, "geometry": { "type": "Polygon", "coordinates": [ [ [ 151550.010825764620677, 4728114.000621408224106 ], [ 153636.047554996388499, 4736098.947590948082507 ], [ 155656.022487152193207, 4735454.721087205223739 ], [ 163486.115300825797021, 4733700.003972402773798 ], [ 161989.504613632860128, 4727968.639070181176066 ], [ 159629.237627947411966, 4727674.320469078607857 ], [ 159567.177361705573276, 4726090.213329332880676 ], [ 151550.010825764620677, 4728114.000621408224106 ] ] ] } },
{ "type": "Feature", "properties": { "drag_region": "Southeast", "region": "Southeast", "NAME": "Aquinnah", "NAMELSAD": "Aquinnah town" }, "geometry": { "type": "Polygon", "coordinates": [ [ [ 346907.39204470027471, 4565780.146536422893405 ], [ 347080.37404853728367, 4566519.459648951888084 ], [ 347589.968351481424179, 4567438.902848684228957 ], [ 347591.364518845628481, 4567980.709022495895624 ], [ 347890.960744967160281, 4568343.603019147180021 ], [ 351802.054938188346568, 4569487.045723593793809 ], [ 355146.354069341963623, 4571043.867766710929573 ], [ 358246.067953831108753, 4565397.943357715383172 ], [ 358487.396491705731023, 4565092.138956995680928 ], [ 358337.694228952575941, 4564744.321059753187001 ], [ 358376.244885238877032, 4564372.898026534356177 ], [ 358151.731707465194631, 4564027.051958532072604 ], [ 356794.144731407635845, 4562577.421384917572141 ], [ 356792.709477272466756, 4560956.944278434850276 ], [ 355491.213577744085342, 4561499.529929229989648 ], [ 355527.39240776229417, 4560886.114500899799168 ], [ 353144.522358585847542, 4559025.824139981530607 ], [ 347507.242443739902228, 4554859.083848874084651 ], [ 347544.959500135912094, 4556092.975029913708568 ], [ 347840.512539370160084, 4557127.089637002907693 ], [ 348248.882194547040854, 4557973.932858645915985 ], [ 348894.057261503243353, 4558746.467456351034343 ], [ 349211.227008412184659, 4559052.952760281041265 ], [ 349588.687652937427629, 4559278.066585997119546 ], [ 348410.797899690747727, 4560757.966117555275559 ], [ 347343.508432836795691, 4562697.187767470255494 ], [ 347086.281143018859439, 4563502.798108514398336 ], [ 346969.169888995180372, 4564220.815677870064974 ], [ 346880.668248064292129, 4564852.901242742314935 ], [ 346907.39204470027471, 4565780.146536422893405 ] ] ] } },
{ "type": "Feature", "properties": { "drag_region": "West", "region": "West", "NAME": "Huntington", "NAMELSAD": "Huntington town" }, "geometry": { "type": "Polygon", "coordinates": [ [ [ 155822.125473801599583, 4687940.105309664271772 ], [ 158564.807825947267702, 4690728.99951805267483 ], [ 158528.651561532897176, 4699038.950282289646566 ], [ 161132.024036017333856, 4699295.266719304025173 ], [ 161310.630697533400962, 4699150.39165248349309 ], [ 161682.47617640698445, 4699148.561327632516623 ], [ 161760.452652976004174, 4698939.816875975579023 ], [ 162005.103240323107457, 4699394.586737861856818 ], [ 162282.9802163450222, 4699429.201789004728198 ], [ 162367.350630041648401, 4699188.12600162345916 ], [ 162656.025180781114614, 4699209.470521246083081 ], [ 162834.179623745236313, 4699033.831958834081888 ], [ 163443.742322552279802, 4699062.211774914525449 ], [ 163432.54932313025347, 4698940.192263261415064 ], [ 163607.511827579262899, 4698740.793758275918663 ], [ 163767.354447118501412, 4698726.255006816238165 ], [ 163837.027460943121696, 4698641.66098951920867 ], [ 164005.083717742556473, 4688215.235934539698064 ], [ 160334.061412534938427, 4687877.248488561250269 ], [ 159744.274678445508471, 4686989.89695748500526 ], [ 159012.218977947515668, 4685261.81880402751267 ], [ 155822.125473801599583, 4687940.105309664271772 ] ] ] } },
{ "type": "Feature", "properties": { "drag_region": "Northeast", "region": "Northeast", "NAME": "Abington", "NAMELSAD": "Abington town" }, "geometry": { "type": "Polygon", "coordinates": [ [ [ 347390.425987811933737, 4662752.203534742817283 ], [ 352525.004986277082935, 4665306.736063009127975 ], [ 353204.393058999383356, 4661423.444815443828702 ], [ 354451.415273959864862, 4659570.534811375662684 ], [ 351879.594351510226261, 4659007.771017172373831 ], [ 349498.467393239727244, 4658277.309504714794457 ], [ 349548.995781582256313, 4659249.57140526548028 ], [ 349384.290400543075521, 4659647.886562830768526 ], [ 349428.816886727290694, 4659966.704610171727836 ], [ 349326.017289092007559, 4660547.123085145838559 ], [ 349132.048629910510499, 4660680.268762384541333 ], [ 349102.052652376820333, 4660860.053552266210318 ], [ 349271.22526929579908, 4661217.198573587462306 ], [ 347643.803970768174622, 4661005.568766994401813 ], [ 347390.425987811933737, 4662752.203534742817283 ] ] ] } },
{ "type": "Feature", "properties": { "drag_region": "Northeast", "region": "Northeast", "NAME": "Duxbury", "NAMELSAD": "Duxbury town" }, "geometry": { "type": "Polygon", "coordinates": [ [ [ 369401.05507793877041, 4651318.51298381946981 ], [ 372141.067468057037331, 4656837.957027344033122 ], [ 376322.535343735245988, 4653812.847164813429117 ], [ 376398.387591429927852, 4653468.994919972494245 ], [ 377591.586080947134178, 4652339.955164154060185 ], [ 380506.699536872503813, 4654002.534930666908622 ], [ 382015.419971890223678, 4654444.348158036358654 ], [ 382304.835497856256552, 4653258.551945764571428 ], [ 382581.193395896290895, 4652539.312950380146503 ], [ 383728.025185886770487, 4650035.591837086714804 ], [ 384468.567981484404299, 4647343.857711165212095 ], [ 380911.381868140422739, 4647353.213165570981801 ], [ 379860.967671789578162, 4644480.817565408535302 ], [ 378975.464261694694869, 4644640.482911865226924 ], [ 378606.573810253816191, 4644863.482989618554711 ], [ 378375.386890485940967, 4645755.046499321237206 ], [ 378252.718533881416079, 4645969.043427914381027 ], [ 377525.460485926188994, 4646113.700667462311685 ], [ 376170.529538575268816, 4646729.056688062846661 ], [ 375115.637700460676569, 4646355.296637179329991 ], [ 375110.751843197329435, 4646272.529717174358666 ], [ 374239.680978160409722, 4646335.984455650672317 ], [ 374011.936195622256491, 4646809.546344651840627 ], [ 374069.552237828902435, 4647058.203158238902688 ], [ 373490.743596947635524, 4648005.068033159710467 ], [ 370333.528144682000857, 4648553.521606726571918 ], [ 370395.90265914297197, 4648930.356271025724709 ], [ 370632.011338622018229, 4649262.280235193669796 ], [ 370695.088361395115498, 4649573.786074697040021 ], [ 371044.418528817070182, 4649598.466416328214109 ], [ 371211.486665667791385, 4649909.946308664977551 ], [ 370917.281185316212941, 4650329.117732762359083 ], [ 370699.364669682167005, 4650370.824896977283061 ], [ 370751.319400593580212, 4650504.94000708963722 ], [ 370454.776049073028844, 4651112.800176560878754 ], [ 369401.05507793877041, 4651318.51298381946981 ] ] ] } },
{ "type": "Feature", "properties": { "drag_region": "Northeast", "region": "Northeast", "NAME": "East Bridgewater", "NAMELSAD": "East Bridgewater town" }, "geometry": { "type": "Polygon", "coordinates": [ [ [ 348627.695352934359107, 4653209.917926250956953 ], [ 349407.272679503948893, 4654232.902163157239556 ], [ 349873.057746743841562, 4654479.867492945864797 ], [ 351851.58617247332586, 4653289.814566759392619 ], [ 353678.146020509011578, 4653846.159802625887096 ], [ 355014.493597126274835, 4653678.70856258738786 ], [ 355402.65719839069061, 4653297.209412256255746 ], [ 356006.183315377391409, 4649244.055085243657231 ], [ 356196.628491581010167, 4649200.058436019346118 ], [ 356258.784354503324721, 4649014.714671980589628 ], [ 355964.23944436974125, 4646765.006194945424795 ], [ 355979.814490439894143, 4646025.467669061385095 ], [ 355203.805264703172725, 4646020.397733801044524 ], [ 354832.790940769191366, 4646134.88229385856539 ], [ 354474.213594366854522, 4646737.465136171318591 ], [ 354487.070256181701552, 4646978.467311053536832 ], [ 354393.050743763102219, 4647131.103096923790872 ], [ 353822.769352712843101, 4647474.519895433448255 ], [ 353430.63724719156744, 4647357.48654729872942 ], [ 351491.612449001695495, 4647185.076516131870449 ], [ 349358.184302136825863, 4647806.128986560739577 ], [ 348627.695352934359107, 4653209.917926250956953 ] ] ] } },
{ "type": "Feature", "properties": { "drag_region": "Northeast", "region": "Northeast", "NAME": "Halifax", "NAMELSAD": "Halifax town" }, "geometry": { "type": "Polygon", "coordinates": [ [ [ 356083.959910092526115, 4642963.883287250995636 ], [ 356150.175811028573662, 4643160.034740938805044 ], [ 356992.158473339921329, 4643447.230387343093753 ], [ 357139.7631000749534, 4644033.063133501447737 ], [ 357192.859557199990377, 4645663.907279956154525 ], [ 357377.34526824002387, 4647156.64308304246515 ], [ 357669.113224820932373, 4648260.301700561307371 ], [ 360146.384998000226915, 4647598.002058669924736 ], [ 360488.306788416637573, 4647056.115900670178235 ], [ 361393.276718052919023, 4646988.289252190850675 ], [ 364248.169010907120537, 4647843.621511587873101 ], [ 364411.051148209953681, 4647700.978581285104156 ], [ 364349.041255007614382, 4647335.045700505375862 ], [ 364491.804170958406758, 4647133.512531938962638 ], [ 364693.730544148478657, 4647022.487408610060811 ], [ 364666.773330083698966, 4646871.982297503389418 ], [ 364856.866399951279163, 4646623.801073616370559 ], [ 364802.73143059737049, 4646465.093963787890971 ], [ 364918.506052487064153, 4646314.018160671927035 ], [ 363875.884712789673358, 4644824.347177884541452 ], [ 363500.198658312670887, 4643474.768831080757082 ], [ 360104.604624354280531, 4640470.647233602590859 ], [ 360281.23583997116657, 4640265.296884839423001 ], [ 359581.545394318178296, 4639535.023562935180962 ], [ 356360.082557614776306, 4641617.865080194547772 ], [ 356463.683969468693249, 4641728.091377276927233 ], [ 356475.112387999542989, 4641943.462397743016481 ], [ 356348.957525688572787, 4642264.434748349711299 ], [ 356391.307294250931591, 4642464.786164165474474 ], [ 356121.813150842033792, 4642802.956846263259649 ], [ 356083.959910092526115, 4642963.883287250995636 ] ] ] } },
{ "type": "Feature", "properties": { "drag_region": "West", "region": "West", "NAME": "Belchertown", "NAMELSAD": "Belchertown town" }, "geometry": { "type": "Polygon", "coordinates": [ [ [ 197439.02927996130893, 4698808.420369904488325 ], [ 202627.899177700339351, 4699405.032505043782294 ], [ 202854.843808635603637, 4696912.661188440397382 ], [ 203850.012394934310578, 4697065.50062233954668 ], [ 203835.402075255347881, 4697191.441333557479084 ], [ 204940.304222695704084, 4697293.998701127246022 ], [ 206997.974459419376217, 4697219.557683886960149 ], [ 207045.981710519175977, 4697120.895047159865499 ], [ 207111.302313135412987, 4697147.235247767530382 ], [ 207182.104283692897297, 4696722.782303296029568 ], [ 207332.303252157522365, 4696593.285472752526402 ], [ 207330.156766220112331, 4696423.750603180378675 ], [ 207228.989873272716068, 4696392.593155830167234 ], [ 207176.066807743976824, 4696226.729601469822228 ], [ 207300.928053372947033, 4695971.32408054638654 ], [ 207189.346474156540353, 4695985.957519929856062 ], [ 207206.202891582564916, 4695881.852472629398108 ], [ 207089.525331246259157, 4695771.559043417684734 ], [ 207276.31958438368747, 4695451.868926586583257 ], [ 207016.760431946080644, 4695347.767204370349646 ], [ 207110.095597790495958, 4695054.45220410078764 ], [ 206920.201253471313976, 4694848.280112028121948 ], [ 206960.684664769738447, 4694458.058680235408247 ], [ 206750.497494507872034, 4694154.477669564075768 ], [ 206786.791929790109862, 4693927.923004163429141 ], [ 206564.673139970342163, 4693807.67293060477823 ], [ 206569.349779048818164, 4693679.466665474697948 ], [ 206438.872495666379109, 4693684.845057550817728 ], [ 206421.586853155982681, 4693569.185380873270333 ], [ 206564.481609071488492, 4693351.430247824639082 ], [ 206641.59376843192149, 4693353.500892726704478 ], [ 206729.243103927292395, 4693087.101744757033885 ], [ 206966.176763350027613, 4692979.651455699466169 ], [ 206871.622051720041782, 4692610.88662844337523 ], [ 207194.506224569689948, 4692513.291385992430151 ], [ 207093.458204962778836, 4692457.212048443034291 ], [ 207028.59490524668945, 4692219.411027028225362 ], [ 207353.69080459268298, 4692078.916145840659738 ], [ 207141.41645352699561, 4690985.482513681054115 ], [ 207507.722513643733691, 4690824.468960307538509 ], [ 207739.986630276718643, 4690625.365492394194007 ], [ 208051.454473955149297, 4690526.821641436778009 ], [ 208139.979569060495123, 4690360.182279257103801 ], [ 208120.027968017675448, 4689780.156882743351161 ], [ 208542.011317436874378, 4689615.018559582531452 ], [ 208659.755304604128469, 4689392.299597169272602 ], [ 208393.481802545778919, 4688864.412610058672726 ], [ 208439.16409062751336, 4688484.799428664147854 ], [ 208138.380396319320425, 4688388.480661930516362 ], [ 208100.654935159778688, 4688243.924490882083774 ], [ 208183.109424820169806, 4688132.248749269172549 ], [ 208032.477935593225993, 4688058.186979764141142 ], [ 208200.820961742196232, 4687941.252161162905395 ], [ 208308.709661596105434, 4687219.63811132311821 ], [ 208283.30949866399169, 4686801.213514144532382 ], [ 208384.576002854271792, 4686589.0388945909217 ], [ 208242.298550709558185, 4686467.373567247763276 ], [ 208263.303209162550047, 4686117.535092409700155 ], [ 208396.637078339408617, 4685643.290186440572143 ], [ 208248.995806704217102, 4685089.624258100055158 ], [ 208274.710943370882887, 4684783.757851983420551 ], [ 208123.842894484580029, 4684612.489668509922922 ], [ 207996.526672158681322, 4684137.443068137392402 ], [ 208124.892577885941137, 4683978.705431481823325 ], [ 208068.364954974676948, 4683747.019683069549501 ], [ 207961.080966944515239, 4683669.585800930857658 ], [ 207490.738834579533432, 4683650.327159026637673 ], [ 207218.220085454406217, 4683367.733813395723701 ], [ 207253.127458411036059, 4682980.863729583099484 ], [ 207138.65073978313012, 4682727.212217304855585 ], [ 206907.543489355302881, 4682708.267862557433546 ], [ 206666.267489779624157, 4682365.847978413105011 ], [ 206551.427304104785435, 4682370.479360934346914 ], [ 206451.808969018282369, 4682578.942658769898117 ], [ 206327.042060617124662, 4682627.457604297436774 ], [ 205982.653246232948732, 4682214.712597738020122 ], [ 205756.319387525611091, 4682292.159022559411824 ], [ 205869.428267670446075, 4682432.175185236148536 ], [ 205747.89330211043125, 4682476.680041877552867 ], [ 205628.898718692362309, 4682407.526022305712104 ], [ 205639.833779342705384, 4681947.401381673291326 ], [ 205789.673148167552426, 4681513.492991246283054 ], [ 205671.813514380191918, 4681324.725636309012771 ], [ 205907.208263755019289, 4681310.542205009609461 ], [ 205997.245369334821589, 4681202.885202054865658 ], [ 206036.196901596500538, 4680980.45817088894546 ], [ 205848.936427790729795, 4681011.645338894799352 ], [ 205835.521419397729915, 4680893.831833068281412 ], [ 205920.318149526079651, 4680539.908185867592692 ], [ 206113.285235697927419, 4680474.798325698822737 ], [ 203009.107553668145556, 4680144.112008498981595 ], [ 202514.27141944936011, 4685292.633222098462284 ], [ 198930.522510766808409, 4684925.920821609906852 ], [ 197886.549941571080126, 4693956.137776012532413 ], [ 197439.02927996130893, 4698808.420369904488325 ] ] ] } },
{ "type": "Feature", "properties": { "drag_region": "West", "region": "West", "NAME": "Easthampton", "NAMELSAD": "Easthampton city" }, "geometry": { "type": "Polygon", "coordinates": [ [ [ 172777.405430607293965, 4692087.459989035502076 ], [ 178137.527354709833162, 4692703.702331186272204 ], [ 178134.020453365490539, 4692515.373586512170732 ], [ 179104.083832367992727, 4692369.074592454358935 ], [ 179080.636946654791245, 4692307.999733168631792 ], [ 180060.469594318856252, 4692613.912749097682536 ], [ 180461.758154749724781, 4692226.209190366789699 ], [ 180594.395935234759236, 4692184.924014914780855 ], [ 180690.892080079676816, 4691731.637577749788761 ], [ 180973.274103450152325, 4692083.260273184627295 ], [ 181177.430812265811255, 4691850.010636973194778 ], [ 181555.983745028119301, 4691782.773421430028975 ], [ 182042.166134946193779, 4692120.174267411231995 ], [ 182481.506096744298702, 4692314.964253852143884 ], [ 182861.592365817137761, 4692313.483090891502798 ], [ 182836.177031439932762, 4692143.117552681826055 ], [ 182971.908281549083767, 4691871.113323155790567 ], [ 181144.884712060535094, 4690578.047589411959052 ], [ 179113.938442114420468, 4685524.427011316642165 ], [ 178175.782257412996842, 4685310.773188459686935 ], [ 176521.896159737749258, 4685135.768283234909177 ], [ 176714.200261642254191, 4686060.94538583420217 ], [ 176625.879552669503028, 4686774.635555076412857 ], [ 177038.57540503286873, 4687440.596370655111969 ], [ 175550.897223316918826, 4688946.247933902777731 ], [ 175784.158556327252882, 4689087.09230075404048 ], [ 175688.050245783379069, 4689150.24207797832787 ], [ 175812.550081763038179, 4689160.295122534036636 ], [ 175830.473270298418356, 4689559.295116050168872 ], [ 175946.021416357107228, 4689614.579150415956974 ], [ 176066.742428237834247, 4689912.644792187027633 ], [ 175951.624407886731206, 4690057.285709376446903 ], [ 175876.974063513014698, 4690037.720939927734435 ], [ 175854.352360021235654, 4690292.947761775925756 ], [ 175789.823695070255781, 4690329.356108461506665 ], [ 175661.212121299031423, 4690256.618689303286374 ], [ 175256.262721196195344, 4690379.729179807938635 ], [ 175086.911105732811848, 4690326.134411203674972 ], [ 174707.663362121238606, 4691083.275983178056777 ], [ 174356.304773557727458, 4691170.168281519785523 ], [ 174009.685997257503914, 4691153.724899942055345 ], [ 173706.248349625995615, 4691361.062219961546361 ], [ 172768.315100556559628, 4691229.846368091180921 ], [ 172777.405430607293965, 4692087.459989035502076 ] ] ] } },
{ "type": "Feature", "properties": { "drag_region": "West", "region": "West", "NAME": "Hadley", "NAMELSAD": "Hadley town" }, "geometry": { "type": "Polygon", "coordinates": [ [ [ 182324.900224653538316, 4699753.258180076256394 ], [ 182468.382598475902341, 4700093.354376622475684 ], [ 182822.11130258772755, 4700299.955343055538833 ], [ 183431.125122410070617, 4700322.438455208204687 ], [ 185289.741679423372261, 4700001.691157949157059 ], [ 186020.104878253303468, 4700118.937750972807407 ], [ 186329.368983224325348, 4700321.134395692497492 ], [ 186569.564616228104569, 4700732.748551058582962 ], [ 186648.633134724921547, 4701241.066770009696484 ], [ 186383.731884107517544, 4702307.180669287219644 ], [ 186357.649310193432029, 4702774.887601406313479 ], [ 186574.130170348682441, 4703627.957866645418108 ], [ 186888.332189316279255, 4704421.274402934126556 ], [ 186577.838413681194652, 4705181.924530298449099 ], [ 186706.589535497594625, 4705410.670846738852561 ], [ 186809.598292372829746, 4705446.144532295875251 ], [ 187051.787006348837167, 4705432.572036664001644 ], [ 187374.660296427318826, 4705230.364677429199219 ], [ 187566.068832171033137, 4705248.324516270309687 ], [ 187771.908849485043902, 4705442.463399146683514 ], [ 187852.171511996944901, 4705721.109441824257374 ], [ 187868.159028673137072, 4706441.025904793292284 ], [ 187456.102139165857807, 4708038.995222170837224 ], [ 190517.126163868349977, 4708418.736663122661412 ], [ 190179.453278307628352, 4705422.082822949625552 ], [ 191436.286660635145381, 4705526.749365063384175 ], [ 190948.894053869589698, 4701513.399294989183545 ], [ 190866.563264196040109, 4701503.58898246102035 ], [ 190816.146361597639043, 4700920.968144833110273 ], [ 190898.588613547792193, 4700929.327621433883905 ], [ 190290.446143262088299, 4696467.580335149541497 ], [ 190532.427065232128371, 4696517.131912865675986 ], [ 190693.364489951054566, 4694739.158258579671383 ], [ 190301.046443649800494, 4694741.576459568925202 ], [ 189916.262911634403281, 4694930.710330749861896 ], [ 188234.791194474091753, 4694795.207505372352898 ], [ 187878.833753705315758, 4694883.123392983339727 ], [ 187214.023149914224632, 4694743.29868324007839 ], [ 186321.611818203586154, 4694489.088623785413802 ], [ 185096.050863994169049, 4693171.03500444535166 ], [ 184437.595298377505969, 4692885.104753992520273 ], [ 184269.451323744666297, 4692931.072437464259565 ], [ 184043.720650398696307, 4693283.888897887431085 ], [ 184303.42200483137276, 4693948.622681025415659 ], [ 185427.953533574473113, 4695360.26736992970109 ], [ 185951.019174195651431, 4696331.194091977551579 ], [ 186374.388330781075638, 4696443.696746282279491 ], [ 186631.409264797053766, 4696645.121334099210799 ], [ 186739.614502112439368, 4696855.721003191545606 ], [ 186727.282448540441692, 4697095.769206373021007 ], [ 186488.359092108730692, 4697459.525797658599913 ], [ 185185.678265776135959, 4697799.23412143625319 ], [ 184472.120758566190489, 4698236.841482130810618 ], [ 183991.772263843449764, 4698655.582010924816132 ], [ 183862.661727352882735, 4699149.281433587893844 ], [ 183673.529804392484948, 4699318.779345731250942 ], [ 182761.043112576531712, 4699549.561941063031554 ], [ 182403.329766028909944, 4699532.162328498438001 ], [ 182324.900224653538316, 4699753.258180076256394 ] ] ] } },
{ "type": "Feature", "properties": { "drag_region": "West", "region": "West", "NAME": "Ware", "NAMELSAD": "Ware town" }, "geometry": { "type": "Polygon", "coordinates": [ [ [ 208016.859961147914873, 4692920.710145937278867 ], [ 208176.42383755146875, 4693181.467064937576652 ], [ 208345.350764587317826, 4693257.000719653442502 ], [ 208387.845402206497965, 4692990.386524696834385 ], [ 208527.096498343307758, 4693037.73106752242893 ], [ 208531.096967966674129, 4693288.052664879709482 ], [ 208302.206554313626839, 4693373.041746240109205 ], [ 208568.842624237848213, 4693472.867837186902761 ], [ 208461.052881387382513, 4693546.964794841594994 ], [ 208447.484135494421935, 4693688.644681870937347 ], [ 208649.532779234781628, 4693551.217393799684942 ], [ 208849.728573705855524, 4693609.847764332778752 ], [ 209078.380595824477496, 4693835.869682003743947 ], [ 209196.639544216479408, 4694093.15339417848736 ], [ 209780.895272102759918, 4694170.309122744947672 ], [ 209835.447034881770378, 4694443.559002180583775 ], [ 209977.325836366246222, 4694605.275002337060869 ], [ 210275.457175787800224, 4694663.995872353203595 ], [ 210322.221630116080632, 4694538.706700447946787 ], [ 210384.14334623029572, 4694547.515638086013496 ], [ 210468.249259418662405, 4694785.688237611204386 ], [ 210410.749935691157589, 4695359.848259928636253 ], [ 210530.884296441305196, 4695439.118484011851251 ], [ 210568.845624880719697, 4695253.44754280988127 ], [ 210712.155822179251118, 4695374.523441046476364 ], [ 210592.887595173815498, 4695595.740668368525803 ], [ 210662.689563629130134, 4695795.657451854087412 ], [ 210730.403902926394949, 4695891.662967965006828 ], [ 210894.082032575184712, 4695909.286116233095527 ], [ 210884.244635687646223, 4696242.337737643159926 ], [ 211338.874076360167237, 4696832.51640513818711 ], [ 211560.799335986754159, 4696814.623804047703743 ], [ 211590.695186518452829, 4697253.117881602607667 ], [ 211802.053115592600079, 4697167.687609539367259 ], [ 212034.15921999575221, 4697265.304942562244833 ], [ 212090.206127229874255, 4697388.802262221463025 ], [ 212085.558197560225381, 4697301.229638022370636 ], [ 212251.019424225232797, 4697314.807910232804716 ], [ 212293.438426866050577, 4697510.129633204080164 ], [ 212432.733993218949763, 4697421.739488733932376 ], [ 212736.624601720686769, 4697757.82416036631912 ], [ 213104.591331691452069, 4697847.415946231223643 ], [ 213504.64139423778397, 4698105.281593609601259 ], [ 213581.950751217751531, 4698013.978035119362175 ], [ 213645.311053536919644, 4698131.195948601700366 ], [ 214143.814251548872562, 4698100.896005077287555 ], [ 214310.374573399807559, 4696327.978817679919302 ], [ 214550.020989112817915, 4696356.3210140010342 ], [ 214636.127030195988482, 4695567.803555388003588 ], [ 214393.838311831321334, 4695542.227414975874126 ], [ 214719.802246302395361, 4692512.560130913741887 ], [ 215782.199005180766108, 4692838.183903463184834 ], [ 215805.068331035814481, 4692622.994812655262649 ], [ 220022.430264842085307, 4693357.635617485269904 ], [ 219906.364028751122532, 4693232.793599458411336 ], [ 219837.430640601232881, 4692959.486062586307526 ], [ 219858.939497000159463, 4692346.685401282273233 ], [ 219521.102862447703956, 4692033.942730150185525 ], [ 219459.228577563451836, 4691452.318210371769965 ], [ 219951.317981056781719, 4691480.766071596182883 ], [ 220557.283283758006291, 4691091.261741692200303 ], [ 220491.908673453930533, 4690837.499256018549204 ], [ 220216.805979325115914, 4690443.955746331252158 ], [ 219799.075873683119426, 4690171.239594077691436 ], [ 219684.511104387434898, 4688746.859018635004759 ], [ 219270.472312264406355, 4688804.207448608241975 ], [ 219354.231556768034352, 4687245.997980418615043 ], [ 219763.713853223453043, 4687172.70896531548351 ], [ 219781.111361879826291, 4686229.89296967163682 ], [ 219442.379374474723591, 4686283.378073411993682 ], [ 219428.989736784860725, 4686447.360980384983122 ], [ 219159.260620071174344, 4686409.065231591463089 ], [ 218885.273684757732553, 4686046.541931623592973 ], [ 216743.510219676682027, 4685776.699509244412184 ], [ 215816.839482193841832, 4684453.073608437553048 ], [ 214938.197958901262609, 4684424.127146758139133 ], [ 214780.303800168534508, 4685299.332980601117015 ], [ 214175.380104036157718, 4684875.174780663102865 ], [ 213884.420402157731587, 4685099.582063375040889 ], [ 209307.845061711763265, 4683624.572277595289052 ], [ 209358.988604266458424, 4683830.665420912206173 ], [ 209230.622698539198609, 4683989.403057567775249 ], [ 209357.938920865097316, 4684464.449657940305769 ], [ 209508.806969751400175, 4684635.717841413803399 ], [ 209483.09183308473439, 4684941.584247530438006 ], [ 209630.733104719925905, 4685495.25017587095499 ], [ 209497.399235543067334, 4685969.495081840083003 ], [ 209476.394577090075472, 4686319.333556678146124 ], [ 209618.672029234789079, 4686440.998884021304548 ], [ 209517.405525044508977, 4686653.17350357491523 ], [ 209542.805687976622721, 4687071.598100753501058 ], [ 209434.916988122713519, 4687793.212150593288243 ], [ 209266.57396197374328, 4687910.14696919452399 ], [ 209417.205451200687094, 4687984.208738699555397 ], [ 209334.750961540295975, 4688095.884480312466621 ], [ 209372.476422699837713, 4688240.44065136089921 ], [ 209673.260117008030647, 4688336.759418094530702 ], [ 209627.577828926296206, 4688716.372599489055574 ], [ 209768.885093771765241, 4688900.915906125679612 ], [ 209892.009315066534327, 4689287.930920876562595 ], [ 209776.107343817391666, 4689466.9785490129143 ], [ 209354.123994398192735, 4689632.116872173734009 ], [ 209374.07559544101241, 4690212.142268687486649 ], [ 209285.550500335666584, 4690378.781630867160857 ], [ 208974.08265665723593, 4690477.325481824576855 ], [ 208741.818540024250979, 4690676.428949737921357 ], [ 208375.512479907512898, 4690837.442503111436963 ], [ 208587.786830973200267, 4691930.876135271042585 ], [ 208262.690931627206737, 4692071.37101645860821 ], [ 208327.554231343296124, 4692309.172037873417139 ], [ 208428.602250950207235, 4692365.251375422812998 ], [ 208123.351949549949495, 4692438.904824091121554 ], [ 208110.856384400714887, 4692614.022032387554646 ], [ 208208.326345239038346, 4692809.716042065992951 ], [ 208016.859961147914873, 4692920.710145937278867 ] ] ] } },
{ "type": "Feature", "properties": { "drag_region": "West", "region": "West", "NAME": "Williamsburg", "NAMELSAD": "Williamsburg town" }, "geometry": { "type": "Polygon", "coordinates": [ [ [ 169280.012584207870532, 4702287.936278901994228 ], [ 170267.918128437944688, 4711843.651160430163145 ], [ 176018.190770577231888, 4712504.928715116344392 ], [ 175499.303392049157992, 4707256.727957776747644 ], [ 178420.878164531954098, 4707592.753630242310464 ], [ 177990.646377863420639, 4703343.452774219214916 ], [ 169280.012584207870532, 4702287.936278901994228 ] ] ] } },
{ "type": "Feature", "properties": { "drag_region": "Northeast", "region": "Northeast", "NAME": "Hull", "NAMELSAD": "Hull town" }, "geometry": { "type": "Polygon", "coordinates": [ [ [ 352384.303146807709709, 4685432.200416884385049 ], [ 352430.967559291282669, 4686741.991056033410132 ], [ 353358.874261205433868, 4686920.657618447206914 ], [ 354364.568177099223249, 4687986.46089078579098 ], [ 355177.986127249489073, 4687856.891006915830076 ], [ 356020.673706427100115, 4688293.353147778660059 ], [ 356967.070262919296511, 4688583.273077518679202 ], [ 358043.588085213734303, 4694713.97806719597429 ], [ 361592.641268964158371, 4694646.879969687201083 ], [ 361456.729207240510732, 4685871.348521882668138 ], [ 365592.459639198845252, 4685741.880679246038198 ], [ 363439.564352052751929, 4682623.882370989769697 ], [ 362565.457570151018444, 4682646.119035228155553 ], [ 362364.138527810340747, 4682520.930266374722123 ], [ 362194.561101409781259, 4682245.865134543739259 ], [ 361650.372812435496598, 4682122.115185610949993 ], [ 361550.663079908932559, 4681965.19497549906373 ], [ 361290.481516144587658, 4682049.610360176302493 ], [ 360812.579461786430329, 4681954.811340820975602 ], [ 360322.083337944000959, 4682024.403616909869015 ], [ 360068.459414674143773, 4682143.826929319649935 ], [ 359946.770897827111185, 4682322.243847109377384 ], [ 360015.955416221520863, 4682959.734243684448302 ], [ 359256.752634371747263, 4683727.971757025457919 ], [ 359023.790637148311362, 4683815.541942847892642 ], [ 358665.535457346122712, 4683822.237159157171845 ], [ 357141.077162907342426, 4683080.129627166315913 ], [ 356228.818980552954599, 4684344.843540800735354 ], [ 356204.480136568192393, 4685467.57604153919965 ], [ 355266.596499317558482, 4685577.495753047987819 ], [ 354230.177611789433286, 4684256.731467134319246 ], [ 352384.303146807709709, 4685432.200416884385049 ] ] ] } },
{ "type": "Feature", "properties": { "drag_region": "Northeast", "region": "Northeast", "NAME": "Kingston", "NAMELSAD": "Kingston town" }, "geometry": { "type": "Polygon", "coordinates": [ [ [ 366977.777056209219154, 4646779.458274578675628 ], [ 367302.083308699831832, 4647233.084837264381349 ], [ 369063.11990281305043, 4647482.918307783082128 ], [ 372717.448508612345904, 4646801.531383130699396 ], [ 373296.257149493612815, 4645854.666508209891617 ], [ 373238.641107286966871, 4645606.009694622829556 ], [ 373466.385889825120103, 4645132.447805621661246 ], [ 374337.456754862039816, 4645068.993067145347595 ], [ 374342.34261212538695, 4645151.759987150318921 ], [ 375397.234450239979196, 4645525.52003803383559 ], [ 376752.165397590899374, 4644910.164017433300614 ], [ 377479.423445546126459, 4644765.506777885369956 ], [ 375837.73957112635253, 4642983.006356243975461 ], [ 373365.080726811429486, 4639739.170445485040545 ], [ 370680.084080572996754, 4637460.511760642752051 ], [ 369762.056917737063486, 4641227.770794368349016 ], [ 367969.783272211498115, 4642528.391994258388877 ], [ 367333.223628168692812, 4645555.398916943930089 ], [ 366977.777056209219154, 4646779.458274578675628 ] ] ] } },
{ "type": "Feature", "properties": { "drag_region": "Northeast", "region": "Northeast", "NAME": "Marion", "NAMELSAD": "Marion town" }, "geometry": { "type": "Polygon", "coordinates": [ [ [ 365923.994247954047751, 4605292.068143896758556 ], [ 366581.314612886519171, 4609863.297659555450082 ], [ 366680.445112696732394, 4609888.554431270807981 ], [ 366961.373614509997424, 4610324.790585405193269 ], [ 366801.600610096356831, 4610563.271928378380835 ], [ 366863.107759983395226, 4611502.378797510638833 ], [ 367492.025519614573568, 4611959.156814774498343 ], [ 367353.747392576537095, 4612230.171375893056393 ], [ 367442.263038083794527, 4613011.54471861384809 ], [ 368002.764475338975899, 4613658.615131300874054 ], [ 368102.447836843377445, 4613492.268269236199558 ], [ 367842.536126600229181, 4612303.116935022175312 ], [ 368045.347454681061208, 4611624.233590099960566 ], [ 368433.023273787926883, 4611080.612601734697819 ], [ 368357.62581877480261, 4610474.575782369822264 ], [ 368553.463557617913466, 4610570.618897681124508 ], [ 368521.538807583041489, 4610426.432289225049317 ], [ 368907.380609466519672, 4610436.264428597874939 ], [ 369161.099410812021233, 4610657.095299293287098 ], [ 369145.807493592845276, 4610743.049118738621473 ], [ 369313.338143086526543, 4610883.679461211897433 ], [ 369313.577609911968466, 4610976.534512308426201 ], [ 369461.667375719756819, 4611021.374344488605857 ], [ 369573.231343354505952, 4610968.550852034240961 ], [ 369609.847929859533906, 4610985.351742677390575 ], [ 369653.307637017860543, 4611064.215577743947506 ], [ 369568.274007153057028, 4611206.022461795248091 ], [ 369657.576956221135333, 4611338.042450199835002 ], [ 370007.452228229725733, 4611341.002974849194288 ], [ 370346.24244598345831, 4610889.350797294639051 ], [ 370484.940762603539042, 4610836.767213412560523 ], [ 370727.626054741849657, 4610886.152468814514577 ], [ 370918.370930148288608, 4610712.781834886409342 ], [ 371021.991100489685778, 4610529.962520473636687 ], [ 370885.625237803789787, 4610291.803886707872152 ], [ 370970.108589061012026, 4610088.15682877600193 ], [ 371089.965180570143275, 4610020.417215916328132 ], [ 371378.984092886908911, 4610084.660314973443747 ], [ 371667.271499225404114, 4609791.047054310329258 ], [ 372203.46996701345779, 4609510.123715250752866 ], [ 372475.083499375206884, 4609108.361471568234265 ], [ 372903.912573759211227, 4608847.419204360805452 ], [ 373091.136000346275978, 4608621.533422417007387 ], [ 373228.828820461581927, 4608648.998896949924529 ], [ 376444.930378146702424, 4605529.045166400261223 ], [ 375602.398555321095046, 4603176.578177952207625 ], [ 374431.586388013267424, 4600302.629928775131702 ], [ 370353.970155346323736, 4603137.267548850737512 ], [ 369230.678596895653754, 4604169.946203189902008 ], [ 367298.239915875485167, 4603858.198740034364164 ], [ 365923.994247954047751, 4605292.068143896758556 ] ] ] } },
{ "type": "Feature", "properties": { "drag_region": "Northeast", "region": "Northeast", "NAME": "Mattapoisett", "NAMELSAD": "Mattapoisett town" }, "geometry": { "type": "Polygon", "coordinates": [ [ [ 359861.947343171748798, 4606059.741083948872983 ], [ 361689.806774753553327, 4606182.669402712024748 ], [ 361592.326069201692007, 4606345.935001035220921 ], [ 361667.029140778176952, 4606596.266199992969632 ], [ 365371.072216414613649, 4607047.196505004540086 ], [ 364996.063128178648185, 4604497.247548535466194 ], [ 366370.308796100085601, 4603063.378144673071802 ], [ 368302.747477120254189, 4603375.125607828609645 ], [ 369291.875124689890072, 4602465.798922945745289 ], [ 369111.068967947736382, 4600336.515108739957213 ], [ 368771.156817729817703, 4599420.074317614547908 ], [ 368215.384688838850707, 4599092.64245542511344 ], [ 364772.532040287624113, 4597613.465667187236249 ], [ 365054.024421319540124, 4596904.91254910454154 ], [ 364991.510092117707245, 4596665.404196226038039 ], [ 364663.5803592329612, 4596250.502121397294104 ], [ 363950.927889995276928, 4595730.503668279387057 ], [ 361808.722938330494799, 4596531.302521347999573 ], [ 361479.177693298668601, 4598081.78211632464081 ], [ 361374.276979702641256, 4599862.297784334048629 ], [ 359861.947343171748798, 4606059.741083948872983 ] ] ] } },
{ "type": "Feature", "properties": { "drag_region": "Northeast", "region": "Northeast", "NAME": "Pembroke", "NAMELSAD": "Pembroke town" }, "geometry": { "type": "Polygon", "coordinates": [ [ [ 362445.416072881314903, 4652455.338485036045313 ], [ 362604.823409650009125, 4652805.710786847397685 ], [ 362573.56138593936339, 4652941.46815241035074 ], [ 363328.792209533741698, 4653393.770872347988188 ], [ 363143.927633896004409, 4653397.189384810626507 ], [ 362985.337530298973434, 4653525.131432807072997 ], [ 363224.413006697432138, 4653906.34926375746727 ], [ 362786.475490942364559, 4655393.247637696564198 ], [ 362916.775481045711786, 4656688.390176889486611 ], [ 362678.421873972867616, 4657065.457896267995238 ], [ 362873.906856824294664, 4657343.957704601809382 ], [ 363163.722384668013547, 4657320.27016584854573 ], [ 363328.426648965571076, 4657553.676085655577481 ], [ 364295.633987184031866, 4657938.849055333063006 ], [ 364716.257092227344401, 4657967.306054081767797 ], [ 364827.267860861727968, 4657826.970397292636335 ], [ 365123.761746775417123, 4657814.773262429051101 ], [ 365543.130514318414498, 4657651.349003938026726 ], [ 365674.886271797004156, 4657798.079276993870735 ], [ 365463.68958782334812, 4658301.77861401066184 ], [ 366096.695887904963456, 4659108.41602870170027 ], [ 366265.103353578597307, 4659100.638245979323983 ], [ 366439.045971291023307, 4658919.898035670630634 ], [ 366505.90988712280523, 4659188.205441155470908 ], [ 366629.196049475576729, 4659221.71141211502254 ], [ 366902.59857400279725, 4658885.035899096168578 ], [ 367006.478365726361517, 4658596.919571305625141 ], [ 367124.03935452492442, 4658514.914846235886216 ], [ 367337.414530537789688, 4658544.43331075552851 ], [ 367372.302238009695429, 4658586.91460486035794 ], [ 367132.230281299212947, 4658842.222741398960352 ], [ 367313.934179451083764, 4658797.644256498664618 ], [ 367280.689403731259517, 4658979.521181676536798 ], [ 367473.006613089935854, 4658948.165497506037354 ], [ 367462.900541169918142, 4659117.337691655382514 ], [ 367904.086632497550454, 4659152.770472763106227 ], [ 367973.129158632829785, 4659678.871852219104767 ], [ 368243.402243758318946, 4659543.378735875710845 ], [ 368401.691149066435173, 4659669.941402756609023 ], [ 368566.39521072129719, 4659508.554001616314054 ], [ 368380.725861753802747, 4659298.355219153687358 ], [ 368487.1785727791721, 4659234.933347698301077 ], [ 369269.416596995899454, 4659349.01322820968926 ], [ 369312.901952661923133, 4658884.005446426570415 ], [ 369844.69594692409737, 4658845.03831806499511 ], [ 369593.83807418984361, 4658152.160786161199212 ], [ 370622.282430213934276, 4657427.088696980848908 ], [ 367882.270040095667355, 4651907.644653456285596 ], [ 368935.991011229925789, 4651701.93184619769454 ], [ 369232.534362750477158, 4651094.071676726453006 ], [ 369180.57963183906395, 4650959.956566614098847 ], [ 369398.496147473109886, 4650918.249402399174869 ], [ 369692.70162782468833, 4650499.077978301793337 ], [ 369525.633490973967128, 4650187.598085965029895 ], [ 369176.303323552012444, 4650162.917744333855808 ], [ 369113.226300778915174, 4649851.411904830485582 ], [ 368877.117621299868915, 4649519.487940662540495 ], [ 368814.743106838897802, 4649142.653276363387704 ], [ 368317.629953305236995, 4649275.586627448908985 ], [ 366556.593359192018397, 4649025.753156930208206 ], [ 366232.287106701405719, 4648572.126594244502485 ], [ 366324.71181878563948, 4648255.925744217820466 ], [ 365667.007891378481872, 4648187.915921258740127 ], [ 365471.915589814889245, 4648462.196490727365017 ], [ 365498.872803879668936, 4648612.70160183403641 ], [ 365296.946430689597037, 4648723.726725162938237 ], [ 365154.183514738804661, 4648925.259893729351461 ], [ 365216.19340794114396, 4649291.192774509079754 ], [ 365053.311270638310816, 4649433.8357048118487 ], [ 363512.387211967201438, 4648974.912546684034169 ], [ 362631.966587032307871, 4651565.499688621610403 ], [ 362842.294262657465879, 4651642.504179231822491 ], [ 362943.036190223763697, 4651802.633243536576629 ], [ 362566.422403009841219, 4651950.943104255013168 ], [ 362451.161884749308228, 4652207.711063522845507 ], [ 362445.416072881314903, 4652455.338485036045313 ] ] ] } },
{ "type": "Feature", "properties": { "drag_region": "Northeast", "region": "Northeast", "NAME": "Rockland", "NAMELSAD": "Rockland town" }, "geometry": { "type": "Polygon", "coordinates": [ [ [ 353290.180895519384649, 4665501.861824964173138 ], [ 357239.870095815276727, 4667462.70084333140403 ], [ 357510.988838895980734, 4667670.209026150405407 ], [ 357960.751937799504958, 4665658.709226643666625 ], [ 356649.772063395590521, 4665468.368214619345963 ], [ 357447.12638998334296, 4661705.304336795583367 ], [ 357531.406574104679748, 4658362.591976947151124 ], [ 356297.436609652999323, 4658161.108194285072386 ], [ 353969.56896824168507, 4661618.570577398873866 ], [ 353290.180895519384649, 4665501.861824964173138 ] ] ] } },
{ "type": "Feature", "properties": { "drag_region": "Northeast", "region": "Northeast", "NAME": "Fall River", "NAMELSAD": "Fall River city" }, "geometry": { "type": "Polygon", "coordinates": [ [ [ 327406.138271686737426, 4605486.149652356281877 ], [ 328379.784250366967171, 4606527.150694992393255 ], [ 329708.073555866489187, 4607682.295223983936012 ], [ 331084.090547759784386, 4609758.616127394139767 ], [ 332612.846219622297212, 4611653.598904659040272 ], [ 333357.763636851042975, 4612834.992411577142775 ], [ 333429.94134667981416, 4613733.12238896638155 ], [ 334062.078206845908426, 4614739.498594057746232 ], [ 334360.524102799361572, 4614594.811724831350148 ], [ 334389.825181311112829, 4614831.844318820163608 ], [ 334394.221382220042869, 4614574.982602781616151 ], [ 334554.693111135216895, 4614504.923048386350274 ], [ 334715.512613887782209, 4614584.066296258941293 ], [ 343522.439785507507622, 4612234.101759533397853 ], [ 343237.263512964476831, 4608417.196518025361001 ], [ 338613.870552977081388, 4605620.612033581361175 ], [ 335382.146896849502809, 4606497.136013260111213 ], [ 334656.956048128078692, 4606514.907792016863823 ], [ 332848.834923117654398, 4600026.102703774347901 ], [ 332933.782873463234864, 4599659.595732352696359 ], [ 332725.166308207204565, 4599101.600072951987386 ], [ 332419.162694736849517, 4596668.12003035005182 ], [ 332258.891113325022161, 4596802.525299831293523 ], [ 332142.574881549575366, 4597658.986618488095701 ], [ 332321.550203407881781, 4598913.962792831473053 ], [ 332740.640688877785578, 4599416.737759861163795 ], [ 333057.301651761110406, 4602950.182962390594184 ], [ 329452.208926282823086, 4603916.368004501797259 ], [ 329489.282925672829151, 4604275.959834318608046 ], [ 327859.867355444352143, 4604716.946072005666792 ], [ 327406.138271686737426, 4605486.149652356281877 ] ] ] } },
{ "type": "Feature", "properties": { "drag_region": "Northeast", "region": "Northeast", "NAME": "Taunton", "NAMELSAD": "Taunton city" }, "geometry": { "type": "Polygon", "coordinates": [ [ [ 328990.972459806711413, 4634664.115809207782149 ], [ 332237.231600121944211, 4637607.651488539762795 ], [ 334797.524585516308434, 4640764.846759607084095 ], [ 336931.922360741533339, 4643618.651162295602262 ], [ 338060.199441536911763, 4643333.403206754475832 ], [ 338188.497152977623045, 4642387.128575824201107 ], [ 338561.862724104197696, 4641817.646863377653062 ], [ 338513.15345443575643, 4641256.322210578247905 ], [ 338336.488811952644028, 4640888.759734719991684 ], [ 338273.124840182601474, 4640526.776041547767818 ], [ 338525.221539915422909, 4639845.260872048325837 ], [ 338079.492415721178986, 4638789.080198156647384 ], [ 338012.67275550973136, 4638381.519789175130427 ], [ 337460.483836831059307, 4637588.608787794597447 ], [ 339792.213068365235813, 4633569.570462764240801 ], [ 340232.515415583620779, 4633452.22316231392324 ], [ 340443.279295632964931, 4633311.627626885659993 ], [ 340597.114464743528515, 4633701.341641249135137 ], [ 341097.216123237507418, 4633658.718272068537772 ], [ 341306.138427427387796, 4633332.659323540516198 ], [ 341318.084377001738176, 4632970.417777670547366 ], [ 341571.578899139072746, 4632583.64673270098865 ], [ 341422.725407346966676, 4632499.091432533226907 ], [ 341364.911850563483313, 4632633.230823967605829 ], [ 341126.568119103088975, 4632464.936499286442995 ], [ 341308.289679686306044, 4632218.408741250634193 ], [ 341114.028121900628321, 4632155.16180183365941 ], [ 340973.722056156955659, 4631921.651137569919229 ], [ 341053.863094106083736, 4631689.987272906117141 ], [ 341211.214315230725333, 4631562.581164492294192 ], [ 341362.803034074022435, 4631541.525314951315522 ], [ 341480.11640457122121, 4631632.497230857610703 ], [ 341442.155215683626011, 4631377.099566604010761 ], [ 341616.76822043734137, 4631538.478233176283538 ], [ 341794.210969322128221, 4631571.254177153110504 ], [ 341904.59273373009637, 4631311.219899649731815 ], [ 342305.370720292092301, 4631670.109567981213331 ], [ 342534.833998461603187, 4631579.131682752631605 ], [ 342896.774947808473371, 4631603.12756737973541 ], [ 343281.000980521086603, 4631928.353183825500309 ], [ 343621.915938758524135, 4631966.433920903131366 ], [ 343791.82665832573548, 4632230.847730004228652 ], [ 343889.789632014581002, 4632263.208953285589814 ], [ 344033.449815684813075, 4631993.097637590020895 ], [ 344304.717324407305568, 4632038.621568160131574 ], [ 344546.602942891418934, 4631374.390927351079881 ], [ 344728.326203265110962, 4631424.025710033252835 ], [ 344702.020568693988025, 4631197.007116709835827 ], [ 345422.156233966816217, 4631412.188848142512143 ], [ 345672.227313653682359, 4631920.853658678010106 ], [ 345542.050325383432209, 4632077.299135410226882 ], [ 345496.929945969255641, 4632735.692632074467838 ], [ 345060.91085272107739, 4632731.625604090280831 ], [ 345599.565362978377379, 4633755.26313509978354 ], [ 345842.187273539719172, 4633800.063511216081679 ], [ 346116.538394121802412, 4633695.826077481731772 ], [ 346875.234769908012822, 4630272.282265377230942 ], [ 347124.757568486849777, 4628681.248867402784526 ], [ 346734.391707809176296, 4628286.637870573438704 ], [ 346092.923330349382013, 4627936.067327605560422 ], [ 345843.934231425635517, 4627628.438875787891448 ], [ 345247.303961613448337, 4627185.248710077255964 ], [ 344266.243675979436375, 4626259.714824256487191 ], [ 342146.18040609115269, 4627593.644565969705582 ], [ 338974.660963031463325, 4629850.903442620299757 ], [ 338630.373932953341864, 4630224.965556701645255 ], [ 337156.736169005860575, 4630215.896596441045403 ], [ 337259.47075737058185, 4630250.608559960499406 ], [ 337207.392296866863035, 4630263.655794629827142 ], [ 336433.46106276975479, 4630117.263610635884106 ], [ 336255.64741300593596, 4629378.244163168594241 ], [ 336287.237101022037677, 4628908.733154082670808 ], [ 336051.228823553072289, 4628791.645697659812868 ], [ 335903.349247119273059, 4628191.663625113666058 ], [ 335525.66452370909974, 4628380.715157643891871 ], [ 335359.644854346755892, 4628347.807929359376431 ], [ 335222.606033216114156, 4628540.282290699891746 ], [ 334979.389054089901038, 4628586.615759562700987 ], [ 334866.539189886185341, 4628765.834709456190467 ], [ 334774.59730936284177, 4629326.731524838134646 ], [ 334886.815189690911211, 4629384.50757347792387 ], [ 334774.716954111703672, 4629583.375644227489829 ], [ 334610.501738849678077, 4629605.660584797151387 ], [ 334513.549433707026765, 4629751.717853757552803 ], [ 334138.524885531049222, 4629822.459042737260461 ], [ 334125.653802100336179, 4630036.541341069154441 ], [ 329491.281094926409423, 4631159.541454756632447 ], [ 328990.972459806711413, 4634664.115809207782149 ] ] ] } },
{ "type": "Feature", "properties": { "drag_region": "Northeast", "region": "Northeast", "NAME": "Westport", "NAMELSAD": "Westport town" }, "geometry": { "type": "Polygon", "coordinates": [ [ [ 332361.715926957898773, 4593632.617445044219494 ], [ 332668.258853232255206, 4596064.306537918746471 ], [ 332876.875418488285504, 4596622.302197319455445 ], [ 332791.927468142705038, 4596988.809168741106987 ], [ 334600.048593153129332, 4603477.614256983622909 ], [ 335325.239441874553449, 4603459.842478226870298 ], [ 337725.867358857765794, 4602808.838954203762114 ], [ 337830.305027232388966, 4601762.021351135335863 ], [ 338937.087492415856104, 4600135.346292383037508 ], [ 339533.503252679947764, 4598895.847831655293703 ], [ 339914.736400660709478, 4597499.328817496076226 ], [ 340251.108348441193812, 4597078.964722086675465 ], [ 340745.579080699011683, 4596134.966974405571818 ], [ 340891.834176526055671, 4595692.808264854364097 ], [ 340795.816217636456713, 4595619.090059035457671 ], [ 340884.438287964090705, 4594945.557197999209166 ], [ 340709.539915677043609, 4593919.20235423091799 ], [ 340809.120780976489186, 4592815.266274156980217 ], [ 340565.456703771604225, 4592339.108441468328238 ], [ 340120.675886982178781, 4591911.935659239068627 ], [ 340096.540325762471184, 4591709.987380295060575 ], [ 341068.660091271216515, 4589730.036927161738276 ], [ 341346.477276798337698, 4588364.199146171100438 ], [ 341171.926071699068416, 4587683.432906117290258 ], [ 341230.726608681492507, 4587249.132230715826154 ], [ 341121.818177421228029, 4587053.953340888954699 ], [ 341251.386342449462973, 4586214.28890226688236 ], [ 341510.113592794688884, 4585281.50512302108109 ], [ 340967.266486615757458, 4584990.540102979168296 ], [ 341306.757691727136262, 4583360.988892439752817 ], [ 341818.45219183829613, 4582298.209354224614799 ], [ 343239.004945567925461, 4580078.256726902909577 ], [ 340815.306772140203975, 4580149.397393381223083 ], [ 340805.307346201210748, 4579724.162047835998237 ], [ 340131.339080607634969, 4579740.041325004771352 ], [ 340130.039774875272997, 4580169.76603894867003 ], [ 333866.710700236959383, 4580361.251929882913828 ], [ 333495.697780105576385, 4581283.435326201841235 ], [ 333604.326351180439815, 4581482.630613122135401 ], [ 333465.288488979451358, 4584537.950846191495657 ], [ 332895.448907935642637, 4592511.090110025368631 ], [ 332361.715926957898773, 4593632.617445044219494 ] ] ] } },
{ "type": "Feature", "properties": { "drag_region": "Central", "region": "Central", "NAME": "Hopkinton", "NAMELSAD": "Hopkinton town" }, "geometry": { "type": "Polygon", "coordinates": [ [ [ 293513.488606647937559, 4680873.438568555749953 ], [ 294929.527786012738943, 4685436.708408711478114 ], [ 296982.942879556969274, 4686275.565940833650529 ], [ 297337.996382451965474, 4686236.991214003413916 ], [ 297447.253118027700111, 4686315.289602073840797 ], [ 297552.226620134548284, 4686237.226226292550564 ], [ 297759.810548848821782, 4686244.335729676298797 ], [ 297861.232171958952677, 4686091.694714752957225 ], [ 298144.474291216465645, 4686058.648525751195848 ], [ 298827.709457088960335, 4685680.35062928404659 ], [ 298962.160961795132607, 4685870.286205213516951 ], [ 299462.664553978596814, 4686035.989875552244484 ], [ 299799.87926262349356, 4686066.201901541091502 ], [ 300069.443967415951192, 4685986.626865819096565 ], [ 300279.425368833937682, 4686044.08716528583318 ], [ 300194.664647713303566, 4684796.586184727028012 ], [ 303200.063644722336903, 4683791.629883407615125 ], [ 303124.722179711563513, 4682047.845897499471903 ], [ 304021.682467921636999, 4681825.56847891304642 ], [ 304706.588836675102357, 4681948.845716278068721 ], [ 304956.739481635391712, 4681490.94856468681246 ], [ 305224.416547678119969, 4680319.954026970081031 ], [ 303362.825884766760282, 4679016.290449847467244 ], [ 301286.719089504797012, 4677397.96728284098208 ], [ 298596.944502853555605, 4677567.260093742981553 ], [ 297231.788760108407587, 4676804.378453495912254 ], [ 297285.962733250344172, 4677072.943909130990505 ], [ 297199.977558480924927, 4677188.109338824637234 ], [ 297133.912110008997843, 4677170.862547085620463 ], [ 297243.844065726152621, 4677509.887819582596421 ], [ 297178.689160303969402, 4677911.513043004088104 ], [ 295900.620270067942329, 4677981.413392264395952 ], [ 295966.753634347696789, 4678192.816222795285285 ], [ 295031.60701843543211, 4678321.78560565598309 ], [ 293513.488606647937559, 4680873.438568555749953 ] ] ] } },
{ "type": "Feature", "properties": { "drag_region": "Central", "region": "Central", "NAME": "Marlborough", "NAMELSAD": "Marlborough city" }, "geometry": { "type": "Polygon", "coordinates": [ [ [ 292270.672720573376864, 4698930.756240206770599 ], [ 293599.799919138022233, 4699743.349795257672668 ], [ 294205.102368396532256, 4700821.17680739890784 ], [ 304752.560424721799791, 4701991.381597467698157 ], [ 304021.713850669097155, 4698956.128543990664184 ], [ 303658.996896754310001, 4696417.063638518564403 ], [ 301886.761469941062387, 4696217.826961463317275 ], [ 301209.860861640772782, 4696505.457696903496981 ], [ 298345.927872925647534, 4696152.780449165031314 ], [ 296845.888434866268653, 4695528.616722298786044 ], [ 295485.246517655381467, 4694522.724492618814111 ], [ 294907.7523813630105, 4695312.674495756626129 ], [ 294517.71149977092864, 4695670.805839048698545 ], [ 293897.550492608337663, 4696706.132857207208872 ], [ 294040.719174861616921, 4696870.251245108433068 ], [ 294016.185843657644, 4697437.091287515126169 ], [ 293411.632930059975479, 4697702.83565264288336 ], [ 292925.767182326118927, 4698048.454586826264858 ], [ 292270.672720573376864, 4698930.756240206770599 ] ] ] } },
{ "type": "Feature", "properties": { "drag_region": "Central", "region": "Central", "NAME": "Newton", "NAMELSAD": "Newton city" }, "geometry": { "type": "Polygon", "coordinates": [ [ [ 327866.376903162396047, 4695958.608738651499152 ], [ 328069.279801127151586, 4695921.080313989892602 ], [ 328248.738489602867048, 4695993.860178436152637 ], [ 328361.274250776972622, 4696346.454021499492228 ], [ 328731.578707389649935, 4696375.717541188001633 ], [ 329094.389858692826238, 4696862.353754295967519 ], [ 329001.590512280876283, 4697015.608624299056828 ], [ 328658.450202023959719, 4697064.06268263887614 ], [ 328591.6474795214599, 4697162.182507046498358 ], [ 328779.223098052083515, 4697628.57479608245194 ], [ 328740.314805767789949, 4697861.076726012863219 ], [ 328882.30523429706227, 4697986.982364491559565 ], [ 328752.165207933401689, 4698467.933889085426927 ], [ 329076.48214207123965, 4698597.886394708417356 ], [ 329133.543884215410799, 4698468.470377406105399 ], [ 329352.761028271866962, 4698700.790399103425443 ], [ 332355.650152691756375, 4699807.698041999712586 ], [ 332826.824491296662018, 4699541.626168892718852 ], [ 333139.300650764023885, 4699512.945875376462936 ], [ 333338.396720379940234, 4699691.011567904613912 ], [ 333591.325088427052833, 4699692.342739238403738 ], [ 334141.145093258470297, 4699900.90889497846365 ], [ 334398.346643986529671, 4699627.475967181846499 ], [ 334051.726924686867278, 4699233.957376290112734 ], [ 335082.368468066968489, 4698877.04988160636276 ], [ 335215.630046299425885, 4699079.415355203673244 ], [ 335776.079190528485924, 4698908.486184794455767 ], [ 336408.121440097689629, 4698981.342556594870985 ], [ 335871.261784072383307, 4698260.800724329426885 ], [ 335785.447979449003469, 4697915.425332134589553 ], [ 336429.183786965673789, 4696761.94443248398602 ], [ 336416.582766331790481, 4696671.817886175587773 ], [ 336214.66327655990608, 4696541.183584065176547 ], [ 336337.663720757816918, 4696023.917472217231989 ], [ 336855.210577454592567, 4696048.745820676907897 ], [ 337208.405429306381848, 4695646.211562212556601 ], [ 336324.979994405061007, 4694824.199999823234975 ], [ 336063.35455899592489, 4694708.311679468490183 ], [ 336095.286722196906339, 4694612.160290272906423 ], [ 335346.489611322525889, 4693924.164859022013843 ], [ 336489.867979843984358, 4692729.827071698382497 ], [ 335315.058918851194903, 4691733.665694870054722 ], [ 334242.232566433609463, 4690471.935132702812552 ], [ 334280.090535103227012, 4690785.529371826909482 ], [ 334093.917356943478808, 4691033.779139426536858 ], [ 333947.093131264671683, 4691054.231601177714765 ], [ 333829.545656450674869, 4690812.03062216937542 ], [ 333425.664502797881141, 4691111.478589155711234 ], [ 333107.352013903844636, 4691231.946981651708484 ], [ 332938.887227325816639, 4692046.358280705288053 ], [ 332598.517543370136991, 4692411.217098684981465 ], [ 332651.498984789126553, 4692723.191812823526561 ], [ 332519.402225166093558, 4693067.424306947737932 ], [ 332066.093137846677564, 4693175.346770010888577 ], [ 331868.745989359449595, 4693135.381359311752021 ], [ 331368.051291402778588, 4693379.929669503122568 ], [ 331443.496925473795272, 4694003.110296046361327 ], [ 331343.631943237618543, 4694148.290374918840826 ], [ 331286.954850744805299, 4694550.470636412501335 ], [ 331081.413164267549291, 4694747.094968101941049 ], [ 330435.760817864211276, 4694883.180078639648855 ], [ 330260.115750569035299, 4694786.13056767359376 ], [ 329773.284395215567201, 4694818.641975999809802 ], [ 329294.721925872028805, 4695459.023579435423017 ], [ 329209.586429201532155, 4695451.278366229496896 ], [ 329118.669131501228549, 4695287.673026015982032 ], [ 328875.407169941463508, 4695225.231483977288008 ], [ 328737.84771250229096, 4695469.796615617349744 ], [ 328408.70043396751862, 4695405.542242127470672 ], [ 328201.740382198244333, 4695563.735616886988282 ], [ 327917.628762866253965, 4695614.4274249272421 ], [ 327866.376903162396047, 4695958.608738651499152 ] ] ] } },
{ "type": "Feature", "properties": { "drag_region": "Central", "region": "Central", "NAME": "Acton", "NAMELSAD": "Acton town" }, "geometry": { "type": "Polygon", "coordinates": [ [ [ 305727.261547497473657, 4714526.780884056352079 ], [ 307899.2113619724405, 4718502.811158903874457 ], [ 310359.059700505575165, 4719418.601845322176814 ], [ 311133.939677050802857, 4720853.446419513784349 ], [ 311687.513029401539825, 4721574.85454374179244 ], [ 312068.605869492399506, 4721273.311841260641813 ], [ 314087.456967090955004, 4722085.600077408365905 ], [ 314192.401870813337155, 4721222.65233617182821 ], [ 314655.293926320155151, 4719047.193856949917972 ], [ 315190.709916535415687, 4718770.493054338730872 ], [ 311242.803652080183383, 4711377.652490654960275 ], [ 305727.261547497473657, 4714526.780884056352079 ] ] ] } },
{ "type": "Feature", "properties": { "drag_region": "Central", "region": "Central", "NAME": "Arlington", "NAMELSAD": "Arlington town" }, "geometry": { "type": "Polygon", "coordinates": [ [ [ 334355.848668283841107, 4707122.12083584535867 ], [ 336077.329274963354692, 4709442.931385796517134 ], [ 338740.411631566879805, 4709326.183961432427168 ], [ 339041.767249203461688, 4707936.94939365144819 ], [ 339294.382543767162133, 4707759.340621749870479 ], [ 339280.346110742073506, 4707480.463212716393173 ], [ 339550.183418959204573, 4707093.423963664099574 ], [ 339759.655222581292037, 4707005.702162859030068 ], [ 340118.319686512404587, 4706999.796233898028731 ], [ 340119.888844695698936, 4706367.185061453841627 ], [ 339760.31328315398423, 4705428.197577744722366 ], [ 339422.184567554038949, 4705307.818426145240664 ], [ 339150.308839556644671, 4705045.889341281726956 ], [ 338463.881877081643324, 4705466.372894322499633 ], [ 337972.228232394438237, 4705647.855382842943072 ], [ 337600.293637539085466, 4705876.215168830007315 ], [ 337507.364911285054404, 4706016.92190860491246 ], [ 336568.237783179734834, 4706472.49326379224658 ], [ 335872.907419296214357, 4706686.353049248456955 ], [ 335028.958975913526956, 4707141.139306438155472 ], [ 334945.755023397854529, 4707126.733484814874828 ], [ 335026.21502966695698, 4706926.640311134979129 ], [ 334355.848668283841107, 4707122.12083584535867 ] ] ] } },
{ "type": "Feature", "properties": { "drag_region": "Central", "region": "Central", "NAME": "Ashby", "NAMELSAD": "Ashby town" }, "geometry": { "type": "Polygon", "coordinates": [ [ [ 264500.569317560817581, 4749050.040254954248667 ], [ 274819.314919279539026, 4748342.812336124479771 ], [ 274324.159437871421687, 4741262.155041137710214 ], [ 274331.818281219049823, 4740420.665199346840382 ], [ 268636.615472732984927, 4740756.992139511741698 ], [ 267502.558972789731342, 4740331.637786153703928 ], [ 267800.933685782423709, 4744082.544726609252393 ], [ 267716.723359610361513, 4744901.34602209366858 ], [ 267216.14283637603512, 4745426.956084182485938 ], [ 267096.057715091563296, 4745937.349938503466547 ], [ 266764.361980352608953, 4745897.026496205478907 ], [ 264602.048108615854289, 4748203.550885145552456 ], [ 264500.569317560817581, 4749050.040254954248667 ] ] ] } },
{ "type": "Feature", "properties": { "drag_region": "Central", "region": "Central", "NAME": "Ashland", "NAMELSAD": "Ashland town" }, "geometry": { "type": "Polygon", "coordinates": [ [ [ 301822.905581099505071, 4685822.646970227360725 ], [ 301907.666302220139187, 4687070.147950786165893 ], [ 302177.794302130525466, 4687201.966424459591508 ], [ 302520.998221373127308, 4687195.153936178423464 ], [ 302797.294576964341104, 4686993.834446968510747 ], [ 302893.303493439743761, 4687007.896343853324652 ], [ 302989.370334716106299, 4686819.459336000494659 ], [ 303227.767642495280597, 4686802.101723073981702 ], [ 303272.937333812296856, 4687750.468265501782298 ], [ 304056.675672592187766, 4689604.706387370824814 ], [ 307014.152661295898724, 4688322.044483793899417 ], [ 310362.610648810630664, 4685807.108263657428324 ], [ 310412.222471526183654, 4684606.241083796136081 ], [ 310239.582563675998244, 4683679.740344373509288 ], [ 305649.923401307838503, 4682851.629264413379133 ], [ 304752.963113097765017, 4683073.906682999804616 ], [ 304828.304578108538408, 4684817.690668907947838 ], [ 301822.905581099505071, 4685822.646970227360725 ] ] ] } },
{ "type": "Feature", "properties": { "drag_region": "Central", "region": "Central", "NAME": "Ayer", "NAMELSAD": "Ayer town" }, "geometry": { "type": "Polygon", "coordinates": [ [ [ 293071.111975230218377, 4726814.947168720886111 ], [ 293434.570171372324694, 4726930.760405366308987 ], [ 293725.777021346904803, 4726926.660881906747818 ], [ 293820.434826895128936, 4727016.77809249702841 ], [ 293704.555209147918504, 4727538.559266339987516 ], [ 294036.414415838487912, 4728214.486743676476181 ], [ 294212.649568953260314, 4728336.885821267962456 ], [ 293837.347861898422707, 4728556.092098929919302 ], [ 293800.717073430016171, 4728881.352103024721146 ], [ 293614.745540861098561, 4728978.241494585759938 ], [ 293460.757337691669818, 4729269.782212930731475 ], [ 293642.406349161232356, 4729323.193112679757178 ], [ 293730.146876658254769, 4729520.119508005678654 ], [ 293990.362411480920855, 4729612.129901324398816 ], [ 294018.797251614334527, 4729932.159265571273863 ], [ 294268.251758500875439, 4730192.799984592944384 ], [ 294471.120189630019013, 4730063.949307601898909 ], [ 294637.710554265358951, 4730053.377884061075747 ], [ 294785.642096289258916, 4730143.978973345831037 ], [ 302032.447347339882981, 4728420.024795841425657 ], [ 301241.383140013262164, 4727879.467635913752019 ], [ 301038.144355494470801, 4727387.025427710264921 ], [ 300934.1719469949021, 4727372.230291723273695 ], [ 300831.673276223649736, 4727156.215025891549885 ], [ 300259.234316085116006, 4726740.170432128943503 ], [ 300206.427831265435088, 4726623.154747212305665 ], [ 299435.527735112467781, 4726379.947297505103052 ], [ 299702.115310558932833, 4725560.117068902589381 ], [ 296318.85518939665053, 4726489.010644366964698 ], [ 295408.794715135765728, 4725853.996667195111513 ], [ 295115.582693169068079, 4725737.59374032355845 ], [ 294494.285488670284394, 4725959.848445620387793 ], [ 294038.167619205079973, 4725993.444077570922673 ], [ 293071.111975230218377, 4726814.947168720886111 ] ] ] } },
{ "type": "Feature", "properties": { "drag_region": "West", "region": "West", "NAME": "Brookfield", "NAMELSAD": "Brookfield town" }, "geometry": { "type": "Polygon", "coordinates": [ [ [ 227098.805426757520763, 4677110.501439407467842 ], [ 227711.136286107474007, 4676873.972024988383055 ], [ 227573.320826996903634, 4678869.974039800465107 ], [ 228695.419534316635691, 4681473.556662468239665 ], [ 229156.780917463882361, 4680858.036426743492484 ], [ 229488.702870651497506, 4680633.483329338952899 ], [ 229646.992070533306105, 4682518.279255092144012 ], [ 230155.52265262400033, 4682750.202764730900526 ], [ 230300.410536880022846, 4683343.485226622782648 ], [ 231259.627359729696764, 4682439.280043390579522 ], [ 232966.703544387739385, 4682410.388589630834758 ], [ 233445.104556803154992, 4682507.084583624266088 ], [ 233304.629765281279106, 4681955.519075416959822 ], [ 233387.878308709972771, 4681424.901730095036328 ], [ 233302.430825288174674, 4681225.946466450579464 ], [ 233202.894881644111592, 4681238.990656973794103 ], [ 233091.007497931452235, 4681113.712628359906375 ], [ 233043.32331964361947, 4680837.005887007340789 ], [ 232876.946016756177414, 4680587.938676596619189 ], [ 234346.622767764260061, 4679240.370300889015198 ], [ 233455.536592199408915, 4677254.286020090803504 ], [ 233478.947048295056447, 4676988.137896058149636 ], [ 233248.809358548227465, 4676777.491801607422531 ], [ 233141.794245136057725, 4676529.832179174758494 ], [ 233112.727538772043772, 4676235.219107674434781 ], [ 233306.671309019933688, 4675837.832384800538421 ], [ 233224.820063139777631, 4675531.222173187881708 ], [ 231814.653362531855237, 4675344.222313582897186 ], [ 231983.59064615459647, 4673925.610332819633186 ], [ 230160.170038750366075, 4673675.153854799456894 ], [ 229977.707160653430037, 4675112.567378739826381 ], [ 227454.759655495319748, 4674820.887495456263423 ], [ 227098.805426757520763, 4677110.501439407467842 ] ] ] } },
{ "type": "Feature", "properties": { "drag_region": "Central", "region": "Central", "NAME": "Boston", "NAMELSAD": "Boston city" }, "geometry": { "type": "Polygon", "coordinates": [ [ [ 337354.306115391722415, 4690196.924883962608874 ], [ 338426.031960935622919, 4691457.572619010694325 ], [ 339600.841021928412374, 4692453.7339958390221 ], [ 340612.573335594090167, 4691401.159029411152005 ], [ 341051.276351597567555, 4691689.194060397334397 ], [ 341624.437937174167018, 4692218.430122286081314 ], [ 343031.999825009901542, 4694465.730762974359095 ], [ 343215.11552614782704, 4694590.717055127024651 ], [ 343384.326157552131917, 4694459.053827113471925 ], [ 343626.539825063839089, 4694586.800337487831712 ], [ 343924.029760579869617, 4695525.957900690846145 ], [ 344152.668653944216203, 4695839.390538588166237 ], [ 344073.79526731261285, 4696069.237168587744236 ], [ 344162.971117440436501, 4696407.245080069638789 ], [ 344589.324925334833097, 4696771.006938719190657 ], [ 344458.44233379146317, 4697133.915148581378162 ], [ 344519.284599555365276, 4697450.517801819369197 ], [ 343082.648208571888972, 4697668.488076480105519 ], [ 342153.959150471200701, 4697077.410601360723376 ], [ 341578.315254308632575, 4696423.544395198114216 ], [ 341391.103069958218839, 4696429.818536714650691 ], [ 341189.720680081110913, 4696269.896174030378461 ], [ 341223.723949882667512, 4696147.368536760099232 ], [ 341009.062400819326285, 4696088.788258391432464 ], [ 341042.917533748899586, 4695970.263491934165359 ], [ 340896.425826229096856, 4695927.964856239035726 ], [ 340911.269536531006452, 4695843.36535288207233 ], [ 340307.521486185200047, 4695386.975225112400949 ], [ 339966.183619539020583, 4695772.6527448175475 ], [ 339448.636762842244934, 4695747.824396357871592 ], [ 339325.636318644334096, 4696265.09050820581615 ], [ 339527.555808416218497, 4696395.724810316227376 ], [ 339540.156829050101805, 4696485.851356624625623 ], [ 338896.421021533431485, 4697639.332256275229156 ], [ 338982.234826156811323, 4697984.707648470066488 ], [ 339520.556812979397364, 4698707.656728258356452 ], [ 339894.792980747297406, 4698517.449371305294335 ], [ 340206.025854407518636, 4698668.763688116334379 ], [ 340538.060628985345829, 4698659.558517168276012 ], [ 341154.5747066597105, 4698800.734559186734259 ], [ 341437.508215213136282, 4699184.266857298091054 ], [ 341831.80982409248827, 4699135.772167004644871 ], [ 342399.338759607460815, 4699567.292715509422123 ], [ 342499.845625324698631, 4699717.773559065535665 ], [ 342397.498034487303812, 4700035.569928413257003 ], [ 342642.420224109722767, 4700169.42846848629415 ], [ 342899.401788657123689, 4700038.32242516707629 ], [ 343151.264216423849575, 4699622.906224060803652 ], [ 343653.63788480439689, 4699498.03483176510781 ], [ 343714.823660317750182, 4699245.286261827684939 ], [ 343671.219506938301492, 4698133.142680232413113 ], [ 344011.861777534999419, 4697806.443900960497558 ], [ 344711.788098383171018, 4697722.527235317975283 ], [ 345296.42722071177559, 4697795.634453966282308 ], [ 345813.832669802184682, 4697916.887149889953434 ], [ 346900.42726547975326, 4698372.234149534255266 ], [ 347058.070851323020179, 4698551.15625989343971 ], [ 347174.327948511170689, 4698925.310002957470715 ], [ 347626.189901915320661, 4699500.169452273286879 ], [ 348078.271473829925526, 4699476.508859938941896 ], [ 347828.24683776096208, 4699803.022509781643748 ], [ 347389.93233939766651, 4699907.251935865730047 ], [ 347147.639809006126598, 4700750.706448588520288 ], [ 346734.670559841499198, 4700854.472713048569858 ], [ 346715.934499881579541, 4700997.596412614919245 ], [ 346821.12490137986606, 4701061.464319561608136 ], [ 347356.988569342473056, 4702034.462423230521381 ], [ 347420.12925487634493, 4701921.81218324881047 ], [ 347870.941700781520922, 4702410.817377829924226 ], [ 347895.459951933298726, 4702281.223166298121214 ], [ 347563.421756038733292, 4701718.320921637117863 ], [ 347985.06854707893217, 4701441.393975169397891 ], [ 348670.204628992767539, 4701502.655206657014787 ], [ 349423.962264540314209, 4701305.447452836669981 ], [ 349737.406067077128682, 4701022.685359664261341 ], [ 350141.121210098674055, 4701417.856414202600718 ], [ 351105.03195455140667, 4701082.352285776287317 ], [ 351546.188661167048849, 4701330.935804948210716 ], [ 351939.061519588169176, 4701802.014261923730373 ], [ 352092.699456040922087, 4702376.114731905981898 ], [ 352318.796851951687131, 4702537.521005771122873 ], [ 352491.403281767794397, 4702443.547629899345338 ], [ 352435.044428870955016, 4702351.887314254418015 ], [ 352929.689399267081171, 4702133.533912844955921 ], [ 353303.74762451054994, 4702441.136549389921129 ], [ 353559.471743519592565, 4702456.11448108125478 ], [ 353708.552455509256106, 4702383.613148336298764 ], [ 353793.733723110344727, 4702104.407000574283302 ], [ 353918.420466138864867, 4702002.707887063734233 ], [ 354442.761176956526469, 4701970.199830596335232 ], [ 354427.95509724150179, 4701580.23991562705487 ], [ 354545.08196505549131, 4701453.842736044898629 ], [ 354491.828358993632719, 4701339.09603339061141 ], [ 354359.057381698337849, 4701346.090674126520753 ], [ 353862.192392759665381, 4701084.421351294964552 ], [ 353819.406561452138703, 4700696.895955263637006 ], [ 353644.681058854621369, 4700433.350813765078783 ], [ 352861.347745596955065, 4700153.042237791232765 ], [ 352483.305926389002707, 4698937.49383760523051 ], [ 354439.18061623867834, 4698840.507856405340135 ], [ 354501.690041435998864, 4697975.223492247983813 ], [ 355539.389820192067418, 4697595.536125390790403 ], [ 360150.572186702280305, 4701089.630106404423714 ], [ 361512.356723839824554, 4700848.047852972522378 ], [ 365638.640204274852294, 4701769.112488351762295 ], [ 374047.424246769340243, 4702436.405225477181375 ], [ 374102.409383511927444, 4702367.73116538580507 ], [ 374038.229549257725012, 4699429.657922153361142 ], [ 373984.511179452179931, 4699384.995286583900452 ], [ 362059.650451411376707, 4699536.097920652478933 ], [ 360983.132629116938915, 4693405.392930975183845 ], [ 360036.736072624742519, 4693115.473001235164702 ], [ 359194.048493447131477, 4692679.010860372334719 ], [ 358380.630543296865653, 4692808.580744242295623 ], [ 357374.936627403076272, 4691742.777471903711557 ], [ 356447.029925488925073, 4691564.110909489914775 ], [ 355146.138656142691616, 4691660.856608972884715 ], [ 354690.362868723052088, 4692591.817990246228874 ], [ 354134.205071069358382, 4693184.301618043333292 ], [ 353314.127836875675712, 4693025.754914049990475 ], [ 353017.046854630636517, 4692666.100563554093242 ], [ 352356.857963780930731, 4692290.804913741536438 ], [ 351915.587421634700149, 4692469.897865006700158 ], [ 351360.446268267172854, 4692360.854528219439089 ], [ 350849.476806439168286, 4692728.661863259971142 ], [ 349744.031752439157572, 4692366.122691635042429 ], [ 349763.150317162449937, 4691787.915956137701869 ], [ 350227.737063275708351, 4690521.302456316538155 ], [ 349780.645358522131573, 4689765.383149049244821 ], [ 349608.590721683052834, 4689261.870605247095227 ], [ 349403.97076583042508, 4689148.677833372727036 ], [ 349049.400508332473692, 4689356.970811656676233 ], [ 348620.853170513000805, 4689251.193956616334617 ], [ 348518.768473440140951, 4689035.112918399274349 ], [ 348665.465309178631287, 4688672.03459800593555 ], [ 347982.021590702061076, 4688176.575717613101006 ], [ 347749.331403843942098, 4688337.651719068177044 ], [ 347692.868756946001668, 4688605.676491974852979 ], [ 347523.992488689080346, 4688665.106300911866128 ], [ 347398.920196731982287, 4688574.481601596809924 ], [ 346751.37480242626043, 4688567.247730071656406 ], [ 346271.581095424538944, 4688377.529257385060191 ], [ 345735.530183650029358, 4688512.879946461878717 ], [ 345647.861121756315697, 4688441.033545452170074 ], [ 345635.692393482080661, 4688170.561744539998472 ], [ 345317.607965128961951, 4688233.153730125166476 ], [ 345030.091077974007931, 4687791.01867213472724 ], [ 344591.742629045445938, 4687445.725410234183073 ], [ 344079.020703880989458, 4687615.290096341632307 ], [ 343870.866404453583527, 4687561.893458136357367 ], [ 343712.048910682555288, 4687368.16901698987931 ], [ 344014.171126989822369, 4686963.129099887795746 ], [ 344010.011633339512628, 4686138.579715994186699 ], [ 342580.554195851669647, 4685193.242268843576312 ], [ 342878.604798088606913, 4684765.591938396915793 ], [ 342878.801702647295315, 4684660.810483439825475 ], [ 342724.718151802138891, 4684633.984486592933536 ], [ 342655.516223781276494, 4684401.934978591278195 ], [ 342463.104694805166218, 4684302.07112786732614 ], [ 342188.567044572497252, 4683952.934063108637929 ], [ 341226.436021354340483, 4684875.614585512317717 ], [ 340954.874313434644137, 4687077.684044822119176 ], [ 340494.394511787628289, 4687376.086861905641854 ], [ 339968.08011948101921, 4687035.958389195613563 ], [ 338918.030109067098238, 4688298.570662263780832 ], [ 338704.329739235516172, 4688404.138262058608234 ], [ 338693.328575772757176, 4688567.979347690939903 ], [ 338825.666017636714969, 4688747.605791361071169 ], [ 338680.693577323749196, 4689110.428772812709212 ], [ 338692.034932541253511, 4689367.035508944652975 ], [ 338472.541609031090047, 4689486.649691508151591 ], [ 338008.928283075161744, 4689385.74161543045193 ], [ 337829.172700876544695, 4689805.702142767608166 ], [ 337456.934303827991243, 4690003.942553848028183 ], [ 337354.306115391722415, 4690196.924883962608874 ] ] ] } },
{ "type": "Feature", "properties": { "drag_region": "Central", "region": "Central", "NAME": "Winthrop Town", "NAMELSAD": "Winthrop Town city" }, "geometry": { "type": "Polygon", "coordinates": [ [ [ 353355.452364336582832, 4699971.590986097231507 ], [ 353728.318813590914942, 4701170.373921426013112 ], [ 354511.652126848581247, 4701450.68249739985913 ], [ 354686.377629446098581, 4701714.227638898417354 ], [ 354729.163460753625259, 4702101.753034929744899 ], [ 355226.028449692297727, 4702363.4223577613011 ], [ 355347.714482408133335, 4702343.798957427032292 ], [ 355412.053033049451187, 4702471.174419679678977 ], [ 355641.557728688581847, 4702607.13606290332973 ], [ 355671.03165869275108, 4702751.326472693122923 ], [ 355797.69450015615439, 4702765.258637215942144 ], [ 357647.959620951092802, 4704572.634432954713702 ], [ 360467.934944685432129, 4702208.380530945025384 ], [ 361017.543254696240183, 4702106.961790039204061 ], [ 356406.360888186027296, 4698612.86780902557075 ], [ 355368.661109429958742, 4698992.555175882764161 ], [ 355306.151684232638218, 4699857.839540040120482 ], [ 353355.452364336582832, 4699971.590986097231507 ] ] ] } },
{ "type": "Feature", "properties": { "drag_region": "Central", "region": "Central", "NAME": "Chelsea", "NAMELSAD": "Chelsea city" }, "geometry": { "type": "Polygon", "coordinates": [ [ [ 348440.116490772226825, 4703026.094413368031383 ], [ 348877.749221141915768, 4703702.722445199266076 ], [ 348824.08196231839247, 4703826.791952309198678 ], [ 348611.363750160846394, 4703922.594773824326694 ], [ 348637.616356982849538, 4704071.73381126113236 ], [ 348784.133202843251638, 4704184.635046722367406 ], [ 349039.06845026393421, 4704050.264616125263274 ], [ 349676.969766326714307, 4704629.113359807990491 ], [ 350317.412096535495948, 4705971.925557962618768 ], [ 350648.254814759711735, 4705536.028577261604369 ], [ 350885.669498406583443, 4705023.60360895935446 ], [ 351327.235335220815614, 4704946.308775566518307 ], [ 351305.599407695350237, 4704760.276694677770138 ], [ 351480.010421863466036, 4704777.90562978759408 ], [ 351615.647653689491563, 4704664.243895687162876 ], [ 351947.536482415744103, 4704672.924396781250834 ], [ 352240.297851237235591, 4704479.223857775330544 ], [ 352218.45251367520541, 4704366.857926467433572 ], [ 351675.119435201282613, 4703905.314224975183606 ], [ 351521.481498748529702, 4703331.213754992932081 ], [ 351289.681494140299037, 4702997.184652116149664 ], [ 350687.451933711767197, 4702611.551778845489025 ], [ 350336.340934110281523, 4702681.715497669763863 ], [ 349730.5542942044558, 4702947.554190107621253 ], [ 349319.826046237489209, 4702551.884852733463049 ], [ 349006.382243700674735, 4702834.646945905871689 ], [ 348440.116490772226825, 4703026.094413368031383 ] ] ] } },
{ "type": "Feature", "properties": { "drag_region": "Northeast", "region": "Northeast", "NAME": "Bridgewater Town", "NAMELSAD": "Bridgewater Town city" }, "geometry": { "type": "Polygon", "coordinates": [ [ [ 342711.17291796504287, 4643542.405749163590372 ], [ 347014.825348393002059, 4645144.347864831797779 ], [ 348032.961983366636559, 4645771.066538223996758 ], [ 349020.9036208310863, 4646135.546825620345771 ], [ 348963.992652958026156, 4646537.25100641977042 ], [ 351097.420799822895788, 4645916.198535990901291 ], [ 353036.445598012767732, 4646088.608567157760262 ], [ 353428.577703534043394, 4646205.641915292479098 ], [ 353998.859094584302511, 4645862.225116782821715 ], [ 354092.878607002901845, 4645709.589330912567675 ], [ 354080.021945188054815, 4645468.587156030349433 ], [ 354438.599291590391658, 4644866.004313717596233 ], [ 354809.613615524373017, 4644751.519753660075366 ], [ 355585.622841261094436, 4644756.589688920415938 ], [ 355516.951338065904565, 4643865.28406834974885 ], [ 355369.346711330872495, 4643279.451322191394866 ], [ 354527.364049019524828, 4642992.255675787106156 ], [ 354462.731624749023467, 4642807.622266096062958 ], [ 354499.001388832984958, 4642635.177781111560762 ], [ 354768.495532241882756, 4642297.007099013775587 ], [ 354726.145763679523952, 4642096.655683198012412 ], [ 354850.776246215798892, 4641871.032445194199681 ], [ 354837.874299913179129, 4641552.269510175101459 ], [ 354546.239522960036993, 4641412.353209567256272 ], [ 354605.239328964147717, 4641184.191376437433064 ], [ 354263.099136559292674, 4641081.738683544099331 ], [ 354204.419856390566565, 4640975.181551828980446 ], [ 354319.168492743279785, 4640923.071129865944386 ], [ 354271.556656416214537, 4640870.25608145352453 ], [ 353807.600487716961652, 4640990.173263864591718 ], [ 353722.493999356636778, 4641106.837697526440024 ], [ 353470.815097867161967, 4640665.678255076520145 ], [ 353011.322158646478783, 4640803.543910241685808 ], [ 352723.429289404419251, 4640637.841768690384924 ], [ 352430.917701944825239, 4640051.884689042344689 ], [ 352341.967378456727602, 4639576.312879998236895 ], [ 352379.876795302028768, 4639272.176431055180728 ], [ 352166.356602866901085, 4638705.66145414672792 ], [ 351508.069412304961588, 4637771.750129261985421 ], [ 351326.557194824505132, 4637964.61999181471765 ], [ 350864.509398187859915, 4638007.802198746241629 ], [ 350644.848928106366657, 4637949.380754888057709 ], [ 349295.372568795457482, 4638647.773263001814485 ], [ 349072.179841165721882, 4638579.927922418341041 ], [ 348771.963978887652047, 4638704.061437685973942 ], [ 348150.708456509397365, 4638403.599179339595139 ], [ 348077.322950535803102, 4638025.579836494289339 ], [ 347893.808863862592261, 4637749.546991679817438 ], [ 347770.631312686833553, 4637746.520135130733252 ], [ 347248.519233715487644, 4638053.295982657931745 ], [ 347205.342487682763021, 4637603.255973703227937 ], [ 347081.389539154421072, 4637545.822282860055566 ], [ 346213.525070324656554, 4638722.412767675705254 ], [ 343048.321643918403424, 4641354.329167179763317 ], [ 342711.17291796504287, 4643542.405749163590372 ] ] ] } },
{ "type": "Feature", "properties": { "drag_region": "West", "region": "West", "NAME": "New Braintree", "NAMELSAD": "New Braintree town" }, "geometry": { "type": "Polygon", "coordinates": [ [ [ 221657.489588972268393, 4691834.407606722787023 ], [ 222448.251868892548373, 4693136.854151697829366 ], [ 222289.616561779432232, 4693730.576562000438571 ], [ 222576.202459929365432, 4693638.589679107069969 ], [ 222904.467409709031926, 4693691.06347097735852 ], [ 223316.136547083762707, 4693465.733915225602686 ], [ 223415.986960668960819, 4693355.112368992529809 ], [ 223335.061525593191618, 4693090.585695464164019 ], [ 223494.318351697147591, 4692946.040418111719191 ], [ 223900.608885531575652, 4692912.562323902733624 ], [ 224182.548158770339796, 4693092.053008852526546 ], [ 224035.062107113102684, 4693273.395209524780512 ], [ 224125.793565712840063, 4693335.497316258959472 ], [ 224094.959127536130836, 4693532.599004206247628 ], [ 224285.425521744618891, 4693793.919814899563789 ], [ 224550.238406246266095, 4693913.900304679758847 ], [ 224640.29118278020178, 4694143.62155073415488 ], [ 224800.091508416953729, 4694197.032542043365538 ], [ 224817.186766121885739, 4694488.86623225081712 ], [ 225227.07425749511458, 4694868.341746072284877 ], [ 225212.98134871388902, 4695209.380133992992342 ], [ 225566.16185617345036, 4695592.210853210650384 ], [ 225638.731338351906743, 4695781.446878638118505 ], [ 225940.951858428481501, 4695920.428671664558351 ], [ 226073.826361417013686, 4696076.5084437597543 ], [ 225967.138811548415106, 4696191.684120747260749 ], [ 225982.357087914599106, 4696354.478054649196565 ], [ 226322.634997312270571, 4696588.138156365603209 ], [ 226431.709381140826736, 4697089.954047310166061 ], [ 226754.673274269880494, 4697145.235802179202437 ], [ 226953.77132978165173, 4697335.234698729589581 ], [ 227403.016077753040008, 4697337.15418938267976 ], [ 227619.846540066762827, 4697153.203937919810414 ], [ 227930.650952149444493, 4697208.099036710336804 ], [ 227951.794676851364784, 4697601.643130383454263 ], [ 228209.261472722253529, 4697566.444517105817795 ], [ 228277.236938407237176, 4697642.555292476899922 ], [ 228246.053846886759857, 4698133.998776784166694 ], [ 228454.350928020692663, 4698602.035152316093445 ], [ 228674.456894677190576, 4698764.7237439872697 ], [ 229126.426319255755516, 4698839.037809330038726 ], [ 229351.001219517202117, 4699040.946643996983767 ], [ 229323.959515390626621, 4699231.762157407589257 ], [ 229387.283906944270711, 4699294.263737412169576 ], [ 235962.034319344325922, 4692914.093615275807679 ], [ 229646.964728742459556, 4692425.324047775939107 ], [ 228599.743795054528164, 4691130.26977520622313 ], [ 228130.510813783097547, 4690134.839983014389873 ], [ 227217.019405731058214, 4689725.306238857097924 ], [ 227335.93575253317249, 4691284.524199698120356 ], [ 225956.077338289178442, 4691016.855059050954878 ], [ 225954.289098308596294, 4691408.58233780041337 ], [ 225226.854550389631186, 4691396.404109745286405 ], [ 225376.630973834835459, 4692094.527886105701327 ], [ 221657.489588972268393, 4691834.407606722787023 ] ] ] } },
{ "type": "Feature", "properties": { "drag_region": "West", "region": "West", "NAME": "Northbridge", "NAMELSAD": "Northbridge town" }, "geometry": { "type": "Polygon", "coordinates": [ [ [ 270037.703160754288547, 4664928.361257246695459 ], [ 271405.276675830304157, 4667132.885916609317064 ], [ 270378.602896379306912, 4667716.889792330563068 ], [ 271320.095165765378624, 4668899.25928027741611 ], [ 271556.862110012909397, 4670341.466185566969216 ], [ 271410.084789118554909, 4671681.401899572461843 ], [ 271604.18004413030576, 4671885.802374308928847 ], [ 272638.616603022266645, 4672151.24063824582845 ], [ 275681.742863222258165, 4672042.196969996206462 ], [ 278549.258888590091374, 4667418.602576675824821 ], [ 278884.092851855966728, 4667480.411899749189615 ], [ 279104.008666132518556, 4667159.503117692656815 ], [ 279322.585384907957632, 4667155.741633215919137 ], [ 279615.88096763449721, 4667029.457947074435651 ], [ 279600.317411946947686, 4666206.345032305456698 ], [ 279340.895607498008758, 4666046.17566682677716 ], [ 278855.359377452114131, 4665902.125895748846233 ], [ 278692.169643600122072, 4665997.461621870286763 ], [ 274720.865030755696353, 4664273.027936301194131 ], [ 272341.657770580786746, 4665225.380064444616437 ], [ 271894.571313765307423, 4665669.477323669008911 ], [ 270037.703160754288547, 4664928.361257246695459 ] ] ] } },
{ "type": "Feature", "properties": { "drag_region": "West", "region": "West", "NAME": "Becket", "NAMELSAD": "Becket town" }, "geometry": { "type": "Polygon", "coordinates": [ [ [ 131982.710918097232934, 4689871.292223607189953 ], [ 132601.878423994116019, 4698984.835754237137735 ], [ 140498.567031899583526, 4699715.184932756237686 ], [ 140556.808307933271863, 4698512.303256242536008 ], [ 141375.15199070709059, 4697954.262648662552238 ], [ 141943.570777286309749, 4697382.514214119873941 ], [ 142334.532094066846184, 4697451.511847476474941 ], [ 142418.894654673233163, 4697274.743456796742976 ], [ 142427.17581698182039, 4696906.797207873314619 ], [ 142773.341388962406199, 4696607.951927375979722 ], [ 143057.718732557143085, 4696205.978743056766689 ], [ 143466.6976954737911, 4696040.549956941977143 ], [ 143581.15425878908718, 4696166.696386831812561 ], [ 143817.926206737582106, 4696192.551868771202862 ], [ 143970.230543694691733, 4696046.653395769186318 ], [ 144131.188600952387787, 4696122.07727263122797 ], [ 144282.888384723046329, 4696349.544671784155071 ], [ 144744.437173963990062, 4695629.508771856315434 ], [ 144887.712904000305571, 4695582.344261274673045 ], [ 145173.609542932652403, 4695649.339541039429605 ], [ 145142.75304436055012, 4695792.265406750142574 ], [ 145336.291301012213808, 4695940.422135944478214 ], [ 145344.632914727961179, 4696112.221100393682718 ], [ 145471.516820618184283, 4696211.87462264392525 ], [ 145501.803142460295931, 4696390.097534702159464 ], [ 145630.745295184431598, 4696451.144199510104954 ], [ 145179.266538600553758, 4689618.156966062262654 ], [ 144979.335175890708342, 4689664.295506967231631 ], [ 144616.840529237058945, 4688241.284621747210622 ], [ 142261.829721681016963, 4688101.373038472607732 ], [ 142236.360980399302207, 4688551.383760564960539 ], [ 137741.621912322822027, 4688097.15980623010546 ], [ 137664.149929906241596, 4689362.116357604973018 ], [ 135330.475715330743697, 4689216.165073705837131 ], [ 135178.645930461527314, 4689804.066121714189649 ], [ 135201.136030366062187, 4689930.217596574686468 ], [ 135373.846189586445689, 4690091.059133037924767 ], [ 135339.240677039430011, 4690266.175500941462815 ], [ 131982.710918097232934, 4689871.292223607189953 ] ] ] } },
{ "type": "Feature", "properties": { "drag_region": "West", "region": "West", "NAME": "Lee", "NAMELSAD": "Lee town" }, "geometry": { "type": "Polygon", "coordinates": [ [ [ 119145.914954270090675, 4691835.379088633693755 ], [ 119591.354201172740432, 4699165.137791844084859 ], [ 120213.470950003218604, 4699134.200897603295743 ], [ 120173.132038550364086, 4699309.266517236828804 ], [ 120435.946970470977249, 4699302.37014115601778 ], [ 120446.25457849088707, 4699546.366883466020226 ], [ 123293.022740249201888, 4699363.241915293037891 ], [ 123287.066878282901598, 4701103.581389794126153 ], [ 123222.272427717020037, 4701386.956600048579276 ], [ 123433.851034574123332, 4701892.001658879220486 ], [ 123786.164446446142392, 4702062.12127785384655 ], [ 123972.905803776026005, 4702348.630636632442474 ], [ 123745.998494949220913, 4702293.044262076728046 ], [ 123807.132268382614711, 4702620.896553872153163 ], [ 123704.435813423158834, 4702781.903909993357956 ], [ 123914.320584144123131, 4703307.193999770097435 ], [ 123789.11745980384876, 4703323.24550689291209 ], [ 123769.450882764620474, 4703666.713891605846584 ], [ 123843.199475944536971, 4703909.984436111524701 ], [ 127496.638425063079922, 4698211.259843760170043 ], [ 128478.358397855452495, 4698835.440039474517107 ], [ 130063.501297605369473, 4696492.394726797938347 ], [ 129890.589605599670904, 4694540.474589142948389 ], [ 124463.74958341839374, 4693915.292032944969833 ], [ 122872.665107301465468, 4691598.753247523680329 ], [ 119145.914954270090675, 4691835.379088633693755 ] ] ] } },
{ "type": "Feature", "properties": { "drag_region": "West", "region": "West", "NAME": "Savoy", "NAMELSAD": "Savoy town" }, "geometry": { "type": "Polygon", "coordinates": [ [ [ 140105.752454310772009, 4729594.996396765112877 ], [ 141409.180379874014761, 4730910.500195528380573 ], [ 141207.970755980757531, 4733273.256859513930976 ], [ 142582.573983878828585, 4733127.14355059992522 ], [ 143198.788778774440289, 4739304.221951470710337 ], [ 147453.820259213040117, 4738813.867511844262481 ], [ 147439.822614594944753, 4738640.325081177055836 ], [ 147576.435856326541398, 4738641.071155057288706 ], [ 147672.26816975697875, 4738532.330393357202411 ], [ 147591.323406707844697, 4738381.780795983038843 ], [ 147653.707913808582816, 4738125.801459168083966 ], [ 147865.731343085237313, 4738054.628013784065843 ], [ 148062.121453655359801, 4737813.113878409378231 ], [ 148307.06453027005773, 4737759.985827414318919 ], [ 148343.343692499387544, 4737668.771642140112817 ], [ 148255.691402974538505, 4737433.712256657890975 ], [ 148435.782552598393522, 4737401.027752177789807 ], [ 148535.729487401258666, 4737255.263053850270808 ], [ 148678.174036839744076, 4737215.462457700632513 ], [ 149270.15671128797112, 4737343.427212866954505 ], [ 149432.329245301254559, 4737307.163028920069337 ], [ 149383.971914791560266, 4737541.529660240747035 ], [ 149521.936832010280341, 4737588.00105972122401 ], [ 149617.711619827896357, 4737752.340112748555839 ], [ 149898.060423285875004, 4737623.800168621353805 ], [ 150338.089929150184616, 4737032.274819583632052 ], [ 150425.187507915718015, 4737043.981630689464509 ], [ 150520.693860113853589, 4737293.829611653462052 ], [ 150705.690795652451925, 4737199.30926828365773 ], [ 150781.146813162660692, 4737045.606222090311348 ], [ 150916.187249665381387, 4737036.92233173828572 ], [ 151084.281653367099352, 4737177.288854142650962 ], [ 151061.482971704448573, 4737558.032579304650426 ], [ 151422.337663749640342, 4737993.892061178572476 ], [ 152385.003610116895288, 4737889.568467267788947 ], [ 149569.676077124255244, 4726958.913230644538999 ], [ 140105.752454310772009, 4729594.996396765112877 ] ] ] } },
{ "type": "Feature", "properties": { "drag_region": "West", "region": "West", "NAME": "Tyringham", "NAMELSAD": "Tyringham town" }, "geometry": { "type": "Polygon", "coordinates": [ [ [ 122234.128087384422543, 4688973.364050752483308 ], [ 124967.140936695184791, 4692946.1487758429721 ], [ 130393.980958876461955, 4693571.331332040950656 ], [ 129806.843099505495047, 4683624.312880080193281 ], [ 122234.128087384422543, 4688973.364050752483308 ] ] ] } },
{ "type": "Feature", "properties": { "drag_region": "West", "region": "West", "NAME": "Adams", "NAMELSAD": "Adams town" }, "geometry": { "type": "Polygon", "coordinates": [ [ [ 132341.359144392627059, 4734814.32790950872004 ], [ 133050.830958875507349, 4741644.966954050585628 ], [ 141749.799111397616798, 4740611.756567196920514 ], [ 141077.766554404428462, 4733891.330820934846997 ], [ 132341.359144392627059, 4734814.32790950872004 ] ] ] } },
{ "type": "Feature", "properties": { "drag_region": "West", "region": "West", "NAME": "Cheshire", "NAMELSAD": "Cheshire town" }, "geometry": { "type": "Polygon", "coordinates": [ [ [ 128479.97078975464683, 4727651.301458903588355 ], [ 129262.151180787011981, 4729135.96632878202945 ], [ 128787.339955453120638, 4729276.157830539159477 ], [ 129228.288794913794845, 4730095.507136316038668 ], [ 128732.301261939690448, 4730230.527881858870387 ], [ 129525.318023325875401, 4731695.058250416070223 ], [ 129763.208133093605284, 4732890.827470010146499 ], [ 129466.295058832969517, 4734691.380896472372115 ], [ 131894.275056445854716, 4733728.718502100557089 ], [ 139256.079238559585065, 4732951.834722440689802 ], [ 139457.288862452842295, 4730589.078058455139399 ], [ 138153.860936889599543, 4729273.574259691871703 ], [ 138976.160253174661193, 4729040.207238301634789 ], [ 138659.286884091037791, 4727820.721680500544608 ], [ 137422.438956171739846, 4728148.132052321918309 ], [ 137009.280758129898459, 4726570.995569260790944 ], [ 133849.806747357593849, 4727237.469160103239119 ], [ 132110.420691859442741, 4723968.012665908783674 ], [ 130179.485634587297682, 4724492.632957899011672 ], [ 130282.539862899109721, 4724690.944580514915287 ], [ 129269.934837135253474, 4724966.371772188693285 ], [ 130481.187408208905254, 4727130.414597296155989 ], [ 128479.97078975464683, 4727651.301458903588355 ] ] ] } },
{ "type": "Feature", "properties": { "drag_region": "West", "region": "West", "NAME": "Princeton", "NAMELSAD": "Princeton town" }, "geometry": { "type": "Polygon", "coordinates": [ [ [ 246445.392543453490362, 4710093.739068889990449 ], [ 250264.262463957013097, 4713065.817296939902008 ], [ 249236.146858211664949, 4714033.476465894840658 ], [ 250366.59445466438774, 4714942.172211279161274 ], [ 251177.233600391075015, 4714141.019941362552345 ], [ 255007.52741565956967, 4717617.304163713008165 ], [ 255292.226840895542409, 4717545.534322464838624 ], [ 255647.664604224031791, 4717834.718288595788181 ], [ 256253.878346091834828, 4717683.111050734296441 ], [ 256409.037596334761474, 4717322.351419867947698 ], [ 256849.788710950990207, 4717304.66058165114373 ], [ 256815.700225631648209, 4717078.004880980588496 ], [ 258431.116816180525348, 4716098.583515794016421 ], [ 257260.080998506688047, 4713835.255283419974148 ], [ 257858.896595858561341, 4712532.859373365528882 ], [ 257871.455278832348995, 4711596.359187510795891 ], [ 258140.366151614231057, 4711361.27244814299047 ], [ 258159.820695613161661, 4710924.492865758016706 ], [ 258419.271788285404909, 4710284.95529362373054 ], [ 258336.1442755292519, 4710119.849040267989039 ], [ 258491.91365175700048, 4710045.520786290988326 ], [ 258461.47131074994104, 4709909.901725917123258 ], [ 258579.858547017152887, 4709679.176273085176945 ], [ 258968.846501917520072, 4709526.299860521219671 ], [ 257385.314663609897252, 4708075.595186405815184 ], [ 252637.850689212558791, 4704135.837655656039715 ], [ 246445.392543453490362, 4710093.739068889990449 ] ] ] } },
{ "type": "Feature", "properties": { "drag_region": "West", "region": "West", "NAME": "Royalston", "NAMELSAD": "Royalston town" }, "geometry": { "type": "Polygon", "coordinates": [ [ [ 217695.758123817766318, 4745283.236373325809836 ], [ 231760.887562302668812, 4744259.897278475575149 ], [ 230933.262798830255633, 4734215.223309620283544 ], [ 228829.037965401657857, 4733963.957640525884926 ], [ 227638.895066272292752, 4734003.076104443520308 ], [ 227539.6032415900263, 4735075.627138621173799 ], [ 227043.456428131466964, 4735027.46099520009011 ], [ 226847.052785521460464, 4736581.213595044799149 ], [ 222103.677231951587601, 4735917.755039137788117 ], [ 221831.5094493823417, 4738567.249845414422452 ], [ 220792.025202879653079, 4738493.18675092048943 ], [ 220710.863536878285231, 4739342.244254759512842 ], [ 219571.821951710880967, 4739240.609788962639868 ], [ 219504.563984668551711, 4740075.590342872776091 ], [ 218406.487931476294762, 4740006.164043344557285 ], [ 217695.758123817766318, 4745283.236373325809836 ] ] ] } },
{ "type": "Feature", "properties": { "drag_region": "West", "region": "West", "NAME": "Shrewsbury", "NAMELSAD": "Shrewsbury town" }, "geometry": { "type": "Polygon", "coordinates": [ [ [ 264707.209404108521994, 4691457.674583187326789 ], [ 264802.339574971585535, 4691673.128801669925451 ], [ 265679.063457246811595, 4691523.377148539759219 ], [ 266941.75694067432778, 4692058.720150928944349 ], [ 266909.190362492226996, 4691882.799357034265995 ], [ 267734.690054164326284, 4692100.900760180316865 ], [ 267878.905597339558881, 4692453.208959004841745 ], [ 270517.790055095567368, 4693621.515394862741232 ], [ 270773.593533388513606, 4693375.743246746249497 ], [ 270591.285462449479382, 4693260.473655313253403 ], [ 270590.002651423506904, 4693079.659212857484818 ], [ 271140.766323683375958, 4693218.606201345100999 ], [ 271119.209683857799973, 4692990.96983234398067 ], [ 271382.911804030300118, 4692826.67416990082711 ], [ 271208.149621325719636, 4692089.444191372022033 ], [ 271926.315356662787963, 4690549.587055112235248 ], [ 272142.167795328015927, 4688428.264563414268196 ], [ 273547.163037135556806, 4686233.149175047874451 ], [ 272579.48665055265883, 4685628.304497099481523 ], [ 272076.2811521475669, 4684876.024235349148512 ], [ 272233.815507118182722, 4684670.216878859326243 ], [ 269727.913825199764688, 4684304.408070717006922 ], [ 269196.598922630830202, 4683963.596356988884509 ], [ 268616.675266762787942, 4683972.522007605992258 ], [ 267509.925523722253274, 4683588.637123516760767 ], [ 266294.484829799213912, 4683911.405868535861373 ], [ 265903.51958506234223, 4685109.122722839005291 ], [ 265454.685499598097522, 4689761.591372462920845 ], [ 264707.209404108521994, 4691457.674583187326789 ] ] ] } },
{ "type": "Feature", "properties": { "drag_region": "West", "region": "West", "NAME": "Southbridge Town", "NAMELSAD": "Southbridge Town city" }, "geometry": { "type": "Polygon", "coordinates": [ [ [ 231553.248027718887897, 4657528.854576014913619 ], [ 233767.908009571750881, 4660750.137049270793796 ], [ 234485.076092964212876, 4662239.439260313287377 ], [ 234739.483800614747452, 4662306.365266184322536 ], [ 234932.241448565589963, 4662176.480206921696663 ], [ 235021.750744117045542, 4662277.012922394089401 ], [ 235072.840412849152926, 4662528.47178603336215 ], [ 234979.08968185755657, 4663000.715382603928447 ], [ 235164.224085416877642, 4663400.924669098109007 ], [ 235443.590137922088616, 4663432.954659055918455 ], [ 235603.538887808244908, 4663356.740898227319121 ], [ 236236.138443978095893, 4665663.099437398836017 ], [ 236757.099951425567269, 4665727.695627203211188 ], [ 236661.239298640663037, 4666560.127428364008665 ], [ 236862.370824394136434, 4666626.235364826396108 ], [ 236893.939071583154146, 4666264.196034980006516 ], [ 237134.255000757082598, 4666302.899395989254117 ], [ 237121.060001436853781, 4666155.378318312577903 ], [ 237577.543457328196382, 4666322.170782297849655 ], [ 237519.905306403030409, 4666834.565559932030737 ], [ 237746.752809114521369, 4666907.344734233804047 ], [ 237836.11119254809455, 4666047.037176847457886 ], [ 238012.483911587827606, 4666099.045961897820234 ], [ 237852.956040649354691, 4665781.927354042418301 ], [ 239828.861295732262079, 4664773.970924778841436 ], [ 240235.454401183233131, 4664901.775525529868901 ], [ 240364.400499329611193, 4663719.932709191925824 ], [ 240547.317712360265432, 4663740.424329795874655 ], [ 240456.687322423647856, 4663503.44737418089062 ], [ 240583.203545764350565, 4663535.591180057264864 ], [ 240630.876702385925455, 4663251.072366665117443 ], [ 240302.296417641628068, 4663148.964086044579744 ], [ 240353.74936483358033, 4662627.60252499114722 ], [ 240624.98864352851524, 4662700.036570716649294 ], [ 240506.490269790054299, 4661280.166233154945076 ], [ 240623.492967327823862, 4660436.088918199762702 ], [ 240885.124417345767142, 4660058.590404984541237 ], [ 240780.451607449096628, 4658958.664616449736059 ], [ 240259.790624683781061, 4657469.155277490615845 ], [ 240375.91694184098742, 4657009.689652224071324 ], [ 233860.802217802265659, 4657319.590281652286649 ], [ 231553.248027718887897, 4657528.854576014913619 ] ] ] } },
{ "type": "Feature", "properties": { "drag_region": "West", "region": "West", "NAME": "Clarksburg", "NAMELSAD": "Clarksburg town" }, "geometry": { "type": "Polygon", "coordinates": [ [ [ 133688.678833933430724, 4749261.820305287837982 ], [ 134048.750666912528686, 4752804.828433136455715 ], [ 143467.267030470713507, 4752090.763982929289341 ], [ 142386.105588672275189, 4748440.51659022923559 ], [ 133688.678833933430724, 4749261.820305287837982 ] ] ] } },
{ "type": "Feature", "properties": { "drag_region": "West", "region": "West", "NAME": "Dalton", "NAMELSAD": "Dalton town" }, "geometry": { "type": "Polygon", "coordinates": [ [ [ 128614.141554345289478, 4711843.193041766062379 ], [ 130623.438075539685087, 4719711.667211470194161 ], [ 133849.611942089832155, 4725748.852606141008437 ], [ 137009.085952862136764, 4725082.379015298560262 ], [ 135758.399592936882982, 4720358.924785131588578 ], [ 136291.464104873040924, 4720213.441594026982784 ], [ 135198.134863473795122, 4715837.273466374725103 ], [ 132493.948739187122555, 4716067.390976440161467 ], [ 131296.133988639194285, 4711589.123050024732947 ], [ 128614.141554345289478, 4711843.193041766062379 ] ] ] } },
{ "type": "Feature", "properties": { "drag_region": "West", "region": "West", "NAME": "Granby", "NAMELSAD": "Granby town" }, "geometry": { "type": "Polygon", "coordinates": [ [ [ 189075.132642104726983, 4691081.258533858694136 ], [ 190514.596093317697523, 4691677.539398271590471 ], [ 190693.226691531570395, 4692394.989375358447433 ], [ 191084.182366368506337, 4692654.173165431246161 ], [ 191211.057568746764446, 4692843.358601041138172 ], [ 191696.862393125338713, 4693106.640910100191832 ], [ 191698.474049867218127, 4693286.792455949820578 ], [ 191977.351072272489546, 4693464.009932604618371 ], [ 192240.964583557652077, 4693344.844712216407061 ], [ 193470.711066812713398, 4693760.4632712835446 ], [ 193959.125880473089637, 4693605.841663923114538 ], [ 194098.344757749902783, 4693722.143642853014171 ], [ 194536.056020256219199, 4693259.730523525737226 ], [ 195027.132219100341899, 4693510.998119881376624 ], [ 195414.392875132820336, 4693563.09032257180661 ], [ 195702.361788458161755, 4693727.391999527812004 ], [ 196985.197168591170339, 4693803.039361908100545 ], [ 198029.169737786898622, 4684772.822407505474985 ], [ 189790.576233495754423, 4683910.950115721672773 ], [ 189196.927516140887747, 4687125.614758613519371 ], [ 189075.132642104726983, 4691081.258533858694136 ] ] ] } },
{ "type": "Feature", "properties": { "drag_region": "West", "region": "West", "NAME": "Sturbridge", "NAMELSAD": "Sturbridge town" }, "geometry": { "type": "Polygon", "coordinates": [ [ [ 227728.540368785907049, 4658775.940038194879889 ], [ 228323.154873077059165, 4673380.802950182929635 ], [ 230274.882564661063952, 4673606.325924643315375 ], [ 230457.345442758, 4672168.912400702945888 ], [ 232280.766050162230385, 4672419.36887872312218 ], [ 232111.828766539489152, 4673837.98085948638618 ], [ 237095.254248294135323, 4674469.413880909793079 ], [ 237414.855122088774806, 4670828.916592055931687 ], [ 235503.252735901391134, 4670134.067053155973554 ], [ 235903.871004683489446, 4666702.295550709590316 ], [ 235382.909497236018069, 4666637.699360905215144 ], [ 234750.309941066167085, 4664331.340821733698249 ], [ 234590.361191180010792, 4664407.554582562297583 ], [ 234310.995138674799819, 4664375.524592604488134 ], [ 234125.860735115478747, 4663975.315306110307574 ], [ 234219.611466107075103, 4663503.071709539741278 ], [ 234168.521797374967718, 4663251.612845900468528 ], [ 234079.012501823512139, 4663151.08013042807579 ], [ 233886.254853872669628, 4663280.965189690701663 ], [ 233631.847146222135052, 4663214.039183819666505 ], [ 232914.679062829673057, 4661724.736972777172923 ], [ 230700.019080976810073, 4658503.454499521292746 ], [ 227728.540368785907049, 4658775.940038194879889 ] ] ] } },
{ "type": "Feature", "properties": { "drag_region": "West", "region": "West", "NAME": "Sutton", "NAMELSAD": "Sutton town" }, "geometry": { "type": "Polygon", "coordinates": [ [ [ 258355.539432680263417, 4670344.79483758751303 ], [ 265748.86298807739513, 4674400.709482703357935 ], [ 266036.066278824640904, 4674032.536669484339654 ], [ 266609.871355160605162, 4674491.879303759895265 ], [ 266605.827362269861624, 4674855.610792702063918 ], [ 267483.557190170045942, 4675350.962635377421975 ], [ 267824.360636454774067, 4673281.773788494989276 ], [ 269767.981998848496005, 4673533.760737135075033 ], [ 270036.260673677432351, 4672115.729529688134789 ], [ 269842.1654186656815, 4671911.329054951667786 ], [ 269988.942739560035989, 4670571.393340946175158 ], [ 269752.175795312505215, 4669129.186435656622052 ], [ 268810.683525926433504, 4667946.816947709769011 ], [ 269837.357305377430748, 4667362.813071988523006 ], [ 268459.83168098796159, 4665142.041851374320686 ], [ 270326.651943312434014, 4665899.404479048214853 ], [ 270773.738400127913337, 4665455.307219823822379 ], [ 270761.034652422647923, 4665095.349013301543891 ], [ 269376.394284120178781, 4664809.810508453287184 ], [ 269364.889615305350162, 4664602.760287658311427 ], [ 263409.334433293202892, 4663286.427130217663944 ], [ 262935.134763402398676, 4665365.293676893226802 ], [ 261464.637247940438101, 4665454.579271429218352 ], [ 261066.24672878938145, 4665297.093508942984045 ], [ 259472.811325558839599, 4669139.330194382928312 ], [ 258501.9053508034267, 4668740.907062072306871 ], [ 258355.539432680263417, 4670344.79483758751303 ] ] ] } },
{ "type": "Feature", "properties": { "drag_region": "West", "region": "West", "NAME": "Florida", "NAMELSAD": "Florida town" }, "geometry": { "type": "Polygon", "coordinates": [ [ [ 143180.16461270704167, 4740849.060551760718226 ], [ 143833.994894250179641, 4747331.939915966242552 ], [ 144915.156336048617959, 4750982.187308666296303 ], [ 146993.755173308483791, 4750825.102463751100004 ], [ 146733.165152289322577, 4746557.926317868754268 ], [ 148841.642671221401542, 4746298.927526866085827 ], [ 152813.29503190953983, 4746540.024221889674664 ], [ 152867.308745997259393, 4746455.795518987812102 ], [ 152761.108656688593328, 4746126.846092947758734 ], [ 152431.792793976143003, 4745809.353525811806321 ], [ 152600.627768956881482, 4745392.943291013129056 ], [ 152532.429991928103846, 4745114.975185395218432 ], [ 152393.353202079073526, 4744931.378318997099996 ], [ 152022.651490635820664, 4744879.638578436337411 ], [ 151561.215267608815338, 4744637.612265369854867 ], [ 150931.759313271671999, 4744841.190696068108082 ], [ 150771.842723297246266, 4744821.226855172775686 ], [ 150416.23243679391453, 4744487.577586715109646 ], [ 150533.781305745360442, 4743787.681692468933761 ], [ 149873.258617193321697, 4743814.716084635816514 ], [ 149427.710135780158453, 4743745.380100412294269 ], [ 149450.851222135417629, 4743294.918885174207389 ], [ 148963.168124791875016, 4743294.165584253147244 ], [ 148875.954232820600737, 4743223.380765378475189 ], [ 149395.041261663369369, 4742527.722395047545433 ], [ 150030.3813539451221, 4742169.579750540666282 ], [ 150439.516920368361752, 4741723.865902406163514 ], [ 150912.21857673273189, 4742045.118960041552782 ], [ 151428.23184016457526, 4742061.717473418451846 ], [ 151642.883776071132161, 4742383.784280360676348 ], [ 151976.272465330490377, 4742334.084490547887981 ], [ 152191.460140926123131, 4742173.956141267903149 ], [ 152204.75627535226522, 4741821.268252925015986 ], [ 152092.376938828558195, 4741482.927791062742472 ], [ 152062.93758430541493, 4740952.814849366433918 ], [ 152179.245099397667218, 4740571.482629869133234 ], [ 152284.459983813227154, 4740526.819579067640007 ], [ 152365.30122407223098, 4739425.664535512216389 ], [ 151402.635277704976033, 4739529.988129422999918 ], [ 151041.780585659784265, 4739094.128647549077868 ], [ 151078.609899173490703, 4738772.387246041558683 ], [ 150998.646645371860359, 4738611.517890520393848 ], [ 150786.313720707257744, 4738568.734599194489419 ], [ 150685.988409607787617, 4738735.405336528085172 ], [ 150500.99147406918928, 4738829.925679897889495 ], [ 150405.485121871053707, 4738580.077698933891952 ], [ 150318.387543105520308, 4738568.370887828059494 ], [ 149878.358037241210695, 4739159.896236865781248 ], [ 149598.009233783232048, 4739288.436180992983282 ], [ 149502.234445965616032, 4739124.097127965651453 ], [ 149364.269528746895958, 4739077.625728485174477 ], [ 149412.626859256590251, 4738843.259097164496779 ], [ 149250.454325243306812, 4738879.523281111381948 ], [ 148751.151940085168462, 4738752.628569292835891 ], [ 148516.027101356594358, 4738791.35912209469825 ], [ 148416.080166553729214, 4738937.12382042221725 ], [ 148222.443534579651896, 4738996.163383082486689 ], [ 148323.641306454723235, 4739204.86771038454026 ], [ 148287.362144225393422, 4739296.081895658746362 ], [ 148042.419067610695492, 4739349.209946653805673 ], [ 147846.028957040573005, 4739590.724082028493285 ], [ 147634.005527763918508, 4739661.897527412511408 ], [ 147571.621020663180389, 4739917.876864227466285 ], [ 147652.565783712314442, 4740068.426461601629853 ], [ 147556.733470281877089, 4740177.167223301716149 ], [ 147420.120228550280444, 4740176.421149421483278 ], [ 147434.117873168375809, 4740349.963580088689923 ], [ 143180.16461270704167, 4740849.060551760718226 ] ] ] } },
{ "type": "Feature", "properties": { "drag_region": "West", "region": "West", "NAME": "Egremont", "NAMELSAD": "Egremont town" }, "geometry": { "type": "Polygon", "coordinates": [ [ [ 98852.760499346244615, 4678895.978233905509114 ], [ 101119.99565780069679, 4685751.254844100214541 ], [ 104899.873228465905413, 4685016.155666940845549 ], [ 104911.529913575446699, 4682709.655484745278955 ], [ 104802.425241266668309, 4682673.772215167060494 ], [ 104759.618753191840369, 4682087.658000895753503 ], [ 104941.322790385631379, 4682103.520691365003586 ], [ 105065.961763192084618, 4679163.998549517244101 ], [ 106668.980364996066783, 4679070.095483545213938 ], [ 106698.643219457648229, 4678513.553800296969712 ], [ 106274.577236704353709, 4678529.839866043068469 ], [ 106291.248981079028454, 4678252.14002051949501 ], [ 105136.770197482721414, 4677840.140713616274297 ], [ 105242.763644676830154, 4676008.893485332839191 ], [ 102720.579891474626493, 4676179.981875057332218 ], [ 103161.076647357665934, 4674921.04132476542145 ], [ 102498.96181747794617, 4674608.674956402741373 ], [ 99711.627296372957062, 4678349.885132187046111 ], [ 98852.760499346244615, 4678895.978233905509114 ] ] ] } },
{ "type": "Feature", "properties": { "drag_region": "West", "region": "West", "NAME": "Great Barrington", "NAMELSAD": "Great Barrington town" }, "geometry": { "type": "Polygon", "coordinates": [ [ [ 106701.863696084503317, 4687167.414609709754586 ], [ 108196.62080604719813, 4687068.531683065928519 ], [ 107876.575979530549375, 4690815.945257402025163 ], [ 110884.124991630524164, 4690659.321155895479023 ], [ 110893.347590923163807, 4690727.778038591146469 ], [ 111011.51187335306895, 4690710.799072561785579 ], [ 111010.243004210031359, 4690650.619815443642437 ], [ 120941.566506361967186, 4689986.949934571050107 ], [ 116826.983857265644474, 4683943.847634280100465 ], [ 116681.258602602552855, 4682062.329519462771714 ], [ 116825.787652724218788, 4679296.934634591452777 ], [ 106818.510132965544472, 4679924.879842925816774 ], [ 106693.871160159091232, 4682864.40198477357626 ], [ 106512.167122965300223, 4682848.539294304326177 ], [ 106554.973611040128162, 4683434.653508575633168 ], [ 106664.078283348906552, 4683470.536778153851628 ], [ 106612.647538778866874, 4684689.181476760655642 ], [ 106701.863696084503317, 4687167.414609709754586 ] ] ] } },
{ "type": "Feature", "properties": { "drag_region": "West", "region": "West", "NAME": "Hancock", "NAMELSAD": "Hancock town" }, "geometry": { "type": "Polygon", "coordinates": [ [ [ 111035.894125467515551, 4715107.876714597456157 ], [ 118510.657493144040927, 4737773.544142609462142 ], [ 122192.881260939233471, 4737440.050265222787857 ], [ 121017.053193244792055, 4732992.561376731842756 ], [ 122258.139630420191679, 4732675.143411280587316 ], [ 117395.045245146378875, 4723572.698148383758962 ], [ 117051.987237923138309, 4722291.56207135040313 ], [ 116690.636185154027771, 4722364.55398496799171 ], [ 114672.939436556480359, 4714130.322097066789865 ], [ 111035.894125467515551, 4715107.876714597456157 ] ] ] } },
{ "type": "Feature", "properties": { "drag_region": "West", "region": "West", "NAME": "Hinsdale", "NAMELSAD": "Hinsdale town" }, "geometry": { "type": "Polygon", "coordinates": [ [ [ 131915.808354127133498, 4710768.166960029862821 ], [ 133113.623104675061768, 4715246.43488644529134 ], [ 135817.809228961734334, 4715016.317376379854977 ], [ 136766.788162219425431, 4718887.177767707966268 ], [ 140606.693129824736388, 4717843.699281078763306 ], [ 140256.053538850421319, 4716516.253459856845438 ], [ 140115.705968328489689, 4716564.410834835842252 ], [ 139478.709442593535641, 4714246.650558389723301 ], [ 139674.598184496018803, 4714220.971231148578227 ], [ 139646.784321257058764, 4714096.963194895535707 ], [ 139756.328277240594616, 4714086.127900910563767 ], [ 139325.425943889626069, 4712627.865084562450647 ], [ 139601.360300764936255, 4712316.029865821823478 ], [ 139542.173105128022144, 4712235.943342019803822 ], [ 139663.229542318993481, 4711916.758129073306918 ], [ 139558.42077887369669, 4711899.86764601059258 ], [ 139355.540490701183444, 4711682.200781311839819 ], [ 139209.319877441885183, 4711668.643564626574516 ], [ 139199.822341986786341, 4711793.445169990882277 ], [ 139090.383928316790843, 4711800.384111484512687 ], [ 139025.623554870689986, 4711676.709145532920957 ], [ 139344.813630396936787, 4711486.682910769246519 ], [ 139399.943808416108368, 4711276.530942640267313 ], [ 139103.496428399783326, 4710040.674977321177721 ], [ 138877.407981633063173, 4710104.659163950011134 ], [ 138164.928880860999925, 4707349.750480727292597 ], [ 134146.427851555665256, 4708471.483191393315792 ], [ 134672.406892516853986, 4710544.455608518794179 ], [ 131915.808354127133498, 4710768.166960029862821 ] ] ] } },
{ "type": "Feature", "properties": { "drag_region": "Southeast", "region": "Southeast", "NAME": "West Tisbury", "NAMELSAD": "West Tisbury town" }, "geometry": { "type": "Polygon", "coordinates": [ [ [ 366580.297605280647986, 4576841.533761884085834 ], [ 370328.080965968605597, 4580218.904598365537822 ], [ 372939.012495146947913, 4578593.526025052182376 ], [ 376256.713080419343896, 4573260.545484477654099 ], [ 376668.112192736647557, 4570055.32270943466574 ], [ 376989.270747661299538, 4560572.857982251793146 ], [ 373144.856188310252037, 4560315.830817409791052 ], [ 373116.897723739792127, 4565927.985676359385252 ], [ 373055.824459166324232, 4566249.897265021689236 ], [ 372910.871831399446819, 4566556.971891453489661 ], [ 372410.478926971729379, 4567044.992923330515623 ], [ 372182.511757541506086, 4567506.497471912764013 ], [ 371971.023463785124477, 4567674.375442650169134 ], [ 371723.810444882547017, 4568889.501585032790899 ], [ 371300.048447104927618, 4568988.078165236860514 ], [ 371003.037115168233868, 4569345.893864398822188 ], [ 370390.194803714868613, 4568731.485884585417807 ], [ 369957.222043560061138, 4569490.269313922151923 ], [ 369347.818657402705867, 4570905.048946730792522 ], [ 368121.275248910707887, 4572933.051953642629087 ], [ 366580.297605280647986, 4576841.533761884085834 ] ] ] } },
{ "type": "Feature", "properties": { "drag_region": "Southeast", "region": "Southeast", "NAME": "Oak Bluffs", "NAMELSAD": "Oak Bluffs town" }, "geometry": { "type": "Polygon", "coordinates": [ [ [ 377904.809833469160367, 4578682.058679277077317 ], [ 379380.269442291115411, 4576580.603630191646516 ], [ 379385.396973170631099, 4576717.558337086811662 ], [ 379520.511076492897701, 4576760.148272272199392 ], [ 379632.756090169248637, 4576922.220973343588412 ], [ 379519.015306135232095, 4577207.864006506279111 ], [ 380166.621941802965011, 4578406.47519167792052 ], [ 380501.959095511294436, 4578673.626724843867123 ], [ 380961.680216102104168, 4579692.727697561495006 ], [ 380846.905982880562078, 4580086.098921436816454 ], [ 380478.881812037609052, 4580549.873848029412329 ], [ 383177.279927050869446, 4585703.697054886259139 ], [ 384883.967260317120235, 4585539.495184299536049 ], [ 387911.227702064497862, 4584654.28695297986269 ], [ 387426.312609154207166, 4584477.26676790881902 ], [ 387787.389827043924015, 4584014.861855414696038 ], [ 388167.791470335214399, 4583272.500315413810313 ], [ 388529.454391353589017, 4582311.03874474298209 ], [ 388934.982684797258116, 4580461.617393816821277 ], [ 384043.826639994396828, 4575491.110411738976836 ], [ 383489.929404891270678, 4575073.564884701743722 ], [ 383494.196176366647705, 4575581.580741003155708 ], [ 383234.732773993979208, 4576215.277999637648463 ], [ 382989.035561024502385, 4576339.311334310099483 ], [ 382849.32377348880982, 4576286.522734714671969 ], [ 382576.538369267072994, 4575914.957762688398361 ], [ 382215.355247599829454, 4575681.495372218079865 ], [ 382208.589289659925271, 4575418.851679339073598 ], [ 382118.238414530584123, 4575337.083979402668774 ], [ 382030.019992978021037, 4575377.555007600225508 ], [ 382009.386019305966329, 4575249.433751278556883 ], [ 381821.855385986797046, 4575115.56997506134212 ], [ 378359.533017331617884, 4575163.66021300945431 ], [ 377904.809833469160367, 4578682.058679277077317 ] ] ] } },
{ "type": "Feature", "properties": { "drag_region": "West", "region": "West", "NAME": "Warren", "NAMELSAD": "Warren town" }, "geometry": { "type": "Polygon", "coordinates": [ [ [ 216201.045510991360061, 4679090.039165574125946 ], [ 216263.991990317881573, 4679794.167018230073154 ], [ 216528.847953219083138, 4680353.548946443013847 ], [ 216830.976728531124536, 4680654.054419139400125 ], [ 220258.033449344860855, 4685060.72761760931462 ], [ 220527.762566058547236, 4685099.023366402834654 ], [ 220541.152203748410102, 4684935.040459429845214 ], [ 220879.884191153512802, 4684881.555355689488351 ], [ 220845.805824738868978, 4685334.014067376963794 ], [ 223203.697000586835202, 4685259.365354143083096 ], [ 223295.503754445759114, 4684665.099326567724347 ], [ 223437.618967553658877, 4684658.45597424916923 ], [ 223545.394462820957415, 4683676.384721242822707 ], [ 223802.833352723479038, 4683603.951519627124071 ], [ 224057.189128865400562, 4683326.58268170338124 ], [ 225381.821740986226359, 4680262.689529924653471 ], [ 226184.829271675029304, 4675097.458148691803217 ], [ 221406.864947179914452, 4674464.099105953238904 ], [ 221332.855162900232244, 4675309.815174137242138 ], [ 216198.941720899601933, 4678011.573029052466154 ], [ 216290.498135919566266, 4678940.256295100785792 ], [ 216201.045510991360061, 4679090.039165574125946 ] ] ] } },
{ "type": "Feature", "properties": { "drag_region": "West", "region": "West", "NAME": "West Brookfield", "NAMELSAD": "West Brookfield town" }, "geometry": { "type": "Polygon", "coordinates": [ [ [ 220838.195716799527872, 4688232.350676185451448 ], [ 221252.234508922556415, 4688175.002246212214231 ], [ 221366.799278218240943, 4689599.382821654900908 ], [ 221784.529383860237431, 4689872.09897390846163 ], [ 222059.63207798905205, 4690265.642483595758677 ], [ 222125.006688293127809, 4690519.404969269409776 ], [ 221519.041385591903236, 4690908.909299173392355 ], [ 224975.481718878290849, 4691154.263077314011753 ], [ 224825.705295433086576, 4690456.13930095359683 ], [ 225553.139843352051685, 4690468.317529008723795 ], [ 225554.928083332633832, 4690076.590250259265304 ], [ 226934.78649757662788, 4690344.259390906430781 ], [ 226815.870150774513604, 4688785.041430065408349 ], [ 227729.361558826552937, 4689194.575174222700298 ], [ 229159.716515075910138, 4688883.369041354395449 ], [ 228463.288162625161931, 4687202.335796636529267 ], [ 229387.246820952626877, 4685940.618264093995094 ], [ 229010.614079678605776, 4684880.11338129080832 ], [ 229499.430728321167408, 4684396.536721417680383 ], [ 229354.542844065144891, 4683803.254259525798261 ], [ 228846.012261974450666, 4683571.330749887041748 ], [ 228687.723062092642067, 4681686.534824133850634 ], [ 228355.801108905026922, 4681911.087921538390219 ], [ 227894.439725757780252, 4682526.6081572631374 ], [ 226772.341018438048195, 4679923.025534595362842 ], [ 226910.156477548618568, 4677927.02351978328079 ], [ 226297.825618198665325, 4678163.552934202365577 ], [ 225850.772316247661365, 4681039.170371484011412 ], [ 224526.139704126835568, 4684103.063523262739182 ], [ 224271.783927984914044, 4684380.432361186482012 ], [ 224014.345038082392421, 4684452.865562802180648 ], [ 223906.569542815093882, 4685434.936815808527172 ], [ 223764.45432970719412, 4685441.580168127082288 ], [ 223672.647575848270208, 4686035.846195702441037 ], [ 221314.756400000303984, 4686110.494908936321735 ], [ 221331.43725775857456, 4686600.852192892692983 ], [ 220921.954961303155869, 4686674.141207995824516 ], [ 220838.195716799527872, 4688232.350676185451448 ] ] ] } },
{ "type": "Feature", "properties": { "drag_region": "West", "region": "West", "NAME": "Westminster", "NAMELSAD": "Westminster town" }, "geometry": { "type": "Polygon", "coordinates": [ [ [ 245456.964051814196864, 4721279.414611418731511 ], [ 245804.924557022779481, 4721659.233650181442499 ], [ 246052.29711773514282, 4721678.676004461012781 ], [ 247169.199229016317986, 4722774.56262693926692 ], [ 246809.992417919391301, 4723126.587375016883016 ], [ 247847.061300153844059, 4724299.962245320901275 ], [ 250305.420409060141537, 4728117.696764477528632 ], [ 249959.987358287122333, 4728862.805050079710782 ], [ 251220.288572616467718, 4729460.152670813724399 ], [ 251345.343275070161326, 4729466.40850817412138 ], [ 251402.239864489762112, 4729334.586467719636858 ], [ 252681.436112777446397, 4729835.804513743147254 ], [ 252630.139256965718232, 4729966.199914734810591 ], [ 252886.56889694230631, 4730070.606016531586647 ], [ 252943.596775647485629, 4729922.783440336585045 ], [ 253699.953344191657379, 4730216.712969120591879 ], [ 253656.361447755014524, 4730330.270854980684817 ], [ 253908.467239410732873, 4730431.635751781985164 ], [ 253800.667635642457753, 4730721.268918049521744 ], [ 255752.062981836614199, 4731668.535406284965575 ], [ 255183.22967048373539, 4723796.606323688291013 ], [ 255776.229895624041092, 4723803.372503069229424 ], [ 255715.102787225274369, 4723112.128759788349271 ], [ 255148.743396345584188, 4723177.84043185133487 ], [ 255083.022298298601527, 4722316.094392880797386 ], [ 257144.497398466221057, 4722144.409975205548108 ], [ 256691.392108111467678, 4718923.938920469023287 ], [ 256250.640993495238945, 4718941.629758685827255 ], [ 256095.481743252312299, 4719302.389389552175999 ], [ 255489.268001384509262, 4719453.996627413667738 ], [ 255133.83023805601988, 4719164.812661282718182 ], [ 254849.13081282004714, 4719236.582502530887723 ], [ 251018.836997551523382, 4715760.298280180431902 ], [ 245456.964051814196864, 4721279.414611418731511 ] ] ] } },
{ "type": "Feature", "properties": { "drag_region": "Southeast", "region": "Southeast", "NAME": "Edgartown", "NAMELSAD": "Edgartown town" }, "geometry": { "type": "Polygon", "coordinates": [ [ [ 379702.613870313100051, 4572712.512833807617426 ], [ 383164.936238968279213, 4572664.422595859505236 ], [ 383352.466872287448496, 4572798.286372076719999 ], [ 383373.100845959503204, 4572926.407628398388624 ], [ 383461.31926751206629, 4572885.93660020083189 ], [ 383551.670142641407438, 4572967.704300137236714 ], [ 383558.436100581311621, 4573230.347993016242981 ], [ 383919.619222248555161, 4573463.810383486561477 ], [ 384192.404626470291987, 4573835.375355512835085 ], [ 384332.116414005984552, 4573888.163955108262599 ], [ 384577.813626975461375, 4573764.130620435811579 ], [ 384837.277029348129872, 4573130.433361801318824 ], [ 384833.010257872752845, 4572622.417505499906838 ], [ 385386.907492975878995, 4573039.963032537139952 ], [ 390278.063537778740283, 4578010.470014614984393 ], [ 392438.27333982673008, 4578524.204853505827487 ], [ 393772.147012181929313, 4578652.232601056806743 ], [ 394736.49870515265502, 4578587.734875926747918 ], [ 396011.103852321626619, 4578066.611148449592292 ], [ 397263.700544760271441, 4577224.02664668764919 ], [ 398331.87100091308821, 4575925.996626698412001 ], [ 398897.222193314461038, 4574611.076284209266305 ], [ 399282.109534897143021, 4572192.363539092242718 ], [ 399244.505814483505674, 4569235.159218488261104 ], [ 398986.725166053744033, 4567526.003792873583734 ], [ 400100.091063627507538, 4567379.057969595305622 ], [ 400306.640285986941308, 4567670.962459675036371 ], [ 401546.117395236040466, 4568765.096603609621525 ], [ 402795.491358942876104, 4569533.576380424201488 ], [ 404029.387926656287163, 4569854.092627332545817 ], [ 405270.135938620427623, 4569733.747658967971802 ], [ 405794.735213084262796, 4569607.245504660531878 ], [ 407407.357521694037132, 4569945.190135469660163 ], [ 408740.112183820048813, 4569985.647865656763315 ], [ 410372.558593649126124, 4569569.414587266743183 ], [ 411164.902249225240666, 4569148.743526919744909 ], [ 411478.921760990284383, 4568813.800068183802068 ], [ 410210.026575303054415, 4568585.802542940713465 ], [ 408363.449569900403731, 4568638.313569573685527 ], [ 407020.018104422139004, 4569038.924011303111911 ], [ 405848.891529235464986, 4569109.61315446626395 ], [ 404665.452566586085595, 4568913.835054942406714 ], [ 403626.244276592566166, 4568588.998377444222569 ], [ 401580.920234776567668, 4567404.329353479668498 ], [ 400852.48230859672185, 4566867.599016726016998 ], [ 400110.453991805203259, 4566118.384758543223143 ], [ 399224.711161051003728, 4564519.341963261365891 ], [ 398514.843871512915939, 4562630.409184219315648 ], [ 396809.298426376713905, 4560793.3845524340868 ], [ 389626.973318249103613, 4557691.28304448351264 ], [ 388080.346075942565221, 4559754.552785984240472 ], [ 383089.804481498606037, 4560041.009317990392447 ], [ 380435.171537555055693, 4560024.825331581756473 ], [ 380114.012982630403712, 4569507.290058764629066 ], [ 379702.613870313100051, 4572712.512833807617426 ] ] ] } },
{ "type": "Feature", "properties": { "drag_region": "Southeast", "region": "Southeast", "NAME": "Chilmark", "NAMELSAD": "Chilmark town" }, "geometry": { "type": "Polygon", "coordinates": [ [ [ 349740.729921393445693, 4553794.689576920121908 ], [ 355378.009836239391007, 4557961.429868027567863 ], [ 357760.879885415837634, 4559821.720228945836425 ], [ 357724.701055397628807, 4560435.135657276026905 ], [ 359026.196954926010221, 4559892.550006480887532 ], [ 359027.63220906117931, 4561513.027112963609397 ], [ 360385.219185118738096, 4562962.65768657810986 ], [ 360609.732362892420497, 4563308.503754580393434 ], [ 360571.181706606119405, 4563679.926787799224257 ], [ 360720.883969359274488, 4564027.744685041718185 ], [ 360479.555431484652217, 4564333.549085761420429 ], [ 357379.841546995507088, 4569979.473494756966829 ], [ 361330.710211582365446, 4571886.731335346587002 ], [ 363730.509046542807482, 4574307.071733708493412 ], [ 365271.486690172867384, 4570398.589925467036664 ], [ 366498.030098664865363, 4568370.5869185552001 ], [ 367107.433484822220635, 4566955.807285746559501 ], [ 367540.406244977028109, 4566197.023856409825385 ], [ 368153.248556430393364, 4566811.431836223229766 ], [ 368450.259888367087115, 4566453.616137061268091 ], [ 368874.021886144706514, 4566355.039556857198477 ], [ 369121.234905047283974, 4565139.913414474576712 ], [ 369332.723198803665582, 4564972.03544373717159 ], [ 369496.874070996593218, 4564586.498448404483497 ], [ 369984.742060908756685, 4564122.36791930347681 ], [ 370178.894657247641589, 4563793.140828197821975 ], [ 370267.109165001951624, 4563393.52364818379283 ], [ 370295.067629572411533, 4557781.36878923419863 ], [ 367304.065353536803741, 4557464.318868267349899 ], [ 366638.771554395847488, 4557084.432428147643805 ], [ 365780.668643210839946, 4557034.690566294826567 ], [ 365405.017282377288211, 4556062.260316082276404 ], [ 365083.331940430682153, 4555473.17685847170651 ], [ 364616.171659589686897, 4554882.093105217441916 ], [ 364178.144494269916322, 4554491.930546214804053 ], [ 363056.953547487442847, 4553777.879103898070753 ], [ 363135.277133502473589, 4552763.954279897734523 ], [ 363035.735015615995508, 4552337.673703289590776 ], [ 362190.093396238458809, 4550107.750445152632892 ], [ 361743.997469454130623, 4549466.205406924709678 ], [ 360173.719436707149725, 4547978.255189009010792 ], [ 358841.593211210740265, 4547420.026674090884626 ], [ 356960.308081276831217, 4547183.740985137410462 ], [ 355480.950864691229071, 4547426.424617568030953 ], [ 353472.225890864036046, 4548042.512836487032473 ], [ 351935.795726722921245, 4549139.73596799839288 ], [ 351035.947265338443685, 4550130.67122477479279 ], [ 350418.258656774589326, 4551214.794494970701635 ], [ 349974.089186650176998, 4552258.215310031548142 ], [ 349740.729921393445693, 4553794.689576920121908 ] ] ] } },
{ "type": "Feature", "properties": { "drag_region": "West", "region": "West", "NAME": "Monterey", "NAMELSAD": "Monterey town" }, "geometry": { "type": "Polygon", "coordinates": [ [ [ 118523.219915207504528, 4681697.156319508329034 ], [ 118668.728274424182018, 4683576.013078976422548 ], [ 121641.382550326670753, 4687962.869439598172903 ], [ 129214.097562447743258, 4682613.818268925882876 ], [ 129124.431210830371128, 4680574.019572324119508 ], [ 128640.850094781577354, 4678842.035718254745007 ], [ 128662.055519616260426, 4678227.142990875989199 ], [ 126955.762468819244532, 4678141.326953721232712 ], [ 126977.985635888151592, 4677888.853139129467309 ], [ 123794.405011277558515, 4677447.203781815245748 ], [ 122038.523760608484736, 4679804.532485025003552 ], [ 120005.86192233642214, 4679582.156891926191747 ], [ 119701.23577568741166, 4679883.253204336389899 ], [ 118977.360077990946593, 4680106.899467093870044 ], [ 118584.200648265919881, 4680390.458822580054402 ], [ 118523.219915207504528, 4681697.156319508329034 ] ] ] } },
{ "type": "Feature", "properties": { "drag_region": "West", "region": "West", "NAME": "Mount Washington", "NAMELSAD": "Mount Washington town" }, "geometry": { "type": "Polygon", "coordinates": [ [ [ 95736.189540997263975, 4669886.738031601533294 ], [ 97170.835624317696784, 4674250.537419131956995 ], [ 98204.493587920966092, 4677418.920048840343952 ], [ 99063.36038494767854, 4676872.826947121880949 ], [ 101850.694906052667648, 4673131.61677133757621 ], [ 102512.809735932387412, 4673443.983139700256288 ], [ 103139.838410092634149, 4671471.829561079852283 ], [ 102331.083484948961996, 4669057.660042964853346 ], [ 101638.774964400625322, 4666064.068043396808207 ], [ 101441.83906528406078, 4665620.380639353767037 ], [ 96448.441027999855578, 4665782.871140364557505 ], [ 95736.189540997263975, 4669886.738031601533294 ] ] ] } },
{ "type": "Feature", "properties": { "drag_region": "West", "region": "West", "NAME": "New Marlborough", "NAMELSAD": "New Marlborough town" }, "geometry": { "type": "Polygon", "coordinates": [ [ [ 116535.333702040283242, 4671518.550043547526002 ], [ 117696.416673625266412, 4673022.424270235933363 ], [ 117430.353306928096572, 4677319.373754979111254 ], [ 118243.894801068032393, 4677276.943680656142533 ], [ 118160.563379451195942, 4678738.302423948422074 ], [ 118553.722809176222654, 4678454.743068462237716 ], [ 119277.598506872687722, 4678231.096805704757571 ], [ 119582.224653521698201, 4677930.000493294559419 ], [ 121614.886491793760797, 4678152.376086393371224 ], [ 123370.767742462834576, 4675795.04738318361342 ], [ 126554.348367073427653, 4676236.69674049783498 ], [ 127127.783313343679765, 4663942.998947101645172 ], [ 116865.648512482497608, 4664854.974914025515318 ], [ 116535.333702040283242, 4671518.550043547526002 ] ] ] } },
{ "type": "Feature", "properties": { "drag_region": "West", "region": "West", "NAME": "North Adams", "NAMELSAD": "North Adams city" }, "geometry": { "type": "Polygon", "coordinates": [ [ [ 132561.310181078064488, 4745783.645585841499269 ], [ 132848.401483517460292, 4748534.747720032930374 ], [ 142320.357673159072874, 4747639.282315470278263 ], [ 141721.266933736245846, 4741691.007764610461891 ], [ 133022.298781214136397, 4742724.218151464127004 ], [ 133330.370948274066905, 4745657.315372748300433 ], [ 132561.310181078064488, 4745783.645585841499269 ] ] ] } },
{ "type": "Feature", "properties": { "drag_region": "West", "region": "West", "NAME": "Athol", "NAMELSAD": "Athol town" }, "geometry": { "type": "Polygon", "coordinates": [ [ [ 216917.157297737081535, 4726735.647466228343546 ], [ 216964.201866920222528, 4727483.351648800075054 ], [ 217046.364317258470692, 4727408.097830098122358 ], [ 217151.438782677403651, 4727434.171300371177495 ], [ 217204.023954660457093, 4727694.842383792623878 ], [ 217324.280963547120336, 4727620.564546491019428 ], [ 217396.035765361622907, 4727331.393501922488213 ], [ 217666.509192833094858, 4727511.017078026197851 ], [ 217899.982581605145242, 4727462.85168416518718 ], [ 218042.589838012354448, 4727275.169218774884939 ], [ 218197.417682900326326, 4727274.203384526073933 ], [ 217833.811994905699976, 4730056.641199075616896 ], [ 218234.164491432369687, 4729978.677340622060001 ], [ 218410.936906776914839, 4730071.068679490126669 ], [ 218523.456810878356919, 4730353.347177572548389 ], [ 218732.998297303158324, 4730501.205131327733397 ], [ 218981.508214882051107, 4730515.439407355152071 ], [ 218890.705349011870567, 4731217.175797807052732 ], [ 219909.660119675623719, 4731376.324014875106514 ], [ 219964.513188869808801, 4731452.852199621498585 ], [ 220147.730531815846916, 4731410.683274594135582 ], [ 220277.168311255285516, 4731508.601461729034781 ], [ 220782.517592045129277, 4731402.846328373067081 ], [ 221108.366542854928412, 4731578.465593382716179 ], [ 221088.268896526191384, 4731942.692464573308825 ], [ 221180.018756481294986, 4732286.855232873000205 ], [ 220976.801594201650005, 4732301.624563133344054 ], [ 221049.720124357903842, 4732511.820735837332904 ], [ 220927.499481564678717, 4732492.356975295580924 ], [ 220840.370350370241795, 4732651.726970508694649 ], [ 220895.077084659656975, 4732731.380698093213141 ], [ 221185.718486692814622, 4732803.911280556581914 ], [ 221384.677802235411946, 4733213.826808826066554 ], [ 221310.520549073116854, 4733719.361807796172798 ], [ 221109.651695351873059, 4734106.065793097950518 ], [ 226195.452201957930811, 4734821.286700619384646 ], [ 226391.855844567937311, 4733267.534100774675608 ], [ 226888.002658026496647, 4733315.700244195759296 ], [ 226987.294482708763098, 4732243.149210018105805 ], [ 227174.744720612914534, 4732261.618189486674964 ], [ 227130.300205212639412, 4731847.574697117321193 ], [ 226874.257477123494027, 4731629.043389236554503 ], [ 225720.660329891485162, 4729332.013349641114473 ], [ 225967.430430531385355, 4729672.745444840751588 ], [ 226311.862778187700314, 4729453.555362313985825 ], [ 226512.226017173961736, 4729756.004949919879436 ], [ 226701.540280253218953, 4729565.211254477500916 ], [ 226803.182366422755877, 4729640.262716004624963 ], [ 226849.844647580757737, 4729563.120263004675508 ], [ 226551.115526213223347, 4729086.290389568544924 ], [ 226121.811138437013142, 4728573.097402826882899 ], [ 226310.501022684329655, 4728404.449455011636019 ], [ 225928.931131623423425, 4727975.778729603625834 ], [ 225295.95330691509298, 4728555.346172353252769 ], [ 224303.096635952417273, 4724198.700292487628758 ], [ 223414.936786936363205, 4724072.038987207226455 ], [ 219282.824291986878961, 4720283.191157051362097 ], [ 217376.702871670306195, 4722579.329566800035536 ], [ 217127.262169637717307, 4725655.780692807398736 ], [ 216917.157297737081535, 4726735.647466228343546 ] ] ] } },
{ "type": "Feature", "properties": { "drag_region": "West", "region": "West", "NAME": "Dudley", "NAMELSAD": "Dudley town" }, "geometry": { "type": "Polygon", "coordinates": [ [ [ 241697.881629185343627, 4657164.931433106772602 ], [ 242218.542611950659193, 4658654.440772065892816 ], [ 242323.215421847329708, 4659754.366560600697994 ], [ 242044.849333905614913, 4660228.956774429418147 ], [ 241944.581274291616865, 4660975.942388771101832 ], [ 242012.902627518255031, 4661772.170395253226161 ], [ 250180.192832867294783, 4663901.660357327200472 ], [ 250427.996355908311671, 4661501.280273152515292 ], [ 251236.565051961748395, 4661825.376007165759802 ], [ 251415.51387861155672, 4660914.967344807460904 ], [ 251348.848013514041668, 4660487.761146796867251 ], [ 251132.748390184598975, 4660297.051430902443826 ], [ 251172.178517738211667, 4660090.611316291615367 ], [ 251104.907699381641578, 4659926.012461595237255 ], [ 251299.76963830171735, 4659815.609374962747097 ], [ 251229.602723149204394, 4659127.493227877654135 ], [ 250938.548215341783362, 4659032.251859186217189 ], [ 250701.493035053048516, 4659076.385262709110975 ], [ 250646.880043968354585, 4659009.859761754050851 ], [ 250641.177373516897205, 4658654.637982368469238 ], [ 250725.254397577024065, 4658513.946198241785169 ], [ 250437.656622919806978, 4657391.71729536447674 ], [ 250579.168570209469181, 4656992.946377717889845 ], [ 250600.434460190183017, 4656554.993317474611104 ], [ 250841.911606055800803, 4656113.501839608885348 ], [ 241814.007946342549985, 4656705.465807840228081 ], [ 241697.881629185343627, 4657164.931433106772602 ] ] ] } },
{ "type": "Feature", "properties": { "drag_region": "West", "region": "West", "NAME": "Peru", "NAMELSAD": "Peru town" }, "geometry": { "type": "Polygon", "coordinates": [ [ [ 139280.644970718538389, 4707169.044844981282949 ], [ 139993.124071490601636, 4709923.953528204001486 ], [ 140219.21251825732179, 4709859.969341575168073 ], [ 140515.659898273646832, 4711095.825306894257665 ], [ 140460.529720254475251, 4711305.977275023236871 ], [ 140141.33964472822845, 4711496.003509786911309 ], [ 140206.100018174329307, 4711619.678475738503039 ], [ 140315.538431844324805, 4711612.73953424487263 ], [ 140325.035967299423646, 4711487.937928880564868 ], [ 140471.256580558721907, 4711501.495145565830171 ], [ 140674.136868731235154, 4711719.162010264582932 ], [ 140778.945632176531944, 4711736.05249332729727 ], [ 140657.889194985560607, 4712055.237706273794174 ], [ 140717.076390622474719, 4712135.32423007581383 ], [ 140441.142033747164533, 4712447.159448816441 ], [ 140872.04436709813308, 4713905.422265164554119 ], [ 140762.500411114597227, 4713916.25755914952606 ], [ 140790.314274353557266, 4714040.265595402568579 ], [ 140594.425532451074105, 4714065.944922643713653 ], [ 141231.422058186028153, 4716383.705199089832604 ], [ 141371.769628707959782, 4716335.547824110835791 ], [ 141722.409219682274852, 4717662.993645332753658 ], [ 148215.782767104334198, 4715889.343408453278244 ], [ 145820.226623483933508, 4706289.100177552551031 ], [ 141416.584604299569037, 4707548.158284193836153 ], [ 141146.644674996437971, 4706627.034306943416595 ], [ 139280.644970718538389, 4707169.044844981282949 ] ] ] } },
{ "type": "Feature", "properties": { "drag_region": "West", "region": "West", "NAME": "Pittsfield", "NAMELSAD": "Pittsfield city" }, "geometry": { "type": "Polygon", "coordinates": [ [ [ 115649.078900373919168, 4712605.676830270327628 ], [ 117663.891611237282632, 4720828.697933052666485 ], [ 118025.24266400639317, 4720755.706019435077906 ], [ 118368.300671229633735, 4722036.842096468433738 ], [ 128908.914946954202605, 4719371.031773920170963 ], [ 126441.700077359535499, 4709775.263984877616167 ], [ 115649.078900373919168, 4712605.676830270327628 ] ] ] } },
{ "type": "Feature", "properties": { "drag_region": "West", "region": "West", "NAME": "Richmond", "NAMELSAD": "Richmond town" }, "geometry": { "type": "Polygon", "coordinates": [ [ [ 107670.971963435440557, 4704421.71432142611593 ], [ 110334.610800885042408, 4712496.897660276852548 ], [ 117526.049010704591637, 4710610.769864624366164 ], [ 117388.10535420497763, 4709814.811604280024767 ], [ 116421.756791027350118, 4710087.878949391655624 ], [ 116115.781028065801365, 4708472.898650273680687 ], [ 115121.585615642747143, 4708517.152821182273328 ], [ 115236.126911212078994, 4706972.18736304435879 ], [ 114524.937481115019182, 4707010.892220467329025 ], [ 114487.614372018695576, 4706005.929246404208243 ], [ 114130.635293375613401, 4705999.207360331900418 ], [ 114269.819851983949775, 4704108.427520896308124 ], [ 107670.971963435440557, 4704421.71432142611593 ] ] ] } },
{ "type": "Feature", "properties": { "drag_region": "West", "region": "West", "NAME": "Sheffield", "NAMELSAD": "Sheffield town" }, "geometry": { "type": "Polygon", "coordinates": [ [ [ 103477.777327173782396, 4666253.311225994490087 ], [ 104170.08584772211907, 4669246.903225562535226 ], [ 104978.840772865791223, 4671661.072743677534163 ], [ 103911.315342822505045, 4674892.166872589848936 ], [ 106433.499096024708706, 4674721.078482865355909 ], [ 106327.505648830599966, 4676552.325711148791015 ], [ 107481.984432426907006, 4676964.325018052011728 ], [ 107465.312688052232261, 4677242.024863575585186 ], [ 107889.378670805526781, 4677225.73879782948643 ], [ 107859.715816343945335, 4677782.280481077730656 ], [ 115450.433240158701665, 4677290.668413038365543 ], [ 115716.496606855871505, 4672993.718928295187652 ], [ 114555.413635270888335, 4671489.844701606780291 ], [ 114885.728445713102701, 4664826.269572084769607 ], [ 103280.841428057217854, 4665809.623821951448917 ], [ 103477.777327173782396, 4666253.311225994490087 ] ] ] } },
{ "type": "Feature", "properties": { "drag_region": "West", "region": "West", "NAME": "Holden", "NAMELSAD": "Holden town" }, "geometry": { "type": "Polygon", "coordinates": [ [ [ 249375.523679785692366, 4699587.394696161150932 ], [ 257608.335685336234747, 4706381.521857736632228 ], [ 258654.570429402898299, 4703248.327829184010625 ], [ 258132.478708048787666, 4703365.508722665719688 ], [ 259683.706123543292051, 4695142.129158242605627 ], [ 253472.074093348550377, 4690368.861615289002657 ], [ 252934.539048807433574, 4690988.618158255703747 ], [ 253158.356151541374857, 4691177.70814705081284 ], [ 253216.221091704064747, 4691597.326082120649517 ], [ 253093.142314333963441, 4691677.203144122846425 ], [ 252182.242478746251436, 4691435.503440997563303 ], [ 250695.030802568042418, 4695661.414882437326014 ], [ 251340.121557168109575, 4695903.400464166887105 ], [ 251166.173189286317211, 4696446.781977972015738 ], [ 251509.650878372165607, 4696563.569457137957215 ], [ 251235.46238289293251, 4697436.127707500010729 ], [ 250129.36571266289684, 4697313.376895978115499 ], [ 249375.523679785692366, 4699587.394696161150932 ] ] ] } },
{ "type": "Feature", "properties": { "drag_region": "West", "region": "West", "NAME": "Southborough", "NAMELSAD": "Southborough town" }, "geometry": { "type": "Polygon", "coordinates": [ [ [ 282935.696139875159133, 4691095.662911700084805 ], [ 284292.791991043312009, 4692098.88421271648258 ], [ 285792.83142910269089, 4692723.047939582727849 ], [ 288656.764417817816138, 4693075.725187321193516 ], [ 289333.665026118105743, 4692788.094451881013811 ], [ 291105.900452931353357, 4692987.331128936260939 ], [ 291222.186419145727996, 4692203.173076598905027 ], [ 291114.308221352810506, 4690879.761213283985853 ], [ 289346.12691094801994, 4686676.068092061206698 ], [ 289273.237375342461746, 4685714.291579152457416 ], [ 289062.559911851829384, 4685745.059162559919059 ], [ 288966.493070575466845, 4685933.496170412749052 ], [ 288870.484154100064188, 4685919.434273527935147 ], [ 288709.029042198613752, 4686082.13050514832139 ], [ 288530.564146257995162, 4686127.079166736453772 ], [ 288250.98387926624855, 4686127.566251019015908 ], [ 287877.536439344694372, 4685946.795058938674629 ], [ 287164.095064500521403, 4685987.650487612001598 ], [ 286663.591472317057196, 4685821.946817273274064 ], [ 286529.139967610884923, 4685632.011241343803704 ], [ 285845.904801738390233, 4686010.309137810952961 ], [ 285680.99258623359492, 4686005.799699453637004 ], [ 286271.0819229571498, 4686127.301003932021558 ], [ 286295.996120971918572, 4686411.418180163949728 ], [ 282935.696139875159133, 4691095.662911700084805 ] ] ] } },
{ "type": "Feature", "properties": { "drag_region": "West", "region": "West", "NAME": "Westborough", "NAMELSAD": "Westborough town" }, "geometry": { "type": "Polygon", "coordinates": [ [ [ 273768.190172314061783, 4684483.40072519145906 ], [ 274271.395670719153713, 4685235.680986941792071 ], [ 275239.072057302051689, 4685840.525664890184999 ], [ 274375.713157254911494, 4687197.740690958686173 ], [ 276668.655307615117636, 4688174.681324147619307 ], [ 276705.9570925355074, 4688435.065688115544617 ], [ 277073.983601705462206, 4688654.510369708761573 ], [ 277152.914780623221304, 4689049.76734789647162 ], [ 277401.740837417601142, 4689133.315030981786549 ], [ 277494.02564131928375, 4689523.492677588015795 ], [ 281895.538313520199154, 4689981.165247892029583 ], [ 284849.7328187218518, 4685874.43791367392987 ], [ 284824.818620707083028, 4685590.3207374420017 ], [ 284228.94177695538383, 4685479.551502733491361 ], [ 283873.634248146030586, 4685697.0439492482692 ], [ 283238.110087828827091, 4685690.246286403387785 ], [ 281184.69499428459676, 4684851.38875428121537 ], [ 280034.89757998008281, 4681153.39202516246587 ], [ 278256.431476233119611, 4681753.734923060983419 ], [ 276313.331580229743849, 4681342.06155831925571 ], [ 276049.868924665672239, 4683408.675201836042106 ], [ 275913.328562928421889, 4683707.810991891659796 ], [ 274189.672495867765974, 4683417.418386402539909 ], [ 273935.91030111577129, 4683857.774413894861937 ], [ 273925.724527284677606, 4684277.593368701636791 ], [ 273768.190172314061783, 4684483.40072519145906 ] ] ] } },
{ "type": "Feature", "properties": { "drag_region": "West", "region": "West", "NAME": "Worcester", "NAMELSAD": "Worcester city" }, "geometry": { "type": "Polygon", "coordinates": [ [ [ 253558.724986632383661, 4688297.09945728816092 ], [ 261870.266937145701377, 4694682.972000145353377 ], [ 262334.590312245942187, 4693308.758989734575152 ], [ 263961.702744719397742, 4689616.126601822674274 ], [ 264410.536830183642451, 4684963.657952198758721 ], [ 264801.502074920514133, 4683765.941097895614803 ], [ 266016.942768843553495, 4683443.172352876514196 ], [ 265824.273442150035407, 4683081.302363664843142 ], [ 260467.986255699506728, 4680151.274578982964158 ], [ 259952.292897836858174, 4681376.933110248297453 ], [ 259722.396201867697528, 4681714.890740199014544 ], [ 259478.405131867650198, 4682541.56907754112035 ], [ 255615.734746084810467, 4682160.230063213966787 ], [ 253558.724986632383661, 4688297.09945728816092 ] ] ] } },
{ "type": "Feature", "properties": { "drag_region": "West", "region": "West", "NAME": "Upton", "NAMELSAD": "Upton town" }, "geometry": { "type": "Polygon", "coordinates": [ [ [ 275962.969826181826647, 4674654.984235591255128 ], [ 276954.546432678238489, 4674795.195041689090431 ], [ 276512.537239377794322, 4679631.404621923342347 ], [ 278455.637135381170083, 4680043.077986665070057 ], [ 280234.103239128133282, 4679442.735088766552508 ], [ 279967.861474067845847, 4678577.461977729573846 ], [ 281485.979885855340399, 4676025.809014829806983 ], [ 282421.126501767605077, 4675896.839631969109178 ], [ 282354.993137487850618, 4675685.436801438219845 ], [ 283661.712448689097073, 4675573.220766733400524 ], [ 283698.21693314606091, 4675213.911228756420314 ], [ 283588.284977428906132, 4674874.885956259444356 ], [ 283654.350425900833216, 4674892.132747998461127 ], [ 283748.143758084625006, 4674725.829763809219003 ], [ 283669.278781865665223, 4674471.897225649096072 ], [ 283918.685601314238738, 4674345.280538283288479 ], [ 284009.397588421357796, 4674061.707581165246665 ], [ 283934.583897328760941, 4673934.687512100674212 ], [ 283833.620823364297394, 4674030.514599613845348 ], [ 283651.671068064111751, 4673925.823036949150264 ], [ 283418.432854494778439, 4674109.535474933683872 ], [ 283154.611718920874409, 4674092.116132250986993 ], [ 283164.814633557747584, 4673658.460746448487043 ], [ 283029.028999061032664, 4673357.451536323875189 ], [ 283242.685340163239744, 4672991.817980940453708 ], [ 283183.751340361719485, 4672887.779007179662585 ], [ 283273.110364998865407, 4672911.881772669963539 ], [ 283298.629940631159116, 4672808.975180680863559 ], [ 283050.764108018367551, 4672897.664297073148191 ], [ 282906.290562862064689, 4672497.999815134331584 ], [ 282983.771085322718136, 4672393.529981839470565 ], [ 282971.952034580346663, 4672104.801053590141237 ], [ 283174.728744728083257, 4671835.412071182392538 ], [ 282289.856651770300232, 4671142.929734250530601 ], [ 282242.520268619118724, 4670090.934827668592334 ], [ 282362.944683260575403, 4669733.536686254665256 ], [ 282069.842280992015731, 4669365.147380883805454 ], [ 280424.189228412520606, 4667843.143085312098265 ], [ 280130.893645685981028, 4667969.42677145358175 ], [ 279912.316926910541952, 4667973.188255930319428 ], [ 279692.401112633990124, 4668294.097037986852229 ], [ 279357.567149368114769, 4668232.287714913487434 ], [ 276490.051124000281561, 4672855.882108233869076 ], [ 276173.622579600894824, 4673666.978296916931868 ], [ 276629.610478482150938, 4673853.914812315255404 ], [ 275962.969826181826647, 4674654.984235591255128 ] ] ] } },
{ "type": "Feature", "properties": { "drag_region": "West", "region": "West", "NAME": "Stockbridge", "NAMELSAD": "Stockbridge town" }, "geometry": { "type": "Polygon", "coordinates": [ [ [ 111334.804520241144928, 4692393.187011602334678 ], [ 111774.765165580189205, 4699039.717611642554402 ], [ 112805.927325630022096, 4699106.62426736485213 ], [ 113062.97448017464194, 4701243.086373274214566 ], [ 113918.343828710188973, 4702587.023154986090958 ], [ 118274.787267349180183, 4702416.818243361078203 ], [ 117656.273282648573513, 4691888.984748692251742 ], [ 111451.69993352801248, 4692316.028788454830647 ], [ 111452.968802671050071, 4692376.208045572973788 ], [ 111334.804520241144928, 4692393.187011602334678 ] ] ] } },
{ "type": "Feature", "properties": { "drag_region": "West", "region": "West", "NAME": "Washington", "NAMELSAD": "Washington town" }, "geometry": { "type": "Polygon", "coordinates": [ [ [ 125316.135412045143312, 4705336.833587826229632 ], [ 126125.000919233047171, 4705867.544843002222478 ], [ 126819.566144279233413, 4708501.093324573710561 ], [ 128089.204768146068091, 4708164.898556614294648 ], [ 128544.372698864637641, 4709881.640139868482947 ], [ 133985.714089229964884, 4709414.410832700319588 ], [ 133459.735048268776154, 4707341.438415574841201 ], [ 139344.235781852010405, 4705677.695166870951653 ], [ 139473.773612090182723, 4701108.843364569358528 ], [ 131577.085004184715217, 4700378.494186050258577 ], [ 131399.100094313587761, 4697544.98290457483381 ], [ 129813.957194563670782, 4699888.02821725141257 ], [ 128832.237221771298209, 4699263.848021537065506 ], [ 125431.382703817362199, 4704557.705096452496946 ], [ 125316.135412045143312, 4705336.833587826229632 ] ] ] } },
{ "type": "Feature", "properties": { "drag_region": "West", "region": "West", "NAME": "West Stockbridge", "NAMELSAD": "West Stockbridge town" }, "geometry": { "type": "Polygon", "coordinates": [ [ [ 105089.387727614986943, 4696957.192556178197265 ], [ 107096.335497799824225, 4703044.617117675952613 ], [ 112852.795010686881142, 4702762.332600212655962 ], [ 111997.425662151334109, 4701418.395818500779569 ], [ 111740.378507606714265, 4699281.933712591417134 ], [ 110709.216347556881374, 4699215.027056869119406 ], [ 110264.576558130414924, 4692499.917656768113375 ], [ 107252.484090825222665, 4692656.663675639778376 ], [ 107534.187644150544656, 4694198.04574519302696 ], [ 106298.38912861913559, 4695071.299492862075567 ], [ 106375.374629989702953, 4696430.526095937006176 ], [ 105089.387727614986943, 4696957.192556178197265 ] ] ] } },
{ "type": "Feature", "properties": { "drag_region": "West", "region": "West", "NAME": "Windsor", "NAMELSAD": "Windsor town" }, "geometry": { "type": "Polygon", "coordinates": [ [ [ 137436.728243218181888, 4720813.805341102182865 ], [ 139089.116655201854883, 4727071.981400163844228 ], [ 140325.964583121152828, 4726744.571028342470527 ], [ 140642.837952204776229, 4727964.056586143560708 ], [ 150134.592407544871094, 4725342.762597137130797 ], [ 148281.926887110195821, 4717270.308359378948808 ], [ 137843.788270802731859, 4720109.911525052040815 ], [ 137958.336609170917654, 4720625.907495831139386 ], [ 137436.728243218181888, 4720813.805341102182865 ] ] ] } },
{ "type": "Feature", "properties": { "drag_region": "West", "region": "West", "NAME": "Templeton", "NAMELSAD": "Templeton town" }, "geometry": { "type": "Polygon", "coordinates": [ [ [ 230300.67990059958538, 4732094.482186242938042 ], [ 232142.209639827051433, 4732322.257188262417912 ], [ 235489.40728327143006, 4732047.073311529122293 ], [ 238625.565850290033268, 4728444.519382793456316 ], [ 238139.856492138264002, 4728253.031527400016785 ], [ 238096.757277025579242, 4727963.91177072096616 ], [ 238364.829832970077405, 4727633.694498643279076 ], [ 238068.076413534232415, 4727358.36213491205126 ], [ 238127.953147947002435, 4727243.343900283798575 ], [ 238073.719351030304097, 4726900.582836420275271 ], [ 238203.44301443346194, 4726764.707078656181693 ], [ 238410.840820737008471, 4726734.350287732668221 ], [ 238393.358313935343176, 4726586.19691944681108 ], [ 238535.243681612162618, 4726706.421955728903413 ], [ 238610.88129412959097, 4726915.759385222569108 ], [ 238683.888721780211199, 4726900.686220553703606 ], [ 238912.842686185991624, 4726708.336760614998639 ], [ 238806.590945249423385, 4726488.418463841080666 ], [ 238953.816682407283224, 4726441.332654825411737 ], [ 238938.369781580346171, 4726248.738761913962662 ], [ 239247.264642344351159, 4726206.433227118104696 ], [ 239305.529526056721807, 4726130.514928533695638 ], [ 239576.366914657992311, 4726166.088252042420208 ], [ 239862.514805413491558, 4726359.02194900624454 ], [ 239921.054804176586913, 4726491.033474244177341 ], [ 240092.341668386245146, 4726383.402228208258748 ], [ 240185.324796526285354, 4726142.353411257266998 ], [ 239890.338950313831447, 4725832.967565374448895 ], [ 240122.948951719765319, 4725725.151999388821423 ], [ 240244.801743502233876, 4725505.092430397868156 ], [ 239240.17718951383722, 4725018.119394619949162 ], [ 241278.747362861438887, 4723096.704131362959743 ], [ 234449.351489956403384, 4717671.982389610260725 ], [ 234473.571245010738494, 4718030.165160745382309 ], [ 234603.720907855400583, 4718070.134519816376269 ], [ 234417.274983228213387, 4718192.674400573596358 ], [ 234391.246187417767942, 4718578.595456301234663 ], [ 234243.178626812150469, 4718715.201678074896336 ], [ 234359.727751937985886, 4719114.169844045303762 ], [ 234248.718226545781363, 4719506.634309717454016 ], [ 233993.869654950423865, 4719924.695087729953229 ], [ 233786.684095190488733, 4720074.590409115888178 ], [ 233806.802329358062707, 4720193.063678715378046 ], [ 233731.055703504593112, 4720258.879470170475543 ], [ 233827.885664094879758, 4720477.747309973463416 ], [ 233720.43864092338481, 4720558.398231033235788 ], [ 233855.42086167470552, 4720846.819602264091372 ], [ 233513.914974021347007, 4722141.113072684034705 ], [ 231086.42735750193242, 4726654.259044472128153 ], [ 231537.651885366911301, 4726988.449331454001367 ], [ 231419.758450083027128, 4730584.308777888305485 ], [ 231376.556034106994048, 4730693.331016871146858 ], [ 231092.681623168726219, 4730742.419183337129653 ], [ 230930.078950865892693, 4731038.466590533033013 ], [ 230846.47909359872574, 4731052.239016792736948 ], [ 230833.399066985322861, 4731251.228550965897739 ], [ 230641.863690990867326, 4731328.944432281889021 ], [ 230632.095808017271338, 4731470.873862650245428 ], [ 230504.349012727994705, 4731554.236021851189435 ], [ 230557.920007397595327, 4731696.485091087408364 ], [ 230470.098427418299252, 4731766.6905373679474 ], [ 230456.232041716168169, 4731937.464412578381598 ], [ 230300.67990059958538, 4732094.482186242938042 ] ] ] } },
{ "type": "Feature", "properties": { "drag_region": "West", "region": "West", "NAME": "Whately", "NAMELSAD": "Whately town" }, "geometry": { "type": "Polygon", "coordinates": [ [ [ 176452.175098893872928, 4707622.530660829506814 ], [ 176971.062477421946824, 4712870.731418169103563 ], [ 180572.904108230199199, 4713321.913556482642889 ], [ 180725.141236797382589, 4713634.786916517652571 ], [ 180611.604147622128949, 4714169.083407101221383 ], [ 180725.188382742926478, 4714611.689699309878051 ], [ 182695.659845976275392, 4714843.602915965020657 ], [ 182750.190472427057102, 4714328.570913416333497 ], [ 183401.966514780127909, 4714387.343881968408823 ], [ 183396.549428071302827, 4714486.041381294839084 ], [ 184437.273167924024165, 4714580.357007486745715 ], [ 184560.479478209046647, 4713773.486225357279181 ], [ 186529.041773875593208, 4714008.01509690284729 ], [ 186182.314412873180117, 4712877.195396445691586 ], [ 186122.245932647958398, 4711997.476107229478657 ], [ 186679.294464036182035, 4709078.055972141213715 ], [ 186313.158747662382666, 4709156.382640391588211 ], [ 183252.849413562507834, 4708392.338129811920226 ], [ 182689.507787793409079, 4708390.158048088662326 ], [ 182691.944633787847124, 4708327.636678916402161 ], [ 176452.175098893872928, 4707622.530660829506814 ] ] ] } },
{ "type": "Feature", "properties": { "drag_region": "West", "region": "West", "NAME": "Ashfield", "NAMELSAD": "Ashfield town" }, "geometry": { "type": "Polygon", "coordinates": [ [ [ 161014.599030556535581, 4726392.265353211201727 ], [ 169423.868681847961852, 4727413.870136067271233 ], [ 172869.128195769531885, 4726674.284801037050784 ], [ 170024.204095267312368, 4715731.904873549006879 ], [ 169061.834280656505143, 4716025.62579798232764 ], [ 169090.342135963524925, 4716162.565654122270644 ], [ 164358.98837094756891, 4717511.769348272122443 ], [ 164349.944821782497456, 4717442.95762048009783 ], [ 161135.656135725410422, 4718442.130383510142565 ], [ 160923.224592402140843, 4721034.738148549571633 ], [ 161411.427861044096062, 4723004.668859276920557 ], [ 160992.895780913328053, 4723106.956729476340115 ], [ 160924.253327362152049, 4723759.613484697416425 ], [ 161014.599030556535581, 4726392.265353211201727 ] ] ] } },
{ "type": "Feature", "properties": { "drag_region": "West", "region": "West", "NAME": "Shutesbury", "NAMELSAD": "Shutesbury town" }, "geometry": { "type": "Polygon", "coordinates": [ [ [ 196263.707280792645179, 4710095.038212342187762 ], [ 199322.028827028872911, 4710503.811952022835612 ], [ 200640.650761123688426, 4718435.633469790220261 ], [ 206555.708781699242536, 4717317.876483051106334 ], [ 206377.810544711363036, 4713097.51031176187098 ], [ 205047.822008961171377, 4713167.175006750971079 ], [ 205242.688498829375021, 4713053.948633123189211 ], [ 205188.480126148147974, 4712871.911530500277877 ], [ 205350.245487342821434, 4712665.685573664493859 ], [ 205212.181033262866549, 4712429.708561256527901 ], [ 205243.865777442057151, 4712082.179811989888549 ], [ 205171.212775870168116, 4711890.088785110041499 ], [ 205429.144232652033679, 4711446.445242812857032 ], [ 205415.617142597970087, 4711264.119983898475766 ], [ 205521.407652977737598, 4711121.866696548648179 ], [ 205374.64993502269499, 4710905.919321591034532 ], [ 205408.658811405359302, 4710518.925258592702448 ], [ 205280.116933847020846, 4710305.589914758689702 ], [ 205674.025401198246982, 4709999.364616340957582 ], [ 205600.114671897899825, 4709388.646749390289187 ], [ 205690.868650996941142, 4709290.0440862653777 ], [ 205723.01343950611772, 4709018.920063522644341 ], [ 205540.02769414242357, 4708700.963616225868464 ], [ 205656.105057692679111, 4708269.219559768214822 ], [ 196653.244624524319079, 4707149.433154601603746 ], [ 196263.707280792645179, 4710095.038212342187762 ] ] ] } },
{ "type": "Feature", "properties": { "drag_region": "Central", "region": "Central", "NAME": "Avon", "NAMELSAD": "Avon town" }, "geometry": { "type": "Polygon", "coordinates": [ [ [ 346586.571411452430766, 4667311.249745305627584 ], [ 347195.4920289607835, 4668217.776733627542853 ], [ 347837.358721467840951, 4669684.627995048649609 ], [ 349147.521071474591736, 4667806.545540773309767 ], [ 350203.245511191023979, 4667308.658353277482092 ], [ 350200.221130148100201, 4666286.045338503085077 ], [ 350608.18590724124806, 4665722.092156860046089 ], [ 347309.607226833759341, 4664073.198625149205327 ], [ 347395.856041064893361, 4664489.753463963977993 ], [ 346586.571411452430766, 4667311.249745305627584 ] ] ] } },
{ "type": "Feature", "properties": { "drag_region": "Central", "region": "Central", "NAME": "Dover", "NAMELSAD": "Dover town" }, "geometry": { "type": "Polygon", "coordinates": [ [ [ 320058.351860715425573, 4681257.082701153121889 ], [ 320186.245034926105291, 4681381.362235798500478 ], [ 320275.071067519835196, 4681704.299067529849708 ], [ 321208.171073938254267, 4682620.849185422062874 ], [ 321098.149855038849637, 4683096.92018975596875 ], [ 321270.30340255232295, 4683932.653756024315953 ], [ 321036.605018701055087, 4684205.862031324766576 ], [ 321024.910140864551067, 4684375.760458598844707 ], [ 323462.373591707379092, 4684220.419816814363003 ], [ 323003.30131737125339, 4687296.879172859713435 ], [ 323467.477590952068567, 4687618.896467518061399 ], [ 323781.324844238115475, 4688059.238599600270391 ], [ 324006.325940404320136, 4687832.247157909907401 ], [ 323813.215894359978847, 4687181.053142355754972 ], [ 323917.293693965184502, 4687095.899661358445883 ], [ 324094.522040807758458, 4687097.45107495225966 ], [ 324207.298052808211651, 4686921.501950219273567 ], [ 323952.546531472704373, 4686864.032937058247626 ], [ 323780.590169930830598, 4686669.87586819473654 ], [ 323760.575937878806144, 4686430.055800785310566 ], [ 323655.509072132757865, 4686323.215719440020621 ], [ 324137.006992471404374, 4686261.212415136396885 ], [ 324143.64444620499853, 4686051.232580952346325 ], [ 324425.211939195403829, 4686306.676313488744199 ], [ 324764.341095617157407, 4686066.642252139747143 ], [ 324849.376274352427572, 4686168.813278520479798 ], [ 325004.676233029807918, 4686010.628153149969876 ], [ 325069.723652909742668, 4685770.858698358759284 ], [ 325459.785791016649455, 4685470.60066866222769 ], [ 325657.4881699468242, 4685612.881715949624777 ], [ 325734.070557964674663, 4685559.718461384065449 ], [ 326098.553982146084309, 4685676.220406971871853 ], [ 326169.550102197972592, 4685555.871521353721619 ], [ 326114.028174292878248, 4685238.211668226867914 ], [ 326532.44449923641514, 4684880.923375020734966 ], [ 326626.96172701055184, 4684949.081972264684737 ], [ 326522.118409287300892, 4685327.348644274286926 ], [ 326564.675439699785784, 4685434.559134400449693 ], [ 326767.537271799985319, 4685355.713603205047548 ], [ 326823.801267862028908, 4685180.536827373318374 ], [ 327303.80835674982518, 4684847.107334203086793 ], [ 327945.33372272294946, 4684913.810925657860935 ], [ 328255.823099270928651, 4685312.315526891499758 ], [ 328950.782985638594255, 4685360.364626528695226 ], [ 329319.556827089050785, 4685192.455028559081256 ], [ 327577.719301910023205, 4679036.537281345576048 ], [ 326786.284184157149866, 4679222.273838926106691 ], [ 326072.744508525240235, 4678841.536834602244198 ], [ 326221.850797690509353, 4679846.650087402202189 ], [ 325994.578796918620355, 4680525.202177258208394 ], [ 320442.461307295016013, 4680628.671808252111077 ], [ 320421.337346484186128, 4680816.164997062645853 ], [ 320215.522167404356878, 4680973.836316769942641 ], [ 320058.351860715425573, 4681257.082701153121889 ] ] ] } },
{ "type": "Feature", "properties": { "drag_region": "Central", "region": "Central", "NAME": "Holbrook", "NAMELSAD": "Holbrook town" }, "geometry": { "type": "Polygon", "coordinates": [ [ [ 350399.286574262718204, 4668186.290619295090437 ], [ 351569.672249637951609, 4671866.041035036556423 ], [ 352857.126135950849857, 4671758.318827608600259 ], [ 355327.686199258256238, 4671702.316913431510329 ], [ 354847.261535089579411, 4668067.991740318015218 ], [ 351448.625558782659937, 4666284.974224546924233 ], [ 351040.660781689512078, 4666848.927406189963222 ], [ 351043.685162732435856, 4667871.540420964360237 ], [ 350399.286574262718204, 4668186.290619295090437 ] ] ] } },
{ "type": "Feature", "properties": { "drag_region": "Central", "region": "Central", "NAME": "Medway", "NAMELSAD": "Medway town" }, "geometry": { "type": "Polygon", "coordinates": [ [ [ 305495.663646989734843, 4668983.471462803892791 ], [ 305610.287229141104035, 4671785.432795990258455 ], [ 306780.955096412682906, 4671909.004014055244625 ], [ 308481.33045646105893, 4673714.914916555397213 ], [ 309643.093002826790325, 4674181.480503551661968 ], [ 310174.896206508565228, 4674151.565467352047563 ], [ 310186.222157772805076, 4674026.553555898368359 ], [ 311943.822213296429254, 4674050.504667213186622 ], [ 314013.142656261916272, 4669176.245019478723407 ], [ 313686.304130231786985, 4669219.354365852661431 ], [ 313644.669293468701653, 4669090.718269935809076 ], [ 313709.375750428938773, 4668961.006597087718546 ], [ 313551.961671858443879, 4668901.497705392539501 ], [ 313368.678697733907029, 4668985.069055490195751 ], [ 313474.379456685041077, 4669005.455265192314982 ], [ 313405.29674806992989, 4669055.279579716734588 ], [ 313478.030777111998759, 4669201.493741917423904 ], [ 313237.918299011362251, 4669177.972231118008494 ], [ 312243.257033903384581, 4669433.42771780770272 ], [ 312083.551507677533664, 4669598.607679263688624 ], [ 311807.775956387049519, 4669691.934697634540498 ], [ 311265.470148650638293, 4669115.343304083682597 ], [ 311058.485050376271829, 4669143.636000524275005 ], [ 310921.248143410077319, 4669055.498596203513443 ], [ 310689.975569482659921, 4669289.524356229230762 ], [ 310788.394637618912384, 4669476.216654635965824 ], [ 310758.970523539930582, 4669579.289190093055367 ], [ 310443.453667582944036, 4669381.85470066126436 ], [ 310407.234006334852893, 4669498.901785999536514 ], [ 310307.365459071355872, 4669512.290830130688846 ], [ 310433.707449329667725, 4669595.39083088748157 ], [ 310420.45450272387825, 4669667.668101202696562 ], [ 309994.168277611373924, 4669688.321579549461603 ], [ 309704.431759477825835, 4669592.427719578146935 ], [ 309510.840977240586653, 4669698.400454456917942 ], [ 309293.42802830284927, 4669496.555735044181347 ], [ 309203.770795837277547, 4669279.181770784780383 ], [ 309126.777772468398325, 4669329.053266329690814 ], [ 309137.075736698636319, 4669188.399807901121676 ], [ 308804.814129308681004, 4669293.236420180648565 ], [ 308572.181557995034382, 4669260.323724661953747 ], [ 308470.498703404911794, 4669369.36470428481698 ], [ 305495.663646989734843, 4668983.471462803892791 ] ] ] } },
{ "type": "Feature", "properties": { "drag_region": "Central", "region": "Central", "NAME": "Plainville", "NAMELSAD": "Plainville town" }, "geometry": { "type": "Polygon", "coordinates": [ [ [ 314572.801358375698328, 4648007.855958534404635 ], [ 314675.082766486506443, 4651766.815062656067312 ], [ 322390.495675646874588, 4654456.992770596407354 ], [ 322367.358762454299722, 4651059.726852727122605 ], [ 315978.071504079154693, 4647992.128112708218396 ], [ 314572.801358375698328, 4648007.855958534404635 ] ] ] } },
{ "type": "Feature", "properties": { "drag_region": "Central", "region": "Central", "NAME": "Westwood", "NAMELSAD": "Westwood town" }, "geometry": { "type": "Polygon", "coordinates": [ [ [ 328861.192579679598566, 4678584.741756174713373 ], [ 330652.342178503109608, 4684833.262026118114591 ], [ 332715.274464416783303, 4683015.086054977960885 ], [ 334320.269045260502025, 4681338.541069264523685 ], [ 335912.812421656271908, 4680734.07503904029727 ], [ 337589.308235298260115, 4679094.537045816890895 ], [ 337372.173239997180644, 4678807.339876932092011 ], [ 337433.83816226979252, 4678736.786026243120432 ], [ 337603.910533285408746, 4678759.058826713822782 ], [ 337543.517652890528552, 4678542.246146451681852 ], [ 337027.367549269343726, 4677864.925416243262589 ], [ 336819.376638352696318, 4677748.956572290509939 ], [ 334894.220648097514641, 4679504.46389195881784 ], [ 333366.666899619565811, 4679703.569414469413459 ], [ 332234.124290318985004, 4679184.611243745312095 ], [ 329882.72717774665216, 4676355.264612072147429 ], [ 329674.81872614932945, 4676525.956370010972023 ], [ 329711.567052398517262, 4676808.007282829843462 ], [ 329559.580359627667349, 4677156.245181903243065 ], [ 329630.946879681840073, 4677409.717319011688232 ], [ 329498.761089561448898, 4677865.999559913761914 ], [ 329219.224672352604102, 4678059.928302224725485 ], [ 328861.192579679598566, 4678584.741756174713373 ] ] ] } },
{ "type": "Feature", "properties": { "drag_region": "Central", "region": "Central", "NAME": "Weymouth Town", "NAMELSAD": "Weymouth Town city" }, "geometry": { "type": "Polygon", "coordinates": [ [ [ 355962.993722914194223, 4669751.954802733846009 ], [ 357218.073724879242945, 4679095.936985854059458 ], [ 357365.475857098703273, 4679478.601926818490028 ], [ 357880.540259259170853, 4679860.687908891588449 ], [ 357927.020492155279499, 4680061.373308743350208 ], [ 357934.49975296179764, 4680770.454166239127517 ], [ 357323.061258014058694, 4681106.736674076877534 ], [ 357279.713577899732627, 4681374.48723971657455 ], [ 357421.708509867778048, 4681835.824360623024404 ], [ 357558.549726829282008, 4682078.084040341898799 ], [ 357823.015431095904205, 4682034.658083770424128 ], [ 357715.751380472036544, 4681982.91329797450453 ], [ 357928.100131139857695, 4681991.798389696516097 ], [ 359861.953016775543801, 4684203.717905416153371 ], [ 359922.992625916958787, 4685435.514299432747066 ], [ 360959.411513445083983, 4686756.278585346415639 ], [ 361897.295150695717894, 4686646.35887383762747 ], [ 361921.6339946804801, 4685523.626373099163175 ], [ 362833.892177034867927, 4684258.912459464743733 ], [ 362257.103055150480941, 4683927.422798968851566 ], [ 361563.034730797167867, 4683887.467591247521341 ], [ 361487.467619424685836, 4683467.114454092457891 ], [ 361567.777659617131576, 4682965.37332165800035 ], [ 361226.22303941269638, 4682824.644523526541889 ], [ 360313.264488661370706, 4682680.53910125605762 ], [ 360200.003266464802437, 4682374.148179370909929 ], [ 360386.222609811695293, 4682214.388106171041727 ], [ 360367.22802733577555, 4681736.991070846095681 ], [ 360802.181944366253447, 4680894.032223424874246 ], [ 361063.942736234981567, 4680054.900476474314928 ], [ 360948.50649997452274, 4679919.190961980260909 ], [ 360964.644793123356067, 4679679.414813936688006 ], [ 361078.682274237740785, 4679610.18436183501035 ], [ 361353.529371196520515, 4679715.086612394079566 ], [ 361409.219689572812058, 4679625.067555636167526 ], [ 361614.052848720806651, 4679657.010827204212546 ], [ 361685.674126947764307, 4679584.966826618649065 ], [ 360678.944727985945065, 4672095.827075452543795 ], [ 355962.993722914194223, 4669751.954802733846009 ] ] ] } },
{ "type": "Feature", "properties": { "drag_region": "Central", "region": "Central", "NAME": "Wrentham", "NAMELSAD": "Wrentham town" }, "geometry": { "type": "Polygon", "coordinates": [ [ [ 308020.945314932672773, 4653092.189678957685828 ], [ 308257.373377598531079, 4654970.970183974131942 ], [ 313874.891108568175696, 4655490.301424593664706 ], [ 315883.223514145822264, 4659345.531821884214878 ], [ 316423.996102011646144, 4660811.433442496694624 ], [ 320021.053446115227416, 4660779.4632578920573 ], [ 322539.049818394356407, 4659853.15044454112649 ], [ 322306.092462728149258, 4659252.451512093655765 ], [ 322316.597747752792202, 4657782.733477851375937 ], [ 322109.121046961285174, 4657276.585342335514724 ], [ 322096.941277136618737, 4655714.471001501195133 ], [ 314374.974555869586766, 4653009.140429701656103 ], [ 308020.945314932672773, 4653092.189678957685828 ] ] ] } },
{ "type": "Feature", "properties": { "drag_region": "Central", "region": "Central", "NAME": "Sharon", "NAMELSAD": "Sharon town" }, "geometry": { "type": "Polygon", "coordinates": [ [ [ 329973.840959055349231, 4665969.773955560289323 ], [ 330527.356949202658143, 4666242.176063898019493 ], [ 330708.473203103640117, 4666224.773703252896667 ], [ 330533.597638325649314, 4666525.024881498888135 ], [ 330532.23671765148174, 4666830.295868400484324 ], [ 330668.604121610871516, 4667151.965691251680255 ], [ 331006.798469527682755, 4667303.916043849661946 ], [ 331165.788685349281877, 4667558.667555911466479 ], [ 334448.538634800119326, 4669457.632228109054267 ], [ 334321.714610579947475, 4670334.566076966933906 ], [ 334814.28462946851505, 4670561.951037869788706 ], [ 334943.724064561305568, 4670807.088568557985127 ], [ 335067.495153967640363, 4670743.368621086701751 ], [ 335120.345286115421914, 4670844.797612939961255 ], [ 335197.824393892893568, 4670832.818797506392002 ], [ 335374.10090722492896, 4669693.419604373164475 ], [ 335323.43797845649533, 4669668.155807763338089 ], [ 335674.066825332294684, 4669232.996573293581605 ], [ 336465.82751764083514, 4668519.000608558766544 ], [ 336344.008104338310659, 4668097.421604859642684 ], [ 337524.084728823276237, 4667751.499806944280863 ], [ 337433.806858385796659, 4667447.221188757568598 ], [ 337578.132365582161583, 4666573.598593145608902 ], [ 337756.271055815275759, 4666263.567799216136336 ], [ 338304.680806710850447, 4665690.039313808083534 ], [ 338561.065884163370356, 4664934.194501224905252 ], [ 338742.877922006591689, 4664651.768232180736959 ], [ 338912.597581409616396, 4663625.448557214811444 ], [ 338495.147925193014089, 4662417.020242916420102 ], [ 338179.375594915356487, 4661763.827552947215736 ], [ 338233.984360224800184, 4661630.908531717024744 ], [ 338155.823694812948816, 4661365.317027340643108 ], [ 338213.673683179426007, 4660419.118257964961231 ], [ 334873.29492530610878, 4658790.945617541670799 ], [ 333470.12350798281841, 4661608.195032356306911 ], [ 332648.6502217183006, 4660708.675626133568585 ], [ 330009.683831223810557, 4664121.640454284846783 ], [ 330029.870077747094911, 4665011.594501428306103 ], [ 330108.232086892588995, 4665084.654872432351112 ], [ 329998.099472881120164, 4665377.555011641234159 ], [ 330084.66283670195844, 4665624.741009572520852 ], [ 329973.840959055349231, 4665969.773955560289323 ] ] ] } },
{ "type": "Feature", "properties": { "drag_region": "West", "region": "West", "NAME": "East Longmeadow", "NAMELSAD": "East Longmeadow town" }, "geometry": { "type": "Polygon", "coordinates": [ [ [ 189612.883250703220256, 4665470.165671295486391 ], [ 195315.388226913055405, 4666183.131110666319728 ], [ 196124.849724141648039, 4659988.280755983665586 ], [ 190060.957081491942517, 4660264.399463076144457 ], [ 189612.883250703220256, 4665470.165671295486391 ] ] ] } },
{ "type": "Feature", "properties": { "drag_region": "Central", "region": "Central", "NAME": "Amesbury", "NAMELSAD": "Amesbury city" }, "geometry": { "type": "Polygon", "coordinates": [ [ [ 356696.143551901739556, 4767853.984331956133246 ], [ 359805.130088450212497, 4768386.542316417209804 ], [ 362903.437171318102628, 4770118.369363913312554 ], [ 364129.452555094554555, 4770269.920302633196115 ], [ 365239.571457007492427, 4765882.473872629925609 ], [ 364848.930292505945545, 4764391.801074626855552 ], [ 364512.154101056104992, 4764372.200538346543908 ], [ 364255.548733217467088, 4764458.681755539029837 ], [ 364088.953814389184117, 4764634.013333490118384 ], [ 363926.878529374895152, 4765165.901318658143282 ], [ 363769.154356837563682, 4765237.710299098864198 ], [ 363506.701201415038668, 4765216.580159350298345 ], [ 363133.718899886705913, 4764927.993077934719622 ], [ 362616.364190747088287, 4764253.632344728335738 ], [ 362407.362262791662943, 4763794.883016374893486 ], [ 361894.523401003389154, 4763213.131017340347171 ], [ 361477.303573570156004, 4763017.753717028535903 ], [ 361073.946506492386106, 4762952.410885636694729 ], [ 360425.918192692974117, 4762918.104849895462394 ], [ 359960.814632836089004, 4762997.926687049679458 ], [ 359509.520319402625319, 4763244.790223225951195 ], [ 358699.098780444066506, 4765752.675251479260623 ], [ 356696.143551901739556, 4767853.984331956133246 ] ] ] } },
{ "type": "Feature", "properties": { "drag_region": "Central", "region": "Central", "NAME": "Beverly", "NAMELSAD": "Beverly city" }, "geometry": { "type": "Polygon", "coordinates": [ [ [ 363863.841346218774561, 4729069.834301853552461 ], [ 370988.046070257492829, 4728819.350546002388 ], [ 371603.29286820278503, 4727967.253608679398894 ], [ 372196.306095079460647, 4727364.664104278199375 ], [ 372305.83088512805989, 4727524.954693740233779 ], [ 372777.522435318503994, 4727609.59969209972769 ], [ 373050.717874424473848, 4728056.912373861297965 ], [ 373300.04531552415574, 4727622.311985546723008 ], [ 374333.002706619095989, 4726361.190439605154097 ], [ 374380.162545967905317, 4725811.829433001577854 ], [ 374177.438424343068618, 4724395.784434240311384 ], [ 374751.487475944275502, 4724169.228496090508997 ], [ 375945.873585149587598, 4722606.478523161262274 ], [ 379148.070694018912036, 4719012.971479518339038 ], [ 378928.893194581614807, 4718589.761446079239249 ], [ 378307.457901998132002, 4718143.379302619025111 ], [ 374699.570772020088043, 4722067.98977000080049 ], [ 374913.809053367411252, 4722108.463813671842217 ], [ 374983.017968797299545, 4722253.98175482917577 ], [ 375220.795621553668752, 4722413.949526174925268 ], [ 375142.621137403359171, 4722619.005909668281674 ], [ 374916.270648991514463, 4722786.525448033586144 ], [ 374718.746763390896376, 4722762.363420992158353 ], [ 374625.011796804319602, 4722206.431056099943817 ], [ 374047.169307906588074, 4723098.633977868594229 ], [ 370280.142800661385991, 4723003.790488070808351 ], [ 368619.047957225178834, 4723209.429139404557645 ], [ 368211.403693641652353, 4723448.934090216644108 ], [ 367296.725449943507556, 4722958.105790902860463 ], [ 366670.278242102416698, 4723066.794751147739589 ], [ 366556.984400901768822, 4722875.338387258350849 ], [ 366536.889669406460598, 4723175.533270509913564 ], [ 366024.244455801788718, 4723375.403794137760997 ], [ 365002.344969561730977, 4724057.160800299607217 ], [ 364821.662173011573032, 4724019.234853626228869 ], [ 364886.362474337103777, 4723941.116963541135192 ], [ 364561.181887322396506, 4724074.773375163786113 ], [ 364900.858065131993499, 4725277.005928741768003 ], [ 364956.637107041024137, 4726993.823660288006067 ], [ 363863.841346218774561, 4729069.834301853552461 ] ], [ [ 373504.069675840844866, 4724052.921692709438503 ], [ 373622.59811658191029, 4723921.418169624172151 ], [ 373793.674438605259638, 4723962.440658934414387 ], [ 374048.651303842256311, 4723826.935692454688251 ], [ 374353.146755381661933, 4723989.012789214961231 ], [ 374317.615335244161543, 4724079.973444357514381 ], [ 374169.083278088015504, 4724114.004480287432671 ], [ 374219.339103627309669, 4724295.467063485644758 ], [ 374139.586862679570913, 4724365.480525286868215 ], [ 373936.835813302837778, 4724217.027687396854162 ], [ 373851.650240642717108, 4724386.922702359966934 ], [ 373610.307787961501162, 4724474.930753632448614 ], [ 373548.894440251810011, 4724453.019110918045044 ], [ 373615.945283467648551, 4724295.9484350560233 ], [ 373504.069675840844866, 4724052.921692709438503 ] ], [ [ 373879.007254230848048, 4723617.457480730488896 ], [ 374055.330495114438236, 4723634.489985710009933 ], [ 374103.927224761166144, 4723737.443509556353092 ], [ 373966.739876631472725, 4723737.354256981052458 ], [ 373879.007254230848048, 4723617.457480730488896 ] ] ] } },
{ "type": "Feature", "properties": { "drag_region": "Central", "region": "Central", "NAME": "Georgetown", "NAMELSAD": "Georgetown town" }, "geometry": { "type": "Polygon", "coordinates": [ [ [ 352745.776374957058579, 4749222.138224562630057 ], [ 353335.927314405911602, 4749101.493408435955644 ], [ 353971.217697518470231, 4749339.823549960739911 ], [ 354632.190576433902606, 4749386.152218786068261 ], [ 357272.31540009600576, 4750932.053715349175036 ], [ 357715.7003054311499, 4751017.775798387825489 ], [ 358035.255710413330235, 4751197.970219638198614 ], [ 358903.873670109838713, 4751468.845743866637349 ], [ 361234.723827484180219, 4749717.83475555293262 ], [ 361769.467049698112532, 4749420.634942350909114 ], [ 360579.376552890171297, 4748359.800909444689751 ], [ 358848.679053552390542, 4746261.044279361143708 ], [ 357384.35772852570517, 4744902.64300480671227 ], [ 356149.358933039242402, 4745492.755316860973835 ], [ 356125.515789140481502, 4745645.871297378093004 ], [ 355881.114036982762627, 4745620.75171940214932 ], [ 355809.440981068066321, 4745518.223976589739323 ], [ 355682.767708831990603, 4745637.217569283209741 ], [ 355069.396569080476183, 4745728.973366408608854 ], [ 353532.633351073251106, 4745791.293963694013655 ], [ 353324.837467535689939, 4746171.946543129161 ], [ 352921.979069381486624, 4747633.089626302942634 ], [ 352745.776374957058579, 4749222.138224562630057 ] ] ] } },
{ "type": "Feature", "properties": { "drag_region": "Central", "region": "Central", "NAME": "Haverhill", "NAMELSAD": "Haverhill city" }, "geometry": { "type": "Polygon", "coordinates": [ [ [ 338926.891232967260294, 4758159.083554660901427 ], [ 340253.995853366155643, 4759738.596415016800165 ], [ 343056.489183435041923, 4761066.694612399674952 ], [ 348605.811502810218371, 4759239.368685130961239 ], [ 349530.208846382040065, 4762217.70586003176868 ], [ 353916.035246906976681, 4759585.795264394953847 ], [ 353986.695837550214492, 4759371.005643477663398 ], [ 353883.296538125316147, 4758974.898527268320322 ], [ 353578.447556233208161, 4758544.466191042214632 ], [ 352761.830323055910412, 4757998.02488143928349 ], [ 352304.249435803678352, 4757519.735918806865811 ], [ 352010.975943570199888, 4756196.514352114871144 ], [ 351809.968876909639221, 4755770.994550622999668 ], [ 350641.623669365595561, 4753930.752465778030455 ], [ 350259.920665447600186, 4753728.422806676477194 ], [ 350318.398702066915575, 4753461.777487706393003 ], [ 350124.500861016276758, 4753306.468250406906009 ], [ 350078.225625473482069, 4752843.131693408824503 ], [ 349758.040616145997774, 4752529.887981494888663 ], [ 348858.136786859075073, 4751031.515727544203401 ], [ 347775.78037512343144, 4751080.783102279528975 ], [ 347621.186617863539141, 4751286.589342106133699 ], [ 346984.587995274981949, 4751546.608997667208314 ], [ 346479.335655186092481, 4751498.97759148478508 ], [ 346121.260208018415142, 4751602.96305672544986 ], [ 345677.006402593047824, 4751416.203019550070167 ], [ 344793.230725396657363, 4751445.006657893769443 ], [ 344240.747446336143184, 4752105.879547184333205 ], [ 344178.918416368833277, 4752455.677634031511843 ], [ 343842.409686094790231, 4752987.833201463334262 ], [ 343416.378403899434488, 4753393.698002600111067 ], [ 343125.874690456606913, 4754011.854059266857803 ], [ 343065.167760105978232, 4754321.857770865783095 ], [ 338926.891232967260294, 4758159.083554660901427 ] ] ] } },
{ "type": "Feature", "properties": { "drag_region": "Central", "region": "Central", "NAME": "Merrimac", "NAMELSAD": "Merrimac town" }, "geometry": { "type": "Polygon", "coordinates": [ [ [ 351157.783685665228404, 4764056.447157259099185 ], [ 351941.803238052583765, 4765746.895935292355716 ], [ 353090.72331442439463, 4766876.915959924459457 ], [ 355250.570156551315449, 4767298.495830891653895 ], [ 357253.525385093642399, 4765197.186750414781272 ], [ 358062.72722250490915, 4762693.107987178489566 ], [ 357801.385500196891371, 4762859.998026668094099 ], [ 357189.263495247578248, 4762943.132828991860151 ], [ 355823.644397839903831, 4762626.355195966549218 ], [ 355434.839728775201365, 4762173.572406549006701 ], [ 355422.460744644398801, 4761776.305476711131632 ], [ 355543.610086190165021, 4761424.536561622284353 ], [ 351157.783685665228404, 4764056.447157259099185 ] ] ] } },
{ "type": "Feature", "properties": { "drag_region": "Central", "region": "Central", "NAME": "North Andover", "NAMELSAD": "North Andover town" }, "geometry": { "type": "Polygon", "coordinates": [ [ [ 341395.948324382479768, 4744022.295973165892065 ], [ 341519.053268758521881, 4744106.065149652771652 ], [ 341649.396067718043923, 4744064.975720157846808 ], [ 341816.49132645514328, 4744552.111424244008958 ], [ 342128.525728046835866, 4744659.994380918331444 ], [ 342098.253159243264236, 4744898.335255475714803 ], [ 342404.253150574339088, 4745322.740563625469804 ], [ 342450.558320510957856, 4745669.931165193207562 ], [ 342343.466257834748831, 4746191.902257022447884 ], [ 342393.318665329134092, 4746517.334717750549316 ], [ 343734.385941126791295, 4748201.567802539095283 ], [ 343994.651718369743321, 4748692.963428259827197 ], [ 345512.462159793649334, 4746765.299434604123235 ], [ 345636.304020452080294, 4747001.682677229866385 ], [ 345748.592573927948251, 4747053.344021482393146 ], [ 345906.194491018250119, 4746804.6455132458359 ], [ 345601.242562658677343, 4746536.415620939806104 ], [ 345615.168765694485046, 4746473.622033163905144 ], [ 345881.904821466479916, 4746092.209218732081354 ], [ 345978.149933614826296, 4746153.939614713191986 ], [ 349955.022145150753204, 4740944.178719848394394 ], [ 351364.633300878689624, 4737460.061970525421202 ], [ 348683.055167157726828, 4735970.923064271919429 ], [ 348287.778017597214784, 4733916.6182169187814 ], [ 346846.948545622464735, 4733402.819581133313477 ], [ 342723.628104533127043, 4741318.385073347017169 ], [ 342262.286792144062929, 4741592.599417849443853 ], [ 342343.341918915917631, 4741902.908141512423754 ], [ 341885.289042428659741, 4742453.755893099121749 ], [ 342019.203274146479089, 4742513.592676770873368 ], [ 341882.566039174620528, 4742550.165704268030822 ], [ 342008.523057098616846, 4742719.989998959004879 ], [ 341859.564657416951377, 4742755.431037056259811 ], [ 341968.033885538869072, 4742798.020924885757267 ], [ 341970.791267397056799, 4742936.072990775108337 ], [ 342069.619725705182645, 4742989.798116070218384 ], [ 342037.001179271435831, 4743317.204583182930946 ], [ 341724.477929461572785, 4743551.251513900235295 ], [ 341605.697783345996868, 4743541.263567160815001 ], [ 341593.516682457353454, 4743855.82079915702343 ], [ 341395.948324382479768, 4744022.295973165892065 ] ] ] } },
{ "type": "Feature", "properties": { "drag_region": "Central", "region": "Central", "NAME": "Rockport", "NAMELSAD": "Rockport town" }, "geometry": { "type": "Polygon", "coordinates": [ [ [ 392824.520557871903293, 4739876.589491064660251 ], [ 393230.631497342488728, 4743086.022883246652782 ], [ 396021.93590236507589, 4742702.370170739479363 ], [ 397521.856806778581813, 4742356.879978152923286 ], [ 398311.088850513333455, 4741631.492019759491086 ], [ 398890.381782625918277, 4740913.542528783902526 ], [ 399082.432588781928644, 4739915.112525468692183 ], [ 399214.984362063172739, 4738741.948797045275569 ], [ 399141.961697096761782, 4736322.025614277459681 ], [ 398950.331613999442197, 4734470.717407140880823 ], [ 395797.64776195154991, 4734979.090108345262706 ], [ 392815.569853545399383, 4736383.068594520911574 ], [ 392824.520557871903293, 4739876.589491064660251 ] ] ] } },
{ "type": "Feature", "properties": { "drag_region": "Central", "region": "Central", "NAME": "Salisbury", "NAMELSAD": "Salisbury town" }, "geometry": { "type": "Polygon", "coordinates": [ [ [ 365933.866425826912746, 4770196.844669221900403 ], [ 366840.471604385355022, 4770190.723040989600122 ], [ 368294.926171897444874, 4769719.776386073790491 ], [ 371335.23133732250426, 4767211.720977089367807 ], [ 372242.543916840222664, 4767615.5059027178213 ], [ 372826.751230255584233, 4768052.195777443237603 ], [ 373606.433046197635122, 4768375.489390801638365 ], [ 374130.902507085818797, 4768420.942353123798966 ], [ 374096.973507943737786, 4765938.891011258587241 ], [ 374228.914027638267726, 4765061.019951628521085 ], [ 374310.60572006017901, 4763410.529659505002201 ], [ 374533.276871422422118, 4762453.175564020872116 ], [ 373570.623889909766149, 4762600.988317648880184 ], [ 372480.465303715900518, 4762077.76626228261739 ], [ 371251.913246398442425, 4761828.164370873011649 ], [ 369590.908015961409546, 4762009.42918749153614 ], [ 369148.694137133774348, 4762251.673261938616633 ], [ 368357.546679671271704, 4763114.58954022731632 ], [ 367789.235271163051948, 4763450.852588144131005 ], [ 367271.726960757863708, 4764119.783945902250707 ], [ 366653.344163238303736, 4764318.72544121555984 ], [ 367043.985327739850618, 4765809.398239218629897 ], [ 365933.866425826912746, 4770196.844669221900403 ] ] ] } },
{ "type": "Feature", "properties": { "drag_region": "Central", "region": "Central", "NAME": "Swampscott", "NAMELSAD": "Swampscott town" }, "geometry": { "type": "Polygon", "coordinates": [ [ [ 361422.750531837053131, 4715712.705265521071851 ], [ 363661.997518328833394, 4714935.396919479593635 ], [ 364093.391092381963972, 4715041.921771449036896 ], [ 365866.076060497842263, 4714272.598442975431681 ], [ 369175.307606229151133, 4711613.638494459912181 ], [ 367467.767952890484594, 4711550.083415489643812 ], [ 365630.884848567598965, 4711351.383521440438926 ], [ 363990.446565296209883, 4711076.653550163842738 ], [ 362392.726128634356428, 4712905.908195221796632 ], [ 361422.750531837053131, 4715712.705265521071851 ] ] ] } },
{ "type": "Feature", "properties": { "drag_region": "Central", "region": "Central", "NAME": "Wenham", "NAMELSAD": "Wenham town" }, "geometry": { "type": "Polygon", "coordinates": [ [ [ 362210.374727715039626, 4731023.964150123298168 ], [ 362595.724840285838582, 4732059.431533503346145 ], [ 362470.144786729186308, 4732447.160771831870079 ], [ 362778.963346523116343, 4732948.084603718481958 ], [ 362937.595700027886778, 4733600.983899043872952 ], [ 363056.869626052444801, 4733693.485163534060121 ], [ 363179.963915050379001, 4733629.356421238742769 ], [ 363339.728364346490707, 4733684.055586256086826 ], [ 363410.004301525885239, 4733613.575756871141493 ], [ 363497.328086783876643, 4733690.47743771225214 ], [ 363519.554953493992798, 4733552.649411856196821 ], [ 367030.592028157960158, 4732062.806747412309051 ], [ 371984.30348489433527, 4730122.450920327566564 ], [ 372328.228462510509416, 4729093.33681754861027 ], [ 372055.033023404539563, 4728646.024135787039995 ], [ 371583.341473214095458, 4728561.379137427546084 ], [ 371473.816683165496215, 4728401.08854796551168 ], [ 370880.803456288820598, 4729003.678052366711199 ], [ 370265.556658343528397, 4729855.774989689700305 ], [ 363134.872493405244313, 4730106.517025461420417 ], [ 362713.712191681028344, 4730195.535317800939083 ], [ 362210.374727715039626, 4731023.964150123298168 ] ] ] } },
{ "type": "Feature", "properties": { "drag_region": "Central", "region": "Central", "NAME": "Peabody", "NAMELSAD": "Peabody city" }, "geometry": { "type": "Polygon", "coordinates": [ [ [ 351795.036781281058211, 4725663.973968151025474 ], [ 352207.584732118644752, 4725615.960617703385651 ], [ 352260.887320738809649, 4726150.453924299217761 ], [ 352659.121349993103649, 4726071.698436360806227 ], [ 352759.871207289688755, 4726184.288163013756275 ], [ 352926.803548735973891, 4726124.635001511313021 ], [ 353020.953271918348037, 4725950.502117710188031 ], [ 353419.744567779416684, 4725890.999733507633209 ], [ 353936.529708119749557, 4725459.84051411319524 ], [ 354372.116788831946906, 4725555.183901648968458 ], [ 354405.728719128062949, 4725361.616555148735642 ], [ 356286.029963525070343, 4724495.64971290808171 ], [ 359391.702866922772955, 4723414.472285149618983 ], [ 359462.319248440733645, 4723305.416865304112434 ], [ 359768.646119534096215, 4723462.503806418739259 ], [ 360453.373678379110061, 4723181.120005174539983 ], [ 360529.921045838098507, 4723270.481432672590017 ], [ 360839.622182849503588, 4723049.234491907991469 ], [ 361696.282940184988547, 4722763.407839313149452 ], [ 361726.950550007575657, 4721272.402564053423703 ], [ 361496.187056186434347, 4721362.608104185201228 ], [ 361258.67536550865043, 4720940.352099810726941 ], [ 361356.462359720200766, 4720860.145870232023299 ], [ 361300.758033547841478, 4720679.200090783648193 ], [ 361208.809229259670246, 4720708.834722630679607 ], [ 361126.81466641795123, 4720455.936213754117489 ], [ 358583.38133004080737, 4717643.891275158151984 ], [ 357996.665972750110086, 4717854.618422421626747 ], [ 355578.350598113902379, 4719612.557509764097631 ], [ 354109.628164890396874, 4720885.767843082547188 ], [ 352026.924438875808846, 4724069.869446333497763 ], [ 351795.036781281058211, 4725663.973968151025474 ] ] ] } },
{ "type": "Feature", "properties": { "drag_region": "West", "region": "West", "NAME": "Agawam Town", "NAMELSAD": "Agawam Town city" }, "geometry": { "type": "Polygon", "coordinates": [ [ [ 173173.181900261144619, 4661268.73552486486733 ], [ 173367.8479903274565, 4661740.15521498862654 ], [ 173472.759559423371684, 4662503.649638130329549 ], [ 173799.954989364661742, 4663314.569554512389004 ], [ 173842.816212991951033, 4664307.514959807507694 ], [ 174045.342261063575279, 4665298.536407948471606 ], [ 174128.852425802266225, 4666260.011159904301167 ], [ 175134.881066443456803, 4668857.782854286022484 ], [ 176100.298848109203391, 4668937.099114438518882 ], [ 176181.396174177236389, 4668278.160450648516417 ], [ 176643.154005861782935, 4668174.140986876562238 ], [ 176870.372524672362488, 4667556.655762398615479 ], [ 177172.373350301757455, 4667287.768986788578331 ], [ 177403.82898088049842, 4666610.714864684268832 ], [ 177666.628338949347381, 4666348.100609442219138 ], [ 177800.904460135032423, 4666417.995942626148462 ], [ 177897.693930783309042, 4667210.118982729502022 ], [ 178193.20972644892754, 4667715.13381186965853 ], [ 179053.245920772431418, 4667952.357507130131125 ], [ 179838.034866979112849, 4667883.70829950273037 ], [ 180197.634812235599384, 4668055.076679614372551 ], [ 180426.631935899727978, 4667949.652572934515774 ], [ 180499.018945238436572, 4667676.225567833520472 ], [ 180358.607677364489064, 4667441.331842816434801 ], [ 180514.490728031203616, 4666985.791348857805133 ], [ 181164.87889709539013, 4666571.121655528433621 ], [ 181778.16409525135532, 4666533.231521082110703 ], [ 182108.496697424212471, 4666637.517399624921381 ], [ 182797.712154654145706, 4666317.599766942672431 ], [ 183016.446784268831834, 4667106.82079532649368 ], [ 183218.496553208853584, 4667170.617737501859665 ], [ 183395.226361104287207, 4667138.921286887489259 ], [ 183596.679077283653896, 4666954.333292191848159 ], [ 183870.338106104405597, 4667077.769230542704463 ], [ 184095.540289272321388, 4666710.640306766144931 ], [ 184206.100819754588883, 4666369.692730969749391 ], [ 184290.44941738183843, 4665534.125589760020375 ], [ 183487.610132741450798, 4664460.148946586996317 ], [ 182239.096332076238468, 4662245.146695567294955 ], [ 182087.229620572878048, 4661770.843935477547348 ], [ 181969.583882799954154, 4660243.44639849383384 ], [ 179307.085542734712362, 4660463.712991720996797 ], [ 174434.344303358811885, 4661219.139862419106066 ], [ 173173.181900261144619, 4661268.73552486486733 ] ] ] } },
{ "type": "Feature", "properties": { "drag_region": "Central", "region": "Central", "NAME": "Randolph Town", "NAMELSAD": "Randolph Town city" }, "geometry": { "type": "Polygon", "coordinates": [ [ [ 343981.036452230298892, 4676607.575729214586318 ], [ 344699.160353710060008, 4676781.447852975688875 ], [ 345181.338690059317742, 4676750.509137734770775 ], [ 345319.127443557314109, 4676959.571014359593391 ], [ 345602.870273341541179, 4676928.632098628208041 ], [ 345826.236388153804, 4677033.394368276931345 ], [ 346390.591621589730494, 4676934.646757996641099 ], [ 347510.673868769896217, 4677144.252819171175361 ], [ 348114.302603898337111, 4677060.582821085117757 ], [ 348402.193894272204489, 4677164.426342850551009 ], [ 348562.291016116039827, 4675816.556063865311444 ], [ 350014.036526860669255, 4675441.654564603231847 ], [ 350865.541238152130973, 4674901.595193732529879 ], [ 350869.923098879400641, 4674591.073666441254318 ], [ 350764.688378558028489, 4674250.706123624928296 ], [ 350809.756217137852218, 4674007.770869519561529 ], [ 350717.421395268931519, 4673873.969390034675598 ], [ 350550.264409174211323, 4673097.553591469302773 ], [ 350616.006334986886941, 4673053.776810359209776 ], [ 349411.672106608632021, 4669245.842161265201867 ], [ 349000.346255361917429, 4669428.979150430299342 ], [ 343981.036452230298892, 4676607.575729214586318 ] ] ] } },
{ "type": "Feature", "properties": { "drag_region": "West", "region": "West", "NAME": "Northborough", "NAMELSAD": "Northborough town" }, "geometry": { "type": "Polygon", "coordinates": [ [ [ 272370.415935210592579, 4692766.957285487093031 ], [ 273623.194314438442234, 4697811.76306605245918 ], [ 277094.447445775440428, 4696982.340646619908512 ], [ 277828.241140222526155, 4696077.861222742125392 ], [ 277733.197692478308454, 4695998.43293141387403 ], [ 278388.292154231050517, 4695116.131278033368289 ], [ 278874.157901964907069, 4694770.512343849986792 ], [ 279478.71081556257559, 4694504.7679787222296 ], [ 279503.244146766548511, 4693937.927936315536499 ], [ 279360.075464513269253, 4693773.809548414312303 ], [ 279980.23647167586023, 4692738.482530255801976 ], [ 280406.323955047992058, 4692337.015836790204048 ], [ 281357.42303149815416, 4691015.554715171456337 ], [ 276955.910359297238756, 4690557.882144867442548 ], [ 276863.625555395556148, 4690167.704498261213303 ], [ 276614.79949860117631, 4690084.156815175898373 ], [ 276535.868319683417212, 4689688.899836988188326 ], [ 276167.841810513462406, 4689469.455155394971371 ], [ 276130.540025593072642, 4689209.070791427046061 ], [ 273837.5978752328665, 4688232.130158238112926 ], [ 273295.961533472465817, 4689070.030520536005497 ], [ 273080.109094807237852, 4691191.353012233972549 ], [ 272370.415935210592579, 4692766.957285487093031 ] ] ] } },
{ "type": "Feature", "properties": { "drag_region": "West", "region": "West", "NAME": "Ashburnham", "NAMELSAD": "Ashburnham town" }, "geometry": { "type": "Polygon", "coordinates": [ [ [ 245218.313698169426061, 4733811.907160843722522 ], [ 245936.864585719478782, 4743290.514485471881926 ], [ 252698.839491210703272, 4742841.789178709499538 ], [ 252806.698651610931847, 4741994.858294571749866 ], [ 254969.012523347686511, 4739688.333905631676316 ], [ 255300.708258086640853, 4739728.657347929663956 ], [ 255420.793379371112678, 4739218.263493608683348 ], [ 255921.373902605439071, 4738692.65343151986599 ], [ 256005.584228777501266, 4737873.852136035449803 ], [ 255674.79499161982676, 4733591.712812586687505 ], [ 253723.399645425670315, 4732644.446324351243675 ], [ 253831.199249193945434, 4732354.813158083707094 ], [ 253579.093457538227085, 4732253.448261282406747 ], [ 253622.68535397486994, 4732139.890375422313809 ], [ 252866.32878543069819, 4731845.960846638306975 ], [ 252809.300906725518871, 4731993.783422833308578 ], [ 252552.871266748930793, 4731889.377321036532521 ], [ 252604.168122560658958, 4731758.981920044869184 ], [ 251324.971874272974674, 4731257.763874021358788 ], [ 251268.075284853402991, 4731389.58591447584331 ], [ 251143.020582399680279, 4731383.330077115446329 ], [ 248395.493748158682138, 4730048.311942482367158 ], [ 248031.760851979546715, 4730816.84686170425266 ], [ 248179.47102256573271, 4730902.202013988979161 ], [ 247959.514556542446371, 4731469.819990919902921 ], [ 248078.100247192778625, 4731523.499476665630937 ], [ 247939.527466829167679, 4731819.538506127893925 ], [ 247582.85018557193689, 4731784.74527173768729 ], [ 246054.2590117820655, 4733755.517275446094573 ], [ 245218.313698169426061, 4733811.907160843722522 ] ] ] } },
{ "type": "Feature", "properties": { "drag_region": "West", "region": "West", "NAME": "Auburn", "NAMELSAD": "Auburn town" }, "geometry": { "type": "Polygon", "coordinates": [ [ [ 251755.620647698757239, 4677228.200499200262129 ], [ 254286.044177926087286, 4680873.423909842036664 ], [ 258925.299614244722761, 4681305.719354946166277 ], [ 259169.290684244770091, 4680479.041017604060471 ], [ 259399.187380213930737, 4680141.083387653343379 ], [ 259976.048316580650862, 4678822.595024020411074 ], [ 256607.372345154115465, 4673441.427152846939862 ], [ 254696.1583142997697, 4673602.707262782379985 ], [ 253268.552756021148525, 4674697.267813849262893 ], [ 251755.620647698757239, 4677228.200499200262129 ] ] ] } },
{ "type": "Feature", "properties": { "drag_region": "West", "region": "West", "NAME": "Blackstone", "NAMELSAD": "Blackstone town" }, "geometry": { "type": "Polygon", "coordinates": [ [ [ 283992.017508638440631, 4658587.617048270069063 ], [ 289425.102094766043592, 4658518.067602898925543 ], [ 289272.967339114402421, 4653231.796141666360199 ], [ 286838.284023412503302, 4653061.816718055866659 ], [ 283847.135379877581727, 4653059.357731455005705 ], [ 283992.017508638440631, 4658587.617048270069063 ] ] ] } },
{ "type": "Feature", "properties": { "drag_region": "West", "region": "West", "NAME": "Bolton", "NAMELSAD": "Bolton town" }, "geometry": { "type": "Polygon", "coordinates": [ [ [ 275836.309937890502624, 4705737.942161333747208 ], [ 277546.345027960720472, 4712495.181314749643207 ], [ 285126.534835704253055, 4708684.639796703122556 ], [ 284169.484878510644194, 4704782.698891299776733 ], [ 282000.419242850271985, 4704309.787905734032393 ], [ 280405.551117809663992, 4703314.375210075639188 ], [ 278292.514545642130543, 4704694.896113774739206 ], [ 275836.309937890502624, 4705737.942161333747208 ] ] ] } },
{ "type": "Feature", "properties": { "drag_region": "West", "region": "West", "NAME": "Boylston", "NAMELSAD": "Boylston town" }, "geometry": { "type": "Polygon", "coordinates": [ [ [ 264949.805251670069993, 4692916.899988337419927 ], [ 265120.757652806001715, 4696389.022698346525431 ], [ 265250.51474148244597, 4697283.240570715628564 ], [ 265548.651650575629901, 4699326.217460049316287 ], [ 266079.166125935968012, 4700686.224042964167893 ], [ 267103.822673642949667, 4701077.054914326407015 ], [ 270469.850206183618866, 4701954.419760481454432 ], [ 272945.60148162394762, 4700859.795573174953461 ], [ 272274.038182278047316, 4698489.828710774891078 ], [ 272390.773095373762771, 4698456.138101484626532 ], [ 271304.284323110070545, 4694112.815162454731762 ], [ 271040.582202937570401, 4694277.110824897885323 ], [ 271062.138842763146386, 4694504.747193899005651 ], [ 270511.375170503277332, 4694365.80020541138947 ], [ 270512.65798152924981, 4694546.614647867158055 ], [ 270694.966052468284033, 4694661.88423930015415 ], [ 270439.162574175337795, 4694907.656387416645885 ], [ 267800.278116419329308, 4693739.349951558746397 ], [ 267656.062573244096711, 4693387.041752734221518 ], [ 266830.562881571997423, 4693168.940349588170648 ], [ 266863.129459754098207, 4693344.861143482849002 ], [ 265600.435976326582022, 4692809.518141093663871 ], [ 264949.805251670069993, 4692916.899988337419927 ] ] ] } },
{ "type": "Feature", "properties": { "drag_region": "West", "region": "West", "NAME": "Clinton", "NAMELSAD": "Clinton town" }, "geometry": { "type": "Polygon", "coordinates": [ [ [ 268969.381081252126023, 4702382.642837323248386 ], [ 269399.116416308796033, 4704475.385613268241286 ], [ 269667.260319080902264, 4704575.844245653599501 ], [ 272243.386734297848307, 4707442.223702597431839 ], [ 274810.332028353353962, 4706718.103905722498894 ], [ 273751.341779670794494, 4702706.199715751223266 ], [ 273061.074018591141794, 4702900.550183149985969 ], [ 272851.920886940264609, 4702133.929386416450143 ], [ 271043.700717226951383, 4702929.858844833448529 ], [ 268969.381081252126023, 4702382.642837323248386 ] ] ] } },
{ "type": "Feature", "properties": { "drag_region": "West", "region": "West", "NAME": "Douglas", "NAMELSAD": "Douglas town" }, "geometry": { "type": "Polygon", "coordinates": [ [ [ 258412.652350153541192, 4663144.123138179071248 ], [ 259970.774510519870091, 4663764.101119369268417 ], [ 260132.538807018601801, 4663368.811975801363587 ], [ 261540.539868415158708, 4663916.580809385515749 ], [ 263011.037383877148386, 4663827.2952148495242 ], [ 263485.237053767952602, 4661748.428668173961341 ], [ 269440.792235780099872, 4663064.761825614608824 ], [ 269387.807642035244498, 4660373.62247905228287 ], [ 270808.149989599536639, 4660670.738324326463044 ], [ 270436.599086322588846, 4657299.596007567830384 ], [ 270455.246363804093562, 4653718.603597213514149 ], [ 262948.699512696068268, 4653730.066220098175108 ], [ 260644.464976730232593, 4653646.353912467136979 ], [ 260577.862532288301736, 4655367.211988895200193 ], [ 260256.926599284866825, 4655382.398400563746691 ], [ 258412.652350153541192, 4663144.123138179071248 ] ] ] } },
{ "type": "Feature", "properties": { "drag_region": "West", "region": "West", "NAME": "East Brookfield", "NAMELSAD": "East Brookfield town" }, "geometry": { "type": "Polygon", "coordinates": [ [ [ 233666.501317453483352, 4680661.085110578685999 ], [ 233833.600875961390557, 4680898.117281896993518 ], [ 233881.285054249223322, 4681174.824023249559104 ], [ 233993.172437961882679, 4681300.102051863446832 ], [ 234092.70838160594576, 4681287.057861340232193 ], [ 234178.155865027743857, 4681486.013124984689057 ], [ 234094.907321599050192, 4682016.630470306612551 ], [ 234235.382113120926078, 4682568.195978513918817 ], [ 234453.528935979469679, 4682469.372085188515484 ], [ 236481.139617732085753, 4682252.355549244210124 ], [ 237112.529439381003613, 4683840.282817586325109 ], [ 237791.990849301044364, 4683899.126015367917717 ], [ 238488.773086047382094, 4676146.371465619653463 ], [ 234015.097619457548717, 4675592.333568077534437 ], [ 234096.948865337704774, 4675898.94377969019115 ], [ 233903.005095089814859, 4676296.33050256408751 ], [ 233932.071801453828812, 4676590.943574064411223 ], [ 234039.086914865998551, 4676838.60319649707526 ], [ 234269.224604612827534, 4677049.249290947802365 ], [ 234245.814148517180001, 4677315.397414980456233 ], [ 235136.900324082031148, 4679301.481695778667927 ], [ 233666.501317453483352, 4680661.085110578685999 ] ] ] } },
{ "type": "Feature", "properties": { "drag_region": "West", "region": "West", "NAME": "Grafton", "NAMELSAD": "Grafton town" }, "geometry": { "type": "Polygon", "coordinates": [ [ [ 267860.993756239884533, 4681819.699193544685841 ], [ 268053.66308293340262, 4682181.569182756356895 ], [ 269160.412825973937288, 4682565.454066845588386 ], [ 269740.336481841979548, 4682556.528416228480637 ], [ 270271.651384410914034, 4682897.34012995660305 ], [ 272777.553066329332069, 4683263.148938098922372 ], [ 272787.738840160425752, 4682843.329983292147517 ], [ 273041.501034912420437, 4682402.97395579982549 ], [ 274765.157101973076351, 4682693.366561288945377 ], [ 274901.697463710326701, 4682394.230771233327687 ], [ 275167.486891274340451, 4680309.427150555886328 ], [ 275607.169312574842479, 4675491.407547482289374 ], [ 274615.592706078430638, 4675351.196741384454072 ], [ 275282.233358378754929, 4674550.127318108454347 ], [ 274826.245459497498814, 4674363.190802710130811 ], [ 275142.674003896885552, 4673552.094614027068019 ], [ 272099.547743696894031, 4673661.138282276690006 ], [ 271065.111184804933146, 4673395.700018339790404 ], [ 270796.8325099759968, 4674813.731225786730647 ], [ 268853.211147582274862, 4674561.74427714664489 ], [ 268512.407701297546737, 4676630.93312402907759 ], [ 267860.993756239884533, 4681819.699193544685841 ] ] ] } },
{ "type": "Feature", "properties": { "drag_region": "Northeast", "region": "Northeast", "NAME": "Seekonk", "NAMELSAD": "Seekonk town" }, "geometry": { "type": "Polygon", "coordinates": [ [ [ 311632.107027113612276, 4624093.08373936638236 ], [ 311840.469321078679059, 4624579.64669231697917 ], [ 312676.834370991506148, 4625442.352659612894058 ], [ 312111.826248993922491, 4626459.036089451983571 ], [ 312872.5794993644231, 4628432.667930287308991 ], [ 312362.177924223768059, 4630580.059421489015222 ], [ 312587.519284968671855, 4632439.497760696336627 ], [ 315760.604388565232512, 4632916.799366425722837 ], [ 316064.179289768333547, 4618599.155561574734747 ], [ 314078.894355664670002, 4618727.826274717226624 ], [ 313088.140939439123031, 4619325.177619933150709 ], [ 313042.374166126071941, 4619551.428815647959709 ], [ 312981.56799352861708, 4619477.406508228741586 ], [ 312942.76611563685583, 4619849.921744098886847 ], [ 313029.251427887415048, 4620174.926914802752435 ], [ 312761.712116395996418, 4620385.861880294047296 ], [ 312809.628271131950896, 4620475.343862034380436 ], [ 312617.765609846857842, 4620909.244194530881941 ], [ 312139.494972427317407, 4621166.492565741762519 ], [ 312194.750374276540242, 4621244.43676989339292 ], [ 312087.965017762559, 4621472.470596523024142 ], [ 312281.68941744446056, 4622134.900929674506187 ], [ 312269.716046721499879, 4622440.134499989449978 ], [ 311632.107027113612276, 4624093.08373936638236 ] ] ] } },
{ "type": "Feature", "properties": { "drag_region": "Northeast", "region": "Northeast", "NAME": "Berkley", "NAMELSAD": "Berkley town" }, "geometry": { "type": "Polygon", "coordinates": [ [ [ 335165.283233305322938, 4619855.583762412890792 ], [ 335360.412357068445999, 4620826.795015076175332 ], [ 335243.253106987394858, 4621270.754896737635136 ], [ 335271.774860854726285, 4621655.350415645167232 ], [ 335829.183106756652705, 4622350.891986286267638 ], [ 335623.04612172045745, 4622785.92543010879308 ], [ 335422.428474152344279, 4623652.681807341054082 ], [ 335671.167948707879987, 4623967.302130938507617 ], [ 335689.495085681905039, 4624151.390166598372161 ], [ 336115.090574255329557, 4624357.125254025682807 ], [ 336230.351752785150893, 4624797.587516147643328 ], [ 336042.43551461212337, 4625352.932947526685894 ], [ 336063.441728863748722, 4625676.832372172735631 ], [ 335885.053313480340876, 4626249.726784330792725 ], [ 336022.763707347912714, 4626508.982532634399831 ], [ 336305.034193117055111, 4626685.251359241083264 ], [ 336245.118207618943416, 4626839.709663636982441 ], [ 336374.503001277102157, 4627390.039099842309952 ], [ 336629.006061521708034, 4627556.779192605987191 ], [ 336597.416373505606316, 4628026.290201691910625 ], [ 336775.230023269425146, 4628765.30964915920049 ], [ 337549.161257366533391, 4628911.701833153143525 ], [ 337601.239717870252207, 4628898.654598483815789 ], [ 337498.505129505530931, 4628863.942634964361787 ], [ 338972.142893453012221, 4628873.011595224961638 ], [ 339316.429923531133682, 4628498.94948114361614 ], [ 342487.949366590823047, 4626241.690604493021965 ], [ 344608.012636479106732, 4624907.760862779803574 ], [ 342132.698155859136023, 4622526.399561502039433 ], [ 337825.895410176366568, 4622770.019925558008254 ], [ 337423.236640005721711, 4622231.323314534500241 ], [ 337462.03710716572823, 4622008.956762070767581 ], [ 337395.392524903640151, 4621944.809634017758071 ], [ 337437.961664013681002, 4621744.015652753412724 ], [ 337568.624554834328592, 4621723.391157899051905 ], [ 337671.525509432889521, 4621839.429863634519279 ], [ 337864.908915501087904, 4621677.189183117821813 ], [ 337956.714950262568891, 4621322.886359376832843 ], [ 337846.087694575195201, 4621070.268458065576851 ], [ 337195.635366095928475, 4620717.031032610684633 ], [ 337148.327306917868555, 4620481.654233946464956 ], [ 336668.526726572366897, 4620106.857578655704856 ], [ 336534.750726343365386, 4619668.508774477057159 ], [ 335557.574242580740247, 4618494.158970729447901 ], [ 335165.283233305322938, 4619855.583762412890792 ] ] ] } },
{ "type": "Feature", "properties": { "drag_region": "West", "region": "West", "NAME": "Hubbardston", "NAMELSAD": "Hubbardston town" }, "geometry": { "type": "Polygon", "coordinates": [ [ [ 233751.487631556112319, 4715130.992423742078245 ], [ 242067.849381464213366, 4721728.687797855585814 ], [ 248552.701295854581986, 4715368.132405607029796 ], [ 247422.253699401859194, 4714459.436660222709179 ], [ 248450.369305147236446, 4713491.777491267770529 ], [ 241079.644283582136268, 4707799.746494052000344 ], [ 233751.487631556112319, 4715130.992423742078245 ] ] ] } },
{ "type": "Feature", "properties": { "drag_region": "West", "region": "West", "NAME": "Leominster", "NAMELSAD": "Leominster city" }, "geometry": { "type": "Polygon", "coordinates": [ [ [ 258643.237517540866975, 4718223.872102424502373 ], [ 259204.343128766049631, 4722198.609116559848189 ], [ 259718.697859339474235, 4722233.310175104998052 ], [ 260497.703574498358648, 4721931.703698406927288 ], [ 261598.770027837075759, 4721964.583378882147372 ], [ 261868.608868084091228, 4722077.707247982732952 ], [ 262374.225010325026233, 4722542.574692417867482 ], [ 263134.104215461702552, 4722332.61659749224782 ], [ 263409.343124610197265, 4722336.449260924942791 ], [ 264644.580578070599586, 4723207.61338506732136 ], [ 265208.571602473210078, 4722723.149411700665951 ], [ 265418.747194549243432, 4722365.884883393533528 ], [ 265381.348952944099437, 4722134.09479022026062 ], [ 265503.905638175492641, 4721887.082754619419575 ], [ 265720.490351552434731, 4721985.190211420878768 ], [ 266007.00023712735856, 4721696.16456311289221 ], [ 266372.380519439058844, 4721589.796245882287621 ], [ 266429.776770984113682, 4722015.70573777705431 ], [ 266373.214815513871145, 4722096.360573687590659 ], [ 266546.278391130268574, 4722110.307078678160906 ], [ 266061.173066659655888, 4723184.501499213278294 ], [ 265811.935805665969383, 4723482.987867915071547 ], [ 265350.487248274032027, 4723704.365159808658063 ], [ 266853.891743012180086, 4724760.013536313548684 ], [ 268800.662061128765345, 4722303.635179031640291 ], [ 269494.52456061297562, 4720394.362458609044552 ], [ 270228.094708227843512, 4720208.729409613646567 ], [ 269349.954826431639958, 4718839.918087242171168 ], [ 268983.727744692878332, 4718589.529077840037644 ], [ 267870.353808608662803, 4713751.522526813670993 ], [ 259578.536758959235158, 4715919.70355655811727 ], [ 260258.654108089744113, 4717244.450737237930298 ], [ 258643.237517540866975, 4718223.872102424502373 ] ] ] } },
{ "type": "Feature", "properties": { "drag_region": "West", "region": "West", "NAME": "Lunenburg", "NAMELSAD": "Lunenburg town" }, "geometry": { "type": "Polygon", "coordinates": [ [ [ 265561.996944678307045, 4733936.014620557427406 ], [ 274560.713455172721297, 4730018.877655139192939 ], [ 273096.819315325759817, 4721042.37361631821841 ], [ 270464.509639459254686, 4721673.503152278251946 ], [ 269770.647139975044411, 4723582.775872700847685 ], [ 267823.876821858459152, 4726039.154229982756078 ], [ 266156.884559020865709, 4724868.673707162030041 ], [ 265521.049003344669472, 4725645.986834252253175 ], [ 265813.443546105001587, 4729417.763092319481075 ], [ 265642.817464871972334, 4730635.78781646490097 ], [ 265561.996944678307045, 4733936.014620557427406 ] ] ] } },
{ "type": "Feature", "properties": { "drag_region": "West", "region": "West", "NAME": "Mendon", "NAMELSAD": "Mendon town" }, "geometry": { "type": "Polygon", "coordinates": [ [ [ 281394.290180880343542, 4666142.541645552963018 ], [ 283039.943233459838666, 4667664.545941124670208 ], [ 283333.045635728398338, 4668032.935246495530009 ], [ 283212.621221086941659, 4668390.333387909457088 ], [ 283399.714511026628315, 4668414.70647949539125 ], [ 284055.084800928132609, 4667329.256103644147515 ], [ 284453.811837259214371, 4666825.832309232093394 ], [ 284625.830699560465291, 4666721.322409234009683 ], [ 284927.97521095816046, 4666150.801615028642118 ], [ 285366.412538478267379, 4665900.876981282606721 ], [ 285593.179564608784858, 4665658.058445282280445 ], [ 286585.173405763343908, 4664025.517505809664726 ], [ 286976.387901192298159, 4663706.08699600584805 ], [ 287448.329124704701826, 4663478.989493840374053 ], [ 288517.175744994194247, 4663825.195162830874324 ], [ 289028.265860094921663, 4663896.793081715703011 ], [ 289271.156889934791252, 4663751.878524411469698 ], [ 289220.778757148655131, 4663701.78408597689122 ], [ 289381.227664791746065, 4663493.936891216784716 ], [ 289189.951003312482499, 4663108.882915079593658 ], [ 289124.70790441648569, 4662774.269474869593978 ], [ 289018.820830054755788, 4659605.870825641788542 ], [ 281264.897328399936669, 4659705.304029284976423 ], [ 281394.290180880343542, 4666142.541645552963018 ] ] ] } },
{ "type": "Feature", "properties": { "drag_region": "West", "region": "West", "NAME": "Millbury", "NAMELSAD": "Millbury town" }, "geometry": { "type": "Polygon", "coordinates": [ [ [ 257762.898911396332551, 4672963.05487373098731 ], [ 258516.058616928115953, 4673234.105819366872311 ], [ 258498.853046250413172, 4673890.563874483108521 ], [ 258034.99035240750527, 4673731.74938858486712 ], [ 261104.795836529403459, 4678631.037431675009429 ], [ 261043.628258025331888, 4678723.86726404260844 ], [ 266399.915444475889672, 4681653.895048724487424 ], [ 267051.329389533551876, 4676465.128979208879173 ], [ 266173.599561633367557, 4675969.777136533521116 ], [ 266177.643554524111096, 4675606.045647591352463 ], [ 265603.838478188146837, 4675146.703013315796852 ], [ 265316.635187440901063, 4675514.875826534815133 ], [ 258121.596754497499205, 4671572.999158995226026 ], [ 258551.649579401535448, 4672722.891398780047894 ], [ 258089.476522111974191, 4672821.587892301380634 ], [ 257785.931670193560421, 4672710.271346552297473 ], [ 257762.898911396332551, 4672963.05487373098731 ] ] ] } },
{ "type": "Feature", "properties": { "drag_region": "Northeast", "region": "Northeast", "NAME": "Fairhaven", "NAMELSAD": "Fairhaven town" }, "geometry": { "type": "Polygon", "coordinates": [ [ [ 354272.499818134005181, 4599938.552617767825723 ], [ 354579.46178566373419, 4601029.567892208695412 ], [ 354541.243212420435157, 4601532.076114119030535 ], [ 356845.924125313409604, 4602025.247284492477775 ], [ 359493.015630060748663, 4603374.627417704090476 ], [ 360485.777249381295405, 4599298.633289852179587 ], [ 360590.67796297732275, 4597518.117621842771769 ], [ 360685.844653345760889, 4597049.662076245993376 ], [ 359177.010307581746019, 4597041.401935734786093 ], [ 359379.028460890287533, 4597013.60830211173743 ], [ 359592.312653153319843, 4596819.846792955882847 ], [ 359684.608446125639603, 4595886.791327178478241 ], [ 359768.074499891023152, 4595864.558926694095135 ], [ 360217.468873446166981, 4595175.668691974133253 ], [ 360796.43742287682835, 4594916.808312204666436 ], [ 361158.371716671506874, 4594898.320784383453429 ], [ 361311.02478531410452, 4594545.510094113647938 ], [ 361469.563658358645625, 4594512.261086125858128 ], [ 361537.996319758589379, 4595053.313109273090959 ], [ 361844.242225909954868, 4594551.298891018144786 ], [ 362079.215142227942124, 4594465.793034663423896 ], [ 362219.105315421591513, 4594279.779496763832867 ], [ 362610.923202759411652, 4593442.541553021408617 ], [ 362812.646221648610663, 4593375.757148451171815 ], [ 362712.347220702853519, 4593099.287810621783137 ], [ 362464.595771471678745, 4593004.428568171337247 ], [ 362353.428956418705638, 4592850.04425214137882 ], [ 362299.093996957759373, 4592350.122575350105762 ], [ 361811.856195752625354, 4592435.845920681022108 ], [ 361661.243693889118731, 4592554.113424252718687 ], [ 361001.731631902977824, 4593599.485230095684528 ], [ 360976.817795704817399, 4593878.266928166151047 ], [ 360677.068255580379628, 4593949.084407579153776 ], [ 360530.793458538653795, 4593854.347948025912046 ], [ 360621.361709186574444, 4593694.904149021022022 ], [ 360640.688427112181671, 4593529.984282650984824 ], [ 360369.285734880133532, 4593846.803622817620635 ], [ 360193.278068889747374, 4593831.908921759575605 ], [ 360091.962628710083663, 4593656.574890806339681 ], [ 359947.34784305584617, 4593601.024991652928293 ], [ 359975.313523135264404, 4593458.577491819858551 ], [ 359686.78787917655427, 4592980.908551439642906 ], [ 359699.809899972577114, 4592410.571395042352378 ], [ 359576.925442535080947, 4592366.224458095617592 ], [ 359385.962248862546403, 4592506.957781368866563 ], [ 359315.825786068337038, 4593026.20781768951565 ], [ 359131.665392522700131, 4593473.715509365312755 ], [ 359147.909849245275836, 4593658.646106656640768 ], [ 358836.752437840681523, 4593969.385829824954271 ], [ 358809.549649759370368, 4594184.579961304552853 ], [ 358620.879954952397384, 4594401.377438204362988 ], [ 358865.08410205936525, 4594617.036444037221372 ], [ 358880.86724028782919, 4594764.876247178763151 ], [ 358431.652823173964862, 4595992.480108915828168 ], [ 358461.250419298361521, 4596562.015613202005625 ], [ 358399.271636640187353, 4596740.5328484242782 ], [ 358486.397971722646616, 4596937.812087970785797 ], [ 358392.445701408316381, 4597190.669223482720554 ], [ 358135.802659104112536, 4597454.50271958578378 ], [ 357807.703836266766302, 4597555.167988101951778 ], [ 357473.38409297959879, 4597828.716390276327729 ], [ 356999.704700097790919, 4598024.018239108845592 ], [ 356789.936799446353689, 4597993.287919921800494 ], [ 356673.949337971629575, 4597583.715344182215631 ], [ 356432.683328504383098, 4597189.557436803355813 ], [ 356225.032207630574703, 4597097.145043916068971 ], [ 355659.958416292560287, 4597083.597801078110933 ], [ 355610.536779557121918, 4597166.889852519147098 ], [ 355374.129918799560983, 4597097.686091586947441 ], [ 355259.180125943617895, 4597839.376273737289011 ], [ 354802.553005729394499, 4598293.829217296093702 ], [ 354751.643746039189864, 4598628.321964529342949 ], [ 355048.909193475614302, 4598877.331819417886436 ], [ 355086.655445981887169, 4599076.557162798941135 ], [ 354934.812395865330473, 4599368.630445335060358 ], [ 354511.218697907635942, 4599433.470081319101155 ], [ 354332.447911110939458, 4599637.40035779774189 ], [ 354272.499818134005181, 4599938.552617767825723 ] ] ] } },
{ "type": "Feature", "properties": { "drag_region": "West", "region": "West", "NAME": "Holland", "NAMELSAD": "Holland town" }, "geometry": { "type": "Polygon", "coordinates": [ [ [ 221365.703760066709947, 4659294.598001793026924 ], [ 221427.380418856570031, 4659825.842492148280144 ], [ 221827.546338278159965, 4660255.121843105182052 ], [ 221863.078112111135852, 4660495.993331829085946 ], [ 221592.375447609520052, 4660962.725158370099962 ], [ 221867.835331788170151, 4661941.236139603890479 ], [ 222140.654404849745333, 4662305.565265951678157 ], [ 222245.453941026644316, 4663030.028854638338089 ], [ 222190.057604924426414, 4663937.072972724214196 ], [ 222272.440938531071879, 4663975.805107458494604 ], [ 222357.966710591805167, 4664302.548529691062868 ], [ 222275.623049001791514, 4664650.246449115686119 ], [ 222320.748871274816338, 4665044.110214597545564 ], [ 227078.21953410160495, 4664770.087703201919794 ], [ 226782.010190796485404, 4658059.88800335302949 ], [ 221559.76775276765693, 4658342.215590979903936 ], [ 221626.734484601125587, 4658804.76118156965822 ], [ 221365.703760066709947, 4659294.598001793026924 ] ] ] } },
{ "type": "Feature", "properties": { "drag_region": "West", "region": "West", "NAME": "Northampton", "NAMELSAD": "Northampton city" }, "geometry": { "type": "Polygon", "coordinates": [ [ [ 172866.73321725189453, 4701632.316153842955828 ], [ 181240.924435255350545, 4702661.79823291208595 ], [ 181565.336636359046679, 4700512.253048934042454 ], [ 181484.52989614586113, 4700500.247199414297938 ], [ 181647.142560130858328, 4699963.24465300142765 ], [ 181282.01482629228849, 4699671.686363416723907 ], [ 181210.503777177014854, 4699266.201722021214664 ], [ 182548.520481492276303, 4698990.501002317294478 ], [ 182737.652404452674091, 4698821.00309017393738 ], [ 182866.762940943241119, 4698327.303667510859668 ], [ 183672.487498547707219, 4697684.351779346354306 ], [ 184060.668942875927314, 4697470.955778022296727 ], [ 185409.6558221190935, 4697103.704392397776246 ], [ 185602.273125640233047, 4696767.490862959064543 ], [ 185601.905437575653195, 4696480.806918691843748 ], [ 185394.338740603299811, 4696196.96744074113667 ], [ 184799.665181294258218, 4695971.543377636931837 ], [ 184302.944210674264468, 4695031.989026515744627 ], [ 183251.829505908419378, 4693736.714766412973404 ], [ 182944.126661875692662, 4693125.976092683151364 ], [ 182414.989609341719188, 4693084.070876057259738 ], [ 181697.574865571979899, 4692608.544355656951666 ], [ 181275.814476015104447, 4692654.483157695271075 ], [ 181055.808399508707225, 4692895.753274976275861 ], [ 180773.426376138231717, 4692544.130579541437328 ], [ 180676.930231293314137, 4692997.417016706429422 ], [ 180544.292450808279682, 4693038.702192158438265 ], [ 180143.003890377411153, 4693426.405750889331102 ], [ 179163.171242713346146, 4693120.492734960280359 ], [ 179186.618128426547628, 4693181.567594246007502 ], [ 178216.55474942404544, 4693327.866588303819299 ], [ 178220.061650768388063, 4693516.195332977920771 ], [ 172853.298621911089867, 4692899.243368996307254 ], [ 172866.73321725189453, 4701632.316153842955828 ] ] ] } },
{ "type": "Feature", "properties": { "drag_region": "West", "region": "West", "NAME": "Plainfield", "NAMELSAD": "Plainfield town" }, "geometry": { "type": "Polygon", "coordinates": [ [ [ 150749.832837697147625, 4720567.321064900606871 ], [ 151848.8256627919327, 4725207.873143210075796 ], [ 150998.69551398025942, 4725426.450987486168742 ], [ 151371.839381776837399, 4727013.970202130265534 ], [ 159389.005917717789998, 4724990.182910054922104 ], [ 159356.539305485988734, 4723938.379678538069129 ], [ 159425.181759037164738, 4723285.722923316992819 ], [ 159843.713839167932747, 4723183.435053117573261 ], [ 159355.510570525977528, 4721213.504342390224338 ], [ 159567.942113849247107, 4718620.896577350795269 ], [ 158636.846900130301947, 4718290.231151237152517 ], [ 150749.832837697147625, 4720567.321064900606871 ] ] ] } },
{ "type": "Feature", "properties": { "drag_region": "West", "region": "West", "NAME": "South Hadley", "NAMELSAD": "South Hadley town" }, "geometry": { "type": "Polygon", "coordinates": [ [ [ 182772.377786385739455, 4686169.335458414629102 ], [ 183277.893359249486821, 4687502.037083055824041 ], [ 183728.43421658911393, 4688262.12706505227834 ], [ 184240.062512161122868, 4688944.77283929195255 ], [ 184881.252613299613586, 4689443.956692697480321 ], [ 184991.877080422331346, 4689707.064287448301911 ], [ 185003.753154139471008, 4690554.094852002337575 ], [ 184879.436236018402269, 4691218.316046554595232 ], [ 184576.974389772716677, 4691580.692342748865485 ], [ 184177.44273094725213, 4691689.203096894547343 ], [ 184835.89829656391521, 4691975.133347347378731 ], [ 186061.459250773332315, 4693293.186966687440872 ], [ 186953.870582483970793, 4693547.39702614210546 ], [ 187618.681186275061918, 4693687.221735885366797 ], [ 187974.638627043837914, 4693599.305848274379969 ], [ 189656.110344204149442, 4693734.808673651888967 ], [ 190040.893876219546655, 4693545.674802470952272 ], [ 190755.03391132937395, 4693460.019470816478133 ], [ 191013.057206367462641, 4693208.348578227683902 ], [ 191011.445549625583226, 4693028.197032378055155 ], [ 190525.640725247008959, 4692764.914723319001496 ], [ 190398.76552286875085, 4692575.729287709109485 ], [ 190007.809848031814909, 4692316.545497636310756 ], [ 189829.179249817942036, 4691599.095520549453795 ], [ 188389.715798604971496, 4691002.81465613655746 ], [ 188511.51067264113226, 4687047.170880891382694 ], [ 189103.289136745646829, 4683835.254037538543344 ], [ 185192.637101635307772, 4683450.500963501632214 ], [ 184698.8644807387318, 4683573.371324200183153 ], [ 184348.597054838988697, 4683743.160314026288688 ], [ 183896.043314293463482, 4684162.729605849832296 ], [ 183662.446681661269395, 4684972.333539417013526 ], [ 183474.760618775471812, 4685220.165746700949967 ], [ 182854.026872584392549, 4685661.424310625530779 ], [ 182772.377786385739455, 4686169.335458414629102 ] ] ] } },
{ "type": "Feature", "properties": { "drag_region": "West", "region": "West", "NAME": "Worthington", "NAMELSAD": "Worthington town" }, "geometry": { "type": "Polygon", "coordinates": [ [ [ 147497.138142872136086, 4706526.113413486629725 ], [ 149171.68122801266145, 4713277.017034363001585 ], [ 158287.86273226083722, 4711063.499060831032693 ], [ 156319.185759840940591, 4710861.735269115306437 ], [ 157418.441617421747651, 4700755.985219264402986 ], [ 157415.91133541543968, 4699929.87138509657234 ], [ 156620.784779841138516, 4699841.523170956410468 ], [ 156597.656588644778822, 4700867.703497388400137 ], [ 151865.219798754202202, 4701434.516240594908595 ], [ 151820.620241224591155, 4701668.321146976202726 ], [ 151534.812468032236211, 4701872.73874716181308 ], [ 151107.592085299373139, 4702545.894985029473901 ], [ 151064.774234426906332, 4703011.579938948154449 ], [ 150845.457060037122574, 4703564.981372806243598 ], [ 150921.488521022663917, 4703727.715755871497095 ], [ 150686.639784188766498, 4703833.299271701835096 ], [ 151038.314807609771378, 4704428.141819808632135 ], [ 150841.606105791463051, 4704706.464669109322131 ], [ 150673.267084038816392, 4704802.265411681495607 ], [ 150577.959711466683075, 4705021.317362024448812 ], [ 150342.49326947692316, 4705183.155224205926061 ], [ 150218.961263234901708, 4705933.790780666284263 ], [ 150050.370142465399113, 4706129.017783611081541 ], [ 150199.158494951960165, 4706812.468575669452548 ], [ 147497.138142872136086, 4706526.113413486629725 ] ] ] } },
{ "type": "Feature", "properties": { "drag_region": "West", "region": "West", "NAME": "Southampton", "NAMELSAD": "Southampton town" }, "geometry": { "type": "Polygon", "coordinates": [ [ [ 165372.631329229101539, 4688779.957563923671842 ], [ 171908.392674651637208, 4689569.196554597467184 ], [ 171912.569795405375771, 4690684.060510301031172 ], [ 172850.503044474811759, 4690815.276362171396613 ], [ 173153.940692106320057, 4690607.939042151905596 ], [ 173500.559468406543601, 4690624.382423729635775 ], [ 173865.783948023221456, 4690527.649599334225059 ], [ 174231.165800581627991, 4689780.348553413525224 ], [ 174301.818086876242887, 4689844.697330405935645 ], [ 174665.256013833044562, 4689726.725634751841426 ], [ 174995.612294341030065, 4689752.410361108370125 ], [ 175013.258843489340506, 4689504.409567752853036 ], [ 175102.221797802660149, 4689507.218614287674427 ], [ 175227.41888626961736, 4689320.637816534377635 ], [ 175068.075151994707994, 4689136.072641793638468 ], [ 175082.286727616097778, 4689058.013885113410652 ], [ 174974.727965147234499, 4689013.509258260019124 ], [ 174991.7086401572451, 4688685.426306407898664 ], [ 174830.666633064101916, 4688595.292364927940071 ], [ 174928.413251176069025, 4688541.306442963890731 ], [ 174695.151918165734969, 4688400.462076112627983 ], [ 176182.830099881684873, 4686894.81051286496222 ], [ 175770.134247518319171, 4686228.849697286263108 ], [ 175858.454956491070334, 4685515.159528044052422 ], [ 175666.150854586565401, 4684589.982425444759429 ], [ 177320.036952261812985, 4684764.987330669537187 ], [ 177090.39442477945704, 4683778.868411597795784 ], [ 175383.044760295015294, 4683471.248419437557459 ], [ 175618.342841858975589, 4680787.504166192375124 ], [ 175542.016956504434347, 4680161.390943020582199 ], [ 167843.854058414930478, 4682319.064446588978171 ], [ 167841.756899589847308, 4684268.929890078492463 ], [ 167026.617144793388434, 4684308.635508704930544 ], [ 167005.574710449785925, 4686485.270025977864861 ], [ 165414.731019378989004, 4686344.922303717583418 ], [ 165372.631329229101539, 4688779.957563923671842 ] ] ] } },
{ "type": "Feature", "properties": { "drag_region": "West", "region": "West", "NAME": "Westhampton", "NAMELSAD": "Westhampton town" }, "geometry": { "type": "Polygon", "coordinates": [ [ [ 164861.25917661251151, 4700599.789144569076598 ], [ 171585.53870137091144, 4701403.42367200832814 ], [ 171565.477759980392875, 4690698.582932344637811 ], [ 165029.716414557857206, 4689909.343941670842469 ], [ 164861.25917661251151, 4700599.789144569076598 ] ] ] } },
{ "type": "Feature", "properties": { "drag_region": "West", "region": "West", "NAME": "Leicester", "NAMELSAD": "Leicester town" }, "geometry": { "type": "Polygon", "coordinates": [ [ [ 245643.931048928759992, 4688133.645388822071254 ], [ 251831.63761932234047, 4688271.731086865067482 ], [ 254007.895912062667776, 4681761.048906407319009 ], [ 253231.310861526872031, 4681710.09247563034296 ], [ 250700.887331299541984, 4678064.869064988568425 ], [ 247036.98937993767322, 4677835.944154094904661 ], [ 245643.931048928759992, 4688133.645388822071254 ] ] ] } },
{ "type": "Feature", "properties": { "drag_region": "West", "region": "West", "NAME": "North Brookfield", "NAMELSAD": "North Brookfield town" }, "geometry": { "type": "Polygon", "coordinates": [ [ [ 228832.987310133030405, 4689319.057830609381199 ], [ 229302.220291404461022, 4690314.487622801214457 ], [ 230349.441225092392415, 4691609.541895370930433 ], [ 236664.510815694258781, 4692098.311462870799005 ], [ 237304.359235730895307, 4685015.548771659843624 ], [ 236624.897825810854556, 4684956.705573878251016 ], [ 235993.508004161936697, 4683368.778305536136031 ], [ 233965.897322409320623, 4683585.794841480441391 ], [ 233677.029443257895764, 4683705.628999126143754 ], [ 233269.349487135361414, 4683587.922740812413394 ], [ 231562.273302477318794, 4683616.814194572158158 ], [ 230114.239830985083245, 4685004.596037677489221 ], [ 230490.872572259104345, 4686065.100920480675995 ], [ 229566.913913931639399, 4687326.818453023210168 ], [ 230263.342266382387606, 4689007.85169774107635 ], [ 228832.987310133030405, 4689319.057830609381199 ] ] ] } },
{ "type": "Feature", "properties": { "drag_region": "West", "region": "West", "NAME": "Rutland", "NAMELSAD": "Rutland town" }, "geometry": { "type": "Polygon", "coordinates": [ [ [ 239167.052827824285487, 4704386.145789993926883 ], [ 245060.104232051817235, 4708921.132890210486948 ], [ 251253.831010258232709, 4702964.1878033708781 ], [ 247768.482979105028789, 4700109.818172545172274 ], [ 248522.325011982233264, 4697835.800372362136841 ], [ 245559.50590502054547, 4696323.582345666363835 ], [ 244092.589141934498912, 4695894.173102580942214 ], [ 242231.153728431760101, 4694869.522588788531721 ], [ 239167.052827824285487, 4704386.145789993926883 ] ] ] } },
{ "type": "Feature", "properties": { "drag_region": "West", "region": "West", "NAME": "Spencer", "NAMELSAD": "Spencer town" }, "geometry": { "type": "Polygon", "coordinates": [ [ [ 237907.265664273319999, 4691624.267667974345386 ], [ 244004.411068175075343, 4691629.577855850569904 ], [ 245841.332670907810098, 4678063.511242036707699 ], [ 239169.389070212870138, 4677687.889924493618309 ], [ 237907.265664273319999, 4691624.267667974345386 ] ] ] } },
{ "type": "Feature", "properties": { "drag_region": "West", "region": "West", "NAME": "Oakham", "NAMELSAD": "Oakham town" }, "geometry": { "type": "Polygon", "coordinates": [ [ [ 231428.21231222525239, 4698828.904562876559794 ], [ 237990.59914332619519, 4703872.430617092177272 ], [ 241383.533015451015672, 4693330.546163529157639 ], [ 237111.126013452012558, 4693316.253237872384489 ], [ 231428.21231222525239, 4698828.904562876559794 ] ] ] } },
{ "type": "Feature", "properties": { "drag_region": "West", "region": "West", "NAME": "Oxford", "NAMELSAD": "Oxford town" }, "geometry": { "type": "Polygon", "coordinates": [ [ [ 249682.372204104816774, 4675919.787161775864661 ], [ 251491.406718161160825, 4676031.878258483484387 ], [ 253004.338826483552111, 4673500.945573132485151 ], [ 254431.944384762173286, 4672406.385022065602243 ], [ 256343.158415616519051, 4672245.10491213016212 ], [ 256642.028902921156259, 4672726.984740213491023 ], [ 257105.891596764064161, 4672885.799226111732423 ], [ 257123.097167441766942, 4672229.341170995496213 ], [ 256369.93746190998354, 4671958.290225359611213 ], [ 256392.970220707211411, 4671705.506698180921376 ], [ 256696.51507262562518, 4671816.823243930004537 ], [ 257158.688129915186437, 4671718.126750408671796 ], [ 256728.635305011150194, 4670568.234510623849928 ], [ 256530.350182557391236, 4670454.19653304759413 ], [ 256676.716100680554518, 4668850.308757532387972 ], [ 257647.622075435967417, 4669248.731889843009412 ], [ 259241.057478666509269, 4665406.495204403065145 ], [ 258231.446936421009013, 4665016.21213330514729 ], [ 258069.682639922277303, 4665411.50127687305212 ], [ 251371.077887875202578, 4662729.27795697748661 ], [ 251123.27436483418569, 4665129.658041152171791 ], [ 249943.997979619103717, 4664837.658368110656738 ], [ 249762.067107278795447, 4665961.829375184141099 ], [ 250798.553491861239308, 4666237.510502550750971 ], [ 249682.372204104816774, 4675919.787161775864661 ] ] ] } },
{ "type": "Feature", "properties": { "drag_region": "West", "region": "West", "NAME": "Paxton", "NAMELSAD": "Paxton town" }, "geometry": { "type": "Polygon", "coordinates": [ [ [ 242717.029115203302354, 4693650.703025940805674 ], [ 244576.318182491901098, 4694672.982998217456043 ], [ 246043.234945577947656, 4695102.392241302877665 ], [ 248851.702902429708047, 4696574.885307746008039 ], [ 250112.15072276967112, 4696737.3610795205459 ], [ 250386.339218248904217, 4695864.802829158492386 ], [ 250042.86152916305582, 4695748.01534999255091 ], [ 250216.809897044848185, 4695204.633836187422276 ], [ 249571.719142444781028, 4694962.648254457861185 ], [ 251058.930818622990046, 4690736.736813018098474 ], [ 251969.83065421070205, 4690978.436516143381596 ], [ 252092.909431580803357, 4690898.559454141184688 ], [ 252035.044491418113466, 4690478.941519071348011 ], [ 251811.227388684172183, 4690289.851530276238918 ], [ 252348.762433225288987, 4689670.094987309537828 ], [ 251615.19891203235602, 4689106.694697475060821 ], [ 251495.95037874445552, 4689480.50748385861516 ], [ 245308.243808350875042, 4689342.421785815618932 ], [ 244864.380536627053516, 4692610.787164902314544 ], [ 243039.642134724301286, 4692619.769902682863176 ], [ 242717.029115203302354, 4693650.703025940805674 ] ] ] } },
{ "type": "Feature", "properties": { "drag_region": "West", "region": "West", "NAME": "Middlefield", "NAMELSAD": "Middlefield town" }, "geometry": { "type": "Polygon", "coordinates": [ [ [ 141470.132311763649341, 4705343.495296889916062 ], [ 141740.072241066780407, 4706264.619274140335619 ], [ 146143.714260251144879, 4705005.561167499050498 ], [ 146399.883312116609886, 4705889.606560356914997 ], [ 149101.903664196433965, 4706175.961722539737821 ], [ 148953.115311709872913, 4705492.510930481366813 ], [ 149121.706432479375508, 4705297.283927536569536 ], [ 149245.23843872139696, 4704546.648371076211333 ], [ 149480.704880711156875, 4704384.810508894734085 ], [ 149576.012253283290192, 4704165.758558551780879 ], [ 149744.351275035936851, 4704069.957815979607403 ], [ 149941.059976854245178, 4703791.634966678917408 ], [ 149589.384953433240298, 4703196.792418572120368 ], [ 149824.233690267137717, 4703091.208902741782367 ], [ 149748.202229281596374, 4702928.474519676528871 ], [ 149967.519403671380132, 4702375.073085818439722 ], [ 150010.337254543846939, 4701909.388131899759173 ], [ 150437.557637276710011, 4701236.231894032098353 ], [ 150723.365410469064955, 4701031.814293846487999 ], [ 150767.964967998676002, 4700798.009387465193868 ], [ 146622.946711353608407, 4697469.871936871670187 ], [ 146572.619930720422417, 4697271.333184476010501 ], [ 146445.736024830199312, 4697171.67966222576797 ], [ 146437.394411114451941, 4696999.880697776563466 ], [ 146243.856154462788254, 4696851.723968582227826 ], [ 146274.712653034890536, 4696708.798102871514857 ], [ 145868.45507121225819, 4696670.299362200312316 ], [ 145383.991494825284462, 4697409.003233616240323 ], [ 145232.291711054625921, 4697181.535834463313222 ], [ 145071.333653796929866, 4697106.11195760127157 ], [ 144840.353382443077862, 4697263.749003580771387 ], [ 144567.800805576029234, 4697100.008518774062395 ], [ 144310.263334473711438, 4697176.552642093971372 ], [ 143556.2253820731421, 4697923.296562596224248 ], [ 143435.635204169084318, 4698510.970409308560193 ], [ 143044.673887388547882, 4698441.972775951959193 ], [ 142476.255100809328724, 4699013.721210494637489 ], [ 141657.911418035509996, 4699571.76181807462126 ], [ 141470.132311763649341, 4705343.495296889916062 ] ] ] } },
{ "type": "Feature", "properties": { "drag_region": "West", "region": "West", "NAME": "Sterling", "NAMELSAD": "Sterling town" }, "geometry": { "type": "Polygon", "coordinates": [ [ [ 258948.451266535092145, 4713573.364314578473568 ], [ 259439.36973507842049, 4714511.945366272702813 ], [ 268521.198064179858193, 4712123.405651200562716 ], [ 268324.189365904428996, 4705109.343626101501286 ], [ 268056.045463132322766, 4705008.884993716143072 ], [ 267626.310128075652756, 4702916.142217771150172 ], [ 266301.826480223797262, 4702576.490926521830261 ], [ 266323.310221251798794, 4703234.221332379616797 ], [ 264590.198234014562331, 4704134.592742196284235 ], [ 263402.602836857549846, 4704178.014783740974963 ], [ 262671.704876205534674, 4704042.994881132617593 ], [ 260119.919675704964902, 4704680.510189011693001 ], [ 259073.68493163830135, 4707813.704217564314604 ], [ 260559.304557917639613, 4709117.574591559357941 ], [ 260534.300786294043064, 4709180.4380290703848 ], [ 260654.221529723727144, 4709288.298975479789078 ], [ 260286.531743090949021, 4709400.668515001423657 ], [ 260149.841578778345138, 4709648.010757075622678 ], [ 260180.283919785404578, 4709783.629817449487746 ], [ 260024.514543557655998, 4709857.958071426488459 ], [ 260107.642056313809007, 4710023.06432478222996 ], [ 259848.190963641565759, 4710662.601896916516125 ], [ 259828.736419642635155, 4711099.38147930148989 ], [ 259559.825546860753093, 4711334.468218669295311 ], [ 259547.266863886965439, 4712270.968404524028301 ], [ 258948.451266535092145, 4713573.364314578473568 ] ] ] } },
{ "type": "Feature", "properties": { "drag_region": "West", "region": "West", "NAME": "Uxbridge", "NAMELSAD": "Uxbridge town" }, "geometry": { "type": "Polygon", "coordinates": [ [ [ 271234.144405058817938, 4660288.87451024632901 ], [ 271298.633667618501931, 4663187.064077603630722 ], [ 272683.274035920971073, 4663472.602582451887429 ], [ 272695.977783626236487, 4663832.560788974165916 ], [ 275075.185043801146094, 4662880.208660830743611 ], [ 279046.489656645571813, 4664604.642346399836242 ], [ 279209.679390497563872, 4664509.306620278395712 ], [ 279448.993447313434444, 4664557.480761858634651 ], [ 279955.732470067450777, 4664814.15937521122396 ], [ 279742.809734959562775, 4653639.74983181618154 ], [ 272301.583126827667002, 4653633.855628407560289 ], [ 272282.935849346162286, 4657214.848038761876523 ], [ 272654.486752623110078, 4660585.990355520509183 ], [ 271234.144405058817938, 4660288.87451024632901 ] ] ] } },
{ "type": "Feature", "properties": { "drag_region": "West", "region": "West", "NAME": "Winchendon", "NAMELSAD": "Winchendon town" }, "geometry": { "type": "Polygon", "coordinates": [ [ [ 232758.633870447141817, 4734086.138321785256267 ], [ 233572.173212444409728, 4744134.11180998198688 ], [ 244171.872810508153634, 4743309.215921051800251 ], [ 243464.976901499845553, 4734081.491554452106357 ], [ 239364.581816389254527, 4731874.969372027553618 ], [ 238431.901657371287001, 4731127.455593245103955 ], [ 236091.746092416375177, 4733814.253964393399656 ], [ 232758.633870447141817, 4734086.138321785256267 ] ] ] } },
{ "type": "Feature", "properties": { "drag_region": "West", "region": "West", "NAME": "West Springfield Town", "NAMELSAD": "West Springfield Town city" }, "geometry": { "type": "Polygon", "coordinates": [ [ [ 175290.430867614079034, 4669933.703924453817308 ], [ 175710.772571523411898, 4671803.747396873310208 ], [ 175786.493312983686337, 4672453.137129770591855 ], [ 176137.796563066105591, 4673240.035533591173589 ], [ 176148.382448311866028, 4674122.777782176621258 ], [ 175956.70459371668403, 4674402.437311321496964 ], [ 176294.973291043919744, 4675305.390216981992126 ], [ 176388.598485682945466, 4676232.16459842491895 ], [ 181139.182660084596137, 4675927.718099227175117 ], [ 181064.220016416016733, 4675212.643694180995226 ], [ 181113.925358835287625, 4674738.695670929737389 ], [ 181794.690028053853894, 4673861.012507783249021 ], [ 182046.482993756275391, 4673169.795896644704044 ], [ 181958.233116341143614, 4672701.488829659298062 ], [ 181498.085966113692848, 4671802.832119240425527 ], [ 181378.189872618037043, 4671399.731491739861667 ], [ 181468.930090680456487, 4670784.095385589636862 ], [ 182056.597760675504105, 4669873.832830345258117 ], [ 183376.689881523809163, 4668970.000015014782548 ], [ 184025.144579460058594, 4668151.831021340563893 ], [ 183751.485550639306894, 4668028.395082989707589 ], [ 183498.614237388799665, 4668235.507139466702938 ], [ 183198.915377620287472, 4668208.08524907566607 ], [ 182952.518628009798704, 4667391.661557740531862 ], [ 182263.303170779865468, 4667711.579190422780812 ], [ 181932.970568607008317, 4667607.293311879970133 ], [ 181398.688273858075263, 4667628.26007116958499 ], [ 180669.297201386856614, 4668059.853139655664563 ], [ 180513.414150720142061, 4668515.393633614294231 ], [ 180653.82541859408957, 4668750.287358631379902 ], [ 180529.756466224178439, 4669100.119847385212779 ], [ 180282.714353890070925, 4669118.31163312587887 ], [ 179906.605956104787765, 4668946.537808247841895 ], [ 179208.052394128084416, 4669026.419297927990556 ], [ 178527.133947822236223, 4668862.072903429158032 ], [ 178276.356904713058611, 4668729.6284702969715 ], [ 177985.087960736855166, 4668032.068416994065046 ], [ 177999.861799531354336, 4667615.218280469998717 ], [ 177924.42749545807601, 4667444.779733979143202 ], [ 177821.434812305000378, 4667422.162400240078568 ], [ 177558.635454236151418, 4667684.776655482128263 ], [ 177327.179823657410452, 4668361.830777586437762 ], [ 177025.178998028015485, 4668630.71755319647491 ], [ 176797.960479217435932, 4669248.202777674421668 ], [ 176336.202647532889387, 4669352.222241446375847 ], [ 176255.105321464856388, 4670011.160905236378312 ], [ 175290.430867614079034, 4669933.703924453817308 ] ] ] } },
{ "type": "Feature", "properties": { "drag_region": "West", "region": "West", "NAME": "Blandford", "NAMELSAD": "Blandford town" }, "geometry": { "type": "Polygon", "coordinates": [ [ [ 143636.777834451000672, 4676218.111800068058074 ], [ 146729.960407710867003, 4688055.985489254817367 ], [ 154257.84701460582437, 4686346.367193336598575 ], [ 157454.27632479876047, 4683674.578308328054845 ], [ 155045.889340322290082, 4673487.734730798751116 ], [ 147981.301585660490673, 4675236.051582491025329 ], [ 143636.777834451000672, 4676218.111800068058074 ] ] ] } },
{ "type": "Feature", "properties": { "drag_region": "West", "region": "West", "NAME": "Chester", "NAMELSAD": "Chester town" }, "geometry": { "type": "Polygon", "coordinates": [ [ [ 147313.329373767977813, 4689698.139985240064561 ], [ 147764.808130351855652, 4696531.127218687906861 ], [ 151753.036558478517691, 4699822.098795394413173 ], [ 156533.361482954438543, 4699251.721101604402065 ], [ 156556.489674150798237, 4698225.540775172412395 ], [ 157353.609133224497782, 4698314.131717260926962 ], [ 157390.302776145777898, 4690830.052059243433177 ], [ 154641.284617953089764, 4688034.660230226814747 ], [ 147313.329373767977813, 4689698.139985240064561 ] ] ] } },
{ "type": "Feature", "properties": { "drag_region": "West", "region": "West", "NAME": "Chicopee", "NAMELSAD": "Chicopee city" }, "geometry": { "type": "Polygon", "coordinates": [ [ [ 182020.583009787951596, 4677654.938190222717822 ], [ 182191.947116025374271, 4678671.084149027243257 ], [ 182494.019232174789067, 4679319.757457162253559 ], [ 183913.169212957203854, 4679973.348138172179461 ], [ 185250.496818375890143, 4681094.790366875939071 ], [ 185353.369451644190121, 4681376.704223215579987 ], [ 185345.436004122311715, 4681661.397830517962575 ], [ 185122.880780785169918, 4682212.803223434835672 ], [ 190865.437230676412582, 4682771.251638388261199 ], [ 191519.451958333025686, 4677815.955484407953918 ], [ 191118.13798757607583, 4677772.107663180679083 ], [ 191286.257034664449748, 4676311.014117570593953 ], [ 190789.417598959815223, 4676367.119634297676384 ], [ 190220.505877256684471, 4676075.604827738367021 ], [ 189632.931875549722463, 4676007.949862176552415 ], [ 189440.992523949069437, 4675718.890160743147135 ], [ 189249.452525246655568, 4675786.690367120318115 ], [ 189218.958038504875731, 4676033.028686812147498 ], [ 182394.375723579840269, 4672563.716739164665341 ], [ 182909.534411291650031, 4673605.224540188908577 ], [ 182997.784288706781808, 4674073.531607174314559 ], [ 182745.991323004360311, 4674764.748218312859535 ], [ 182065.226653785794042, 4675642.431381459347904 ], [ 182015.52131136652315, 4676116.379404710605741 ], [ 182090.483955035102554, 4676831.453809756785631 ], [ 182020.583009787951596, 4677654.938190222717822 ] ] ] } },
{ "type": "Feature", "properties": { "drag_region": "West", "region": "West", "NAME": "Granville", "NAMELSAD": "Granville town" }, "geometry": { "type": "Polygon", "coordinates": [ [ [ 148313.576652947027469, 4673438.075787683948874 ], [ 155378.164407608826878, 4671689.758935991674662 ], [ 159975.519665126485052, 4670124.754302775487304 ], [ 160102.256972801318625, 4669060.881449904292822 ], [ 160374.946736590907676, 4668170.845212206244469 ], [ 160409.736549314489821, 4667038.900601317174733 ], [ 160086.444810407614568, 4665978.010926482267678 ], [ 159794.580902214307571, 4665407.575013108551502 ], [ 159957.366203588520875, 4664627.529226960614324 ], [ 160138.39829225858557, 4664175.281377352774143 ], [ 159963.098779462481616, 4661818.574545652605593 ], [ 148041.423301895934856, 4662492.546237313188612 ], [ 148975.34861356226611, 4666942.074138732627034 ], [ 148313.576652947027469, 4673438.075787683948874 ] ] ] } },
{ "type": "Feature", "properties": { "drag_region": "West", "region": "West", "NAME": "Hampden", "NAMELSAD": "Hampden town" }, "geometry": { "type": "Polygon", "coordinates": [ [ [ 196328.475763088674285, 4665646.420960834249854 ], [ 200636.175229639280587, 4666109.678875527344644 ], [ 200975.543716345913708, 4667067.236048893071711 ], [ 203895.643173680698965, 4667386.144912896677852 ], [ 204616.771981516096275, 4659524.322638109326363 ], [ 197065.355795732990373, 4660006.023904432542622 ], [ 196328.475763088674285, 4665646.420960834249854 ] ] ] } },
{ "type": "Feature", "properties": { "drag_region": "West", "region": "West", "NAME": "Holyoke", "NAMELSAD": "Holyoke city" }, "geometry": { "type": "Polygon", "coordinates": [ [ [ 176460.560610590822762, 4683265.177093385718763 ], [ 178167.910275075264508, 4683572.797085545957088 ], [ 178397.552802557620453, 4684558.916004617698491 ], [ 179335.708987259044079, 4684772.569827474653721 ], [ 181366.655257205158705, 4689826.190405569970608 ], [ 183193.678826693707379, 4691119.256139313802123 ], [ 183910.258468130632536, 4690839.191919739358127 ], [ 184170.657660658383975, 4690449.1169846765697 ], [ 184278.132647755584912, 4689857.36798005271703 ], [ 184256.507185374706751, 4688973.257301926612854 ], [ 184155.632106915727491, 4688747.229820747859776 ], [ 183514.442005777236773, 4688248.045967342332006 ], [ 183212.737344005290652, 4687890.365474842488766 ], [ 182613.027723820909159, 4686927.77875795494765 ], [ 182061.26655131476582, 4685566.78129297029227 ], [ 182068.071898973343195, 4685091.538460469804704 ], [ 182159.704993271589046, 4684926.873590547591448 ], [ 182872.360348799993517, 4684381.586851027794182 ], [ 182995.552116403792752, 4684157.076486764475703 ], [ 183125.28672408228158, 4683548.352933504618704 ], [ 183364.041574432718335, 4683249.753616003319621 ], [ 183871.370364547561621, 4682916.218143037520349 ], [ 184469.779634384292876, 4682750.653701693750918 ], [ 184639.269902754778741, 4682421.764070830307901 ], [ 184689.050412574637448, 4681868.190746665000916 ], [ 184412.487179434247082, 4681437.738157597370446 ], [ 183321.785246640414698, 4680556.090812769718468 ], [ 181838.155046641040826, 4679860.728325279429555 ], [ 181624.724163254519226, 4679488.535459676757455 ], [ 181413.574788612517295, 4678659.211533122695982 ], [ 181349.684479578310857, 4677842.756271320395172 ], [ 181434.619769501354313, 4677372.424677873961627 ], [ 176684.035595099703642, 4677676.871177071705461 ], [ 176619.532806800241815, 4679955.319616968743503 ], [ 176695.858692154783057, 4680581.432840140536427 ], [ 176460.560610590822762, 4683265.177093385718763 ] ] ] } },
{ "type": "Feature", "properties": { "drag_region": "West", "region": "West", "NAME": "Ludlow", "NAMELSAD": "Ludlow town" }, "geometry": { "type": "Polygon", "coordinates": [ [ [ 192017.028900775592774, 4683007.37679442577064 ], [ 202001.430683056649286, 4684058.288138556294143 ], [ 202511.022655192762613, 4678806.737946918234229 ], [ 202292.977670813386794, 4678566.388037346303463 ], [ 201505.894557293737307, 4678135.4312663981691 ], [ 201254.72925487649627, 4678075.734962850809097 ], [ 201060.674395326466765, 4677834.902836875990033 ], [ 201072.261911705718376, 4677742.006956025958061 ], [ 201233.820244176196866, 4677633.766390357166529 ], [ 201047.038040106301196, 4676915.467251926660538 ], [ 201172.83844000112731, 4676390.658157570287585 ], [ 201211.944967812392861, 4675427.406249502673745 ], [ 200838.075927262019832, 4675346.261847166344523 ], [ 200526.487826547760051, 4675559.62436762265861 ], [ 200395.02342669951031, 4675794.02921999245882 ], [ 200233.955440859484952, 4675828.742849990725517 ], [ 199635.419421181490179, 4675779.261084645055234 ], [ 199395.963816383038647, 4675659.419957464560866 ], [ 198933.167129434063099, 4675803.751807709224522 ], [ 198564.492475373088382, 4675734.975559437647462 ], [ 198130.573731927026529, 4675506.120321814902127 ], [ 197877.325037974922452, 4675496.450301757082343 ], [ 197477.324644640262704, 4675701.297446340322495 ], [ 197150.918500320520252, 4675671.370215791277587 ], [ 196636.617272866715211, 4675484.461467328481376 ], [ 196223.874867090955377, 4675483.334834506735206 ], [ 195837.968725942715537, 4675635.090347336605191 ], [ 195471.541008119529579, 4675608.650280577130616 ], [ 194792.870028380129952, 4676057.297017941251397 ], [ 194716.169761068187654, 4676152.984841139987111 ], [ 194837.383731989772059, 4676338.244208788499236 ], [ 194659.356975239410531, 4676259.317418778315187 ], [ 194580.395534421782941, 4676303.707389247603714 ], [ 194643.924970478517935, 4676596.11196225695312 ], [ 194318.252597770595457, 4676513.115615762770176 ], [ 193320.538803169154562, 4676663.97163650020957 ], [ 192859.961615302891005, 4676491.033081700094044 ], [ 192429.942235601542052, 4676545.909065921790898 ], [ 192261.823188513168134, 4678007.002611531876028 ], [ 192663.137159270117991, 4678050.850432759150863 ], [ 192017.028900775592774, 4683007.37679442577064 ] ] ] } },
{ "type": "Feature", "properties": { "drag_region": "West", "region": "West", "NAME": "Montgomery", "NAMELSAD": "Montgomery town" }, "geometry": { "type": "Polygon", "coordinates": [ [ [ 159664.667749134358019, 4684914.743068385869265 ], [ 160049.268061254639179, 4685845.217135592363775 ], [ 160639.054795344069134, 4686732.568666668608785 ], [ 164310.077100551687181, 4687070.55611264705658 ], [ 164329.885516041656956, 4685951.301186355762184 ], [ 165920.729207112453878, 4686091.648908616043627 ], [ 165941.771641456056386, 4683915.01439134310931 ], [ 166756.91139625251526, 4683875.308772716671228 ], [ 166759.00855507759843, 4681925.443329227156937 ], [ 166372.581589060020633, 4682023.283583589829504 ], [ 165202.714683541504201, 4678230.74572323448956 ], [ 164803.64312303904444, 4677910.479190299287438 ], [ 164362.347540972288698, 4677313.032514742575586 ], [ 163911.948046349338256, 4677167.137473648414016 ], [ 164113.891633368970361, 4678044.885750324465334 ], [ 161305.878681902657263, 4682386.534498385153711 ], [ 160544.590420318127144, 4682606.478299481794238 ], [ 160762.811759937321767, 4683049.640947684645653 ], [ 160518.065959263476543, 4683613.700177615508437 ], [ 160468.495499836979434, 4683947.466178884729743 ], [ 160347.826706315332558, 4684115.969208436086774 ], [ 160542.829847604676615, 4684485.280541225336492 ], [ 160342.574269091710448, 4684708.026652521453798 ], [ 159949.600772006437182, 4684722.962911923415959 ], [ 159664.667749134358019, 4684914.743068385869265 ] ] ] } },
{ "type": "Feature", "properties": { "drag_region": "West", "region": "West", "NAME": "Springfield", "NAMELSAD": "Springfield city" }, "geometry": { "type": "Polygon", "coordinates": [ [ [ 182582.380800998857012, 4671257.321815740317106 ], [ 182647.265357010153821, 4671517.571352635510266 ], [ 189471.847671935189283, 4674986.883300282992423 ], [ 189502.34215867696912, 4674740.544980591163039 ], [ 189671.501964415394468, 4674670.002418654039502 ], [ 189885.821508980036015, 4674961.804475647397339 ], [ 190473.395510686998023, 4675029.459441209211946 ], [ 191084.729812171222875, 4675328.121186918579042 ], [ 191969.166047796112252, 4675209.992746819742024 ], [ 192429.74323566237581, 4675382.93130161985755 ], [ 193427.457030263816705, 4675232.075280882418156 ], [ 193753.129402971739182, 4675315.0716273766011 ], [ 193701.306156625127187, 4674997.270436639897525 ], [ 193930.944046227115905, 4675069.301241247914732 ], [ 193829.490488941344665, 4674853.199285393580794 ], [ 194112.574363220861414, 4674681.66342103946954 ], [ 194926.921788721490884, 4667217.645757092162967 ], [ 189213.468890336720506, 4666502.464337032288313 ], [ 189385.132514124765294, 4664554.388853112235665 ], [ 185173.920614874426974, 4665637.919201130978763 ], [ 185059.951903839217266, 4665675.415827011689544 ], [ 185115.626722991029965, 4665781.321029657498002 ], [ 185649.446819118311396, 4666465.777704558335245 ], [ 185565.09822149106185, 4667301.34484576806426 ], [ 185454.537691008794354, 4667642.292421564459801 ], [ 184908.776858497090871, 4668490.376344155520201 ], [ 184580.880809904629132, 4668827.590339015237987 ], [ 183525.754773781838594, 4669503.156291425228119 ], [ 183098.466664696665248, 4669906.623412374407053 ], [ 182673.121019061276456, 4670641.685709590092301 ], [ 182582.380800998857012, 4671257.321815740317106 ] ] ] } },
{ "type": "Feature", "properties": { "drag_region": "Central", "region": "Central", "NAME": "Bedford", "NAMELSAD": "Bedford town" }, "geometry": { "type": "Polygon", "coordinates": [ [ [ 323321.18023210024694, 4716021.898854484781623 ], [ 323364.322803709656, 4716200.636669135652483 ], [ 323590.765840842679609, 4716263.453783829696476 ], [ 323681.109337991394568, 4716405.897077451460063 ], [ 323471.083861171384342, 4716717.468067044392228 ], [ 323684.437671495426912, 4718696.741234391927719 ], [ 323825.735708010615781, 4719007.820127340964973 ], [ 324648.322626252600458, 4719736.953827662393451 ], [ 324636.75073146703653, 4720426.269376220181584 ], [ 324877.886125951772556, 4720345.585779510438442 ], [ 327003.712589962990023, 4721042.330586515367031 ], [ 328146.556639425281901, 4720719.21019032318145 ], [ 328778.937378422066104, 4720692.449787723831832 ], [ 328924.627346196095459, 4720533.107151892967522 ], [ 329297.768536547606345, 4720871.786828433163464 ], [ 329902.206726323463954, 4720212.350280244834721 ], [ 329985.476394059718587, 4720305.491459739394486 ], [ 330108.555932734510861, 4720182.000222868286073 ], [ 330341.726360112777911, 4719261.847214696928859 ], [ 330739.743112715834286, 4718681.957414041273296 ], [ 329951.524951145518571, 4716885.441522450186312 ], [ 329026.175268227176275, 4716354.562177547253668 ], [ 328628.016459139529616, 4715641.060945321805775 ], [ 328217.002556684135925, 4715401.646300034597516 ], [ 327248.751455880119465, 4713589.296030555851758 ], [ 326824.676085405284539, 4713712.463098322972655 ], [ 326689.046449930872768, 4713601.202339758165181 ], [ 326579.512004668707959, 4713658.820585929788649 ], [ 326496.615151536883786, 4713602.375440179370344 ], [ 326410.743301891663577, 4713774.820043521001935 ], [ 325148.593232268234715, 4715113.317611328326166 ], [ 324978.360284359776415, 4715200.501904373057187 ], [ 324894.421700064092875, 4715157.10615040268749 ], [ 324699.772565374267288, 4715326.528291715309024 ], [ 324509.328481910051778, 4715299.367242802865803 ], [ 324275.842432463075966, 4715525.422785197384655 ], [ 323915.390601900406182, 4715288.320351805537939 ], [ 323321.18023210024694, 4716021.898854484781623 ] ] ] } },
{ "type": "Feature", "properties": { "drag_region": "Central", "region": "Central", "NAME": "Boxborough", "NAMELSAD": "Boxborough town" }, "geometry": { "type": "Polygon", "coordinates": [ [ [ 298959.183606475533452, 4716031.321600284427404 ], [ 301619.416029671323486, 4721007.690063838846982 ], [ 302594.032181162328925, 4720509.061857117339969 ], [ 302825.935426301613916, 4720047.364609205164015 ], [ 303094.851802587218117, 4719742.963056045584381 ], [ 303292.323991180688608, 4719868.93192826025188 ], [ 303797.385260252340231, 4719501.221265360713005 ], [ 304031.764540352334734, 4719760.716936655342579 ], [ 306181.622028130455874, 4718687.448754517361522 ], [ 304006.696789439127315, 4714705.39322816953063 ], [ 300328.177870516490657, 4715112.27413544524461 ], [ 298959.183606475533452, 4716031.321600284427404 ] ] ] } },
{ "type": "Feature", "properties": { "drag_region": "Central", "region": "Central", "NAME": "Burlington", "NAMELSAD": "Burlington town" }, "geometry": { "type": "Polygon", "coordinates": [ [ [ 331001.895570617169142, 4716856.400583364069462 ], [ 332665.085591730196029, 4720719.035340193659067 ], [ 332983.125132227200083, 4720578.799825237132609 ], [ 334106.911538096494041, 4722821.021315309219062 ], [ 336895.316433535772376, 4719531.867421570234001 ], [ 336862.372008668258786, 4718967.67257637437433 ], [ 336920.764247600222006, 4718942.842639135196805 ], [ 336931.774093198124319, 4718679.209863137453794 ], [ 336879.315771123336162, 4718553.766477963887155 ], [ 336938.167678889643867, 4718527.48059341404587 ], [ 336976.880567931104451, 4717614.319341024383903 ], [ 336916.235773897496983, 4716754.482360086403787 ], [ 336765.642347013461404, 4716670.330788362771273 ], [ 336905.585189641744364, 4716370.286135016009212 ], [ 335862.003215516626369, 4716012.03230303991586 ], [ 335739.110759076429531, 4715848.516505222767591 ], [ 335443.062675619148649, 4715729.245887252502143 ], [ 335524.497031680541113, 4715614.582855997607112 ], [ 335293.64906127168797, 4715590.422823401167989 ], [ 333935.37898902152665, 4714086.476451594382524 ], [ 333463.936348925577477, 4714641.235749402083457 ], [ 333424.383332476951182, 4714294.680637288838625 ], [ 333295.329346860235091, 4714147.476497570984066 ], [ 331001.895570617169142, 4716856.400583364069462 ] ] ] } },
{ "type": "Feature", "properties": { "drag_region": "Central", "region": "Central", "NAME": "Carlisle", "NAMELSAD": "Carlisle town" }, "geometry": { "type": "Polygon", "coordinates": [ [ [ 315746.424313610303216, 4722958.659054059535265 ], [ 316974.5079962114105, 4723444.537687374278903 ], [ 316711.383198496652767, 4724701.899520291015506 ], [ 318381.689472889644094, 4725554.180155750364065 ], [ 320208.149835807387717, 4726128.342130004428327 ], [ 321328.473372588865459, 4725774.544212660752237 ], [ 321281.607254937873222, 4725704.599924591369927 ], [ 322369.176937988726422, 4725002.928579728119075 ], [ 322785.105729080620222, 4724489.681944398209453 ], [ 322442.002901466796175, 4723746.490977733395994 ], [ 323326.868600831658114, 4722659.815781348384917 ], [ 323288.130953408894129, 4722302.811785715632141 ], [ 323526.458466885145754, 4722216.977771864272654 ], [ 323325.31518660846632, 4721455.771468899212778 ], [ 323348.659199642657768, 4720585.883875540457666 ], [ 322489.659922964230645, 4719805.958048300817609 ], [ 322376.28858932753792, 4719526.899163601920009 ], [ 322383.057431846274994, 4719263.225498202256858 ], [ 319419.432957741431892, 4719399.901732017286122 ], [ 316849.677263054763898, 4719643.552030989900231 ], [ 316314.261272839503363, 4719920.252833601087332 ], [ 315851.369217332685366, 4722095.71131282299757 ], [ 315746.424313610303216, 4722958.659054059535265 ] ] ] } },
{ "type": "Feature", "properties": { "drag_region": "Central", "region": "Central", "NAME": "Concord", "NAMELSAD": "Concord town" }, "geometry": { "type": "Polygon", "coordinates": [ [ [ 312711.381307354022283, 4710835.860226973891258 ], [ 316657.951969112793449, 4718225.182642117142677 ], [ 319227.707663799461443, 4717981.532343144528568 ], [ 322191.332137904304545, 4717844.856109329499304 ], [ 321971.209485061524902, 4716129.256607381626964 ], [ 322181.234961881535128, 4715817.685617788694799 ], [ 322090.891464732820168, 4715675.242324166931212 ], [ 321864.44842759979656, 4715612.425209472887218 ], [ 321818.222462308593094, 4715420.21399768255651 ], [ 321911.700558148382697, 4715397.318911914713681 ], [ 322153.507737013103906, 4714962.525999696925282 ], [ 322415.516225790546741, 4714700.108892142772675 ], [ 322775.968056353216525, 4714937.211325534619391 ], [ 323009.454105800192337, 4714711.155783140100539 ], [ 323199.898189264407847, 4714738.316832052543759 ], [ 323394.547323954233434, 4714568.894690739922225 ], [ 323478.485908249916974, 4714612.290444710291922 ], [ 323648.718856158375274, 4714525.106151665560901 ], [ 324372.036615147895645, 4713757.987281370908022 ], [ 324397.915100961283315, 4713576.707735112868249 ], [ 323323.042634540994186, 4713322.759122737683356 ], [ 323330.790467646846082, 4713223.200677576474845 ], [ 323246.023521009075921, 4713240.837393433786929 ], [ 323086.81350658898009, 4712296.241628399118781 ], [ 322694.919823774660472, 4712350.461420918814838 ], [ 322369.81441342405742, 4712572.241625129245222 ], [ 320527.66851562296506, 4710706.06442434899509 ], [ 319081.058705871575512, 4709539.918796664103866 ], [ 318895.259718642511871, 4708973.857034854590893 ], [ 318728.925392735865898, 4708771.768815452232957 ], [ 318331.116100442304742, 4708916.070272941142321 ], [ 318085.638168236124329, 4708847.222663665190339 ], [ 318112.124745801964309, 4708355.393785128369927 ], [ 317903.439440440095495, 4707994.250330490060151 ], [ 312711.381307354022283, 4710835.860226973891258 ] ] ] } },
{ "type": "Feature", "properties": { "drag_region": "Northeast", "region": "Northeast", "NAME": "Bourne", "NAMELSAD": "Bourne town" }, "geometry": { "type": "Polygon", "coordinates": [ [ [ 377230.951262963993941, 4602354.593353552743793 ], [ 378490.77273756172508, 4605736.727053143084049 ], [ 378672.658455042634159, 4605564.361325669102371 ], [ 381286.979998610215262, 4608607.944938102737069 ], [ 381584.812148618337233, 4609284.671911692246795 ], [ 381547.52784598863218, 4609423.996871322393417 ], [ 381657.412865465157665, 4609601.390472701750696 ], [ 381674.838310620863922, 4609887.172603282146156 ], [ 382246.121665244572796, 4610388.11789442691952 ], [ 382192.713721307110973, 4610589.943994658067822 ], [ 382247.036541539418977, 4610857.255613822489977 ], [ 382818.086964583257213, 4611633.697111680172384 ], [ 383156.133720556739718, 4611748.380627802573144 ], [ 383256.080447225132957, 4611909.878686358220875 ], [ 383189.503621512441896, 4612071.294186664745212 ], [ 382900.221093964879401, 4612317.994650915265083 ], [ 382918.268173974240199, 4612639.308999367058277 ], [ 382518.751429462048691, 4613448.343149735592306 ], [ 382309.826862243644428, 4613635.348326052539051 ], [ 384796.155453068320639, 4614898.295211887918413 ], [ 387950.291500779567286, 4616173.982251670211554 ], [ 390317.704338522336911, 4618792.605860863812268 ], [ 390795.000163480348419, 4617982.082398680970073 ], [ 391772.230022211675532, 4616832.768923033960164 ], [ 391654.010470799985342, 4614528.174967418424785 ], [ 391407.01274903153535, 4614069.077568062581122 ], [ 390049.534670161316171, 4608315.702881345525384 ], [ 390083.558604359743185, 4607658.266093130223453 ], [ 389720.94220811635023, 4606634.97213323879987 ], [ 389837.483474579115864, 4605993.60624283272773 ], [ 389776.359388424432836, 4605447.935952244326472 ], [ 389465.931411921221297, 4604714.704493219964206 ], [ 389265.182749556493945, 4603911.655009624548256 ], [ 389001.773220114409924, 4603414.272475912235677 ], [ 387569.942345668852795, 4601699.023355832323432 ], [ 387591.076217234833166, 4601175.306896223686635 ], [ 387489.430402626050636, 4600908.491681670770049 ], [ 387367.975727462617215, 4600839.842754132114351 ], [ 387466.263661561941262, 4600660.685676584020257 ], [ 387447.168947656697128, 4600503.988966010510921 ], [ 383703.445107346400619, 4602002.927265077829361 ], [ 383048.864294032333419, 4601906.254017112776637 ], [ 377230.951262963993941, 4602354.593353552743793 ] ] ] } },
{ "type": "Feature", "properties": { "drag_region": "Northeast", "region": "Northeast", "NAME": "Mashpee", "NAMELSAD": "Mashpee town" }, "geometry": { "type": "Polygon", "coordinates": [ [ [ 391607.101316834159661, 4597148.101122294552624 ], [ 391935.374612820334733, 4597602.153374903835356 ], [ 392380.328750835149549, 4597925.426148356869817 ], [ 393002.603529077547137, 4598588.65818530227989 ], [ 393334.008936194761191, 4599285.71602813154459 ], [ 393858.768060800037347, 4601165.30139733850956 ], [ 394040.059127319953404, 4601417.782009312883019 ], [ 395206.678652490722016, 4600794.574529426172376 ], [ 395190.082551717991009, 4600879.379960517399013 ], [ 395369.371732173196506, 4600884.595746990293264 ], [ 395472.634177090658341, 4600971.43054086714983 ], [ 395495.208420676470269, 4601476.141658615320921 ], [ 395254.740856752323452, 4601619.807570145465434 ], [ 395229.359760975698009, 4602219.420834278687835 ], [ 396825.687345428683329, 4602374.767434207722545 ], [ 397029.022809370071627, 4602070.531663404777646 ], [ 397070.654582004237454, 4601496.973636789247394 ], [ 396446.784141590702347, 4600254.039780340157449 ], [ 396571.959066359559074, 4599702.032219998538494 ], [ 397001.059187993523665, 4599552.628176464699209 ], [ 397367.453608296753373, 4600237.04073163215071 ], [ 398394.089520653709769, 4600006.021456649526954 ], [ 399019.993827572732698, 4599203.721034961752594 ], [ 399386.183378719491884, 4598467.694320308044553 ], [ 398938.639519865275361, 4597602.527358250692487 ], [ 398810.0677303391858, 4597516.735911334864795 ], [ 398861.280534195131622, 4597189.141216547228396 ], [ 398711.86508042505011, 4597241.191895022988319 ], [ 398365.902886385563761, 4597055.683628105558455 ], [ 397713.180058248457499, 4597023.553429846651852 ], [ 397601.591862540983129, 4596713.378289571031928 ], [ 397849.342903843382373, 4596524.92018446046859 ], [ 398529.319876667228527, 4596776.942523465491831 ], [ 398566.987528928497341, 4596703.452478978782892 ], [ 398845.202363285701722, 4596754.066412487067282 ], [ 398963.660498647892382, 4595827.185695081017911 ], [ 399149.152192731620744, 4595391.055045453831553 ], [ 399158.07886915281415, 4595267.631722464226186 ], [ 399056.203054624027573, 4595180.831088753417134 ], [ 399094.002870977798011, 4595000.283277652226388 ], [ 398997.46465176413767, 4594983.359635046683252 ], [ 398962.951434531074483, 4594670.536968580447137 ], [ 398811.660680587985553, 4594658.979115694761276 ], [ 398093.005010216205847, 4593605.521717696450651 ], [ 397747.212680366646964, 4592542.679973440244794 ], [ 398264.617835225188173, 4591637.461615649051964 ], [ 398725.696672413439956, 4591370.699328871443868 ], [ 398805.501965231320355, 4591495.294322361238301 ], [ 398857.060042207245715, 4591447.561139151453972 ], [ 398970.47290475142654, 4591518.174514370039105 ], [ 398945.535363723873161, 4591274.602467347867787 ], [ 398356.291237517725676, 4590375.862695300020278 ], [ 398198.320343018567655, 4590009.045645141042769 ], [ 397556.796149267815053, 4589191.210191345773637 ], [ 396809.043521204148419, 4588369.577715182676911 ], [ 395900.486269457964227, 4587812.101235267706215 ], [ 395579.765176711603999, 4587760.988304399885237 ], [ 395246.808508960530162, 4587596.044559753499925 ], [ 394315.481790356512647, 4587573.789523493498564 ], [ 392909.242963904631324, 4587327.005799355916679 ], [ 392401.949292614590377, 4587164.264922739937901 ], [ 392437.513227395480499, 4587486.264143800362945 ], [ 393507.561240861541592, 4589516.792068861424923 ], [ 393715.813116698991507, 4589430.734066728502512 ], [ 393774.546222968143411, 4589731.675321859307587 ], [ 394203.762416391808074, 4590316.559445967897773 ], [ 394245.761018462246284, 4590496.297396243549883 ], [ 394399.800386294489726, 4590568.908492071554065 ], [ 394342.172547289985232, 4590712.068998713046312 ], [ 394989.999004077166319, 4592262.508768823929131 ], [ 392718.227504672016948, 4592980.441390258260071 ], [ 392091.874338817317039, 4595983.864591158926487 ], [ 391607.101316834159661, 4597148.101122294552624 ] ] ] } },
{ "type": "Feature", "properties": { "drag_region": "Northeast", "region": "Northeast", "NAME": "Sandwich", "NAMELSAD": "Sandwich town" }, "geometry": { "type": "Polygon", "coordinates": [ [ [ 389089.635911046992987, 4600544.89896335080266 ], [ 389211.090586210426409, 4600613.547890889458358 ], [ 389312.736400819208939, 4600880.363105442374945 ], [ 389303.161718351067975, 4601425.97113424167037 ], [ 390668.590662903210614, 4603037.90655209030956 ], [ 390979.892717912734952, 4603600.620797341689467 ], [ 391187.59159550559707, 4604419.760702438652515 ], [ 391498.019572008808609, 4605152.992161463014781 ], [ 391559.143658163491637, 4605698.662452051416039 ], [ 391442.602391700726002, 4606340.028342457488179 ], [ 391805.218787944118958, 4607363.322302348911762 ], [ 391771.194853745691944, 4608020.759090564213693 ], [ 393128.672932615911122, 4613774.133777281269431 ], [ 393375.670654384361114, 4614233.231176637113094 ], [ 393493.890205796051305, 4616537.825132252648473 ], [ 393923.997304332558997, 4616013.566590423695743 ], [ 395573.887857529451139, 4614834.976015032269061 ], [ 395490.325086027674843, 4614489.91388607211411 ], [ 395650.078715918585658, 4614286.781711702235043 ], [ 396006.939464481722098, 4614283.592915048822761 ], [ 396066.800553305831272, 4614211.58814584184438 ], [ 395825.239569250203203, 4614190.117065826430917 ], [ 396152.105056927714031, 4614014.643518413417041 ], [ 396509.856391003238969, 4613633.189019109122455 ], [ 396945.137421679624822, 4613430.563400955870748 ], [ 396997.365327286475804, 4613256.855121362023056 ], [ 397169.394485808908939, 4613430.935006896965206 ], [ 397104.434553255559877, 4613332.760421833954751 ], [ 397203.765057283861097, 4613301.736963607370853 ], [ 397287.601870924816467, 4613060.297486967407167 ], [ 400252.893683055939618, 4611773.146692102774978 ], [ 400851.162372383929323, 4611581.706931484863162 ], [ 401048.83981696004048, 4611596.082222927361727 ], [ 400942.708333118469454, 4611345.074844592250884 ], [ 401101.797812977863941, 4611614.972038326784968 ], [ 401236.266897321445867, 4611343.204104322008789 ], [ 401387.171154191775713, 4611264.85289654135704 ], [ 402658.24905902100727, 4610877.890053636394441 ], [ 403519.034384776372463, 4610730.475206417962909 ], [ 403665.954560135141946, 4610624.807177192531526 ], [ 404712.231561226362828, 4610443.879425837658346 ], [ 398294.602618345583323, 4602104.212492862716317 ], [ 397267.966705988626927, 4602335.231767845340073 ], [ 396901.572285685397219, 4601650.819212677888572 ], [ 396472.472164051432628, 4601800.223256211727858 ], [ 396347.297239282575902, 4602352.230816553346813 ], [ 396891.613314459857065, 4603539.44256488326937 ], [ 396958.539526872045826, 4603543.293997397646308 ], [ 396929.535907061945181, 4604168.72269961796701 ], [ 396726.200443120556884, 4604472.958470420911908 ], [ 395129.872858667571563, 4604317.611870491877198 ], [ 395155.253954444197007, 4603717.998606358654797 ], [ 395395.721518368343823, 4603574.332694828510284 ], [ 395373.147274782531895, 4603069.621577080339193 ], [ 395269.88482986507006, 4602982.786783203482628 ], [ 395090.595649409864563, 4602977.570996730588377 ], [ 395107.19175018259557, 4602892.765565639361739 ], [ 393940.572225011826959, 4603515.973045526072383 ], [ 393759.281158491910901, 4603263.492433551698923 ], [ 393234.522033886634745, 4601383.907064344733953 ], [ 392903.116626769420691, 4600686.849221515469253 ], [ 392280.841848527023103, 4600023.61718457005918 ], [ 391835.887710512208287, 4599700.34441111702472 ], [ 391505.216866620176006, 4599242.669928416609764 ], [ 389168.829131241072901, 4600209.045175229199231 ], [ 389187.923845146317035, 4600365.741885802708566 ], [ 389089.635911046992987, 4600544.89896335080266 ] ] ] } },
{ "type": "Feature", "properties": { "drag_region": "Northeast", "region": "Northeast", "NAME": "Yarmouth", "NAMELSAD": "Yarmouth town" }, "geometry": { "type": "Polygon", "coordinates": [ [ [ 418465.487192194617819, 4596236.055439474061131 ], [ 419102.109932247258257, 4596709.400558973662555 ], [ 419488.423989446309861, 4596554.150083208456635 ], [ 419615.763505709997844, 4596653.007533346302807 ], [ 419510.169448092638049, 4596992.251956130377948 ], [ 418542.995076847437304, 4598621.581889705732465 ], [ 419860.012551572988741, 4603644.868590392172337 ], [ 419805.023701511498075, 4605017.361750511452556 ], [ 419714.287313397915568, 4605271.107561969198287 ], [ 419531.415131092711817, 4605443.807465998455882 ], [ 419775.63412821746897, 4605829.013346797786653 ], [ 419771.472211702319328, 4606067.499175267294049 ], [ 419913.405603294493631, 4606060.535233332775533 ], [ 420377.593410422734451, 4606464.311551012098789 ], [ 420739.07895003282465, 4607006.753374896012247 ], [ 421045.1430547395139, 4607172.444796593859792 ], [ 421583.328503434953745, 4607299.821596866473556 ], [ 421608.531491947651375, 4607374.639237638562918 ], [ 422017.133764518366661, 4607227.290897263213992 ], [ 422329.427468606038019, 4607703.551370467990637 ], [ 422832.258913880272303, 4607262.621750188060105 ], [ 423121.806061813025735, 4607353.343962634913623 ], [ 423240.197641248989385, 4606949.002709829248488 ], [ 423474.515328120440245, 4606998.878902957774699 ], [ 423361.271887025621254, 4607074.216890014708042 ], [ 423489.763406803016551, 4607247.745354564860463 ], [ 423765.534227876400109, 4607217.534192577004433 ], [ 423760.332732710929122, 4607031.490307138301432 ], [ 423835.522813744843006, 4607177.903105810284615 ], [ 423893.381151951907668, 4607080.254135464318097 ], [ 424061.970451604225673, 4607112.640878376550972 ], [ 424097.553213661478367, 4607016.195162059739232 ], [ 424157.928832074743696, 4607103.408461334183812 ], [ 424175.252025266701821, 4607033.649050409905612 ], [ 424252.850361438875552, 4607091.415676932781935 ], [ 424376.800292143365368, 4606983.960203249938786 ], [ 424728.020337980007753, 4607142.955089216120541 ], [ 425115.076649006223306, 4606829.182028041221201 ], [ 424993.47614371398231, 4606490.845781574957073 ], [ 426023.661375615338329, 4605839.167339480482042 ], [ 426254.237596026563551, 4605779.360924376174808 ], [ 426610.98482837213669, 4605417.451799222268164 ], [ 426303.90705186658306, 4605027.668291119858623 ], [ 426635.641026017547119, 4604774.82020665332675 ], [ 427120.909958789939992, 4604177.318206419236958 ], [ 427307.928939863748383, 4604086.270651602186263 ], [ 427336.017400109849405, 4603586.847729115746915 ], [ 427516.71238975104643, 4603218.277259855531156 ], [ 427774.693725693854503, 4603048.216220861300826 ], [ 427956.731064992549364, 4603115.716453467495739 ], [ 428193.712598763289861, 4602751.180428935214877 ], [ 427943.319468141766265, 4602417.864479192532599 ], [ 427950.136922026693355, 4602145.710880305618048 ], [ 427560.826098093006294, 4601890.793258449994028 ], [ 426950.646593092824332, 4601106.881724609993398 ], [ 426637.108700659184251, 4601090.394957987591624 ], [ 426502.403925192658789, 4601000.069264216348529 ], [ 426243.861320339667145, 4600513.788301138207316 ], [ 425880.393381307483651, 4600156.996167061850429 ], [ 425626.29171119100647, 4599726.086776547133923 ], [ 425080.432337152597029, 4599296.119463282637298 ], [ 424976.533845708938316, 4598801.295761842280626 ], [ 425092.390055178606417, 4598681.3121038665995 ], [ 425424.709605941083282, 4598686.703528920188546 ], [ 425494.914505866647232, 4598348.486290004104376 ], [ 423062.727353041933384, 4597354.982354569248855 ], [ 423076.582707867666613, 4597221.418858616612852 ], [ 421838.165090474940371, 4596730.337514423765242 ], [ 420616.107485276763327, 4596132.732400554232299 ], [ 420295.991209414729383, 4595703.17823532782495 ], [ 420127.265532156743575, 4594776.158747165463865 ], [ 419458.141267450468149, 4594235.346112578175962 ], [ 418714.824973854760174, 4594407.618642257526517 ], [ 418465.487192194617819, 4596236.055439474061131 ] ] ] } },
{ "type": "Feature", "properties": { "drag_region": "West", "region": "West", "NAME": "Brimfield", "NAMELSAD": "Brimfield town" }, "geometry": { "type": "Polygon", "coordinates": [ [ [ 215183.862136003008345, 4672394.325868514366448 ], [ 215259.441640130971791, 4672310.572746056132019 ], [ 215410.814245462679537, 4672325.450926641002297 ], [ 215603.41577588985092, 4672547.943644306622446 ], [ 215615.041532005969202, 4672792.945249019190669 ], [ 215749.631109629088314, 4672977.071888251230121 ], [ 215851.731883856438799, 4673469.058817891404033 ], [ 215980.492181611334672, 4673585.683213100768626 ], [ 215739.276335645088693, 4674002.519554397091269 ], [ 215891.473530279385159, 4674292.625528479926288 ], [ 215767.24032046328648, 4674518.366797562688589 ], [ 215876.637545500328997, 4674851.261440634727478 ], [ 216242.257496792502934, 4675138.980755999684334 ], [ 216359.456010441441322, 4675447.337616130709648 ], [ 216176.315109963266877, 4675815.232754326425493 ], [ 216374.279638576816069, 4676050.98931697010994 ], [ 216200.618519468785962, 4676478.021796316839755 ], [ 216264.599465750652598, 4676628.15638174675405 ], [ 216216.133619900996564, 4676824.857583408243954 ], [ 221350.047061901626876, 4674123.099728493019938 ], [ 221424.056846181309083, 4673277.383660309016705 ], [ 226773.240984250529436, 4673976.899611870758235 ], [ 226474.738069522747537, 4666079.571274763904512 ], [ 215317.756739953911165, 4666704.547646288760006 ], [ 215183.862136003008345, 4672394.325868514366448 ] ] ] } },
{ "type": "Feature", "properties": { "drag_region": "West", "region": "West", "NAME": "Westfield", "NAMELSAD": "Westfield city" }, "geometry": { "type": "Polygon", "coordinates": [ [ [ 160954.558337985741673, 4671669.807413133792579 ], [ 161250.046828743157675, 4672767.846906824037433 ], [ 161372.77531567189726, 4672752.179988262243569 ], [ 161580.498800235654926, 4672910.955826610326767 ], [ 161843.546497055242071, 4672860.147040934301913 ], [ 161931.363178260886343, 4672928.300632774829865 ], [ 161836.448440953303361, 4673283.450597859919071 ], [ 161864.582375444791978, 4673549.259911436587572 ], [ 162120.916013120819116, 4673530.143291604705155 ], [ 162479.07831662465469, 4673708.652552753686905 ], [ 162586.405414176784689, 4674093.086494762450457 ], [ 162938.992370686988579, 4674168.708728654310107 ], [ 163128.097407338122139, 4674017.886895436793566 ], [ 164549.352102288423339, 4676053.146928860805929 ], [ 164999.751596911373781, 4676199.041969954967499 ], [ 165441.047178978129523, 4676796.488645511679351 ], [ 165836.997871614148607, 4677109.883802209980786 ], [ 167009.985644999105716, 4680909.293038802221417 ], [ 175094.575509106187383, 4678653.779280871152878 ], [ 175159.078297405649209, 4676375.330840974114835 ], [ 175065.453102766623488, 4675448.556459531188011 ], [ 174727.184405439387774, 4674545.603553870692849 ], [ 174918.862260034569772, 4674265.944024725817144 ], [ 174908.276374788809335, 4673383.201776140369475 ], [ 174556.973124706390081, 4672596.303372319787741 ], [ 174439.609729367104592, 4671740.654566701501608 ], [ 173979.640545381378615, 4669770.967913229949772 ], [ 173401.993800590775209, 4668451.723020487464964 ], [ 173019.599977416655747, 4667328.866431022062898 ], [ 162270.321997411752818, 4670187.427373730577528 ], [ 162143.584689736919245, 4671251.30022660177201 ], [ 160954.558337985741673, 4671669.807413133792579 ] ] ] } },
{ "type": "Feature", "properties": { "drag_region": "Central", "region": "Central", "NAME": "Dracut", "NAMELSAD": "Dracut town" }, "geometry": { "type": "Polygon", "coordinates": [ [ [ 318543.917876810010057, 4743294.749660732224584 ], [ 318955.475674881716259, 4743980.894040795974433 ], [ 318938.714360489277169, 4744414.136149684898555 ], [ 319334.68839768768521, 4744974.928418745286763 ], [ 325481.452321321063209, 4744653.133921773172915 ], [ 326809.388482228911016, 4746207.234394430182874 ], [ 327760.233561583852861, 4747812.576836304739118 ], [ 328833.412648069555871, 4748953.792958058416843 ], [ 330024.812992106599268, 4741461.507942273281515 ], [ 329835.132089390594047, 4741167.714731652289629 ], [ 329713.169070232077502, 4740765.336058150976896 ], [ 329564.315173065697309, 4740623.376711633056402 ], [ 328968.016874842171092, 4740529.772864413447678 ], [ 328467.499876504705753, 4740122.946839052252471 ], [ 327845.395582272147294, 4740213.598557987250388 ], [ 326955.264716681966092, 4740076.25690598692745 ], [ 326518.495229638705496, 4739855.100926247425377 ], [ 325973.683720291766804, 4739286.166675223968923 ], [ 324985.169984664476942, 4741274.11602515168488 ], [ 320198.276824663102161, 4740065.638966553844512 ], [ 319289.907720966322813, 4740902.225657952949405 ], [ 319505.862674013886135, 4741443.523262680508196 ], [ 319252.53975319681922, 4741745.802924688905478 ], [ 319076.31739587552147, 4741174.056753446348011 ], [ 318936.112646106630564, 4741397.822933496907353 ], [ 318543.917876810010057, 4743294.749660732224584 ] ] ] } },
{ "type": "Feature", "properties": { "drag_region": "Central", "region": "Central", "NAME": "Dunstable", "NAMELSAD": "Dunstable town" }, "geometry": { "type": "Polygon", "coordinates": [ [ [ 299998.296269914251752, 4743320.200304515659809 ], [ 300136.794104236352723, 4743560.545055006630719 ], [ 300096.861095211119391, 4744769.208087582141161 ], [ 300381.228604549251031, 4745129.743951898999512 ], [ 300693.827201123931445, 4745296.587574169039726 ], [ 301115.47661605553003, 4745774.273691630922258 ], [ 301280.015760063019115, 4746190.58373870048672 ], [ 308222.643748924252577, 4745747.589210798963904 ], [ 308318.524882837722544, 4745225.086116067133844 ], [ 307921.210869182075839, 4744805.412218600511551 ], [ 308035.632383643474896, 4744635.250144218094647 ], [ 308155.289105476287659, 4744695.452169531956315 ], [ 308245.145374306302983, 4744650.157679435797036 ], [ 308305.463339047681075, 4744169.925744856707752 ], [ 308638.464321064937394, 4744249.387271353974938 ], [ 308950.835368108877447, 4743546.676557386294007 ], [ 309049.136223911773413, 4742376.488068653270602 ], [ 308561.439202093868516, 4742316.494836952537298 ], [ 308558.157708925835323, 4742276.911732971668243 ], [ 308628.358526192721911, 4742316.219820890575647 ], [ 308860.239124801300932, 4742084.651677330955863 ], [ 308981.75578512676293, 4741573.539305553771555 ], [ 308748.11869568756083, 4741431.265937684103847 ], [ 308280.269258253392763, 4741376.381164918653667 ], [ 308318.337093981623184, 4741252.349885229021311 ], [ 308009.601084952766541, 4741222.425950254313648 ], [ 308127.659938232449349, 4741064.946124589070678 ], [ 306657.830052229808643, 4740165.329470627941191 ], [ 306301.557796565990429, 4741165.524654541164637 ], [ 306028.123424270481337, 4740310.615033619105816 ], [ 305487.818416989583056, 4740122.775710665620863 ], [ 304878.664579168835189, 4740207.986608969978988 ], [ 303342.914983562484849, 4739566.734360550530255 ], [ 301764.762770788103808, 4740146.3933947943151 ], [ 301591.819802251819056, 4741827.846186514943838 ], [ 301997.570205682830419, 4742425.112376117147505 ], [ 301486.3134650378488, 4743017.553790256381035 ], [ 299998.296269914251752, 4743320.200304515659809 ] ] ] } },
{ "type": "Feature", "properties": { "drag_region": "Southeast", "region": "Southeast", "NAME": "Nantucket", "NAMELSAD": "Nantucket town" }, "geometry": { "type": "Polygon", "coordinates": [ [ [ 415804.973085823236033, 4560688.474251958541572 ], [ 416027.079001398291439, 4561333.248282731510699 ], [ 416886.206256564473733, 4562068.379014232195914 ], [ 417802.553896668949164, 4562236.968445807695389 ], [ 418521.703816313296556, 4562090.809634181670845 ], [ 419369.667609275726136, 4561562.15002821944654 ], [ 424257.098578112083487, 4557529.080201141536236 ], [ 427880.824252331221942, 4556951.717319699004292 ], [ 432922.695737421454396, 4556534.554564710706472 ], [ 434841.948412104917224, 4556251.345755841583014 ], [ 435146.951571111683734, 4556016.972254429012537 ], [ 436618.20006131392438, 4556618.648832175880671 ], [ 437057.668560428544879, 4556881.120550868101418 ], [ 439341.71262666338589, 4560352.216883734799922 ], [ 440076.256727787840646, 4562060.637466421350837 ], [ 440087.681069281010423, 4563104.116121423430741 ], [ 439777.183373654843308, 4563869.768644571304321 ], [ 438733.959263839351479, 4564779.791519907303154 ], [ 438144.925570071151014, 4566039.812881046906114 ], [ 438537.15708552277647, 4567119.389193022623658 ], [ 439588.828763150260784, 4567604.386582598090172 ], [ 440510.751351110811811, 4567352.030535290949047 ], [ 441731.013893410447054, 4565884.106514548882842 ], [ 443531.670288901892491, 4562940.054605812765658 ], [ 446648.546496941708028, 4556568.034811463207006 ], [ 447723.802604843047448, 4553981.978218691423535 ], [ 447781.995376555714756, 4551527.915729928761721 ], [ 447211.903477090061642, 4549964.962963693775237 ], [ 445713.274991399841383, 4548865.250779656693339 ], [ 443520.428749920392875, 4548100.302988085895777 ], [ 442193.177230946719646, 4548013.157363933511078 ], [ 437789.662225457082968, 4548605.058223210275173 ], [ 432778.107469725422561, 4549094.117661723867059 ], [ 429111.484465372515842, 4549886.666894654743373 ], [ 425826.943710078368895, 4551202.423368718475103 ], [ 421752.406912073376589, 4553208.777650444768369 ], [ 417661.681877770693973, 4557111.818408989347517 ], [ 416506.236473079072312, 4558980.095700186677277 ], [ 415893.278259252896532, 4560159.097918658517301 ], [ 415804.973085823236033, 4560688.474251958541572 ] ] ] } },
{ "type": "Feature", "properties": { "drag_region": "West", "region": "West", "NAME": "Montague", "NAMELSAD": "Montague town" }, "geometry": { "type": "Polygon", "coordinates": [ [ [ 188496.623599512880901, 4729396.653310155496001 ], [ 188602.493647481227526, 4729778.566930211149156 ], [ 189084.853330848243786, 4730032.952201241627336 ], [ 189925.158821980148787, 4731032.028530587442219 ], [ 190630.475271155504743, 4731555.131718025542796 ], [ 190934.467701380694052, 4731660.93785884603858 ], [ 191107.134475934522925, 4731651.452665419317782 ], [ 191158.146462619217345, 4731383.075690272264183 ], [ 191612.381571428646566, 4730870.478838172741234 ], [ 191666.337276296137134, 4730052.279586334712803 ], [ 191893.716226634307532, 4729868.525848299264908 ], [ 192143.907995010871673, 4729889.75507949013263 ], [ 192751.895885960984742, 4730153.029785208404064 ], [ 193582.456918612617301, 4730680.087409107014537 ], [ 194893.77126896273694, 4730529.233929957263172 ], [ 195120.240882058133138, 4729959.262198044918478 ], [ 195350.592407398129581, 4729758.04062713868916 ], [ 195602.156540600029984, 4729836.851766646839678 ], [ 195655.927110315329628, 4729759.757989158853889 ], [ 195638.360318091028603, 4729424.404511980712414 ], [ 195745.120300950104138, 4729294.836859326809645 ], [ 195501.537849294923944, 4728964.268353971652687 ], [ 195478.429531392670469, 4728548.711960799060762 ], [ 194980.303944132087054, 4728014.204129002057016 ], [ 194994.679147581657162, 4727948.41699258890003 ], [ 195201.444700043619378, 4727841.066255579702556 ], [ 195816.460455580701819, 4727961.591498410329223 ], [ 196272.127330154791707, 4727671.564656341448426 ], [ 196805.465552930341801, 4727745.596206364221871 ], [ 196986.574566829745891, 4727631.459148993715644 ], [ 197266.414865797007224, 4727216.801347149536014 ], [ 197424.037839969241759, 4727134.902500404976308 ], [ 197690.105053166189464, 4727187.056898315437138 ], [ 198048.119548102462431, 4727416.557847687974572 ], [ 198221.784237375512021, 4727107.972932693548501 ], [ 198170.735621832340257, 4726706.694076320156455 ], [ 198308.177378917433089, 4726283.904150132089853 ], [ 198512.194824108650209, 4725893.993739177472889 ], [ 198840.18846216253587, 4725591.13590974919498 ], [ 198954.034573002398247, 4725358.218081451021135 ], [ 199043.746401164360577, 4724918.598928052932024 ], [ 198304.872506102110492, 4720699.100897490978241 ], [ 190278.852962838922394, 4719926.685448918491602 ], [ 190409.211271050939104, 4720169.084093764424324 ], [ 190416.123138546739938, 4720439.584458445198834 ], [ 190288.76438211495406, 4720740.756041703745723 ], [ 189737.696851508313557, 4721479.404587862081826 ], [ 189519.213203263730975, 4721964.331611617468297 ], [ 189400.634465082286624, 4722858.48113926872611 ], [ 189988.460710760817165, 4724201.375296555459499 ], [ 190562.203948474983918, 4725208.015900421887636 ], [ 190566.796511461929185, 4726461.882393659092486 ], [ 190168.24585500403191, 4727617.570411944761872 ], [ 189340.19249282227247, 4728058.803618049249053 ], [ 189115.555968650471186, 4728083.983388056047261 ], [ 188860.810706459713401, 4727996.071768458001316 ], [ 188725.195565758593148, 4728345.04071210231632 ], [ 188729.118577244604239, 4728923.192441667430103 ], [ 188496.623599512880901, 4729396.653310155496001 ] ] ] } },
{ "type": "Feature", "properties": { "drag_region": "West", "region": "West", "NAME": "Shelburne", "NAMELSAD": "Shelburne town" }, "geometry": { "type": "Polygon", "coordinates": [ [ [ 173855.338267842773348, 4732390.287270706146955 ], [ 174343.091613307187799, 4733782.054017993621528 ], [ 174351.410180815088097, 4733985.101953309029341 ], [ 174208.803577501617838, 4734278.393646312877536 ], [ 174398.967143057845533, 4734863.763304155319929 ], [ 174276.747529152431525, 4734995.134851505979896 ], [ 174276.35219824151136, 4735220.267987712286413 ], [ 174452.212469420512207, 4735664.724496578797698 ], [ 182881.351993717369623, 4736659.382291936315596 ], [ 181168.194912358827423, 4729114.047425052151084 ], [ 182249.400382513587829, 4729191.083026885986328 ], [ 182042.414197720238008, 4728313.540781531482935 ], [ 180960.807675308431499, 4728205.720939275808632 ], [ 180619.880290680041071, 4726730.032883799634874 ], [ 178930.025543930765707, 4726551.782045586034656 ], [ 178653.150714849936776, 4727016.015642645768821 ], [ 178617.714818723325152, 4727649.902147250249982 ], [ 178080.156612431281246, 4727662.516722313128412 ], [ 177531.282393106550444, 4727870.058024074882269 ], [ 177022.576645115274005, 4727791.810660062357783 ], [ 176698.048322944028769, 4727916.95107439905405 ], [ 176557.078020488843322, 4728084.359426265582442 ], [ 176438.138287567533553, 4728440.860329417511821 ], [ 176465.605377433763351, 4729365.783888717181981 ], [ 175818.805033034237567, 4729742.013038181699812 ], [ 175560.773218470043503, 4730322.081204391084611 ], [ 175168.844759172818158, 4730530.50179825630039 ], [ 174925.648258512839675, 4730896.743891166523099 ], [ 174639.40880630776519, 4731039.672630184330046 ], [ 174409.641884208889678, 4732110.952994880266488 ], [ 174234.587974811845925, 4732292.50329746119678 ], [ 173920.397453789249994, 4732255.432568009011447 ], [ 173855.338267842773348, 4732390.287270706146955 ] ] ] } },
{ "type": "Feature", "properties": { "drag_region": "Central", "region": "Central", "NAME": "Lexington", "NAMELSAD": "Lexington town" }, "geometry": { "type": "Polygon", "coordinates": [ [ [ 327967.032332369766664, 4712688.557009452022612 ], [ 328935.283433173783123, 4714500.907278930768371 ], [ 329346.297335629176814, 4714740.32192421797663 ], [ 329744.456144716823474, 4715453.823156443424523 ], [ 330669.80582763516577, 4715984.702501346357167 ], [ 332967.052385427290574, 4713283.122914394363761 ], [ 333096.106371044006664, 4713430.32705411221832 ], [ 333135.659387492632959, 4713776.882166225463152 ], [ 333607.102027588582132, 4713222.12286841776222 ], [ 333382.8118217321462, 4712981.1566889192909 ], [ 334064.287335302855354, 4712225.402051297947764 ], [ 334303.937417611537967, 4711842.278768381103873 ], [ 334768.300352953549009, 4711412.470940664410591 ], [ 335077.030351191759109, 4710868.252365631051362 ], [ 335334.56918642349774, 4710738.171075342223048 ], [ 335707.144495314976666, 4710318.351223727688193 ], [ 332863.259465186914895, 4706599.721094518899918 ], [ 328311.759050125663634, 4708760.407697988674045 ], [ 328416.8519515733351, 4709366.340065954253078 ], [ 327967.032332369766664, 4712688.557009452022612 ] ] ] } },
{ "type": "Feature", "properties": { "drag_region": "Central", "region": "Central", "NAME": "Lincoln", "NAMELSAD": "Lincoln town" }, "geometry": { "type": "Polygon", "coordinates": [ [ [ 318865.426108600047883, 4707290.815181896090508 ], [ 319074.111413961916696, 4707651.958636534400284 ], [ 319047.624836396076716, 4708143.787515071220696 ], [ 319293.102768602257129, 4708212.635124347172678 ], [ 319690.912060895818286, 4708068.333666858263314 ], [ 319857.246386802464258, 4708270.42188626062125 ], [ 320043.045374031527899, 4708836.483648070134223 ], [ 321489.655183782917447, 4710002.629275755025446 ], [ 323331.801081584009808, 4711868.806476535275578 ], [ 323656.906491934612859, 4711647.026272324845195 ], [ 324048.800174748932477, 4711592.806479805149138 ], [ 324208.010189169028308, 4712537.402244839817286 ], [ 324292.777135806798469, 4712519.765528982505202 ], [ 324285.029302700946573, 4712619.323974143713713 ], [ 325359.901769121235702, 4712873.272586518898606 ], [ 325334.023283307848033, 4713054.552132776938379 ], [ 325958.727443586976733, 4712310.728831922635436 ], [ 326041.624296718800906, 4712367.173977673053741 ], [ 326151.158741980965715, 4712309.555731501430273 ], [ 326286.788377455377486, 4712420.816490066237748 ], [ 326710.863747930212412, 4712297.64942229911685 ], [ 327160.683367133780848, 4708975.432478801347315 ], [ 327055.590465686109383, 4708369.500110835768282 ], [ 326659.72037739114603, 4707528.537243262864649 ], [ 326733.441186779586133, 4707495.672384751960635 ], [ 326420.662769058777485, 4706768.400624138303101 ], [ 325851.915690595342312, 4707039.579578949138522 ], [ 325447.996202590700705, 4706152.217917495407164 ], [ 325840.970328085299116, 4705985.40833331272006 ], [ 325662.996796672407072, 4705578.139784208498895 ], [ 324837.707174537354149, 4705962.424139875918627 ], [ 323466.775046146300156, 4705709.762559300288558 ], [ 323267.442561412404757, 4705291.903542800806463 ], [ 323161.738438199041411, 4705345.456167276017368 ], [ 323011.692876331042498, 4705038.388280949555337 ], [ 323062.835658986354247, 4705007.76786732673645 ], [ 322801.529494610847905, 4704898.432063986547291 ], [ 322492.356444296368863, 4704963.995348776690662 ], [ 321429.058805166976526, 4705374.422535324469209 ], [ 321601.353418879501987, 4705739.414226885885 ], [ 318865.426108600047883, 4707290.815181896090508 ] ] ] } },
{ "type": "Feature", "properties": { "drag_region": "Central", "region": "Central", "NAME": "Littleton", "NAMELSAD": "Littleton town" }, "geometry": { "type": "Polygon", "coordinates": [ [ [ 301300.083461089699995, 4725509.42174525745213 ], [ 302070.983557242667302, 4725752.629194964654744 ], [ 302123.79004206234822, 4725869.644879881292582 ], [ 302696.229002200881951, 4726285.689473643898964 ], [ 302798.727672972134314, 4726501.704739475622773 ], [ 302902.700081471703015, 4726516.499875462614 ], [ 303105.938865990494378, 4727008.942083666101098 ], [ 304320.514711378200445, 4727846.600024682469666 ], [ 304608.271759711555205, 4728204.422579879872501 ], [ 305025.755121270078234, 4728347.025285857729614 ], [ 306184.525707791792229, 4727971.260431036353111 ], [ 306440.840584666235372, 4726219.446423081681132 ], [ 310574.30869516369421, 4722844.318625304847956 ], [ 310020.735342812957242, 4722122.910501076839864 ], [ 309245.855366267729551, 4720688.065926885232329 ], [ 306786.007027734594885, 4719772.275240466929972 ], [ 304636.149539956473745, 4720845.543422604911029 ], [ 304401.770259856479242, 4720586.047751310281456 ], [ 303896.70899078482762, 4720953.75841420982033 ], [ 303699.236802191357128, 4720827.789541995152831 ], [ 303430.320425905752927, 4721132.191095154732466 ], [ 303198.417180766467936, 4721593.888343066908419 ], [ 302099.318445668322966, 4722153.031260148622096 ], [ 301566.671036536165047, 4724689.591516654938459 ], [ 301300.083461089699995, 4725509.42174525745213 ] ] ] } },
{ "type": "Feature", "properties": { "drag_region": "West", "region": "West", "NAME": "Wales", "NAMELSAD": "Wales town" }, "geometry": { "type": "Polygon", "coordinates": [ [ [ 214751.206972013664199, 4658799.664509407244623 ], [ 215056.63204754239996, 4665561.534043899737298 ], [ 221456.14271428444772, 4665210.580183770507574 ], [ 221411.016892011422897, 4664816.716418288648129 ], [ 221493.36055360143655, 4664469.018498864024878 ], [ 221407.834781540703261, 4664142.275076631456614 ], [ 221325.451447934057796, 4664103.542941897176206 ], [ 221380.847784036275698, 4663196.498823811300099 ], [ 221276.048247859376715, 4662472.035235124640167 ], [ 221003.229174797801534, 4662107.706108776852489 ], [ 220727.769290619151434, 4661129.195127543061972 ], [ 220998.471955120767234, 4660662.463301002047956 ], [ 220962.940181287791347, 4660421.591812278144062 ], [ 220562.774261866201414, 4659992.312461321242154 ], [ 220500.758715233969269, 4659706.506946776993573 ], [ 220501.097603076341329, 4659461.067970965988934 ], [ 220762.128327610756969, 4658971.23115074262023 ], [ 220695.161595777288312, 4658508.685560152865946 ], [ 214751.206972013664199, 4658799.664509407244623 ] ] ] } },
{ "type": "Feature", "properties": { "drag_region": "Central", "region": "Central", "NAME": "Braintree Town", "NAMELSAD": "Braintree Town city" }, "geometry": { "type": "Polygon", "coordinates": [ [ [ 349383.193690173327923, 4677843.426430466584861 ], [ 349750.107522248872556, 4677812.28381119761616 ], [ 349769.274884175276384, 4678800.648252412676811 ], [ 350787.782091134577058, 4680165.076591373421252 ], [ 352622.750535312923603, 4680208.642783855088055 ], [ 353343.355708306771703, 4680584.97437799628824 ], [ 355090.797017237753607, 4680937.536781816743314 ], [ 355147.533578535658307, 4680888.555948090739548 ], [ 355425.667839289875701, 4681225.950475821271539 ], [ 355783.15012596512679, 4681076.678719480521977 ], [ 356178.68307531636674, 4681162.299308761954308 ], [ 356790.121570264105685, 4680826.01680092420429 ], [ 356736.162076561478898, 4679916.250543576665223 ], [ 356221.097674401011318, 4679534.164561503566802 ], [ 356073.695542181550991, 4679151.499620539136231 ], [ 355299.040204385179095, 4673441.842610532417893 ], [ 352828.480141077772714, 4673497.844524709507823 ], [ 351541.026254764874466, 4673605.566732137463987 ], [ 351585.819756215903908, 4674170.456113036721945 ], [ 351768.724689918861259, 4674687.745024650357664 ], [ 351723.65685133903753, 4674930.68027875572443 ], [ 351828.891571660409681, 4675271.047821572050452 ], [ 351824.509710933140013, 4675581.569348863326013 ], [ 350973.004999641678296, 4676121.628719734027982 ], [ 349521.259488897048868, 4676496.530218996107578 ], [ 349383.193690173327923, 4677843.426430466584861 ] ] ] } },
{ "type": "Feature", "properties": { "drag_region": "Central", "region": "Central", "NAME": "Dedham", "NAMELSAD": "Dedham town" }, "geometry": { "type": "Polygon", "coordinates": [ [ [ 331252.570670921355486, 4685598.976628622040153 ], [ 331497.307701453915797, 4686144.379802315495908 ], [ 331783.370654634665698, 4686118.785086447373033 ], [ 331967.811240126960911, 4685959.62433070410043 ], [ 332254.969719315879047, 4686054.916572563350201 ], [ 332404.220121186343022, 4686610.28148855548352 ], [ 332693.509263476007618, 4686496.856200478039682 ], [ 332992.154540638905019, 4686444.648072427138686 ], [ 333231.349012602469884, 4686499.444092974066734 ], [ 333478.559316652652342, 4686405.033210074529052 ], [ 333912.41507358191302, 4686465.258568812161684 ], [ 334135.467003181460313, 4686598.505340401083231 ], [ 334903.336194143223111, 4687854.89214264601469 ], [ 335136.341465603443794, 4687754.791677912697196 ], [ 335316.097047802060843, 4687334.83115057554096 ], [ 335779.710373757989146, 4687435.739226653240621 ], [ 335982.510618797678035, 4687334.552040091715753 ], [ 335993.210024476982653, 4687036.269914615899324 ], [ 336132.834782363614067, 4686696.6953265061602 ], [ 336000.497340499656275, 4686517.068882836028934 ], [ 336011.498503962415271, 4686353.227797203697264 ], [ 336225.198873793997336, 4686247.660197408869863 ], [ 337275.248884207918309, 4684985.047924340702593 ], [ 337801.563276514527388, 4685325.176397050730884 ], [ 338262.043078161543235, 4685026.773579967208207 ], [ 338533.604786081239581, 4682824.704120657406747 ], [ 339493.961863820906729, 4681903.734610525891185 ], [ 339340.331263847707305, 4681816.578512051142752 ], [ 339016.495490628352854, 4681821.579439709894359 ], [ 338705.773576549370773, 4681464.266577815636992 ], [ 338519.892460451461375, 4680978.715651999227703 ], [ 338609.082658259896562, 4680863.363432297483087 ], [ 338486.803125871345401, 4680661.214680892415345 ], [ 338494.402411405462772, 4680414.801970141008496 ], [ 338399.986085609998554, 4680286.398300254717469 ], [ 338486.634971842693631, 4680105.775811649858952 ], [ 338191.313602658861782, 4679858.760542659088969 ], [ 336514.817789016873576, 4681498.298535882495344 ], [ 334922.274412621103693, 4682102.764566106721759 ], [ 333317.27983177738497, 4683779.309551820158958 ], [ 331252.570670921355486, 4685598.976628622040153 ] ] ] } },
{ "type": "Feature", "properties": { "drag_region": "Central", "region": "Central", "NAME": "Franklin Town", "NAMELSAD": "Franklin Town city" }, "geometry": { "type": "Polygon", "coordinates": [ [ [ 307185.784415466943756, 4656072.510497953742743 ], [ 307310.152569016674533, 4657091.685842941515148 ], [ 307353.725323337770533, 4659203.166789135895669 ], [ 307278.45139399234904, 4659211.886098875664175 ], [ 307358.448908234073315, 4660272.680365375243127 ], [ 307488.412230766669381, 4660254.277968840673566 ], [ 307666.449058939062525, 4661484.070383548736572 ], [ 308170.327937755326275, 4663514.903161216527224 ], [ 308597.944999034923967, 4666780.845486503094435 ], [ 308670.982168026501313, 4666806.650125496089458 ], [ 308610.380423608527053, 4666839.612182301469147 ], [ 308653.026620166550856, 4666997.31157592497766 ], [ 308578.096022257872391, 4667052.688259713351727 ], [ 308806.866119704965968, 4667178.947651569731534 ], [ 309272.832825639983639, 4667063.733245623297989 ], [ 309255.754633542208467, 4667201.57953311689198 ], [ 309332.747656911087688, 4667151.708037571981549 ], [ 309482.993657190992963, 4667448.926000001840293 ], [ 309676.87741907214513, 4667571.093992459587753 ], [ 309833.408620551635977, 4667464.953986365348101 ], [ 310123.145138685184065, 4667560.847846336662769 ], [ 310549.431363797688391, 4667540.194367989897728 ], [ 310562.684310403477866, 4667467.917097674682736 ], [ 310436.342320145166013, 4667384.817096917890012 ], [ 310536.210867408663034, 4667371.42805278673768 ], [ 310572.430528656754177, 4667254.380967448465526 ], [ 310897.500659131852444, 4667447.433306436985731 ], [ 310818.952430556470063, 4667162.050623016431928 ], [ 311050.22500448388746, 4666928.02486299071461 ], [ 311187.461911450081971, 4667016.162267311476171 ], [ 311394.447009724448435, 4666987.869570870883763 ], [ 311936.75281746085966, 4667564.460964421741664 ], [ 312212.528368751343805, 4667471.13394605088979 ], [ 312372.233894977194723, 4667305.953984594903886 ], [ 313366.895160085172392, 4667050.498497905209661 ], [ 313607.007638185808901, 4667074.02000870462507 ], [ 313534.273609143740032, 4666927.805846503935754 ], [ 313603.356317758851219, 4666877.981531979516149 ], [ 313498.432465426798444, 4666855.795585042797029 ], [ 313735.71876462380169, 4666801.500349675305188 ], [ 313762.814425284333993, 4666755.738122067414224 ], [ 313683.879282873880584, 4666751.938679713755846 ], [ 313746.155651975423098, 4666612.181414355523884 ], [ 313607.419955865654629, 4666564.154802684672177 ], [ 313582.522228437126614, 4666418.939032651484013 ], [ 313701.453012850193772, 4666358.834977633319795 ], [ 313753.872835013200529, 4666070.108926983550191 ], [ 314708.234082960116211, 4663900.275573905557394 ], [ 315352.180990079825278, 4661910.86874664016068 ], [ 314811.408402214001399, 4660444.967126027680933 ], [ 312826.356637006916571, 4656628.425269898027182 ], [ 307185.784415466943756, 4656072.510497953742743 ] ] ] } },
{ "type": "Feature", "properties": { "drag_region": "Central", "region": "Central", "NAME": "Norfolk", "NAMELSAD": "Norfolk town" }, "geometry": { "type": "Polygon", "coordinates": [ [ [ 315366.718982419755775, 4667491.528142474591732 ], [ 315391.064993178646546, 4667634.759012014605105 ], [ 315529.800689288415015, 4667682.785623685456812 ], [ 315467.524320186872501, 4667822.542889043688774 ], [ 315621.997648815740831, 4667904.137073204852641 ], [ 315558.062165527080651, 4668061.498002847656608 ], [ 315629.846483695378993, 4668173.846894438378513 ], [ 315916.558122595481109, 4668124.410209466703236 ], [ 316292.09024043980753, 4667854.042101006954908 ], [ 316396.150777955830563, 4667922.71782617457211 ], [ 316664.44537727284478, 4667915.607332581654191 ], [ 316682.461665550072212, 4667706.190218629315495 ], [ 316883.668740522640292, 4667830.077291675843298 ], [ 316969.145277203933802, 4667711.694941685535014 ], [ 317186.232592017506249, 4668033.177132452838123 ], [ 317312.673612539365422, 4667978.341635883785784 ], [ 318163.844641503412277, 4668614.620564513839781 ], [ 318520.126557881070767, 4669252.460399544797838 ], [ 318940.035373474762309, 4669583.31072520185262 ], [ 321907.582699377380777, 4669516.239191694185138 ], [ 321954.927700259082485, 4669395.394236203283072 ], [ 322022.753891826607287, 4669460.459206694737077 ], [ 322200.822656874486711, 4669250.082465525716543 ], [ 322155.883891360892449, 4668773.249509094282985 ], [ 322277.377816766849719, 4668497.284142242744565 ], [ 322260.654904290277045, 4668324.71890128031373 ], [ 321999.070653929782566, 4668110.416150079108775 ], [ 322236.327683807990979, 4666951.584486128762364 ], [ 322128.509518560080323, 4666888.927293255925179 ], [ 323667.073215756390709, 4662689.784644187428057 ], [ 323250.879743775527459, 4662023.189958014525473 ], [ 320732.883371496398468, 4662949.502771365456283 ], [ 317135.826027392817196, 4662981.472955970093608 ], [ 316491.879120273108128, 4664970.879783235490322 ], [ 315537.517872326192446, 4667140.713136313483119 ], [ 315485.09805016318569, 4667429.439186963252723 ], [ 315366.718982419755775, 4667491.528142474591732 ] ] ] } },
{ "type": "Feature", "properties": { "drag_region": "Central", "region": "Central", "NAME": "Quincy", "NAMELSAD": "Quincy city" }, "geometry": { "type": "Polygon", "coordinates": [ [ [ 345571.965164139401168, 4680438.545049833133817 ], [ 348928.389299320289865, 4682049.821535635739565 ], [ 348297.98171535122674, 4683532.852214600890875 ], [ 350793.190121813328005, 4685342.579258319921792 ], [ 349964.114808492828161, 4686164.023725122213364 ], [ 349901.005672043072991, 4687351.581664309836924 ], [ 350001.623238386586308, 4687459.828582243062556 ], [ 350206.531160555779934, 4688088.326163214631379 ], [ 350549.536111758905463, 4688635.529338696040213 ], [ 350084.949365645647049, 4689902.142838517203927 ], [ 350065.830800922354683, 4690480.349574014544487 ], [ 351171.275854922365397, 4690842.8887456394732 ], [ 351682.245316750369966, 4690475.081410598941147 ], [ 352237.386470117897261, 4690584.124747386202216 ], [ 352678.657012264127843, 4690405.031796121038496 ], [ 353338.845903113833629, 4690780.3274459335953 ], [ 353635.926885358872823, 4691139.981796429492533 ], [ 354456.004119552555494, 4691298.52850042283535 ], [ 355012.1619172062492, 4690706.044872625730932 ], [ 355467.937704625888728, 4689775.083491352386773 ], [ 356768.828973972122185, 4689678.337791869416833 ], [ 356722.164561488549225, 4688368.54715272039175 ], [ 358568.039026470272802, 4687193.078202970325947 ], [ 358506.999417328857817, 4685961.281808953732252 ], [ 356573.14653169317171, 4683749.362293234094977 ], [ 356360.79778102535056, 4683740.477201512083411 ], [ 356468.06183164921822, 4683792.221987308003008 ], [ 356203.596127382596023, 4683835.64794387947768 ], [ 355924.759978453046642, 4683132.05114325415343 ], [ 355968.10765856737271, 4682864.300577614456415 ], [ 355572.57470921613276, 4682778.679988333024085 ], [ 355184.449371120426804, 4682923.774516122415662 ], [ 354936.958161786664277, 4682590.557216943241656 ], [ 354880.221600488759577, 4682639.538050669245422 ], [ 353132.780291557777673, 4682286.975646848790348 ], [ 352412.175118563929573, 4681910.644052707590163 ], [ 350577.206674385583028, 4681867.077860225923359 ], [ 349558.699467426282354, 4680502.649521265178919 ], [ 349539.532105499878526, 4679514.285080050118268 ], [ 349139.032016806188039, 4679546.790688686072826 ], [ 348862.695659930352122, 4679442.558245068415999 ], [ 348259.066924801911227, 4679526.228243154473603 ], [ 347419.777122532133944, 4679337.573512223549187 ], [ 346574.629444185819011, 4679415.369792260229588 ], [ 346409.382103058509529, 4679346.296972210519016 ], [ 345571.965164139401168, 4680438.545049833133817 ] ] ] } },
{ "type": "Feature", "properties": { "drag_region": "Central", "region": "Central", "NAME": "Medfield", "NAMELSAD": "Medfield town" }, "geometry": { "type": "Polygon", "coordinates": [ [ [ 318751.181201119557954, 4678241.05900683440268 ], [ 318923.766874216496944, 4678921.060621601529419 ], [ 319216.699080120830331, 4679128.01806066185236 ], [ 319779.876585116900969, 4678922.173515604808927 ], [ 319909.405338403128553, 4679069.638297581113875 ], [ 325472.192710530012846, 4678963.653393445536494 ], [ 325699.464711301901843, 4678285.101303589530289 ], [ 325550.358422136632726, 4677279.988050789572299 ], [ 324990.74550554191228, 4675202.288935924880207 ], [ 324946.246334942756221, 4671531.631509887054563 ], [ 322575.20882943959441, 4671692.695015815086663 ], [ 319607.661503536975943, 4671759.766549322754145 ], [ 319648.851578206231352, 4671922.990532554686069 ], [ 320081.289418227213901, 4672257.30093593057245 ], [ 320100.909169047139585, 4672566.467514526098967 ], [ 320313.611131759535056, 4672670.887308445759118 ], [ 320170.795291038695723, 4672821.141958615742624 ], [ 320240.13738192000892, 4672968.374649838544428 ], [ 320368.262114824145101, 4672915.978423502296209 ], [ 320266.606869566079695, 4673029.324983144178987 ], [ 320356.094674591557123, 4673106.110843951813877 ], [ 320237.406942794681527, 4673143.692222571931779 ], [ 320367.13352963066427, 4673373.95181040186435 ], [ 320219.756380742997862, 4673326.64091282710433 ], [ 320245.641304616001435, 4673586.96414780896157 ], [ 320150.185456831590272, 4673588.019147624261677 ], [ 320127.157099817064591, 4673661.880190731957555 ], [ 320358.386052540736273, 4673834.356288382783532 ], [ 320215.680560117296409, 4673833.59059601649642 ], [ 320275.685726068157237, 4673935.962128758430481 ], [ 320192.694904995616525, 4674002.683961551636457 ], [ 320647.784032769908663, 4674324.288860371336341 ], [ 320749.627674966584891, 4674285.061327800154686 ], [ 320816.339551384386141, 4674354.916819933801889 ], [ 320848.96754656592384, 4674254.015641080215573 ], [ 320927.80433200445259, 4674286.537338490597904 ], [ 320963.7513261300046, 4674213.327314079739153 ], [ 320976.740620042721275, 4674335.098441540263593 ], [ 321090.198197465972044, 4674306.449619898572564 ], [ 321060.009943636949174, 4674412.061373733915389 ], [ 321284.154577513341792, 4674374.512396397069097 ], [ 321316.591304017987568, 4674479.086287687532604 ], [ 321392.585703502758406, 4674431.570228580385447 ], [ 321367.140538722276688, 4674660.065182156860828 ], [ 321468.456867591652554, 4674893.448010951280594 ], [ 321345.989102739258669, 4674994.677763837389648 ], [ 321245.857302746269852, 4674932.505790277384222 ], [ 321311.22316427208716, 4675105.191353991627693 ], [ 321064.832089580129832, 4675287.030067785643041 ], [ 320872.502290956850629, 4675311.163219170644879 ], [ 320791.628508036956191, 4675433.827671200968325 ], [ 320840.515863177948631, 4675583.845202948898077 ], [ 320546.295277868455742, 4675698.889458124525845 ], [ 320646.298253398155794, 4675850.287722304463387 ], [ 320478.484549940098077, 4675899.988645697943866 ], [ 320358.546975653793197, 4676113.737821909599006 ], [ 320099.616601885762066, 4676092.042767882347107 ], [ 320052.011194327380508, 4676399.607299527153373 ], [ 319754.331572965777013, 4676341.760131608694792 ], [ 319765.367353366105817, 4676650.608162438496947 ], [ 319707.790716287214309, 4676702.528030097484589 ], [ 319801.373165307799354, 4676755.189442960545421 ], [ 319672.280468642711639, 4676817.739797400310636 ], [ 319836.986503494437784, 4676860.559505390003324 ], [ 319863.473650648025796, 4676937.509652410633862 ], [ 319705.210907040105667, 4677156.435486044734716 ], [ 319502.776227165828459, 4677180.775690520182252 ], [ 319495.502887261740398, 4677364.110876701772213 ], [ 319438.539054474094883, 4677368.899270797148347 ], [ 319405.562620624492411, 4677218.341310862451792 ], [ 319348.181287663290277, 4677235.032318585552275 ], [ 319311.516277559159789, 4677313.940095914527774 ], [ 319400.966015886690002, 4677513.951473506167531 ], [ 319225.651273690746166, 4677685.685775292105973 ], [ 319207.919775167945772, 4677911.982226183637977 ], [ 318936.435501316911541, 4677987.248080246150494 ], [ 318751.181201119557954, 4678241.05900683440268 ] ] ] } },
{ "type": "Feature", "properties": { "drag_region": "Northeast", "region": "Northeast", "NAME": "Chatham", "NAMELSAD": "Chatham town" }, "geometry": { "type": "Polygon", "coordinates": [ [ [ 443602.832706565153785, 4600013.607737254351377 ], [ 443935.988434209313709, 4600669.071310550905764 ], [ 444154.400136783253402, 4600909.409254900179803 ], [ 444564.002839920925908, 4603285.116911832243204 ], [ 444859.828915401711129, 4603353.659728252328932 ], [ 445271.562730584177189, 4603252.726928021758795 ], [ 445606.560062998207286, 4603340.935453759506345 ], [ 445727.242282158695161, 4603278.664278469979763 ], [ 446121.725037479773164, 4603600.714147167280316 ], [ 446339.802545433514751, 4603676.668724736198783 ], [ 447109.433303100347985, 4604451.994704001583159 ], [ 447410.601983588945586, 4604644.055621930398047 ], [ 447821.88475954689784, 4606036.649547408334911 ], [ 450968.977994665852748, 4605957.340072360821068 ], [ 452844.601890735211782, 4605700.137989588081837 ], [ 452792.774004040751606, 4602320.040534838102758 ], [ 452356.797616764553823, 4599842.732714354991913 ], [ 451896.265075478353538, 4599097.122526950202882 ], [ 451521.26623156684218, 4598011.052290831692517 ], [ 451221.187231148651335, 4597439.390343413688242 ], [ 450590.400047431176063, 4594420.247358274646103 ], [ 447227.400961928302422, 4585694.808466349728405 ], [ 446075.803133688401431, 4585197.253925384953618 ], [ 444963.36545216414379, 4586270.709670150652528 ], [ 448813.211974280711729, 4598119.025761998258531 ], [ 448561.927751511218958, 4598233.134427472949028 ], [ 448370.656766969827004, 4598490.474826725199819 ], [ 448102.737982690043282, 4598495.19435151387006 ], [ 447960.76543789205607, 4598575.987299328669906 ], [ 447335.401802375679836, 4599378.872711457312107 ], [ 446685.661349640751723, 4599891.621300992555916 ], [ 446225.136350845743436, 4600117.290047348476946 ], [ 445834.712270926858764, 4600198.924438250251114 ], [ 445513.020303597731981, 4600163.844253109768033 ], [ 445349.790282898989972, 4599919.816070266067982 ], [ 444820.178004160581622, 4599940.079464776441455 ], [ 444367.520503516367171, 4599718.282805374823511 ], [ 443698.0801028276328, 4599778.497928066179156 ], [ 443696.824942685372662, 4599611.952082595787942 ], [ 443602.832706565153785, 4600013.607737254351377 ] ] ] } },
{ "type": "Feature", "properties": { "drag_region": "Northeast", "region": "Northeast", "NAME": "Harwich", "NAMELSAD": "Harwich town" }, "geometry": { "type": "Polygon", "coordinates": [ [ [ 433623.701748747495003, 4605268.861533284187317 ], [ 436755.627959334640764, 4606323.639975940808654 ], [ 436960.699244250718039, 4607265.013926166109741 ], [ 437614.488269264460541, 4607450.171893509104848 ], [ 437973.709057982836384, 4607319.502451185137033 ], [ 438496.81023432436632, 4606947.948148747906089 ], [ 439223.536773456726223, 4607106.024456802755594 ], [ 440569.980207593005616, 4606903.246304985135794 ], [ 441145.016067410411779, 4607110.451201755553484 ], [ 441178.030228159797844, 4607281.055588806979358 ], [ 441388.603024741285481, 4607276.396505828015506 ], [ 441607.05600606976077, 4607462.973602385260165 ], [ 441857.581530227093026, 4607377.785301765426993 ], [ 442161.513926237123087, 4607125.625485728494823 ], [ 442437.780309788999148, 4607188.167820667847991 ], [ 442573.012500212353189, 4607318.137803542427719 ], [ 442563.889981849933974, 4607466.931055529974401 ], [ 442838.990807066729758, 4607558.817264678888023 ], [ 445472.806291662156582, 4607653.793826352804899 ], [ 445739.001218173769303, 4607213.455506074242294 ], [ 445327.718442215817049, 4605820.86158059630543 ], [ 445026.549761727219447, 4605628.800662667490542 ], [ 444256.919004060386214, 4604853.474683402106166 ], [ 444038.841496106644627, 4604777.520105833187699 ], [ 443644.358740785566624, 4604455.470237135887146 ], [ 443523.676521625078749, 4604517.741412425413728 ], [ 443188.679189211048651, 4604429.532886687666178 ], [ 442776.945374028582592, 4604530.465686918236315 ], [ 442481.119298547797371, 4604461.922870498150587 ], [ 442071.516595410124864, 4602086.215213566087186 ], [ 441532.048461443104316, 4601268.662665416486561 ], [ 441597.083807893388439, 4600875.461606291122735 ], [ 441548.143169022921938, 4600759.347205836325884 ], [ 441188.630556601507124, 4600808.768970798701048 ], [ 440741.312918571173213, 4600641.635506276972592 ], [ 439930.361316062801052, 4600556.932583929039538 ], [ 439662.57313133723801, 4600448.182386269792914 ], [ 439620.307357544952538, 4600525.321217004209757 ], [ 439500.546632958226837, 4600097.843700581230223 ], [ 439356.983024181856308, 4600070.522044197656214 ], [ 439112.070353940827772, 4600325.170459601096809 ], [ 438672.725585038366262, 4600450.771305271424353 ], [ 437757.075890167325269, 4600381.385501286014915 ], [ 437296.994475329236593, 4600300.571088373661041 ], [ 437242.715022411895916, 4600182.996968163177371 ], [ 436807.94380991946673, 4600221.375286245718598 ], [ 435745.606186468095984, 4599919.586692022159696 ], [ 435185.916482929547783, 4599732.918973310850561 ], [ 435024.442553662986029, 4599488.603141556493938 ], [ 434999.493805312609766, 4599600.635778047144413 ], [ 434903.001641244802158, 4599615.655621274374425 ], [ 433623.701748747495003, 4605268.861533284187317 ] ] ] } },
{ "type": "Feature", "properties": { "drag_region": "Northeast", "region": "Northeast", "NAME": "Provincetown", "NAMELSAD": "Provincetown town" }, "geometry": { "type": "Polygon", "coordinates": [ [ [ 422143.381478781171609, 4653517.908446740359068 ], [ 422249.997286617232021, 4653916.487461513839662 ], [ 422895.633193331479561, 4654778.990509865805507 ], [ 423652.357599950162694, 4655289.564161740243435 ], [ 424540.373655777599197, 4655605.656511544249952 ], [ 425580.325794578413479, 4655796.991319270804524 ], [ 427530.367165407631546, 4655829.983130200766027 ], [ 429554.478174278745428, 4655496.918058085255325 ], [ 430147.217608043225482, 4655227.252788376063108 ], [ 430054.273371701186989, 4654942.657270775176585 ], [ 430705.227394050627481, 4653524.41629336681217 ], [ 430635.844738414220046, 4653373.538306920789182 ], [ 430584.136768780997954, 4650666.780045587569475 ], [ 429106.613884724560194, 4650514.510673125274479 ], [ 429235.416719605855178, 4650428.468456312082708 ], [ 429374.248628342582379, 4650074.878213123418391 ], [ 429247.410262192250229, 4649605.850864232517779 ], [ 428821.359712274221238, 4649025.188681500963867 ], [ 428169.084517636569217, 4648444.435875242576003 ], [ 427337.131980368925724, 4648220.598548001609743 ], [ 426822.642241155030206, 4648222.751429444178939 ], [ 426317.861371695122216, 4648362.401016002520919 ], [ 425209.998220041394234, 4649525.860639499500394 ], [ 424826.325416710635182, 4650097.684949959628284 ], [ 424481.38812373788096, 4651024.022026294842362 ], [ 423958.038925166474655, 4651675.744885417632759 ], [ 423311.420073441287968, 4652358.830973823554814 ], [ 422528.7195618339465, 4652719.010556219145656 ], [ 422392.00460787123302, 4652855.935959106311202 ], [ 422266.964785031275824, 4653004.243619012646377 ], [ 422143.381478781171609, 4653517.908446740359068 ] ] ] } },
{ "type": "Feature", "properties": { "drag_region": "Northeast", "region": "Northeast", "NAME": "Truro", "NAMELSAD": "Truro town" }, "geometry": { "type": "Polygon", "coordinates": [ [ [ 432554.332326223957352, 4654071.982595330104232 ], [ 432647.276562565995846, 4654356.578112930990756 ], [ 435043.587280038627796, 4653536.845217722468078 ], [ 435981.721419880050234, 4653292.80463660042733 ], [ 438089.272820495651104, 4652166.728047442622483 ], [ 440338.822909104579594, 4650498.397497724741697 ], [ 441494.13150207977742, 4649285.743040632456541 ], [ 442483.754525806871243, 4647930.150620493106544 ], [ 442240.235204537166283, 4647588.071766030043364 ], [ 443753.693722984404303, 4645092.452111396938562 ], [ 445472.951178199029528, 4641568.072229377925396 ], [ 441981.575739722291473, 4641173.581269168294966 ], [ 438120.650908959330991, 4640503.849740136414766 ], [ 437986.931095809035469, 4646206.332645056769252 ], [ 437481.556164889247157, 4647898.058696461841464 ], [ 436938.68773709301604, 4648959.217082603834569 ], [ 435961.185164767259266, 4650137.670009263791144 ], [ 434624.717261942801997, 4651102.006116716191173 ], [ 433110.779185496561695, 4651709.731784909963608 ], [ 433135.90369293699041, 4652502.863631475716829 ], [ 433205.286348573397845, 4652653.741617921739817 ], [ 432554.332326223957352, 4654071.982595330104232 ] ] ] } },
{ "type": "Feature", "properties": { "drag_region": "Northeast", "region": "Northeast", "NAME": "Dennis", "NAMELSAD": "Dennis town" }, "geometry": { "type": "Polygon", "coordinates": [ [ [ 422639.112191026099026, 4607988.046500862576067 ], [ 422752.362441282893997, 4608319.00766428001225 ], [ 423117.788267788710073, 4608775.495695491321385 ], [ 424331.131124839186668, 4609629.022195693105459 ], [ 427065.386372237408068, 4610852.017337527126074 ], [ 427213.523342642991338, 4610679.846670693717897 ], [ 427418.459586651646532, 4610658.25532731320709 ], [ 428994.858672522008419, 4611246.042521670460701 ], [ 429559.467373789346311, 4611235.083557843230665 ], [ 429830.615509764873423, 4611352.366267152130604 ], [ 429797.013566088746302, 4611246.43489321321249 ], [ 429965.313987685134634, 4611271.60398852545768 ], [ 429940.501304805569816, 4611337.232319292612374 ], [ 430237.137805044592824, 4611346.80614881310612 ], [ 431028.997297181398608, 4611681.834241578355432 ], [ 431253.912569945212454, 4611575.80313493590802 ], [ 431601.216100814926904, 4611696.030893307179213 ], [ 431928.856100925302599, 4611579.894833574071527 ], [ 432466.086923368042335, 4611575.965018715709448 ], [ 432508.81465384765761, 4611498.896514037624002 ], [ 432620.207353849895298, 4611503.550241944380105 ], [ 432481.109195322147571, 4611312.923922881484032 ], [ 432220.692655192455277, 4611268.69158851634711 ], [ 431884.052288374572527, 4610992.4961545644328 ], [ 432001.279037570813671, 4610845.486444155685604 ], [ 431834.071796286618337, 4610865.561685944907367 ], [ 431882.657545573252719, 4610702.907228144817054 ], [ 431685.780824034300167, 4610730.815918293781579 ], [ 431711.470494885637891, 4610604.107525722123682 ], [ 431646.909826058254112, 4610639.604140717536211 ], [ 431617.852847435162403, 4610542.266736757941544 ], [ 431564.736723456939217, 4610581.721958739683032 ], [ 431542.878387678938452, 4610513.272866505198181 ], [ 431498.60046906239586, 4610554.499794011935592 ], [ 431348.341482075571548, 4610466.870139309205115 ], [ 431304.701437506766524, 4610348.738964719697833 ], [ 431178.450546445965301, 4610391.607453536242247 ], [ 431103.741440879763104, 4610301.317189042456448 ], [ 430756.368594919971656, 4610194.104901894927025 ], [ 430601.762741218495648, 4609893.78382608294487 ], [ 432837.499488001689315, 4599993.968453636392951 ], [ 432173.651130703510717, 4599908.774434543214738 ], [ 430872.111236612487119, 4599485.042136859148741 ], [ 430276.624570337473415, 4599491.950019385665655 ], [ 429755.283292804553639, 4599618.619471335783601 ], [ 429587.157887997513171, 4599608.214097254909575 ], [ 429605.222720619116444, 4599520.690580638125539 ], [ 429487.672421689960174, 4599611.21522631123662 ], [ 429410.410576699476223, 4599507.871168953366578 ], [ 427180.32917991396971, 4599266.351712823845446 ], [ 426640.78264045988908, 4599218.823204803280532 ], [ 426630.936685977561865, 4599307.90726535115391 ], [ 426298.617135215085, 4599302.515840297564864 ], [ 426182.760925745416898, 4599422.49949827324599 ], [ 426286.659417189075612, 4599917.323199713602662 ], [ 426832.518791227485053, 4600347.290512978099287 ], [ 427086.620461343962234, 4600778.199903492815793 ], [ 427450.088400376145728, 4601134.99203756917268 ], [ 427708.631005229137372, 4601621.273000647313893 ], [ 427843.335780695662834, 4601711.598694418556988 ], [ 428156.873673129302915, 4601728.085461040958762 ], [ 428767.053178129484877, 4602511.996994880959392 ], [ 429156.364002063171938, 4602766.914616736583412 ], [ 429149.546548178244848, 4603039.068215623497963 ], [ 429399.939678799768444, 4603372.384165366180241 ], [ 429162.958145029027946, 4603736.920189898461103 ], [ 428980.920805730333086, 4603669.41995729226619 ], [ 428722.939469787525013, 4603839.48099628649652 ], [ 428542.244480146327987, 4604208.051465546712279 ], [ 428514.156019900226966, 4604707.474388033151627 ], [ 428327.137038826418575, 4604798.521942850202322 ], [ 427841.868106054025702, 4605396.023943084292114 ], [ 427510.134131903061643, 4605648.872027550823987 ], [ 427817.211908408615272, 4606038.655535653233528 ], [ 427460.464676063042134, 4606400.564660807140172 ], [ 427229.888455651816912, 4606460.371075911447406 ], [ 426199.703223750460893, 4607112.049518005922437 ], [ 426321.303729042701889, 4607450.385764472186565 ], [ 425934.247418016486336, 4607764.158825647085905 ], [ 425583.027372179843951, 4607605.16393968090415 ], [ 425459.077441475354135, 4607712.619413363747299 ], [ 425381.479105303180404, 4607654.852786840870976 ], [ 425364.155912111222278, 4607724.612197765149176 ], [ 425303.780293697956949, 4607637.398898490704596 ], [ 425268.197531640704256, 4607733.844614807516336 ], [ 425099.608231988386251, 4607701.457871895283461 ], [ 425041.749893781321589, 4607799.106842241249979 ], [ 424966.559812747407705, 4607652.694043569266796 ], [ 424971.761307912878692, 4607838.737929007969797 ], [ 424695.990486839495134, 4607868.949090995825827 ], [ 424567.498967062099837, 4607695.420626445673406 ], [ 424680.742408156918827, 4607620.082639388740063 ], [ 424446.424721285467967, 4607570.206446260213852 ], [ 424328.033141849504318, 4607974.547699065878987 ], [ 424038.485993916750886, 4607883.825486619025469 ], [ 423535.654548642516602, 4608324.755106898956001 ], [ 423223.360844554845244, 4607848.494633694179356 ], [ 422639.112191026099026, 4607988.046500862576067 ] ] ] } },
{ "type": "Feature", "properties": { "drag_region": "Northeast", "region": "Northeast", "NAME": "Eastham", "NAMELSAD": "Eastham town" }, "geometry": { "type": "Polygon", "coordinates": [ [ [ 443119.245129537128378, 4620813.833556790836155 ], [ 443216.371027484361548, 4627414.458023031242192 ], [ 446263.788818013446871, 4627958.017171269282699 ], [ 446295.983580471249297, 4627893.901420036330819 ], [ 446131.202421166875865, 4627889.168406423181295 ], [ 446252.234523523133248, 4627807.466195632703602 ], [ 446174.080593665421475, 4627653.253407082520425 ], [ 446245.971344404504634, 4627577.235078051686287 ], [ 446384.841691217676271, 4627530.083195560611784 ], [ 446582.494269047689158, 4627584.630662986077368 ], [ 446695.45002138230484, 4627471.272035715170205 ], [ 447197.308646384743042, 4627408.371447743847966 ], [ 447460.985480708244722, 4627524.918917601928115 ], [ 448222.24734408518998, 4627489.085080686956644 ], [ 450593.705437358759809, 4627861.022613906301558 ], [ 451665.925543104473036, 4623275.647221386432648 ], [ 451907.289642547199037, 4621718.114303409121931 ], [ 451964.011003459861968, 4621030.602097836323082 ], [ 451909.088681936322246, 4620700.855376628227532 ], [ 452254.671825030003674, 4619952.024025521241128 ], [ 450417.380430122546386, 4620334.492259674705565 ], [ 450132.844453939294908, 4620586.718787328340113 ], [ 449890.889401716995053, 4620581.421883371658623 ], [ 449464.042900743486825, 4620148.811139114201069 ], [ 449272.977995064109564, 4619684.142288200557232 ], [ 448848.368358847859781, 4619501.383904246613383 ], [ 448176.270621234376449, 4618148.984035741537809 ], [ 447567.934066724206787, 4619214.391701187938452 ], [ 447078.938758637465071, 4618794.292332424782217 ], [ 446915.665695374074858, 4618779.968784024938941 ], [ 446778.949252861493733, 4618913.359629981219769 ], [ 446541.402919280866627, 4618863.928901393897831 ], [ 446552.817305288568605, 4618945.189862659201026 ], [ 446423.282521103450563, 4618931.040555932559073 ], [ 446421.153016567404848, 4619005.019307413138449 ], [ 446267.199384370702319, 4618991.601496189832687 ], [ 446239.023142783495132, 4618919.641996338032186 ], [ 446103.762730777380057, 4619119.432380456477404 ], [ 446002.666641524992883, 4618929.622735040262341 ], [ 445918.314873621624429, 4618928.278816176578403 ], [ 443235.911942573438864, 4620700.26675914041698 ], [ 443119.245129537128378, 4620813.833556790836155 ] ] ] } },
{ "type": "Feature", "properties": { "drag_region": "West", "region": "West", "NAME": "Wilbraham", "NAMELSAD": "Wilbraham town" }, "geometry": { "type": "Polygon", "coordinates": [ [ [ 195276.43900832690997, 4674830.89727027527988 ], [ 195744.610085718799382, 4674476.843794932588935 ], [ 196111.03780354198534, 4674503.28386169206351 ], [ 196520.550326317665167, 4674349.900432943366468 ], [ 196940.366487732215319, 4674358.082604269497097 ], [ 197423.987577919790056, 4674539.563730146735907 ], [ 197750.393722239532508, 4674569.490960695780814 ], [ 198246.914496527286246, 4674360.850922988727689 ], [ 199206.236207033332903, 4674671.945322064682841 ], [ 199669.032893982308451, 4674527.613471820019186 ], [ 199947.52058158145519, 4674654.894966452382505 ], [ 200576.845354894467164, 4674694.135098454542458 ], [ 201111.145004861289635, 4674214.455361521802843 ], [ 201405.312649157945998, 4674245.952965928241611 ], [ 201512.264288422360551, 4674389.277467550709844 ], [ 201409.728467484004796, 4675028.830531727522612 ], [ 201442.838128543808125, 4675285.558270348235965 ], [ 201320.107117705571, 4675783.660766282118857 ], [ 201506.889321775466669, 4676501.959904712624848 ], [ 201345.330989304988179, 4676610.20047038141638 ], [ 201333.743472925736569, 4676703.096351231448352 ], [ 201527.798332475766074, 4676943.928477206267416 ], [ 201778.963634893007111, 4677003.624780753627419 ], [ 202566.046748412656598, 4677434.581551701761782 ], [ 202784.091732792032417, 4677674.931461273692548 ], [ 203730.535309003840666, 4668552.150260109454393 ], [ 200810.43585166905541, 4668233.241396105848253 ], [ 200471.067364962422289, 4667275.684222740121186 ], [ 196163.367898411815986, 4666812.426308047026396 ], [ 195276.43900832690997, 4674830.89727027527988 ] ] ] } },
{ "type": "Feature", "properties": { "drag_region": "West", "region": "West", "NAME": "Fitchburg", "NAMELSAD": "Fitchburg city" }, "geometry": { "type": "Polygon", "coordinates": [ [ [ 256514.459063672402408, 4723088.131839232519269 ], [ 256580.180161719385069, 4723949.877878203056753 ], [ 257146.53955259907525, 4723884.166206140071154 ], [ 257207.666660997841973, 4724575.409949420951307 ], [ 256614.666435857536271, 4724568.643770040012896 ], [ 257215.91427137539722, 4732971.80523562990129 ], [ 258349.970771318650804, 4733397.15958898793906 ], [ 264045.1735798047157, 4733060.832648823037744 ], [ 264118.335256650752854, 4730602.09568652138114 ], [ 264288.961337883782107, 4729384.070962375961244 ], [ 263996.566795123449992, 4725612.294704308733344 ], [ 264632.402350799646229, 4724834.981577218510211 ], [ 264795.990118899091613, 4724949.813723534345627 ], [ 265257.438676291028969, 4724728.43643164075911 ], [ 265506.675937284715474, 4724429.950062938965857 ], [ 265991.78126175532816, 4723355.755642403848469 ], [ 265818.717686138930731, 4723341.809137413278222 ], [ 265875.279641609173268, 4723261.154301502741873 ], [ 265817.88339006411843, 4722835.244809607975185 ], [ 265452.503107752418146, 4722941.613126838579774 ], [ 265165.993222177494317, 4723230.638775146566331 ], [ 264949.408508800552227, 4723132.531318345107138 ], [ 264826.851823569159023, 4723379.543353945948184 ], [ 264864.250065174303018, 4723611.333447119221091 ], [ 264654.074473098269664, 4723968.597975426353514 ], [ 264090.083448695659172, 4724453.061948793008924 ], [ 262854.845995235256851, 4723581.897824650630355 ], [ 262579.607086086762138, 4723578.065161217935383 ], [ 261819.727880950085819, 4723788.023256143555045 ], [ 261314.111738709150814, 4723323.155811708420515 ], [ 261044.272898462135345, 4723210.031942607834935 ], [ 259943.206445123418234, 4723177.152262132614851 ], [ 259232.269372350419872, 4723461.696653453633189 ], [ 259003.943428472965024, 4723482.340495876967907 ], [ 258649.845999391109217, 4723444.057680285535753 ], [ 258575.934163840021938, 4722916.44742155726999 ], [ 256514.459063672402408, 4723088.131839232519269 ] ] ] } },
{ "type": "Feature", "properties": { "drag_region": "Central", "region": "Central", "NAME": "Somerville", "NAMELSAD": "Somerville city" }, "geometry": { "type": "Polygon", "coordinates": [ [ [ 340805.561940847896039, 4705120.956620879471302 ], [ 341017.424166954937391, 4705687.53745097015053 ], [ 341015.855008771643043, 4706320.148623414337635 ], [ 341104.771384404040873, 4706513.476615374907851 ], [ 341435.388221297296695, 4706633.965435315854847 ], [ 341480.718184617348015, 4706484.715209340676665 ], [ 341217.368461430771276, 4706105.196476432494819 ], [ 341456.612893471261486, 4705985.863364721648395 ], [ 341365.027608766453341, 4705810.709654258564115 ], [ 341516.463400503736921, 4705646.801630213856697 ], [ 341556.551208987482823, 4705725.244116466492414 ], [ 341751.206055143033154, 4705629.816713262349367 ], [ 341700.208745593670756, 4705526.645580494776368 ], [ 341872.401365086552687, 4705398.672109322622418 ], [ 342378.069689241237938, 4705167.053124711848795 ], [ 342376.152973356191069, 4704918.208680980838835 ], [ 342625.113067263155244, 4704614.341748293489218 ], [ 343600.098658611765131, 4704145.4926045704633 ], [ 343916.644001163425855, 4704607.783260281197727 ], [ 344298.878332260879688, 4704425.580244966782629 ], [ 344822.658481266349554, 4704607.253060536459088 ], [ 345608.689774704049341, 4704115.2228744905442 ], [ 345801.987490450846963, 4703599.397859043441713 ], [ 345266.123822488239966, 4702626.399755374528468 ], [ 345160.933420989895239, 4702562.531848427839577 ], [ 345179.669480949873105, 4702419.40814886149019 ], [ 345592.638730114442296, 4702315.64188440144062 ], [ 345818.097530688275583, 4701535.263379811309278 ], [ 345691.637976141879335, 4701461.128247909247875 ], [ 345549.071562839322723, 4701631.606661124154925 ], [ 345414.589623692445457, 4701583.227584010921419 ], [ 345119.842815630952828, 4701644.994938378222287 ], [ 344850.359280772041529, 4701567.712404256686568 ], [ 344770.214592528762296, 4701652.344523810781538 ], [ 344714.420060883974656, 4701544.159691846929491 ], [ 344136.679123106761836, 4701686.254601783119142 ], [ 343308.620466061052866, 4701719.700932553038001 ], [ 342889.296081822249107, 4702261.761029101908207 ], [ 342939.580143736908212, 4702289.624619801528752 ], [ 342319.251809254172258, 4702947.714233097620308 ], [ 342112.368506898754276, 4703269.650696216151118 ], [ 342207.926971781183966, 4703441.937358436174691 ], [ 341899.238028121413663, 4703907.977338672615588 ], [ 341741.748680417309515, 4703749.242306147702038 ], [ 340805.561940847896039, 4705120.956620879471302 ] ] ] } },
{ "type": "Feature", "properties": { "drag_region": "Central", "region": "Central", "NAME": "Maynard", "NAMELSAD": "Maynard town" }, "geometry": { "type": "Polygon", "coordinates": [ [ [ 306865.131009439879563, 4710205.665882967412472 ], [ 308061.982122740650084, 4711637.421988930553198 ], [ 310812.278112592524849, 4710072.940673307515681 ], [ 309709.885355216974858, 4706771.563548176549375 ], [ 307488.923906878742855, 4706351.905661248601973 ], [ 306865.131009439879563, 4710205.665882967412472 ] ] ] } },
{ "type": "Feature", "properties": { "drag_region": "Central", "region": "Central", "NAME": "Medford", "NAMELSAD": "Medford city" }, "geometry": { "type": "Polygon", "coordinates": [ [ [ 339470.578958545462228, 4709320.354884346947074 ], [ 341182.743457719217986, 4709245.193556590005755 ], [ 341349.544760777789634, 4709611.576720680110157 ], [ 341777.279743066406809, 4709700.760277303867042 ], [ 341610.256489778403193, 4710186.061811022460461 ], [ 342026.874594597844407, 4711212.225671236403286 ], [ 343209.540388003108092, 4710675.442520554177463 ], [ 344779.374505880405195, 4710171.010350339114666 ], [ 344539.861245822976343, 4708436.6761703081429 ], [ 344455.290300066641066, 4708448.645871263928711 ], [ 344416.889658420695923, 4708172.701942437328398 ], [ 344686.4906625689473, 4707198.29586433712393 ], [ 345020.936766166705638, 4706883.867000393569469 ], [ 345170.220988006098196, 4706881.208537449128926 ], [ 345589.006953172502108, 4706579.965760678984225 ], [ 345716.779368726187386, 4706626.733250663615763 ], [ 345812.999157534795813, 4706500.719581365585327 ], [ 345794.809348768787459, 4706332.276796143501997 ], [ 345657.118918228545226, 4706169.529082107357681 ], [ 345856.58650879986817, 4705948.441640398465097 ], [ 345450.963874053792097, 4705156.578706623986363 ], [ 345441.321779423393309, 4704789.041407888755202 ], [ 344655.290485985693522, 4705281.071593934670091 ], [ 344131.510336980281863, 4705099.398778364993632 ], [ 343749.276005882769823, 4705281.601793679408729 ], [ 343432.730663331109099, 4704819.311137968674302 ], [ 342336.883898771367967, 4705375.501642668619752 ], [ 342208.784978075535037, 4705592.027214379049838 ], [ 342210.701693960581906, 4705840.871658110059798 ], [ 341705.033369805954862, 4706072.490642720833421 ], [ 341532.840750313072931, 4706200.46411389298737 ], [ 341583.838059862377122, 4706303.635246660560369 ], [ 341389.183213706826791, 4706399.062649864703417 ], [ 341349.095405223080888, 4706320.620163612067699 ], [ 341197.659613485855516, 4706484.528187656775117 ], [ 341289.244898190605454, 4706659.681898119859397 ], [ 341050.000466150173452, 4706779.015009830705822 ], [ 341313.350189336691983, 4707158.533742738887668 ], [ 341289.851056257262826, 4707298.458992278203368 ], [ 340937.403389123384841, 4707187.295148773118854 ], [ 340870.947286760550924, 4706993.291985603049397 ], [ 340458.629504206764977, 4707006.880580342374742 ], [ 340222.513227583724074, 4707144.831995321437716 ], [ 340003.215641056420282, 4707495.374576607719064 ], [ 340024.549870745744556, 4707753.511544664390385 ], [ 339849.856309490976855, 4707831.814348202198744 ], [ 339729.075532003829721, 4708033.318611995317042 ], [ 339470.578958545462228, 4709320.354884346947074 ] ] ] } },
{ "type": "Feature", "properties": { "drag_region": "Central", "region": "Central", "NAME": "Melrose", "NAMELSAD": "Melrose city" }, "geometry": { "type": "Polygon", "coordinates": [ [ [ 345769.392807753989473, 4710045.76585806440562 ], [ 346138.250252360769082, 4712570.939684627577662 ], [ 346257.172585715888999, 4713942.693192504346371 ], [ 346977.983842392219231, 4713660.291968150064349 ], [ 347634.213832526933402, 4713757.867174256592989 ], [ 347641.074726047343574, 4713928.476643451489508 ], [ 348299.907803254085593, 4714104.603816085495055 ], [ 350480.081912126741372, 4710583.831537142395973 ], [ 345769.392807753989473, 4710045.76585806440562 ] ] ] } },
{ "type": "Feature", "properties": { "drag_region": "Central", "region": "Central", "NAME": "Stoneham", "NAMELSAD": "Stoneham town" }, "geometry": { "type": "Polygon", "coordinates": [ [ [ 342127.638652092078701, 4717122.123476181179285 ], [ 342289.425004092568997, 4717285.303824476897717 ], [ 343858.746183540730271, 4717462.909031718969345 ], [ 344728.027768243628088, 4717332.418841785751283 ], [ 345082.481157449830789, 4716323.344539261423051 ], [ 345914.272383189760149, 4715830.710356241092086 ], [ 345773.984380808076821, 4714665.698240256868303 ], [ 345682.631527649762575, 4714656.713464833796024 ], [ 345229.042041576060001, 4710951.055087432265282 ], [ 343371.502202277828474, 4711545.663385022431612 ], [ 342188.836408872564789, 4712082.446535704657435 ], [ 343057.843902493303176, 4714333.059907344169915 ], [ 342849.246046573563945, 4714329.91793226916343 ], [ 342517.386642836208921, 4716651.476812172681093 ], [ 342127.638652092078701, 4717122.123476181179285 ] ] ] } },
{ "type": "Feature", "properties": { "drag_region": "Central", "region": "Central", "NAME": "Stow", "NAMELSAD": "Stow town" }, "geometry": { "type": "Polygon", "coordinates": [ [ [ 298949.440631694975309, 4707689.612180155701935 ], [ 300423.309205296623986, 4713703.850607446394861 ], [ 304101.828124219260644, 4713296.969700170680881 ], [ 306870.049663166457321, 4711718.347873892635107 ], [ 305673.1985498656868, 4710286.591767929494381 ], [ 306296.991447304550093, 4706432.831546210683882 ], [ 305990.113123863644432, 4705044.952089150436223 ], [ 304894.487328000541311, 4705437.699671077542007 ], [ 304766.495927964919247, 4705630.054641562514007 ], [ 304834.873076580988709, 4705745.41732323449105 ], [ 304591.417264808726031, 4705786.782733956351876 ], [ 304508.314290457812604, 4705666.630427690222859 ], [ 304339.931764444103464, 4705801.496154099702835 ], [ 303721.478644385526422, 4705711.092532908543944 ], [ 303480.82128160801949, 4705945.136166305281222 ], [ 302292.35328703984851, 4706057.074095196090639 ], [ 301553.085684627760202, 4705846.851734382100403 ], [ 301470.139149692666251, 4706456.060734186321497 ], [ 298949.440631694975309, 4707689.612180155701935 ] ] ] } },
{ "type": "Feature", "properties": { "drag_region": "Central", "region": "Central", "NAME": "Wakefield", "NAMELSAD": "Wakefield town" }, "geometry": { "type": "Polygon", "coordinates": [ [ [ 344431.421951079624705, 4718033.030894357711077 ], [ 344531.395505590480752, 4718494.230225848965347 ], [ 344988.317087208968587, 4718586.70610923320055 ], [ 344721.157973135705106, 4718913.429389154538512 ], [ 344781.78076953755226, 4719071.043656956404448 ], [ 345909.365440577385016, 4720577.813293786719441 ], [ 346108.258879756554961, 4720571.147542779333889 ], [ 346610.872575206682086, 4721176.826442242600024 ], [ 347216.444918241584674, 4720455.905787415802479 ], [ 347254.865831934497692, 4720531.635308162309229 ], [ 347670.482605619588867, 4720399.952573333866894 ], [ 347778.385613120393828, 4720504.327454979531467 ], [ 347962.661493581254035, 4720318.84848325047642 ], [ 349404.245212833862752, 4720578.640174935571849 ], [ 349587.232155041303486, 4720351.68238989263773 ], [ 349397.841107347747311, 4720073.912133905105293 ], [ 349379.857167874230072, 4719897.125473650172353 ], [ 349439.909516140585765, 4719595.461381315253675 ], [ 349597.741737857926637, 4719462.8875592937693 ], [ 349497.216789635363966, 4719264.864752172492445 ], [ 349730.962473595747724, 4719034.469828493893147 ], [ 349684.04096600972116, 4718764.935609477572143 ], [ 349849.281837037415244, 4718392.084456788375974 ], [ 349673.851397445076145, 4718046.749356270767748 ], [ 349535.303152586449869, 4717960.526144624687731 ], [ 349239.424076902796514, 4717954.203921851702034 ], [ 349109.261341189383529, 4717806.898832400329411 ], [ 349113.293117831577547, 4717674.025901715271175 ], [ 349416.245552247390151, 4717222.070424898527563 ], [ 348956.545341477612965, 4716418.159330029971898 ], [ 348340.348237515427172, 4716142.164372890256345 ], [ 348184.676597593701445, 4715123.835727256722748 ], [ 348251.835943525773473, 4715013.544158465228975 ], [ 347593.002866319031455, 4714837.416985831223428 ], [ 347586.141972798621282, 4714666.807516636326909 ], [ 346929.911982663907111, 4714569.232310529798269 ], [ 346209.10072598757688, 4714851.633534884080291 ], [ 346254.852423180593178, 4715225.068785324692726 ], [ 346346.205276338849217, 4715234.053560747765005 ], [ 346486.493278720532544, 4716399.065676731988788 ], [ 345654.702052980661392, 4716891.699859752319753 ], [ 345300.248663774458691, 4717900.774162276647985 ], [ 344431.421951079624705, 4718033.030894357711077 ] ] ] } },
{ "type": "Feature", "properties": { "drag_region": "Central", "region": "Central", "NAME": "Westford", "NAMELSAD": "Westford town" }, "geometry": { "type": "Polygon", "coordinates": [ [ [ 305972.767646204854827, 4729508.77216424420476 ], [ 306472.987697192525957, 4734000.09992836881429 ], [ 312812.554868785955478, 4737858.242071753367782 ], [ 315149.348840388993267, 4725002.689670672640204 ], [ 311902.414060189330485, 4723704.522801210172474 ], [ 307387.853109601011965, 4727381.193301468156278 ], [ 307131.538232726568822, 4729133.007309422828257 ], [ 305972.767646204854827, 4729508.77216424420476 ] ] ] } },
{ "type": "Feature", "properties": { "drag_region": "Central", "region": "Central", "NAME": "Winchester", "NAMELSAD": "Winchester town" }, "geometry": { "type": "Polygon", "coordinates": [ [ [ 335683.52738546486944, 4711491.671827374026179 ], [ 337903.014346811396535, 4712586.58680137898773 ], [ 338450.0838590960484, 4712208.308089922182262 ], [ 338790.477737041888759, 4712954.144882019609213 ], [ 341158.011547735775821, 4713970.618495913222432 ], [ 342338.317010986385867, 4713997.051518009975553 ], [ 341052.691412546206266, 4710720.274286156520247 ], [ 341219.714665834209882, 4710234.972752437926829 ], [ 340791.979683545592707, 4710145.789195814169943 ], [ 340625.178380487021059, 4709779.406031724065542 ], [ 336249.931524709740188, 4709971.314783845096827 ], [ 336622.371527826297097, 4710397.552110437303782 ], [ 336249.796218934818171, 4710817.371962051838636 ], [ 335992.25738370307954, 4710947.45325234066695 ], [ 335683.52738546486944, 4711491.671827374026179 ] ] ] } },
{ "type": "Feature", "properties": { "drag_region": "Central", "region": "Central", "NAME": "Woburn", "NAMELSAD": "Woburn city" }, "geometry": { "type": "Polygon", "coordinates": [ [ [ 334240.663519270892721, 4713567.713321801275015 ], [ 335823.223797377489973, 4715312.625873106531799 ], [ 336054.071767786343116, 4715336.785905702970922 ], [ 335972.637411724950653, 4715451.448936957865953 ], [ 336268.685495182231534, 4715570.719554928131402 ], [ 336391.577951622428373, 4715734.23535274527967 ], [ 337435.159925747546367, 4716092.489184721373022 ], [ 337295.217083119263407, 4716392.533838068135083 ], [ 337445.810510003298987, 4716476.685409791767597 ], [ 337506.455304036906455, 4717336.522390729747713 ], [ 337467.74241499544587, 4718249.68364311940968 ], [ 337408.890507229138166, 4718275.969527669250965 ], [ 337461.348829303926323, 4718401.412912842817605 ], [ 337450.33898370602401, 4718665.045688840560615 ], [ 337391.946744774060789, 4718689.87562607973814 ], [ 337424.891169641574379, 4719254.070471275597811 ], [ 340306.0665369774797, 4720788.074362942017615 ], [ 341512.522777613077778, 4717456.651181315071881 ], [ 341343.401180012908299, 4717286.209728295914829 ], [ 341740.484416356717702, 4716822.824169010855258 ], [ 342072.343820094072726, 4714501.265289107337594 ], [ 341100.636212763201911, 4714477.974242085590959 ], [ 338733.102402069314849, 4713461.500628191977739 ], [ 338392.70852412347449, 4712715.663836094550788 ], [ 337845.639011838822626, 4713093.942547551356256 ], [ 335626.15205049229553, 4711999.027573546394706 ], [ 335161.789115150284488, 4712428.835401263087988 ], [ 334922.139032841601875, 4712811.958684179931879 ], [ 334240.663519270892721, 4713567.713321801275015 ] ] ] } },
{ "type": "Feature", "properties": { "drag_region": "Central", "region": "Central", "NAME": "Billerica", "NAMELSAD": "Billerica town" }, "geometry": { "type": "Polygon", "coordinates": [ [ [ 322659.081669226347003, 4726164.345012051053345 ], [ 325984.408781574165914, 4731121.446140406653285 ], [ 325888.655245310568716, 4731283.626393645070493 ], [ 325778.970562834641896, 4731957.385403593070805 ], [ 332709.665907595364843, 4727361.254519800655544 ], [ 332357.391003541008104, 4727040.651771976612508 ], [ 332428.620372866105754, 4726460.392733271233737 ], [ 332344.504641568986699, 4726441.47986423317343 ], [ 332396.442355713050347, 4726401.561357406899333 ], [ 332297.495999166741967, 4726311.91821055021137 ], [ 332303.163247355609201, 4726183.200527369044721 ], [ 332056.467423465102911, 4726082.427057257853448 ], [ 332840.344559572695289, 4725271.293762517161667 ], [ 332629.286202235205565, 4725114.008005439303815 ], [ 332752.732523917860817, 4724929.989232405088842 ], [ 332678.640325950633269, 4724511.991536570712924 ], [ 332532.710013051924761, 4724502.356388793326914 ], [ 332738.813466610095929, 4724327.291606043465436 ], [ 333017.538360518286936, 4724299.467053051106632 ], [ 333129.679032294487115, 4724147.309769906103611 ], [ 332005.892626425193157, 4721905.088279834017158 ], [ 331687.853085928189103, 4722045.323794790543616 ], [ 330809.068444836419076, 4719971.860430710949004 ], [ 330411.051692233362701, 4720551.750231366604567 ], [ 330177.881264855095651, 4721471.903239537961781 ], [ 330054.801726180303376, 4721595.394476409070194 ], [ 329971.532058444048744, 4721502.253296914510429 ], [ 329367.093868668191135, 4722161.689845102839172 ], [ 328993.952678316680249, 4721823.01016856264323 ], [ 328848.262710542650893, 4721982.35280439350754 ], [ 328215.881971545866691, 4722009.113206992857158 ], [ 327073.037922083574813, 4722332.233603185042739 ], [ 324947.211458072357345, 4721635.48879618011415 ], [ 324706.07606358762132, 4721716.172392889857292 ], [ 324903.932881173619535, 4722676.722859323956072 ], [ 324665.60536769736791, 4722762.556873175315559 ], [ 324704.343015120131895, 4723119.560868808068335 ], [ 323819.477315755269956, 4724206.236065193079412 ], [ 324162.580143369094003, 4724949.427031857892871 ], [ 323746.651352277200203, 4725462.673667187802494 ], [ 322659.081669226347003, 4726164.345012051053345 ] ] ] } },
{ "type": "Feature", "properties": { "drag_region": "Central", "region": "Central", "NAME": "Groton", "NAMELSAD": "Groton town" }, "geometry": { "type": "Polygon", "coordinates": [ [ [ 290186.72142587590497, 4737420.50043157953769 ], [ 290446.218466792604886, 4739058.523237972520292 ], [ 290569.887898337445222, 4739030.068014710210264 ], [ 290879.539280365686864, 4738579.255274170078337 ], [ 291159.365793049859349, 4738400.958886974491179 ], [ 291326.260601976071484, 4738387.059399931691587 ], [ 291818.349123114370741, 4737828.539359892718494 ], [ 293959.044499728130177, 4736565.050226967781782 ], [ 294457.412207756307907, 4736425.385023129172623 ], [ 294544.499242989055347, 4736765.949904301203787 ], [ 294669.576486356614623, 4736824.118966970592737 ], [ 294834.443500165245496, 4736689.876111704856157 ], [ 295087.905886179767549, 4736249.456843440420926 ], [ 295637.148852488084231, 4736263.153935856185853 ], [ 295680.743279076355975, 4736573.829108435660601 ], [ 296125.287891018670052, 4736793.521368591114879 ], [ 296021.23521905078087, 4736992.562172395177186 ], [ 295715.100308353372384, 4737024.954469169490039 ], [ 295729.580780601361766, 4737159.897347558289766 ], [ 295863.419691886694636, 4737284.955728472210467 ], [ 295776.973740846384317, 4737450.11507068388164 ], [ 296066.555191174265929, 4737462.026220276020467 ], [ 296133.153418348869309, 4737535.683329066261649 ], [ 296305.25970585772302, 4738182.338529002852738 ], [ 296231.595776649715845, 4738325.315050112083554 ], [ 296270.385578473447822, 4738469.296047359704971 ], [ 296456.01220652658958, 4738480.401488237082958 ], [ 296572.222851295780856, 4738223.194056075997651 ], [ 296645.067759563331492, 4738243.866061541251838 ], [ 296840.065228088875301, 4738634.398887644521892 ], [ 296907.140086133324075, 4739342.627842779271305 ], [ 298907.522758038365282, 4739866.96489436738193 ], [ 298863.818320023419801, 4739775.4743547514081 ], [ 299215.51093546487391, 4739889.225503729656339 ], [ 299129.634345506085083, 4739922.385958937928081 ], [ 300393.677947066142224, 4740259.006772808730602 ], [ 300576.039207609777804, 4738571.491731807589531 ], [ 302144.773128376808017, 4737997.894946844317019 ], [ 303680.522723983158357, 4738639.147195263765752 ], [ 303471.491350789088756, 4737421.593566938303411 ], [ 303816.726089192787185, 4735034.195363644510508 ], [ 303316.506038205116056, 4730542.867599519900978 ], [ 302899.022676646593027, 4730400.264893542043865 ], [ 302611.265628313238267, 4730042.44233834464103 ], [ 302187.753990252153017, 4729745.3415572559461 ], [ 294881.618805585079826, 4731481.901259619742632 ], [ 294709.631607570569031, 4731375.701581770554185 ], [ 294414.29877056798432, 4731516.17889113817364 ], [ 294206.105309298902284, 4731301.618390291929245 ], [ 294092.875390418630559, 4731281.879177202470601 ], [ 294101.246139662689529, 4731454.690425048582256 ], [ 293855.388609963411, 4731350.901478479616344 ], [ 293875.132864269602578, 4731503.464653679169714 ], [ 293747.830144756531809, 4731631.6700653815642 ], [ 293839.804430538555607, 4731782.446032838895917 ], [ 293509.272506211185828, 4731893.928282443434 ], [ 293391.127823630929925, 4731805.435948858037591 ], [ 293430.445963959966321, 4732038.092330059967935 ], [ 293310.882101978349965, 4732036.347601087763906 ], [ 293080.404218895884696, 4732301.262588848359883 ], [ 293013.077161840279587, 4732421.177034558728337 ], [ 293089.780466000549495, 4732495.052068560384214 ], [ 293070.535989611933473, 4732650.490649688057601 ], [ 292855.520038173359353, 4732737.862147169187665 ], [ 292870.381600809458178, 4733253.615802189335227 ], [ 292697.425896411528811, 4733475.522681695409119 ], [ 292776.14628383499803, 4733781.094861139543355 ], [ 292614.3402043695678, 4733721.873979545198381 ], [ 292547.779615553095937, 4733855.109842610545456 ], [ 292581.526586655294523, 4734229.996588435955346 ], [ 292403.282630723901093, 4734286.118728565052152 ], [ 292201.246227565570734, 4734482.490625097416341 ], [ 292151.96740518452134, 4734637.535953478887677 ], [ 292291.221772675984539, 4734840.508174287155271 ], [ 292137.537913004402071, 4734833.18006884958595 ], [ 291603.06764973513782, 4735094.631068689748645 ], [ 291470.370700123370625, 4735306.757872673682868 ], [ 291531.891683926281985, 4735386.425481502898037 ], [ 291422.608701693243347, 4735488.552120486274362 ], [ 291514.048879396519624, 4735797.828473500907421 ], [ 291391.584469412104227, 4735877.24709855299443 ], [ 291477.023144856328145, 4735971.061167102307081 ], [ 291329.121355361014139, 4736090.071476672776043 ], [ 291414.466266656701919, 4736170.437310570850968 ], [ 291323.053676210052799, 4736189.971659584902227 ], [ 291355.541202207677998, 4736328.349251584149897 ], [ 291249.474514173401985, 4736435.603836700320244 ], [ 291257.992183845606633, 4736275.044634791091084 ], [ 291178.46661583497189, 4736252.079249802976847 ], [ 291000.321465281187557, 4736466.530799059197307 ], [ 291061.496799762360752, 4736550.984808312729001 ], [ 290944.561754636815749, 4736808.762788560241461 ], [ 290408.034184015123174, 4737207.445979995653033 ], [ 290383.805804294184782, 4737342.712568305432796 ], [ 290287.699780327675398, 4737298.602926191873848 ], [ 290186.72142587590497, 4737420.50043157953769 ] ] ] } },
{ "type": "Feature", "properties": { "drag_region": "Central", "region": "Central", "NAME": "Reading", "NAMELSAD": "Reading town" }, "geometry": { "type": "Polygon", "coordinates": [ [ [ 341078.470323097368237, 4724272.172093278728426 ], [ 341413.727383040997665, 4724304.168566872365773 ], [ 341451.192588467150927, 4724379.340184558182955 ], [ 341510.428883852961008, 4724294.6227623000741 ], [ 341556.579895857081283, 4724434.246152201667428 ], [ 341657.243408889102284, 4724399.379161707125604 ], [ 341679.175619062443729, 4724520.1668880879879 ], [ 341867.697237893764395, 4724450.870616614818573 ], [ 341943.913726645580027, 4724751.08192197047174 ], [ 342083.468346357170958, 4724757.02425682079047 ], [ 342128.933483211148996, 4724905.890607848763466 ], [ 342397.494675215624738, 4725149.61498021427542 ], [ 342562.804036073328461, 4725134.698376027867198 ], [ 342581.060646371159237, 4725234.023613031953573 ], [ 342788.280592630675528, 4725295.511421571485698 ], [ 343015.573222465405706, 4725167.496745995245874 ], [ 343264.160436355916318, 4725224.521727065555751 ], [ 343405.481691257504281, 4725513.011827250942588 ], [ 343725.952099910529796, 4725792.603748023509979 ], [ 343803.468451496446505, 4725603.448539844714105 ], [ 344919.502511193568353, 4724826.900542728602886 ], [ 346465.738782385364175, 4724529.6850964454934 ], [ 346055.610187192389276, 4721778.138401864096522 ], [ 345552.996491742262151, 4721172.459502400830388 ], [ 345354.103052563092206, 4721179.12525340821594 ], [ 344226.51838152325945, 4719672.355616577900946 ], [ 344165.895585121470504, 4719514.741348776035011 ], [ 344433.054699194675777, 4719188.018068854697049 ], [ 343976.133117576187942, 4719095.542185470461845 ], [ 343875.704691057268064, 4718632.576311831362545 ], [ 342306.38351160910679, 4718454.971104589290917 ], [ 341099.927270973508712, 4721786.394286216236651 ], [ 341446.595140649413224, 4721979.785216086544096 ], [ 341078.470323097368237, 4724272.172093278728426 ] ] ] } },
{ "type": "Feature", "properties": { "drag_region": "Central", "region": "Central", "NAME": "Townsend", "NAMELSAD": "Townsend town" }, "geometry": { "type": "Polygon", "coordinates": [ [ [ 277138.528032057045493, 4740656.789424220100045 ], [ 277633.683513465162832, 4747737.446719206869602 ], [ 287509.058948060264811, 4747053.521777154877782 ], [ 287552.097571525082458, 4745512.692699200473726 ], [ 286137.244542551459745, 4736739.652458801865578 ], [ 277138.528032057045493, 4740656.789424220100045 ] ] ] } },
{ "type": "Feature", "properties": { "drag_region": "Central", "region": "Central", "NAME": "Waltham", "NAMELSAD": "Waltham city" }, "geometry": { "type": "Polygon", "coordinates": [ [ [ 326402.320240775472485, 4705460.959350699558854 ], [ 326806.239728780114092, 4706348.321012153290212 ], [ 327374.986807243549265, 4706077.142057342454791 ], [ 327687.765224964357913, 4706804.413817956112325 ], [ 327614.04441557591781, 4706837.278676467016339 ], [ 328009.914503870881163, 4707678.241544039919972 ], [ 333265.032480276597198, 4705235.694023222662508 ], [ 333509.94952674995875, 4704520.186574632301927 ], [ 333734.565916563966312, 4704282.02498382050544 ], [ 333755.571674947044812, 4704148.362021432258189 ], [ 333617.188782484619878, 4704001.598478487692773 ], [ 333909.839133676490746, 4703255.430087314918637 ], [ 331969.617464605602436, 4701143.20436982717365 ], [ 328966.728340185713023, 4700036.296726930886507 ], [ 328747.511196129256859, 4699803.976705233566463 ], [ 328690.449453985085711, 4699933.39272253587842 ], [ 328296.112089401809499, 4699807.96948909573257 ], [ 327994.909453552216291, 4699989.228903946466744 ], [ 327679.629802673123777, 4700513.248249314725399 ], [ 327655.600436873966828, 4700820.145292224362493 ], [ 327324.443266189831775, 4701117.805825403891504 ], [ 327351.509904925012961, 4701263.987167467363179 ], [ 327596.478559141163714, 4701457.460844452492893 ], [ 327333.228229867760092, 4702062.122058712877333 ], [ 327098.600618267199025, 4702204.975681376643479 ], [ 327864.516637275693938, 4703870.906048987060785 ], [ 327180.416018707910553, 4704197.573499321006238 ], [ 326917.042954508797266, 4704853.159900416620076 ], [ 326653.124731457675807, 4704968.706841063685715 ], [ 326795.294366270070896, 4705294.14976651687175 ], [ 326402.320240775472485, 4705460.959350699558854 ] ] ] } },
{ "type": "Feature", "properties": { "drag_region": "Central", "region": "Central", "NAME": "Weston", "NAMELSAD": "Weston town" }, "geometry": { "type": "Polygon", "coordinates": [ [ [ 321270.744479590561241, 4703698.346959254704416 ], [ 321382.235333937278483, 4703930.541579393669963 ], [ 322754.706023381149862, 4703454.551108055748045 ], [ 323016.012187756656203, 4703563.886911395937204 ], [ 322964.869405101344455, 4703594.507325018756092 ], [ 323114.914966969343368, 4703901.575211345218122 ], [ 323220.619090182706714, 4703848.022586870007217 ], [ 323419.951574916602112, 4704265.881603369489312 ], [ 324790.883703307656106, 4704518.543183945119381 ], [ 325616.173325442709029, 4704134.258828277699649 ], [ 325651.977222043205984, 4704216.084451928734779 ], [ 325915.895445094327442, 4704100.53751128166914 ], [ 326179.268509293440729, 4703444.951110186055303 ], [ 326863.369127861224115, 4703118.283659852109849 ], [ 326097.453108852729201, 4701452.353292241692543 ], [ 326332.080720453290269, 4701309.499669577926397 ], [ 326595.331049726693891, 4700704.838455317541957 ], [ 326350.362395510543138, 4700511.364778332412243 ], [ 326323.295756775361951, 4700365.183436268940568 ], [ 326654.452927459497005, 4700067.522903089411557 ], [ 326678.482293258653954, 4699760.625860179774463 ], [ 326993.761944137746468, 4699236.606514811515808 ], [ 327362.6873735653935, 4699048.100867896340787 ], [ 327459.184220613213256, 4698833.403085188940167 ], [ 327495.125036796438508, 4698569.866303184069693 ], [ 327353.134608267166186, 4698443.960664705373347 ], [ 327395.930837480002083, 4698230.579524683766067 ], [ 327264.975424065545667, 4698011.594861296005547 ], [ 327218.123427604907192, 4697706.810470812954009 ], [ 327307.669303882692475, 4697636.199979659169912 ], [ 327501.994298121251632, 4697661.705560192465782 ], [ 327710.294088384776842, 4697474.491999315097928 ], [ 327344.398509889026172, 4696958.601479880511761 ], [ 326974.094053276348859, 4696929.337960192002356 ], [ 326861.558292102243286, 4696576.744117128662765 ], [ 326666.317981883767061, 4696502.718298511579633 ], [ 326483.330682572326623, 4696554.272542931139469 ], [ 326498.481949794106185, 4696232.279170977883041 ], [ 321727.868233985383995, 4694767.681450934149325 ], [ 321740.61323316587368, 4695586.115515052340925 ], [ 321270.744479590561241, 4703698.346959254704416 ] ] ] } },
{ "type": "Feature", "properties": { "drag_region": "West", "region": "West", "NAME": "Buckland", "NAMELSAD": "Buckland town" }, "geometry": { "type": "Polygon", "coordinates": [ [ [ 163541.871870069095166, 4727872.943867442198098 ], [ 165196.441319489123998, 4734178.302183067426085 ], [ 165967.590842627483653, 4734384.982203762046993 ], [ 166517.840624685253715, 4734138.535582569427788 ], [ 167545.565189734130399, 4734071.947328375652432 ], [ 169174.00838042088435, 4734518.650756869465113 ], [ 170744.42840450591757, 4734240.63008048478514 ], [ 171587.33640242103138, 4734375.724569473415613 ], [ 171898.358009875257267, 4734056.227211704477668 ], [ 172041.603756451542722, 4734028.28293223772198 ], [ 172304.251797063770937, 4734198.355154918506742 ], [ 172184.602728395693703, 4734658.2355155358091 ], [ 172448.266184733685805, 4734987.172108452767134 ], [ 172859.263005808956223, 4735019.602266220375896 ], [ 173131.925045239942847, 4734913.84437192324549 ], [ 172958.842143562651472, 4734231.575384271331131 ], [ 173103.281532554159639, 4733974.145425819791853 ], [ 173094.962965046259342, 4733771.097490504384041 ], [ 172610.169748915621312, 4732308.760700934566557 ], [ 172686.335161717113806, 4732240.960455562919378 ], [ 172986.459326550917467, 4732281.546769971959293 ], [ 173101.413833709055325, 4732187.333521413616836 ], [ 173328.829463360802038, 4731500.837281755171716 ], [ 173391.280158046836732, 4731028.716102695092559 ], [ 173677.519610251911217, 4730885.787363677285612 ], [ 173920.7161109118897, 4730519.545270767062902 ], [ 174312.644570209115045, 4730311.124676901847124 ], [ 172376.544846420030808, 4730123.140052355825901 ], [ 172020.33571333475993, 4728045.993781519122422 ], [ 169579.886161480826559, 4728572.129454953595996 ], [ 163541.871870069095166, 4727872.943867442198098 ] ] ] } },
{ "type": "Feature", "properties": { "drag_region": "West", "region": "West", "NAME": "Conway", "NAMELSAD": "Conway town" }, "geometry": { "type": "Polygon", "coordinates": [ [ [ 170856.57582749822177, 4714085.753684712573886 ], [ 170944.998512290185317, 4714549.528488848358393 ], [ 171441.688465787214227, 4714595.361357560381293 ], [ 171531.28015519870678, 4715084.570393569767475 ], [ 171033.0140268606483, 4715021.000030814670026 ], [ 171092.096638182702009, 4715408.851606566458941 ], [ 171257.149262244813144, 4715359.237334104254842 ], [ 174102.073362747032661, 4726301.617261592298746 ], [ 173097.263400679396, 4726515.066923188045621 ], [ 173453.472533764666878, 4728592.2131940247491 ], [ 175342.307463963108603, 4728776.824323829263449 ], [ 175647.604072117945179, 4728200.129652361385524 ], [ 176294.404416517470963, 4727823.900502896867692 ], [ 176261.152719333826099, 4726941.514306518249214 ], [ 176427.025473092216998, 4726479.139634365215898 ], [ 176784.149274784140289, 4726260.656954866833985 ], [ 177360.081432190258056, 4726328.174638254567981 ], [ 177908.955651514988858, 4726120.633336492814124 ], [ 178446.513857807032764, 4726108.018761429935694 ], [ 178529.716695606592111, 4725337.307695718482137 ], [ 178758.824583014473319, 4725009.898659765720367 ], [ 179289.158812972542364, 4724817.527986353263259 ], [ 179735.592719548207242, 4724503.323229670524597 ], [ 179929.708113581931684, 4723981.312528174370527 ], [ 180352.432208906277083, 4723543.006745132617652 ], [ 180601.981663671263959, 4722799.212809223681688 ], [ 180867.185698538145516, 4722298.763576640747488 ], [ 179631.476828267332166, 4716879.950281707569957 ], [ 179425.99548497016076, 4715666.465501117520034 ], [ 179967.572232968290336, 4715728.640916870906949 ], [ 179853.987997847492807, 4715286.03462466225028 ], [ 179967.525087022746447, 4714751.738134078681469 ], [ 179815.287958455563057, 4714438.864774043671787 ], [ 171500.715372561651748, 4713411.979396147653461 ], [ 171586.158317868190352, 4714134.832535903900862 ], [ 170856.57582749822177, 4714085.753684712573886 ] ] ] } },
{ "type": "Feature", "properties": { "drag_region": "West", "region": "West", "NAME": "Heath", "NAMELSAD": "Heath town" }, "geometry": { "type": "Polygon", "coordinates": [ [ [ 162621.282251449243631, 4749605.675486058928072 ], [ 168608.360365995147731, 4749131.950424078851938 ], [ 169731.489468457235489, 4740435.857066602446139 ], [ 165618.508374632743653, 4738232.926256272010505 ], [ 164444.884976424684282, 4738085.024060906842351 ], [ 164418.09045042557409, 4738388.841314014978707 ], [ 163879.102502460067626, 4738447.732708103954792 ], [ 163964.773647874360904, 4739391.59750075545162 ], [ 163235.053466499841306, 4739483.935261816717684 ], [ 163077.110601374530233, 4741439.559811724349856 ], [ 162977.744684345088899, 4741439.979467168450356 ], [ 162730.666225413850043, 4743507.105794275179505 ], [ 163186.048344412527513, 4743499.648117069154978 ], [ 162621.282251449243631, 4749605.675486058928072 ] ] ] } },
{ "type": "Feature", "properties": { "drag_region": "West", "region": "West", "NAME": "Rowe", "NAMELSAD": "Rowe town" }, "geometry": { "type": "Polygon", "coordinates": [ [ [ 150282.240606123465113, 4743347.487925974652171 ], [ 150369.454498094739392, 4743418.272744849324226 ], [ 150857.137595438282005, 4743419.026045770384371 ], [ 150833.996509083022829, 4743869.487261008471251 ], [ 151279.544990496186074, 4743938.823245231993496 ], [ 151940.067679048224818, 4743911.788853065110743 ], [ 151822.518810096778907, 4744611.684747311286628 ], [ 152178.129096600110643, 4744945.334015768952668 ], [ 152338.045686574536376, 4744965.297856664285064 ], [ 152967.501640911679715, 4744761.719425966031849 ], [ 153377.675818122748751, 4744984.000636399723589 ], [ 153756.208294071198907, 4745034.5915985442698 ], [ 153862.294230284751393, 4745123.897670090198517 ], [ 154006.716682034602854, 4745547.891877606511116 ], [ 153838.079167279007379, 4745933.460686407983303 ], [ 154150.727996875997633, 4746228.136596868745983 ], [ 154291.772919108276255, 4746519.279632231220603 ], [ 154136.844895868329331, 4746806.361559766344726 ], [ 154148.912564955942798, 4747421.4389868080616 ], [ 153977.812793591292575, 4747972.19520075339824 ], [ 154059.129218124318868, 4748278.153762858361006 ], [ 154586.93619246938033, 4748449.890601680614054 ], [ 154945.126321989519056, 4748297.898731512948871 ], [ 155100.394002908316907, 4748376.682089617475867 ], [ 155277.169776555849239, 4748793.057572847232223 ], [ 155566.083174384373706, 4748895.9955052761361 ], [ 155866.793754069833085, 4749391.19130377843976 ], [ 156148.7104387927684, 4749589.530958189629018 ], [ 156234.649334199493751, 4750354.533648488111794 ], [ 161374.922569646092597, 4749975.174454373307526 ], [ 161939.688662609376479, 4743869.147085383534431 ], [ 161484.306543610699009, 4743876.604762589558959 ], [ 161595.594689962337725, 4742856.841490848921239 ], [ 156994.661389900138602, 4742900.715383187867701 ], [ 156902.079893169633579, 4742562.087381117045879 ], [ 155684.753722395922523, 4742587.377929373644292 ], [ 155598.497302241739817, 4742398.392832720652223 ], [ 155362.08572523255134, 4742385.80900162179023 ], [ 155017.192363985639531, 4742049.831745401024818 ], [ 153471.855240635573864, 4741066.447151730768383 ], [ 153498.663312131422572, 4741607.034951658919454 ], [ 153615.741502357646823, 4741996.579237238503993 ], [ 153541.957211542176083, 4742353.882382452487946 ], [ 153382.558838633354753, 4742458.191651144064963 ], [ 153049.170149373996537, 4742507.89144095685333 ], [ 152834.518213467439637, 4742185.824634014628828 ], [ 152318.504950035596266, 4742169.226120637729764 ], [ 151845.803293671226129, 4741847.973063002340496 ], [ 151436.667727247986477, 4742293.686911136843264 ], [ 150801.327634966233745, 4742651.829555643722415 ], [ 150282.240606123465113, 4743347.487925974652171 ] ] ] } },
{ "type": "Feature", "properties": { "drag_region": "Central", "region": "Central", "NAME": "Foxborough", "NAMELSAD": "Foxborough town" }, "geometry": { "type": "Polygon", "coordinates": [ [ [ 324383.041444997827057, 4657715.553770028054714 ], [ 324589.010321516834665, 4658217.964246416464448 ], [ 324578.505036492191721, 4659687.682280658744276 ], [ 324864.531186334905215, 4660418.749265106394887 ], [ 325962.722932503849734, 4662041.354317051358521 ], [ 327507.359182951506227, 4662767.039149252697825 ], [ 328709.237713938928209, 4662852.882303861901164 ], [ 328702.075012796500232, 4662601.725920367985964 ], [ 331335.61357176292222, 4659196.348133019171655 ], [ 332157.08685802744003, 4660095.867539241909981 ], [ 333560.258275350730401, 4657278.61812442727387 ], [ 324346.216937708086334, 4652752.435852196998894 ], [ 324383.041444997827057, 4657715.553770028054714 ] ] ] } },
{ "type": "Feature", "properties": { "drag_region": "West", "region": "West", "NAME": "Sunderland", "NAMELSAD": "Sunderland town" }, "geometry": { "type": "Polygon", "coordinates": [ [ [ 186980.787305796344299, 4712669.453691774979234 ], [ 187198.17973744252231, 4713754.901380877941847 ], [ 187604.206586736661848, 4714674.390189319849014 ], [ 188627.68224979104707, 4715864.78301861230284 ], [ 188698.148912248376291, 4716620.347592909820378 ], [ 188952.69032628275454, 4717535.817173699848354 ], [ 189102.776536860037595, 4717754.786597991362214 ], [ 189929.250742235512007, 4718550.653247909620404 ], [ 192891.40547062974656, 4718841.616622985340655 ], [ 192455.842611372412648, 4715108.744714400731027 ], [ 191523.580020076187793, 4713141.519643451087177 ], [ 191479.377068815811072, 4711334.220898015424609 ], [ 191689.954216601676308, 4709839.272027125582099 ], [ 187535.748998188937549, 4709315.443555710837245 ], [ 187013.232624993717764, 4711991.753376477397978 ], [ 186980.787305796344299, 4712669.453691774979234 ] ] ] } },
{ "type": "Feature", "properties": { "drag_region": "West", "region": "West", "NAME": "Warwick", "NAMELSAD": "Warwick town" }, "geometry": { "type": "Polygon", "coordinates": [ [ [ 205235.161681577941636, 4745935.717879784293473 ], [ 215780.997110612370307, 4745101.195330797694623 ], [ 216486.91974010100239, 4739852.560082495212555 ], [ 215368.533239117503399, 4739753.621184129267931 ], [ 215512.424519716325449, 4738531.780654245056212 ], [ 214505.754473171167774, 4738386.242535561323166 ], [ 214644.554969772492768, 4737244.657961933873594 ], [ 213799.572747572005028, 4737084.116901186294854 ], [ 213889.873138871131232, 4736255.953605679795146 ], [ 212990.403799189458368, 4736221.647729367017746 ], [ 213089.874959385459078, 4735331.711351039819419 ], [ 212232.750464115204522, 4735214.303368546068668 ], [ 212417.879941836610669, 4733363.20418915245682 ], [ 208592.614019833592465, 4732905.434780333191156 ], [ 205235.161681577941636, 4745935.717879784293473 ] ] ] } },
{ "type": "Feature", "properties": { "drag_region": "West", "region": "West", "NAME": "Gill", "NAMELSAD": "Gill town" }, "geometry": { "type": "Polygon", "coordinates": [ [ [ 191207.801937409734819, 4732989.682764212600887 ], [ 191268.508352013013791, 4733356.7201361451298 ], [ 191521.602852029085625, 4733620.885939735919237 ], [ 191481.129385366337374, 4734374.779674854129553 ], [ 191592.369561377679929, 4734533.095185010693967 ], [ 191365.300456539203878, 4734680.147103399038315 ], [ 191465.005108494719025, 4734913.931301561184227 ], [ 191408.345203126664273, 4735047.482390276156366 ], [ 191802.794748635205906, 4735553.143057321198285 ], [ 191631.963484057574533, 4735880.509063558652997 ], [ 191641.787495546683203, 4736249.240670869126916 ], [ 191889.110904576024041, 4736576.066994316875935 ], [ 192371.764070851495489, 4736672.859502849169075 ], [ 192316.143827444757335, 4737044.666531155817211 ], [ 192437.581577643402852, 4737273.209636799059808 ], [ 192337.97599988814909, 4737522.256100866943598 ], [ 192417.937019131029956, 4737897.724640525877476 ], [ 196628.475644989870489, 4738396.868111984804273 ], [ 196153.927715624449775, 4740221.625719343312085 ], [ 196659.146137278759852, 4740354.354441931471229 ], [ 196692.155293017684016, 4739689.391366661526263 ], [ 196925.615062869735993, 4739593.862348354421556 ], [ 197062.166052522428799, 4740056.022844028659165 ], [ 197274.023407091677655, 4740117.588603465817869 ], [ 197419.534488546021748, 4739995.556022820062935 ], [ 197790.29308977117762, 4739271.302108379080892 ], [ 198113.755790529423393, 4739193.804216372780502 ], [ 198114.541867719381116, 4738555.99643924087286 ], [ 198548.136654031928629, 4737798.289793075062335 ], [ 198587.51465941866627, 4737417.215795082971454 ], [ 198039.413269525102805, 4736772.249104709364474 ], [ 197181.224604461516719, 4736162.562607534229755 ], [ 196542.317075675353408, 4735440.560299877077341 ], [ 196508.237688425811939, 4735202.117450643330812 ], [ 197176.092263377795462, 4733581.515131761319935 ], [ 197193.379370177397504, 4733195.223179741762578 ], [ 197012.607092355727218, 4732710.402825101278722 ], [ 196853.212585475994274, 4732539.421148218214512 ], [ 196453.812770475225989, 4732327.614861981011927 ], [ 195764.776006437197793, 4731271.194672382436693 ], [ 195579.676569327828474, 4731149.915425813756883 ], [ 195393.645103068905883, 4731192.881859260611236 ], [ 195132.678897778154351, 4731474.361500706523657 ], [ 194980.586373599129729, 4731931.115328225307167 ], [ 193812.264171067683492, 4732073.79131402913481 ], [ 193549.144461163552478, 4732019.45007224008441 ], [ 192859.867491410113871, 4731539.905048011802137 ], [ 192337.60542986827204, 4731305.973105505108833 ], [ 191932.4057643005508, 4731277.217300506308675 ], [ 191759.153130416583735, 4731497.197353880852461 ], [ 191720.353176877775695, 4732257.354100976139307 ], [ 191389.901741057634354, 4732586.520316988229752 ], [ 191207.801937409734819, 4732989.682764212600887 ] ] ] } },
{ "type": "Feature", "properties": { "drag_region": "West", "region": "West", "NAME": "Wendell", "NAMELSAD": "Wendell town" }, "geometry": { "type": "Polygon", "coordinates": [ [ [ 199183.213073851889931, 4727381.124307176098228 ], [ 199580.70567493228009, 4727531.266698131337762 ], [ 199704.648423879523762, 4727783.612457644194365 ], [ 200241.354456185363233, 4728088.507346508093178 ], [ 200907.796972669078968, 4728691.731085437349975 ], [ 201131.656863346230239, 4728739.012199058197439 ], [ 201280.027952493343037, 4729005.736315639689565 ], [ 201614.68360841658432, 4729198.921126904897392 ], [ 201614.416037213173695, 4729675.488379925489426 ], [ 202073.017098814831115, 4729969.220263980329037 ], [ 202332.805426522856578, 4730467.935899162665009 ], [ 202577.23449013690697, 4730683.841671163216233 ], [ 203415.841511297272518, 4730660.579663770273328 ], [ 203919.830431091133505, 4730227.537706922739744 ], [ 204511.967994443199132, 4729547.158700644038618 ], [ 205251.031594731728546, 4729502.107301970943809 ], [ 205569.449406755215023, 4729251.069137484766543 ], [ 206020.207593861792702, 4729476.397084752097726 ], [ 206459.20437544392189, 4729434.925918078050017 ], [ 206846.432780495204497, 4729597.437456084415317 ], [ 207191.520125031645875, 4729465.990618743933737 ], [ 207749.289359308721032, 4729090.398717649281025 ], [ 208066.797686970036011, 4729469.871637277305126 ], [ 208496.246284573688172, 4729382.525723802857101 ], [ 208032.056268183689099, 4723907.903420018032193 ], [ 207709.16519241174683, 4718653.282519306056201 ], [ 200953.810327497310936, 4719931.762690211646259 ], [ 201101.289607911719941, 4720835.37846217956394 ], [ 199439.966031851537991, 4720663.667356979101896 ], [ 200178.839926913788076, 4724883.165387541055679 ], [ 199990.073581163655035, 4725535.297118287533522 ], [ 199647.288349858077709, 4725858.560198665596545 ], [ 199443.270904666860588, 4726248.470609620213509 ], [ 199305.829147581767756, 4726671.26053580828011 ], [ 199356.87776312493952, 4727072.539392181672156 ], [ 199183.213073851889931, 4727381.124307176098228 ] ] ] } },
{ "type": "Feature", "properties": { "drag_region": "West", "region": "West", "NAME": "Amherst Town", "NAMELSAD": "Amherst Town city" }, "geometry": { "type": "Polygon", "coordinates": [ [ [ 190673.897579225478694, 4705480.258891372941434 ], [ 191011.570464786200318, 4708476.912731545977294 ], [ 195510.250446641060989, 4709031.935438915155828 ], [ 196307.427189568057656, 4702467.265244827605784 ], [ 197054.377193439519033, 4694978.673209707252681 ], [ 195771.541813306510448, 4694903.02584732696414 ], [ 195483.57289998116903, 4694738.724170370958745 ], [ 195096.312243948690593, 4694686.63196768052876 ], [ 194605.236045104567893, 4694435.364371324889362 ], [ 194167.524782598251477, 4694897.777490652166307 ], [ 194028.305905321438331, 4694781.475511722266674 ], [ 193545.885877011460252, 4694937.296014360152185 ], [ 192310.144608406000771, 4694520.478560015559196 ], [ 192046.53109712083824, 4694639.643780403770506 ], [ 191767.654074715566821, 4694462.426303748972714 ], [ 191509.630779677478131, 4694714.097196337766945 ], [ 191187.808790868904907, 4694797.334327002987266 ], [ 191026.871366149978712, 4696575.307981288991868 ], [ 190784.89044417993864, 4696525.75640357285738 ], [ 191393.032914465642534, 4700987.503689857199788 ], [ 191310.590662515489385, 4700979.144213256426156 ], [ 191361.00756511389045, 4701561.765050884336233 ], [ 191443.338354787440039, 4701571.575363412499428 ], [ 191930.730961552995723, 4705584.925433486700058 ], [ 190673.897579225478694, 4705480.258891372941434 ] ] ] } },
{ "type": "Feature", "properties": { "drag_region": "Northeast", "region": "Northeast", "NAME": "North Attleborough Town", "NAMELSAD": "North Attleborough Town city" }, "geometry": { "type": "Polygon", "coordinates": [ [ [ 308727.27085658442229, 4637342.688485966995358 ], [ 308955.301654304785188, 4645124.478252779692411 ], [ 310360.571800008241553, 4645108.750406953506172 ], [ 316749.859058383386582, 4648176.349146972410381 ], [ 318286.770445250207558, 4645117.272892042994499 ], [ 312577.386848632188048, 4640102.218514254316688 ], [ 308727.27085658442229, 4637342.688485966995358 ] ] ] } },
{ "type": "Feature", "properties": { "drag_region": "Northeast", "region": "Northeast", "NAME": "Hanover", "NAMELSAD": "Hanover town" }, "geometry": { "type": "Polygon", "coordinates": [ [ [ 357482.493976457684767, 4665213.489776009693742 ], [ 361866.903711949533317, 4665846.432085255160928 ], [ 361869.907817275030538, 4665710.282098934054375 ], [ 362074.375203534087632, 4665380.255774140357971 ], [ 362083.920490780787077, 4665121.988560128025711 ], [ 362341.476679225976113, 4664960.013515648432076 ], [ 362421.548673687560949, 4664847.419539980590343 ], [ 362437.519572045712266, 4664560.576341070234776 ], [ 362556.127992077905219, 4664394.497479345649481 ], [ 362644.087583882326726, 4664402.046007351949811 ], [ 362673.142612858791836, 4663938.957724072039127 ], [ 362835.187742193345912, 4663754.286839032545686 ], [ 362839.217567921441514, 4663472.479480044916272 ], [ 362918.899473172146827, 4663444.439359977841377 ], [ 362845.69818844110705, 4663173.845238941721618 ], [ 363145.211872816144023, 4662955.347552499733865 ], [ 363496.37150655197911, 4662869.6193912262097 ], [ 363717.130385877331719, 4662973.210204174742103 ], [ 363840.361089066194836, 4662916.367629937827587 ], [ 363958.250008565199096, 4663012.164593036286533 ], [ 364133.929796534648631, 4662979.758742104284465 ], [ 364074.613812275405508, 4662885.265298312529922 ], [ 364343.316684258112218, 4662809.891560717485845 ], [ 364362.608726810722146, 4662515.655229079537094 ], [ 364460.683513572614174, 4662387.37475906778127 ], [ 364726.312947637634352, 4662267.425104040652514 ], [ 364943.918642268225085, 4662015.421196933835745 ], [ 365002.399643323558848, 4661543.508345495909452 ], [ 364906.438301039219368, 4661495.440735613927245 ], [ 364836.798466997221112, 4661300.181953380815685 ], [ 364939.898065855319146, 4660943.186943029984832 ], [ 365255.439968339283951, 4660896.409207379445434 ], [ 365352.018033655185718, 4660640.536865362897515 ], [ 364626.319172007672023, 4659741.323137531057 ], [ 364650.008300760819111, 4659590.631648521870375 ], [ 364818.180168442835566, 4659387.11123388260603 ], [ 364755.03323116293177, 4659323.463757512159646 ], [ 364819.523794909706339, 4659192.792792881838977 ], [ 364705.760098502738401, 4659090.893527458421886 ], [ 364576.543257518962491, 4659103.076331357471645 ], [ 364286.391330959741026, 4659254.317785949446261 ], [ 363978.330013790575322, 4659271.093724621459842 ], [ 363878.886676411668304, 4659406.850577602162957 ], [ 363458.26357136835577, 4659378.393578853458166 ], [ 362491.056233149894979, 4658993.220609175972641 ], [ 362306.343935320910532, 4658752.802657650783658 ], [ 361922.824125248240307, 4658812.728744399733841 ], [ 361705.218859652639367, 4658965.511453227140009 ], [ 361433.811427156615537, 4658814.972245888784528 ], [ 361192.671253308129963, 4658877.854647746309638 ], [ 361060.242889109125827, 4658738.423815997317433 ], [ 361027.177755666838493, 4658545.513633133843541 ], [ 360540.183716543891933, 4658200.842136693187058 ], [ 360211.591482857184019, 4658363.421606135554612 ], [ 360008.1294101914973, 4658106.249782817438245 ], [ 359813.486912093125284, 4658003.193961050361395 ], [ 359459.131440998113248, 4658141.599449880421162 ], [ 359411.160850834858138, 4658274.626971965655684 ], [ 358364.128487166773994, 4658107.713538337498903 ], [ 358279.848303045437206, 4661450.425898185931146 ], [ 357482.493976457684767, 4665213.489776009693742 ] ] ] } },
{ "type": "Feature", "properties": { "drag_region": "Northeast", "region": "Northeast", "NAME": "Marshfield", "NAMELSAD": "Marshfield town" }, "geometry": { "type": "Polygon", "coordinates": [ [ [ 368931.785523350990843, 4663989.590621273033321 ], [ 369137.782178175519221, 4664478.94427536893636 ], [ 369357.200594534166157, 4664567.447606625035405 ], [ 369397.362392523733433, 4665148.697814758867025 ], [ 369464.158615295018535, 4665228.395591325126588 ], [ 369750.170987272111233, 4665190.104448150843382 ], [ 370057.697311109746806, 4665025.629179145209491 ], [ 370292.473163835005835, 4665051.077977106906474 ], [ 370515.207730121386703, 4664922.376062678173184 ], [ 370654.053957537806127, 4665057.244861953891814 ], [ 370791.998025412263814, 4665428.412128038704395 ], [ 370912.752256890351418, 4665436.467803965322673 ], [ 371069.807846864161547, 4665233.270539944991469 ], [ 371281.938531334337313, 4665511.936473880894482 ], [ 371615.568089399777818, 4665478.515449790284038 ], [ 371742.038707435538527, 4665672.31137259490788 ], [ 371737.390454925887752, 4665896.463699324056506 ], [ 372113.98887458210811, 4666113.454100026749074 ], [ 372232.805497567926068, 4666072.028092379681766 ], [ 372513.897565367224161, 4665701.47550833504647 ], [ 372812.032018313300796, 4665670.503003533929586 ], [ 373192.319273615896236, 4665814.159756772220135 ], [ 373476.113257151562721, 4665602.219769074581563 ], [ 373589.969646678073332, 4665661.781339240260422 ], [ 373736.860332978132647, 4666017.82123473379761 ], [ 373863.43721298238961, 4666114.230569985695183 ], [ 374602.779854217835236, 4666046.638168400153518 ], [ 374819.876582335971761, 4665763.22823453322053 ], [ 375123.545504667737987, 4665629.158478675410151 ], [ 375262.186516356247012, 4665322.345950243063271 ], [ 375342.118936909304466, 4664811.545796386897564 ], [ 375465.939659182506148, 4664630.113377721048892 ], [ 375758.600704347540159, 4664475.744307950139046 ], [ 376025.288075811055023, 4664485.639090528711677 ], [ 376074.424822829896584, 4663840.612876118160784 ], [ 376669.710497741354629, 4663158.070742027834058 ], [ 376819.744935413647909, 4662719.217162756249309 ], [ 377124.349663652887102, 4662452.593819493427873 ], [ 377548.559139092161786, 4661587.129962801001966 ], [ 378665.429112138983328, 4662025.516669034957886 ], [ 380113.46870465419488, 4659942.753038931638002 ], [ 380786.709529987478163, 4659211.768273446708918 ], [ 381406.377898182719946, 4658038.686285142786801 ], [ 381751.261740029032808, 4656824.256647077389061 ], [ 381841.788230356702115, 4656164.962997892871499 ], [ 380333.067795338982251, 4655723.149770523421466 ], [ 377417.954339413612615, 4654060.57000401057303 ], [ 376224.755849896406289, 4655189.609759829007089 ], [ 376148.903602201724425, 4655533.462004669941962 ], [ 370938.991370499425102, 4659283.64395638089627 ], [ 371189.849243233678862, 4659976.521488284692168 ], [ 370658.055248971504625, 4660015.488616646267474 ], [ 370614.569893305480946, 4660480.496398429386318 ], [ 369832.331869088753592, 4660366.416517917998135 ], [ 369725.879158063384239, 4660429.838389373384416 ], [ 369911.548507030878682, 4660640.037171836011112 ], [ 369746.844445376016665, 4660801.424572976306081 ], [ 369787.893031845451333, 4660862.333618485368788 ], [ 369687.279265546181705, 4661062.824676465243101 ], [ 369735.204840574646369, 4661231.675683826208115 ], [ 369563.364206560712773, 4661363.223961382173002 ], [ 369699.486367258592509, 4661740.52114056609571 ], [ 369573.051811611512676, 4661911.448471852578223 ], [ 369601.296371339994948, 4662235.117053743451834 ], [ 369406.758865366282407, 4662244.505565763451159 ], [ 369351.766073510923889, 4662323.523974494077265 ], [ 369549.688924138492439, 4662496.465018490329385 ], [ 369427.296437173499726, 4662820.609362534247339 ], [ 369512.051764203584753, 4663042.900256402790546 ], [ 369313.190273293934297, 4663311.322702875360847 ], [ 369301.50021668226691, 4663638.269296623766422 ], [ 368931.785523350990843, 4663989.590621273033321 ] ] ] } },
{ "type": "Feature", "properties": { "drag_region": "Northeast", "region": "Northeast", "NAME": "Norwell", "NAMELSAD": "Norwell town" }, "geometry": { "type": "Polygon", "coordinates": [ [ [ 358926.175552315835375, 4668349.551652735099196 ], [ 360607.841736959875561, 4669505.059406372718513 ], [ 362120.494431627797894, 4670359.779591537080705 ], [ 363229.218244279327337, 4670818.362351356074214 ], [ 365324.662644600728527, 4670836.364968355745077 ], [ 368240.555113640497439, 4669495.46895201690495 ], [ 370298.510384548571892, 4667240.40874960552901 ], [ 370137.331543158390559, 4667138.746117819100618 ], [ 370141.979795668041334, 4666914.593791089951992 ], [ 370015.509177632280625, 4666720.79786828532815 ], [ 369681.87961956684012, 4666754.218892375938594 ], [ 369469.748935096664354, 4666475.552958440035582 ], [ 369312.693345122854225, 4666678.750222460366786 ], [ 369219.546803091303445, 4666686.786112122237682 ], [ 369053.995045770308934, 4666299.527280448935926 ], [ 368915.14881835388951, 4666164.658481173217297 ], [ 368692.414252067508642, 4666293.360395601950586 ], [ 368457.638399342249613, 4666267.911597640253603 ], [ 368102.094882925157435, 4666448.495155760087073 ], [ 367809.117393512860872, 4666430.280020339414477 ], [ 367757.141682766668964, 4665809.730025120079517 ], [ 367537.723266408022027, 4665721.226693863980472 ], [ 367326.877279071253724, 4665209.535263460129499 ], [ 367701.441304914769717, 4664880.551715118810534 ], [ 367723.593043983797543, 4664524.060072841122746 ], [ 367904.445658544776961, 4664315.777443963102996 ], [ 367827.237525406002533, 4664062.891781029291451 ], [ 367949.630012370995246, 4663738.747436985373497 ], [ 367751.707161743426695, 4663565.806392989121377 ], [ 367806.699953598785214, 4663486.787984258495271 ], [ 368001.237459572497755, 4663477.399472238495946 ], [ 367972.992899844015483, 4663153.730890347622335 ], [ 368101.514835492416751, 4662951.989590402692556 ], [ 367963.30529479321558, 4662605.506379877217114 ], [ 368135.145928807149176, 4662473.958102321252227 ], [ 368089.308626815676689, 4662278.292197432368994 ], [ 368188.849626666051336, 4662089.820655123330653 ], [ 367988.496628300403245, 4661917.144324590452015 ], [ 367831.063661371124908, 4662050.061364573426545 ], [ 367693.344495033146814, 4662041.49275041744113 ], [ 367731.43087822466623, 4661781.870014518499374 ], [ 367649.181017039634753, 4661526.536061477847397 ], [ 367207.994925712002441, 4661491.103280370123684 ], [ 367195.62194157182239, 4661314.959001150913537 ], [ 367048.448843535268679, 4661384.915363291278481 ], [ 367066.53838350973092, 4661178.473016267642379 ], [ 366904.534664044564124, 4661235.52391950506717 ], [ 366874.76244256173959, 4661172.718775951303542 ], [ 367116.373375729192048, 4660947.371402773074806 ], [ 366869.133739067008719, 4660888.680434950627387 ], [ 366374.290434017661028, 4661595.47700082976371 ], [ 366272.823696556617506, 4661596.503333020024002 ], [ 366157.843592560500838, 4661293.995855609886348 ], [ 365924.716764696349856, 4661503.980103006586432 ], [ 365837.904768697044346, 4661830.630272573791444 ], [ 365524.550723846652545, 4661871.363000060431659 ], [ 365419.263267354981508, 4662234.403018575161695 ], [ 365488.903101396979764, 4662429.661800808273256 ], [ 365584.864443681319244, 4662477.729410690255463 ], [ 365526.383442625985481, 4662949.642262128181756 ], [ 365308.777747995394748, 4663201.646169234998524 ], [ 365129.967598549439572, 4663239.434968340210617 ], [ 364959.684499456139747, 4663421.460448970086873 ], [ 364914.74413808027748, 4663757.789026832208037 ], [ 364789.440131445415318, 4663748.569865845143795 ], [ 364657.078612633165903, 4663819.486363506875932 ], [ 364722.734784053289331, 4663908.845786991529167 ], [ 364546.665531854669098, 4663946.258724866434932 ], [ 364428.31160847179126, 4663851.915732937864959 ], [ 364299.595186235092115, 4663907.431269369088113 ], [ 364132.680405972758308, 4663808.35411826428026 ], [ 363772.625983543694019, 4663872.608074598945677 ], [ 363428.162988798867445, 4664108.066304136067629 ], [ 363501.364273529907223, 4664378.660425172187388 ], [ 363421.68236827920191, 4664406.700545239262283 ], [ 363417.652542551106308, 4664688.507904226891696 ], [ 363255.607413216552231, 4664873.178789266385138 ], [ 363226.552384240087122, 4665336.267072546295822 ], [ 363138.592792435665615, 4665328.718544539995492 ], [ 363019.984372403472662, 4665494.797406264580786 ], [ 363004.013474045321345, 4665781.640605174936354 ], [ 362923.941479583736509, 4665894.234580842778087 ], [ 362666.385291138547473, 4666056.209625322371721 ], [ 362656.840003891848028, 4666314.476839334703982 ], [ 362452.372617632790934, 4666644.503164128400385 ], [ 362449.368512307293713, 4666780.653150449506938 ], [ 359375.938651219359599, 4666338.051853228360415 ], [ 358926.175552315835375, 4668349.551652735099196 ] ] ] } },
{ "type": "Feature", "properties": { "drag_region": "Northeast", "region": "Northeast", "NAME": "Wareham", "NAMELSAD": "Wareham town" }, "geometry": { "type": "Polygon", "coordinates": [ [ [ 368353.236344874720089, 4613612.548894383013248 ], [ 368498.887843171076383, 4614388.41101242788136 ], [ 369002.936980212398339, 4615643.836533485911787 ], [ 368911.634302048070822, 4615998.282391432672739 ], [ 368822.634665694960859, 4617529.555324204266071 ], [ 368725.224218841583934, 4617864.138412549160421 ], [ 368772.808033745794091, 4618577.055064363405108 ], [ 369201.957085363275837, 4619209.333486025221646 ], [ 369311.808056523092091, 4619973.952428806573153 ], [ 370025.035035015200265, 4620056.14038401376456 ], [ 369473.399079734866973, 4621842.848844435065985 ], [ 371856.8194951749756, 4618967.001092030666769 ], [ 380923.467855650698766, 4619456.063234857283533 ], [ 382189.059332681528758, 4619329.956023213453591 ], [ 381257.1219079522416, 4617340.74068620800972 ], [ 380986.832710003131069, 4617294.548735335469246 ], [ 381050.084980693820398, 4617088.092271886765957 ], [ 380960.813747883017641, 4616659.168041926808655 ], [ 381102.217852169764228, 4616461.337812019512057 ], [ 380961.059242046729196, 4616163.681706394068897 ], [ 381006.942456650955137, 4615917.570052534341812 ], [ 380477.468846716510598, 4615313.744951035827398 ], [ 380614.368139816273469, 4614913.067630364559591 ], [ 380784.039976909814868, 4614617.065513082779944 ], [ 380985.747627264005132, 4614448.523788837715983 ], [ 381385.26437177619664, 4613639.489638469181955 ], [ 381367.217291766835842, 4613318.175290017388761 ], [ 381656.499819314398337, 4613071.474825766868889 ], [ 381723.076645027089398, 4612910.059325460344553 ], [ 381623.129918358696159, 4612748.561266904696822 ], [ 381285.083162385213654, 4612633.877750782296062 ], [ 380714.032739341375418, 4611857.436252924613655 ], [ 380659.709919109067414, 4611590.1246337601915 ], [ 380713.117863046529237, 4611388.298533529043198 ], [ 380141.834508422820363, 4610887.353242384269834 ], [ 380124.409063267114107, 4610601.571111803874373 ], [ 380014.524043790588621, 4610424.177510424517095 ], [ 380051.808346420293674, 4610284.852550794370472 ], [ 379753.976196412171703, 4609608.125577204860747 ], [ 377139.654652844590601, 4606564.541964771226048 ], [ 373741.667377678561024, 4609856.861422794871032 ], [ 373603.974557563255075, 4609829.39594826195389 ], [ 373416.751130976190325, 4610055.281730205751956 ], [ 372987.922056592185982, 4610316.223997413180768 ], [ 372716.308524230436888, 4610717.98624109569937 ], [ 372180.110056442383211, 4610998.909580155275762 ], [ 371891.822650103888009, 4611292.52284081839025 ], [ 371602.803737787122373, 4611228.279741761274636 ], [ 371482.947146277991123, 4611296.019354620948434 ], [ 371398.463795020768885, 4611499.666412552818656 ], [ 371534.829657706664875, 4611737.82504631858319 ], [ 371431.209487365267705, 4611920.644360731355846 ], [ 371240.464611958828755, 4612094.014994659461081 ], [ 370997.77931982051814, 4612044.629739257507026 ], [ 370859.081003200437408, 4612097.213323139585555 ], [ 370520.290785446704831, 4612548.865500694140792 ], [ 370170.415513438114431, 4612545.904976044781506 ], [ 370081.112564370036125, 4612413.884987640194595 ], [ 370166.146194234839641, 4612272.07810358889401 ], [ 370122.686487076513004, 4612193.214268522337079 ], [ 369826.416167128947563, 4612184.397038153372705 ], [ 369826.17670030350564, 4612091.541987056843936 ], [ 369658.646050809824374, 4611950.911644583567977 ], [ 369673.937968029000331, 4611864.957825138233602 ], [ 369420.21916668349877, 4611644.126954442821443 ], [ 369034.377364800020587, 4611634.294815069995821 ], [ 369066.302114834892564, 4611778.481423526071012 ], [ 368870.464375991781708, 4611682.438308214768767 ], [ 368945.86183100490598, 4612288.475127579644322 ], [ 368558.186011898040306, 4612832.096115944907069 ], [ 368353.236344874720089, 4613612.548894383013248 ] ] ] } }
]
}
