{
"type": "FeatureCollection",
"name": "tmp55gpmal7",
"crs": { "type": "name", "properties": { "name": "urn:ogc:def:crs:OGC:1.3:CRS84" } },
"features": [
{ "type": "Feature", "properties": { "drag_region": "Piedmont", "NAME": "Rockingham" }, "geometry": { "type": "Polygon", "coordinates": [ [ [ -80.588340317227519, 37.001027755399875 ], [ -80.593525533753436, 36.715791550614028 ], [ -80.087889099053029, 36.7017741212914 ], [ -80.084338016904098, 36.71038138922215 ], [ -80.068329071788185, 37.001696150271066 ], [ -80.588340317227519, 37.001027755399875 ] ] ] } },
{ "type": "Feature", "properties": { "drag_region": "CoastalPlain", "NAME": "Franklin" }, "geometry": { "type": "Polygon", "coordinates": [ [ [ -77.868970959980516, 36.264662826221894 ], [ -77.91642918252424, 36.170449640099129 ], [ -77.920490065462573, 36.112074797399885 ], [ -77.8023313896784, 36.064219332380489 ], [ -77.770305768953222, 36.026265239970876 ], [ -77.727250476931744, 36.020026996508172 ], [ -77.727408183077316, 36.000276623152821 ], [ -77.680829861657529, 35.985432502111252 ], [ -77.631165952959876, 35.907025665276208 ], [ -77.380250889697848, 36.289548932348936 ], [ -77.416063824471493, 36.302620013941088 ], [ -77.473580960065561, 36.296914650594999 ], [ -77.505607574481559, 36.33401004098242 ], [ -77.545041031243755, 36.343665727985545 ], [ -77.677857469568451, 36.354676636097217 ], [ -77.710442898924711, 36.323076128054872 ], [ -77.749947650226062, 36.324144632669615 ], [ -77.793621489714468, 36.253958432970435 ], [ -77.868970959980516, 36.264662826221894 ] ] ] } },
{ "type": "Feature", "properties": { "drag_region": "Piedmont", "NAME": "Randolph" }, "geometry": { "type": "Polygon", "coordinates": [ [ [ -80.641205802342668, 36.092288241999213 ], [ -80.659717187446105, 35.677243921979176 ], [ -80.145367040936847, 35.689197231719071 ], [ -80.133389344636882, 36.017458158152628 ], [ -80.133810147011175, 36.074161289739052 ], [ -80.641205802342668, 36.092288241999213 ] ] ] } },
{ "type": "Feature", "properties": { "drag_region": "Piedmont", "NAME": "Yadkin" }, "geometry": { "type": "Polygon", "coordinates": [ [ [ -81.802562697925637, 36.577302363016379 ], [ -81.811224822071992, 36.396845754489966 ], [ -81.421812771464914, 36.391270008002905 ], [ -81.443990849075689, 36.437487606812013 ], [ -81.365220698052468, 36.483626692025162 ], [ -81.380855952418642, 36.585734283473677 ], [ -81.39550159415117, 36.604520089781438 ], [ -81.463997283713724, 36.603988591894897 ], [ -81.478725253891156, 36.629645681675967 ], [ -81.521789776865376, 36.612989218384861 ], [ -81.554439736371478, 36.629916166207572 ], [ -81.582867855509321, 36.595333759898793 ], [ -81.615506867068518, 36.611401469109445 ], [ -81.680331832116622, 36.605742781560615 ], [ -81.802562697925637, 36.577302363016379 ] ] ] } },
{ "type": "Feature", "properties": { "drag_region": "Piedmont", "NAME": "Alexander" }, "geometry": { "type": "Polygon", "coordinates": [ [ [ -82.506550192978139, 36.241633391795411 ], [ -82.519852211645002, 36.168495598815227 ], [ -82.50839853792597, 36.12480440617631 ], [ -82.510755109704931, 36.041467793767495 ], [ -82.316856033852417, 36.075151373753428 ], [ -82.283693125437196, 36.023940001996337 ], [ -82.216512527258544, 36.106199320796087 ], [ -82.182015446625002, 36.207036971705691 ], [ -82.178994783997936, 36.245720254646329 ], [ -82.208528928065846, 36.294390417673647 ], [ -82.237107993554019, 36.279506437897247 ], [ -82.370387976979657, 36.284204847024604 ], [ -82.442198679624127, 36.271471330885724 ], [ -82.506550192978139, 36.241633391795411 ] ] ] } },
{ "type": "Feature", "properties": { "drag_region": "CoastalPlain", "NAME": "Onslow" }, "geometry": { "type": "Polygon", "coordinates": [ [ [ -76.846995772202945, 34.721276615422646 ], [ -76.822456905210828, 34.670458474404562 ], [ -76.852402117066731, 34.532427617344851 ], [ -76.856598182747604, 34.46806281148492 ], [ -76.790010315491173, 34.325962083790003 ], [ -76.755221810449669, 34.223566328235428 ], [ -76.694771199376234, 34.187112152234072 ], [ -76.640839249358777, 34.217667023675375 ], [ -76.500770726491481, 34.281140786837533 ], [ -76.35337646966633, 34.363451925731688 ], [ -76.285236429634637, 34.38446861247045 ], [ -76.274207557304464, 34.41616026282658 ], [ -76.30200860725671, 34.500473591808387 ], [ -76.341068039711985, 34.52905999099584 ], [ -76.373000833780537, 34.555024568311673 ], [ -76.397294488473747, 34.631590752526925 ], [ -76.443403733252836, 34.670527431539647 ], [ -76.504064224988596, 34.683805581194783 ], [ -76.540111301309466, 34.65399547109272 ], [ -76.675397487487089, 34.71584595595349 ], [ -76.811136532805648, 34.731341377614442 ], [ -76.846995772202945, 34.721276615422646 ] ] ] } },
{ "type": "Feature", "properties": { "drag_region": "Piedmont", "NAME": "Orange" }, "geometry": { "type": "Polygon", "coordinates": [ [ [ -79.501398111946656, 36.571264315568172 ], [ -79.507633901164837, 36.241363942303927 ], [ -79.49310801357376, 36.204451171440354 ], [ -79.323649365259186, 36.188451827219261 ], [ -79.258775403235816, 36.191152111843714 ], [ -79.223288632496107, 36.384515882493957 ], [ -79.194984616356933, 36.567557294114778 ], [ -79.501398111946656, 36.571264315568172 ] ] ] } },
{ "type": "Feature", "properties": { "drag_region": "Piedmont", "NAME": "Cabarrus" }, "geometry": { "type": "Polygon", "coordinates": [ [ [ -81.648223945897541, 35.540520264578369 ], [ -81.614923717908624, 35.44883976307144 ], [ -81.629157532458009, 35.436711050279094 ], [ -81.556758586806509, 35.382248803413269 ], [ -81.530783519206139, 35.303399790122121 ], [ -81.411661502804705, 35.244972178175459 ], [ -81.368326654355329, 35.222085160833302 ], [ -81.159847247184061, 35.541445935799743 ], [ -81.648223945897541, 35.540520264578369 ] ] ] } },
{ "type": "Feature", "properties": { "drag_region": "Piedmont", "NAME": "Iredell" }, "geometry": { "type": "Polygon", "coordinates": [ [ [ -82.043573057374317, 36.243547140337078 ], [ -82.014160082525464, 36.194833829090506 ], [ -82.017260624766763, 36.156153077079999 ], [ -82.051949029290881, 36.055358840511126 ], [ -82.119261528375958, 35.973188756655652 ], [ -82.075609636334903, 35.935761274644108 ], [ -82.07166275657579, 35.908307154516145 ], [ -82.014090116335211, 35.907931999767399 ], [ -81.933831907773438, 35.820987919439695 ], [ -81.965257784227148, 35.745132880233406 ], [ -81.95376305207175, 35.689394179371853 ], [ -81.914490792976792, 35.713774359541617 ], [ -81.788450679083269, 35.705377893809086 ], [ -81.741678617359909, 35.705768252311948 ], [ -81.77975650539436, 35.872101952366862 ], [ -81.717284907936289, 36.053023733620108 ], [ -81.705436444338332, 36.251562283368912 ], [ -81.896185221367659, 36.254244112166397 ], [ -81.98977318413101, 36.256887704521503 ], [ -82.043573057374317, 36.243547140337078 ] ] ] } },
{ "type": "Feature", "properties": { "drag_region": "Piedmont", "NAME": "Stokes" }, "geometry": { "type": "Polygon", "coordinates": [ [ [ -81.202294001565676, 37.001320471383437 ], [ -81.210292088886732, 36.712631108667864 ], [ -80.791454184741312, 36.710969413370464 ], [ -80.787006208714402, 36.996217319382737 ], [ -81.054207250063229, 36.996247112773361 ], [ -81.202294001565676, 37.001320471383437 ] ] ] } },
{ "type": "Feature", "properties": { "drag_region": "Piedmont", "NAME": "Guilford" }, "geometry": { "type": "Polygon", "coordinates": [ [ [ -80.621336216385941, 36.319566706394724 ], [ -80.624283298252593, 36.229347501769844 ], [ -80.116009745524764, 36.211138752106606 ], [ -80.111272330853666, 36.552242328991802 ], [ -80.615938274424451, 36.566153408584626 ], [ -80.621336216385941, 36.319566706394724 ] ] ] } },
{ "type": "Feature", "properties": { "drag_region": "Piedmont", "NAME": "Person" }, "geometry": { "type": "Polygon", "coordinates": [ [ [ -79.280750160664638, 37.036504947192817 ], [ -79.294729417187455, 36.736687532027574 ], [ -79.092431126270739, 36.734311626112074 ], [ -78.940704189679408, 36.731022318084676 ], [ -78.933911083611122, 37.021385732962457 ], [ -78.937546972160931, 37.036845015718946 ], [ -79.280750160664638, 37.036504947192817 ] ] ] } },
{ "type": "Feature", "properties": { "drag_region": "CoastalPlain", "NAME": "Vance" }, "geometry": { "type": "Polygon", "coordinates": [ [ [ -77.869520671353868, 36.724207505813744 ], [ -77.909302063012078, 36.696068109913007 ], [ -77.924146780893949, 36.636887158779651 ], [ -77.922640654061226, 36.364647726402367 ], [ -77.91191037271642, 36.356865217265103 ], [ -77.836465010280477, 36.346183432954554 ], [ -77.792770587829281, 36.416383754564521 ], [ -77.753217496921565, 36.415327075312064 ], [ -77.720607007100739, 36.446937791061181 ], [ -77.691526405297395, 36.487153454553756 ], [ -77.73644548152896, 36.724395958648692 ], [ -77.869520671353868, 36.724207505813744 ] ] ] } },
{ "type": "Feature", "properties": { "drag_region": "CoastalPlain", "NAME": "Lenoir" }, "geometry": { "type": "Polygon", "coordinates": [ [ [ -77.039664934514377, 35.251417285152201 ], [ -77.057807202969784, 35.226631285936207 ], [ -77.070100297108141, 35.060135993940015 ], [ -77.002335610040703, 35.027943684238075 ], [ -76.984766172769042, 34.990913785142446 ], [ -76.981981407030744, 34.904177055134689 ], [ -76.967779418688821, 34.890350953982328 ], [ -76.838254942115, 34.95222208119111 ], [ -76.740613061161099, 35.052925979160577 ], [ -76.761452729712474, 35.123459523357411 ], [ -76.707853722844689, 35.109387281864336 ], [ -76.664666630740086, 35.131440178286049 ], [ -76.68210532486664, 35.182204752918423 ], [ -76.663941665750912, 35.209565209880274 ], [ -76.624447715057869, 35.219620637664079 ], [ -76.660176323367722, 35.229288660068484 ], [ -76.709599170163372, 35.306870007763408 ], [ -76.821130019234204, 35.25433810628796 ], [ -76.910915927772862, 35.229143681897241 ], [ -76.928553041970417, 35.258446853518571 ], [ -77.039664934514377, 35.251417285152201 ] ] ] } },
{ "type": "Feature", "properties": { "drag_region": "Piedmont", "NAME": "Cleveland" }, "geometry": { "type": "Polygon", "coordinates": [ [ [ -83.088429615674883, 35.536152258860703 ], [ -83.095335538505708, 35.312781327871178 ], [ -83.150399243947419, 35.177315853092843 ], [ -83.16043958718771, 35.135119726184428 ], [ -82.758569613984022, 35.12427185574645 ], [ -82.719107746712695, 35.123865793707196 ], [ -82.71357437097609, 35.220126167643862 ], [ -82.74614293732192, 35.236929419685211 ], [ -82.750640366342012, 35.290129017905137 ], [ -82.794055844007957, 35.311959744751199 ], [ -82.848996482671978, 35.378318270767871 ], [ -82.933963075860618, 35.521624192575537 ], [ -83.045075141874733, 35.517760517846057 ], [ -83.088429615674883, 35.536152258860703 ] ] ] } },
{ "type": "Feature", "properties": { "drag_region": "Mountains", "NAME": "Transylvania" }, "geometry": { "type": "Polygon", "coordinates": [ [ [ -83.780596047000145, 35.150006610829834 ], [ -83.783613779687244, 35.095883813699757 ], [ -83.843980525329044, 35.045652329847059 ], [ -83.839820754678144, 34.989863062969661 ], [ -83.914223266628767, 34.911196981592717 ], [ -83.863809585686028, 34.884928520808259 ], [ -83.638775946758088, 34.944899037126866 ], [ -83.620690317005128, 34.927850243146679 ], [ -83.513763910606997, 34.979268544447109 ], [ -83.431641580105762, 35.004750602165757 ], [ -83.44976458263838, 35.025234545979785 ], [ -83.468962110784716, 35.148767072550108 ], [ -83.606478367718651, 35.282626557494183 ], [ -83.649015168778632, 35.240245847096368 ], [ -83.691337094271105, 35.177256911636306 ], [ -83.734279170992522, 35.173519267941785 ], [ -83.780596047000145, 35.150006610829834 ] ] ] } },
{ "type": "Feature", "properties": { "drag_region": "CoastalPlain", "NAME": "Craven" }, "geometry": { "type": "Polygon", "coordinates": [ [ [ -76.482380175112567, 35.183209639655793 ], [ -76.521868416641354, 35.173200676145683 ], [ -76.540068069109779, 35.145864410176692 ], [ -76.522725407355168, 35.095086219165623 ], [ -76.565925023413826, 35.073085394806249 ], [ -76.423603891417926, 34.993055793834557 ], [ -76.281171714998464, 34.923331789380534 ], [ -76.274291865503301, 34.897528364607737 ], [ -76.209677552195259, 34.914222034128862 ], [ -76.199542911066487, 34.858350550527881 ], [ -76.20512429973212, 34.672115441159633 ], [ -76.144211046967257, 34.677679542128701 ], [ -76.176691249592523, 34.653022826907126 ], [ -76.051443332215072, 34.649534039271202 ], [ -76.054857561274531, 34.665009944017847 ], [ -75.983053452475289, 34.685087407653072 ], [ -75.857775855266141, 34.685032335411599 ], [ -75.793106219559817, 34.707736501518184 ], [ -75.749423915764538, 34.776085454012602 ], [ -75.781367095526505, 34.801210740763388 ], [ -75.86055579272076, 34.759729842605189 ], [ -75.989006343349814, 34.797578613850689 ], [ -76.074398194584617, 34.845415204577769 ], [ -76.084700372673382, 34.885835366362734 ], [ -76.056039005978889, 34.888200282994276 ], [ -76.030836437290361, 34.90174963613822 ], [ -76.026653358813547, 34.957514196037302 ], [ -76.083519300323644, 34.994843212912066 ], [ -76.05798912487198, 35.038433527475128 ], [ -75.989378176580018, 35.093723372410473 ], [ -76.053285856661844, 35.141406270247224 ], [ -76.281073024825659, 35.259836116717715 ], [ -76.317064903719753, 35.242075838713092 ], [ -76.35338754469565, 35.194272289310597 ], [ -76.385300019948815, 35.221979069970708 ], [ -76.44312825095561, 35.171758822753034 ], [ -76.482380175112567, 35.183209639655793 ] ] ] } },
{ "type": "Feature", "properties": { "drag_region": "CoastalPlain", "NAME": "Edgecombe" }, "geometry": { "type": "Polygon", "coordinates": [ [ [ -76.902844047603807, 36.183592690963536 ], [ -76.910405301373117, 36.145865700674733 ], [ -76.976068455316721, 36.040698216422804 ], [ -77.034920840883871, 35.898563673486443 ], [ -76.956369835245738, 35.858546587012725 ], [ -76.925060836270276, 35.759601886733428 ], [ -76.871773348618106, 35.70515870847774 ], [ -76.723787319531581, 35.790893031131326 ], [ -76.680333327979881, 35.830097962228663 ], [ -76.633643600711309, 35.834080648825555 ], [ -76.59748652662887, 35.86131369584615 ], [ -76.558154661059348, 35.847315809356452 ], [ -76.550116178691269, 35.933115451845531 ], [ -76.606521822131498, 36.033081474361587 ], [ -76.677955784474221, 36.06618297058079 ], [ -76.735350627184062, 36.068283297808705 ], [ -76.745540765816756, 36.125016223042927 ], [ -76.835048625307252, 36.145361745209577 ], [ -76.849175118837323, 36.167779131688391 ], [ -76.902844047603807, 36.183592690963536 ] ] ] } },
{ "type": "Feature", "properties": { "drag_region": "Mountains", "NAME": "Caldwell" }, "geometry": { "type": "Polygon", "coordinates": [ [ [ -82.232601512176245, 36.236709985900021 ], [ -82.156875902098534, 36.193171332145468 ], [ -82.228199311764044, 36.087263753530657 ], [ -82.199363558542416, 36.072763372089071 ], [ -82.130677798217491, 36.000852127166439 ], [ -82.022570799153385, 35.951412650205462 ], [ -81.97558321537565, 35.903474669686545 ], [ -81.864182552739962, 35.910738737905042 ], [ -81.820908308548326, 35.885120770110888 ], [ -81.785010457160226, 35.894695972492634 ], [ -81.75640241772939, 35.92314379213493 ], [ -81.753251113556431, 36.006478856583847 ], [ -81.764269598188491, 36.05024953718538 ], [ -81.750281169445586, 36.123314745385734 ], [ -81.764808228732747, 36.150751751852596 ], [ -81.818962245730589, 36.193510608030081 ], [ -81.865723005967226, 36.198499068651081 ], [ -81.880208914246964, 36.21820479067182 ], [ -81.930564235333804, 36.223180270479084 ], [ -81.970218504234708, 36.243655492039302 ], [ -82.099657983414801, 36.24834962784869 ], [ -82.232601512176245, 36.236709985900021 ] ] ] } },
{ "type": "Feature", "properties": { "drag_region": "CoastalPlain", "NAME": "Pitt" }, "geometry": { "type": "Polygon", "coordinates": [ [ [ -76.864723250941751, 35.605021448388101 ], [ -76.775983928554581, 35.519411982950622 ], [ -76.726152475648576, 35.484726724223151 ], [ -76.668957383618419, 35.468878980629412 ], [ -76.679914427959503, 35.449208311991654 ], [ -76.644799834681507, 35.377709056556277 ], [ -76.595405936214732, 35.300103139653409 ], [ -76.520341012170121, 35.278984099937901 ], [ -76.462472525899017, 35.329238635359232 ], [ -76.430493235988308, 35.30154743020455 ], [ -76.394158149881335, 35.349373461792361 ], [ -76.358130106944841, 35.367154210949053 ], [ -76.343396965578421, 35.405684594155694 ], [ -76.34275326867737, 35.468349202642997 ], [ -76.295803900464833, 35.502364907516558 ], [ -76.252801718494538, 35.501210156479836 ], [ -76.337937758235796, 35.587644796919903 ], [ -76.333882094210054, 35.633116260201213 ], [ -76.362396219620464, 35.648766110101491 ], [ -76.340551482217037, 35.681237357948305 ], [ -76.383277451798079, 35.709004714634297 ], [ -76.422651676624866, 35.714428411482054 ], [ -76.418843657137899, 35.735864381363257 ], [ -76.55456777265988, 35.783165027277953 ], [ -76.590699792376412, 35.755943221550957 ], [ -76.63734363667821, 35.751974185380909 ], [ -76.680770531258275, 35.712782995086648 ], [ -76.828644034564917, 35.627094297963602 ], [ -76.864723250941751, 35.605021448388101 ] ] ] } },
{ "type": "Feature", "properties": { "drag_region": "CoastalPlain", "NAME": "Jones" }, "geometry": { "type": "Polygon", "coordinates": [ [ [ -76.894720482862212, 34.834335370661535 ], [ -76.837794134349537, 34.799607106989953 ], [ -76.801899045474798, 34.809666544422612 ], [ -76.666035691730954, 34.79415162297169 ], [ -76.530636051274513, 34.732282090751958 ], [ -76.494548579523695, 34.762086232967597 ], [ -76.433834161807241, 34.748799095396187 ], [ -76.387690474832525, 34.709856041856575 ], [ -76.36339138410176, 34.633287482246921 ], [ -76.331434677923127, 34.60731842910743 ], [ -76.245281595902028, 34.633352527437268 ], [ -76.212828009973023, 34.658029968172144 ], [ -76.273726163022175, 34.652429848500454 ], [ -76.268305946549077, 34.838681161103381 ], [ -76.278487188316234, 34.894550561507742 ], [ -76.343075864963524, 34.877817769293586 ], [ -76.349976854774738, 34.903618913734746 ], [ -76.492444429785479, 34.973263888421187 ], [ -76.634809540981124, 35.053215032129948 ], [ -76.688356654583444, 35.067316214183549 ], [ -76.667590546216246, 34.996775177012857 ], [ -76.765241754982185, 34.896131170319535 ], [ -76.894720482862212, 34.834335370661535 ] ] ] } },
{ "type": "Feature", "properties": { "drag_region": "Piedmont", "NAME": "Forsyth" }, "geometry": { "type": "Polygon", "coordinates": [ [ [ -81.209514867802014, 36.560976940826571 ], [ -81.194109659846717, 36.458845630481399 ], [ -81.272956946130464, 36.412818921565993 ], [ -81.250887013402149, 36.366568876040525 ], [ -81.218600649704896, 36.382234985265612 ], [ -81.17129592693415, 36.335283726514028 ], [ -81.149269227223826, 36.293327589128118 ], [ -81.084619880189052, 36.316927755838371 ], [ -80.969298845359944, 36.318508813879674 ], [ -80.965982119666975, 36.348597794326452 ], [ -80.904711882557535, 36.348981109551879 ], [ -80.796430172019129, 36.333334471403028 ], [ -80.791586034801952, 36.579930637625289 ], [ -81.209715006155605, 36.581593159805323 ], [ -81.209514867802014, 36.560976940826571 ] ] ] } },
{ "type": "Feature", "properties": { "drag_region": "CoastalPlain", "NAME": "Wayne" }, "geometry": { "type": "Polygon", "coordinates": [ [ [ -77.357596618037448, 35.492014035721439 ], [ -77.448633755826592, 35.325098345612098 ], [ -77.44562808763466, 35.258102548574279 ], [ -77.510211813758161, 35.249031061402306 ], [ -77.535481096395998, 35.227709806226649 ], [ -77.582111345430107, 35.22282764902566 ], [ -77.600265377266723, 35.19545392474474 ], [ -77.539875291884684, 35.133277414382661 ], [ -77.457638415413541, 35.11133486117177 ], [ -77.457763176225185, 35.09673773312921 ], [ -77.371885196798644, 35.081644556979136 ], [ -77.339488024020824, 35.098631394774607 ], [ -77.27864419930637, 35.089693744844872 ], [ -77.268040670715635, 35.072459149472174 ], [ -77.224982326498761, 35.079080401480724 ], [ -77.189376253734693, 35.052256686760153 ], [ -77.131780928166393, 35.082836772152028 ], [ -77.119605524743079, 35.249345827761331 ], [ -77.101475488756193, 35.274141943175884 ], [ -77.097589146749698, 35.309324262270579 ], [ -77.11891785164444, 35.329196902179952 ], [ -77.113936200064302, 35.490595512580533 ], [ -77.289513739161677, 35.491617503084079 ], [ -77.350325229920642, 35.503993291458485 ], [ -77.357596618037448, 35.492014035721439 ] ] ] } },
{ "type": "Feature", "properties": { "drag_region": "CoastalPlain", "NAME": "Bladen" }, "geometry": { "type": "Polygon", "coordinates": [ [ [ -78.364412622975877, 34.548166903027777 ], [ -78.318541762209207, 34.449199644552699 ], [ -78.26877214833199, 34.401749398722814 ], [ -78.308792511225732, 34.291124867967909 ], [ -78.326767813318398, 34.275741457555569 ], [ -78.312854862375843, 34.212125551863274 ], [ -78.33440075488943, 34.197616002722349 ], [ -78.291630561744142, 34.174245150597422 ], [ -78.13423999546977, 34.181309625535675 ], [ -77.913093589344328, 34.088482924725277 ], [ -77.802305483525885, 34.077713297075519 ], [ -77.723446971488727, 34.109160229617117 ], [ -77.644382291464495, 34.174958703980138 ], [ -77.722786816833349, 34.218227351092295 ], [ -77.74048258811375, 34.248360184729592 ], [ -77.72251023360927, 34.26374356369071 ], [ -77.73305417207095, 34.293846470160368 ], [ -77.772271146908153, 34.312905287150187 ], [ -77.779175755113187, 34.353299056411039 ], [ -77.811067118560942, 34.400668846067468 ], [ -77.857307733959388, 34.440370224949433 ], [ -77.914003929450118, 34.523917243729827 ], [ -77.960221198564497, 34.567055448947372 ], [ -77.996009873676158, 34.562054490856013 ], [ -78.260615830171531, 34.56318257784978 ], [ -78.364412622975877, 34.548166903027777 ] ] ] } },
{ "type": "Feature", "properties": { "drag_region": "Mountains", "NAME": "Polk" }, "geometry": { "type": "Polygon", "coordinates": [ [ [ -82.919220851630854, 35.288152358196619 ], [ -83.004321708360806, 35.174317046349103 ], [ -83.010789737324629, 35.086674493900993 ], [ -82.871054708524326, 35.091721600340819 ], [ -82.627269673412329, 35.083587763269435 ], [ -82.624248932713272, 35.154037389939568 ], [ -82.653024440478291, 35.166765989069269 ], [ -82.714490133081185, 35.233430591263875 ], [ -82.786645867288001, 35.292305977713426 ], [ -82.919220851630854, 35.288152358196619 ] ] ] } },
{ "type": "Feature", "properties": { "drag_region": "Mountains", "NAME": "Mitchell" }, "geometry": { "type": "Polygon", "coordinates": [ [ [ -82.887811497405934, 36.283408376950035 ], [ -82.912751165995033, 36.257502195419917 ], [ -82.955918412473508, 36.261554877411385 ], [ -83.016865428861152, 36.243177166804557 ], [ -83.081178813584216, 36.198155975521011 ], [ -83.016587099039739, 36.210541628260941 ], [ -83.001742784535679, 36.15565686124895 ], [ -82.965932591409839, 36.171316742889488 ], [ -82.936821756734489, 36.129394334447994 ], [ -82.861445233912548, 36.141839460975774 ], [ -82.860914165559777, 36.079143601202439 ], [ -82.806630480424062, 36.035642485446999 ], [ -82.795131934523937, 35.950675876619485 ], [ -82.763021751558526, 35.979197835479766 ], [ -82.712715987416999, 35.981195102110256 ], [ -82.677039999389891, 36.013172843345231 ], [ -82.644690727000281, 36.013352595364175 ], [ -82.644907744886311, 36.039118749208455 ], [ -82.699084039137759, 36.069738122279837 ], [ -82.724621999826041, 36.11425894708708 ], [ -82.703230451269803, 36.13499187858141 ], [ -82.747194234515234, 36.232661499025866 ], [ -82.797522145058522, 36.233239075631502 ], [ -82.812265573078164, 36.276101345788035 ], [ -82.887811497405934, 36.283408376950035 ] ] ] } },
{ "type": "Feature", "properties": { "drag_region": "CoastalPlain", "NAME": "Currituck" }, "geometry": { "type": "Polygon", "coordinates": [ [ [ -74.998481390498142, 36.757800099592487 ], [ -74.846141794996669, 36.63082204593492 ], [ -74.843010203819119, 36.604191705820455 ], [ -74.800589141321524, 36.563392065017382 ], [ -74.739473913507666, 36.564418625415435 ], [ -74.703809518309541, 36.548574633305336 ], [ -74.68285936902619, 36.51316584384103 ], [ -74.636564443868821, 36.488624083524869 ], [ -74.647847131711202, 36.459584059270533 ], [ -74.612109220493821, 36.448029620485755 ], [ -74.60189198927074, 36.415316439237387 ], [ -74.55608386774496, 36.362473068932935 ], [ -74.560221593858529, 36.330779682739362 ], [ -74.492898456911703, 36.275122951966708 ], [ -74.492207837892565, 36.315432692177808 ], [ -74.530624118070861, 36.380201291453332 ], [ -74.526647505934136, 36.402460117087863 ], [ -74.558081621240333, 36.455141813529742 ], [ -74.609972534580834, 36.571535925268741 ], [ -74.608973999701078, 36.629000716170367 ], [ -74.648647091958978, 36.620870528198203 ], [ -74.705421049332614, 36.662689878755558 ], [ -74.726067910626284, 36.715253937700268 ], [ -74.679056335179538, 36.731879173558724 ], [ -74.676062392349863, 36.697530505551306 ], [ -74.586429301415734, 36.685363833925983 ], [ -74.572774933019488, 36.644032682524347 ], [ -74.537293068827225, 36.617896227253823 ], [ -74.520654122248715, 36.541361045890099 ], [ -74.532012194795882, 36.508033753572846 ], [ -74.503610414299089, 36.487983393052559 ], [ -74.48306056552461, 36.429419850850437 ], [ -74.461429849406287, 36.433465315169471 ], [ -74.48557203162072, 36.492069107317867 ], [ -74.54299868184097, 36.702886783624947 ], [ -74.549314603941141, 36.752713153831131 ], [ -74.998481390498142, 36.757800099592487 ] ] ] } },
{ "type": "Feature", "properties": { "drag_region": "Piedmont", "NAME": "Lincoln" }, "geometry": { "type": "Polygon", "coordinates": [ [ [ -82.735935046230921, 35.61351009433875 ], [ -82.735870900721523, 35.609216331030247 ], [ -82.651151255362478, 35.465765480821005 ], [ -82.151781916026749, 35.450963354135403 ], [ -82.138233654028511, 35.506073859069076 ], [ -82.157555300591937, 35.597795001643675 ], [ -82.735935046230921, 35.61351009433875 ] ] ] } },
{ "type": "Feature", "properties": { "drag_region": "Mountains", "NAME": "Haywood" }, "geometry": { "type": "Polygon", "coordinates": [ [ [ -84.173437944133966, 35.689274456534505 ], [ -84.173221700856018, 35.670385392663043 ], [ -84.097626645223215, 35.646059653742697 ], [ -84.118898837506279, 35.624430740613946 ], [ -84.093540443727349, 35.602298048925299 ], [ -84.10038023561863, 35.573050917680128 ], [ -84.071172482979918, 35.527762714395053 ], [ -84.10301020632977, 35.488880434277362 ], [ -84.052510456026411, 35.463502964895667 ], [ -83.958430501576785, 35.390368056768004 ], [ -83.958198018614311, 35.369761014116882 ], [ -83.904101711429604, 35.343550306639507 ], [ -83.878407345832088, 35.291363128144837 ], [ -83.835109048534633, 35.268504677506307 ], [ -83.788744238324441, 35.292040212660069 ], [ -83.745743740663514, 35.295799881164882 ], [ -83.703409612773996, 35.358807652393544 ], [ -83.660844324795903, 35.401208265912977 ], [ -83.696895432799181, 35.417251360943119 ], [ -83.715188103709863, 35.448886133659329 ], [ -83.683697112925714, 35.518683182172452 ], [ -83.683999748772834, 35.545301974584454 ], [ -83.731310865810286, 35.605054097863103 ], [ -83.763433543130972, 35.591069925175553 ], [ -83.80003458555521, 35.655196043938375 ], [ -83.818045830936455, 35.661928619373086 ], [ -83.836657246211686, 35.721038624537087 ], [ -83.865280194266262, 35.714809191157229 ], [ -83.880237515511126, 35.767935443725221 ], [ -83.912308200943926, 35.74965753449068 ], [ -83.998558994834397, 35.764455544215984 ], [ -84.073585196943412, 35.738980673669317 ], [ -84.101881174340278, 35.704417492796097 ], [ -84.173437944133966, 35.689274456534505 ] ] ] } },
{ "type": "Feature", "properties": { "drag_region": "Piedmont", "NAME": "Durham" }, "geometry": { "type": "Polygon", "coordinates": [ [ [ -79.055406059645364, 36.562167018817206 ], [ -79.08403410736949, 36.379168063730233 ], [ -79.119859379003117, 36.185855333831732 ], [ -79.008137244095593, 36.191091002672444 ], [ -78.932449450317762, 36.190286374245574 ], [ -78.907285811562119, 36.250438161915305 ], [ -78.864026385876016, 36.241878412235963 ], [ -78.81721735854218, 36.284005281208238 ], [ -78.802855106799882, 36.334699740732141 ], [ -78.842514681919326, 36.346698451562943 ], [ -78.85337878505473, 36.393938780274738 ], [ -78.907465262673497, 36.414517429364686 ], [ -78.904020145696109, 36.558841030321076 ], [ -79.055406059645364, 36.562167018817206 ] ] ] } },
{ "type": "Feature", "properties": { "drag_region": "CoastalPlain", "NAME": "Greene" }, "geometry": { "type": "Polygon", "coordinates": [ [ [ -77.058756361921539, 35.510657603413904 ], [ -77.063853167704039, 35.349268862483896 ], [ -77.042534108734429, 35.329387063488497 ], [ -77.046445985202737, 35.294208226652707 ], [ -76.935275045476828, 35.301240127660385 ], [ -76.91762764871271, 35.271937302092248 ], [ -76.82779457708439, 35.297133479581277 ], [ -76.716205552251978, 35.349667437374286 ], [ -76.751376037333557, 35.421149675501105 ], [ -76.740440300809325, 35.440828406955099 ], [ -76.797633623494406, 35.456641797476962 ], [ -76.847482771562269, 35.491298461184805 ], [ -76.936275600277895, 35.576858426741381 ], [ -77.044445147418841, 35.507991710237931 ], [ -77.058756361921539, 35.510657603413904 ] ] ] } },
{ "type": "Feature", "properties": { "drag_region": "CoastalPlain", "NAME": "Johnston" }, "geometry": { "type": "Polygon", "coordinates": [ [ [ -78.089371696636448, 35.463411345174798 ], [ -78.042936437531253, 35.439986661630634 ], [ -77.911498300966969, 35.277864728851739 ], [ -77.92239088358636, 35.259885607621484 ], [ -77.876181408182475, 35.206406638137864 ], [ -77.793781589409718, 35.197401117287995 ], [ -77.689560904093597, 35.229505765743731 ], [ -77.671427279006437, 35.256894033944334 ], [ -77.624779793777392, 35.261809865608946 ], [ -77.59952101725689, 35.283150442079155 ], [ -77.53491570796578, 35.29226869294412 ], [ -77.537994250475677, 35.359266281653618 ], [ -77.447091544445115, 35.526257276081957 ], [ -77.504322466382433, 35.543724230549493 ], [ -77.543041895511053, 35.637525225537985 ], [ -77.571459203682494, 35.672020666433959 ], [ -77.628485000575182, 35.716109427334111 ], [ -77.635317206750827, 35.759941040659683 ], [ -77.851335923588479, 35.6442571025975 ], [ -78.089371696636448, 35.463411345174798 ] ] ] } },
{ "type": "Feature", "properties": { "drag_region": "CoastalPlain", "NAME": "New Hanover" }, "geometry": { "type": "Polygon", "coordinates": [ [ [ -77.321859615195507, 33.926130197260562 ], [ -77.307884249440207, 33.887411733952895 ], [ -77.251219680380729, 33.828709158341553 ], [ -77.24828363856534, 33.747976103800433 ], [ -77.230673881135317, 33.716966976459865 ], [ -77.22784089020945, 33.622495887950713 ], [ -77.242563577922738, 33.565902704314439 ], [ -77.232178510214496, 33.523770516948026 ], [ -77.173976926883569, 33.661701741019726 ], [ -77.12324801296819, 33.756738223783415 ], [ -77.058344823168099, 33.83795750342054 ], [ -77.00438151236844, 33.890041137681713 ], [ -77.032976181641374, 33.885904111774984 ], [ -77.103864714382098, 33.951551127861599 ], [ -77.114330732572483, 33.98252084567396 ], [ -77.221653672047324, 33.9556329065108 ], [ -77.253615583367747, 33.977276118791941 ], [ -77.278695948299912, 33.966251252255525 ], [ -77.286115675858397, 33.931085550248497 ], [ -77.321859615195507, 33.926130197260562 ] ] ] } },
{ "type": "Feature", "properties": { "drag_region": "Piedmont", "NAME": "Chatham" }, "geometry": { "type": "Polygon", "coordinates": [ [ [ -79.86393685691165, 36.009433204341462 ], [ -79.877020196953552, 35.681217527437255 ], [ -79.671999256948155, 35.684332098513032 ], [ -79.607400206602392, 35.722302556489758 ], [ -79.596514385011858, 35.698275416283444 ], [ -79.564288852942568, 35.736161301513633 ], [ -79.521082774113751, 35.725964562550139 ], [ -79.470958924938074, 35.786234809970637 ], [ -79.438621483343852, 35.795769742936635 ], [ -79.373743789904552, 35.763291649625543 ], [ -79.337569975873478, 35.711837280859505 ], [ -79.290719101871829, 35.689621249255545 ], [ -79.237002234788093, 35.751619318910969 ], [ -79.316245656952489, 35.778046801380526 ], [ -79.227329824973765, 36.036022694715896 ], [ -79.403566585514554, 36.027828749168819 ], [ -79.572701673489178, 36.043707714019369 ], [ -79.558182629500607, 36.011098992779594 ], [ -79.86393685691165, 36.009433204341462 ] ] ] } },
{ "type": "Feature", "properties": { "drag_region": "CoastalPlain", "NAME": "Richmond" }, "geometry": { "type": "Polygon", "coordinates": [ [ [ -79.916082178851127, 34.9489759424456 ], [ -79.908980613002996, 34.917181677389209 ], [ -79.833834435115151, 34.891314279373532 ], [ -79.787224546129238, 34.923899266297674 ], [ -79.765745350371773, 34.921294868168999 ], [ -79.75151396932263, 34.872310712769085 ], [ -79.719346915982243, 34.840485068136779 ], [ -79.740888448207443, 34.809586297478504 ], [ -79.708701948756129, 34.788069371782015 ], [ -79.712338244807995, 34.758007073185333 ], [ -79.690945852146172, 34.708155089299403 ], [ -79.744745427400233, 34.660115672833037 ], [ -79.769899239090321, 34.612040224299577 ], [ -79.53357323502307, 34.610026709645638 ], [ -79.46549907964949, 34.632277443678824 ], [ -79.469034548518678, 34.657194177846115 ], [ -79.404476104333966, 34.715529252182741 ], [ -79.425878796472361, 34.760226141951343 ], [ -79.415069460300273, 34.797151668215527 ], [ -79.300395437114915, 34.848552141045516 ], [ -79.343325171513598, 34.869222335923226 ], [ -79.418507103294942, 34.875329064068332 ], [ -79.414830319356668, 34.927726250293468 ], [ -79.454141009790135, 34.969009524334723 ], [ -79.514990596843703, 34.980253331912785 ], [ -79.590186631681249, 34.978629705852022 ], [ -79.690424949345726, 34.989064800249132 ], [ -79.740594051139368, 34.967651966837764 ], [ -79.822955575582782, 34.964320305719653 ], [ -79.862383274737198, 34.942894049468016 ], [ -79.916082178851127, 34.9489759424456 ] ] ] } },
{ "type": "Feature", "properties": { "drag_region": "CoastalPlain", "NAME": "Scotland" }, "geometry": { "type": "Polygon", "coordinates": [ [ [ -79.440989734152424, 34.564437731413207 ], [ -79.42309645516039, 34.564402162268145 ], [ -79.212457775029804, 34.389604020035371 ], [ -79.086815630808758, 34.525941412681171 ], [ -79.108134351396771, 34.579242219702707 ], [ -79.09734685888165, 34.59726035780011 ], [ -79.104199449780751, 34.702932801051141 ], [ -79.146992289932058, 34.754558301210032 ], [ -79.207686908411972, 34.802783595777484 ], [ -79.322350204413794, 34.751469989962764 ], [ -79.333193691955174, 34.714553426999544 ], [ -79.311852302185457, 34.66984167970125 ], [ -79.376436924285358, 34.611556076529133 ], [ -79.372930633297159, 34.586637296606092 ], [ -79.440989734152424, 34.564437731413207 ] ] ] } },
{ "type": "Feature", "properties": { "drag_region": "Piedmont", "NAME": "Davidson" }, "geometry": { "type": "Polygon", "coordinates": [ [ [ -81.123835150546043, 36.168031232772528 ], [ -81.105741228947664, 36.156972779936986 ], [ -81.097841665091124, 36.08056172868794 ], [ -81.144570458899551, 36.075124513441203 ], [ -81.111950664599732, 36.049549242006037 ], [ -81.151506627667558, 36.046732827516699 ], [ -81.158498185613567, 36.024354431723658 ], [ -81.216099158333975, 36.027442472846126 ], [ -81.175907279529454, 35.960677340662102 ], [ -81.18648979456573, 35.937418360372291 ], [ -81.099900634418461, 35.912167914049952 ], [ -81.060352341462945, 35.915842502841812 ], [ -81.056371474262079, 35.87377088081449 ], [ -80.93314649548546, 35.77657337091788 ], [ -80.907270168972303, 35.700267495850625 ], [ -80.792141338561052, 35.702674087162727 ], [ -80.774316191172687, 36.117739838674723 ], [ -80.771546444941421, 36.207965147071661 ], [ -80.879650185726959, 36.223634257389612 ], [ -80.940822617452369, 36.223263672335278 ], [ -80.944143639039254, 36.193174761096891 ], [ -81.059281157569302, 36.191618031076331 ], [ -81.123835150546043, 36.168031232772528 ] ] ] } },
{ "type": "Feature", "properties": { "drag_region": "CoastalPlain", "NAME": "Anson" }, "geometry": { "type": "Polygon", "coordinates": [ [ [ -80.295619897553934, 34.604796179729476 ], [ -79.905375069469002, 34.597003729425516 ], [ -79.880303430412738, 34.645108880654995 ], [ -79.82659034272524, 34.693210069579663 ], [ -79.848061352860213, 34.743039934173432 ], [ -79.844474986729892, 34.773107375763914 ], [ -79.876692120718261, 34.794589025852382 ], [ -79.855204679594877, 34.825513015822501 ], [ -79.887419448496587, 34.857303710641929 ], [ -79.901729655390781, 34.906273578260709 ], [ -79.923209918497719, 34.908853947978976 ], [ -79.969758836957084, 34.876215583143875 ], [ -80.044936133833787, 34.901999486914796 ], [ -80.052089196844406, 34.933786736378522 ], [ -80.087878793909212, 34.984478328138017 ], [ -80.148751734855722, 34.938097366649608 ], [ -80.202451640586489, 34.946696930587116 ], [ -80.231079222524514, 35.001683150262743 ], [ -80.252563717842705, 34.986223182533564 ], [ -80.295619897553934, 34.604796179729476 ] ] ] } },
{ "type": "Feature", "properties": { "drag_region": "Mountains", "NAME": "Rutherford" }, "geometry": { "type": "Polygon", "coordinates": [ [ [ -82.84009443196183, 35.400179122794846 ], [ -82.854260553673129, 35.375203050767155 ], [ -82.835980955280476, 35.325471911956733 ], [ -82.703336893832187, 35.329536081783168 ], [ -82.631205264981148, 35.270610563171871 ], [ -82.569776745305461, 35.203902972762762 ], [ -82.541000129397091, 35.191154663626619 ], [ -82.544092807364123, 35.120705615511049 ], [ -82.447257521194459, 35.118585691813557 ], [ -82.343236729474242, 35.114781873048997 ], [ -82.332773593210575, 35.156921178020482 ], [ -82.276346963233365, 35.29204832526252 ], [ -82.267173834258315, 35.515427925522339 ], [ -82.328373400826081, 35.548636256243149 ], [ -82.399814790156526, 35.509641629731654 ], [ -82.417511483949525, 35.476916418141819 ], [ -82.482050036555734, 35.475750154404636 ], [ -82.542898285605887, 35.459999272942532 ], [ -82.578938983005514, 35.485596434886162 ], [ -82.614655715524066, 35.465670577667183 ], [ -82.725708008696074, 35.450540468186212 ], [ -82.743709376961462, 35.460762161485313 ], [ -82.808189403055792, 35.451866370611619 ], [ -82.800865907125541, 35.430427875814033 ], [ -82.84009443196183, 35.400179122794846 ] ] ] } },
{ "type": "Feature", "properties": { "drag_region": "Mountains", "NAME": "Yancey" }, "geometry": { "type": "Polygon", "coordinates": [ [ [ -83.21888461911351, 36.0568959324494 ], [ -83.193477047738298, 36.027847022844021 ], [ -83.207494954462447, 35.989115264006386 ], [ -83.167899066673158, 35.979904218241927 ], [ -83.128024087145761, 35.939775938716444 ], [ -83.120469178125006, 35.898595917812585 ], [ -83.073797282031791, 35.901450324825035 ], [ -83.044421830613345, 35.830339458479173 ], [ -82.993918828599448, 35.806591143917437 ], [ -82.986542832363099, 35.785163166987793 ], [ -82.904202556384135, 35.816571386659319 ], [ -82.843930104919806, 35.905394632205528 ], [ -82.855472077285441, 35.99035583446296 ], [ -82.909749431823826, 36.033835263636632 ], [ -82.910317371779129, 36.096530203934982 ], [ -82.985641761004729, 36.08405579037634 ], [ -83.014760116480034, 36.125966335520005 ], [ -83.050539709241733, 36.110292699453723 ], [ -83.065407674324689, 36.165170983395562 ], [ -83.12995346944308, 36.152760362281569 ], [ -83.172462976985898, 36.087233153200913 ], [ -83.21888461911351, 36.0568959324494 ] ] ] } },
{ "type": "Feature", "properties": { "drag_region": "Mountains", "NAME": "Swain" }, "geometry": { "type": "Polygon", "coordinates": [ [ [ -84.796761769405322, 35.505756583986184 ], [ -84.907753488661854, 35.497845955289407 ], [ -84.960962354762501, 35.458715756198579 ], [ -85.018199323282602, 35.451311160134956 ], [ -85.046288876545219, 35.409842737225382 ], [ -85.085500548359136, 35.394882030669457 ], [ -85.046144904190925, 35.399542859551687 ], [ -84.938357260478099, 35.379949836642261 ], [ -84.866724391777552, 35.383196216506057 ], [ -84.744595608284257, 35.363736607593125 ], [ -84.719617879254955, 35.371697043676875 ], [ -84.725983272182518, 35.314118061544399 ], [ -84.754210625058946, 35.282089821911654 ], [ -84.814845619017731, 35.260919610447665 ], [ -84.810642968878014, 35.216317925104462 ], [ -84.628148700964786, 35.237766910828427 ], [ -84.599454355097876, 35.236317847640549 ], [ -84.563997188782324, 35.26412190555731 ], [ -84.47089846307027, 35.271001917242536 ], [ -84.475402784730392, 35.337067900277972 ], [ -84.497313884560526, 35.366053184905368 ], [ -84.487138081268867, 35.407358719883632 ], [ -84.444286538099959, 35.418921898407994 ], [ -84.373243473394638, 35.465092719264746 ], [ -84.322921186597597, 35.455262593502404 ], [ -84.291206247684542, 35.494196862653119 ], [ -84.320519998591891, 35.539425958233807 ], [ -84.31376327049756, 35.568681340061744 ], [ -84.339167351664855, 35.590765040875688 ], [ -84.317965897082487, 35.612429400376655 ], [ -84.393584141323203, 35.636614811763557 ], [ -84.450345656360099, 35.594868663530391 ], [ -84.4862701270537, 35.600539968436379 ], [ -84.503874582935822, 35.578051893095491 ], [ -84.582332306049409, 35.54984002381709 ], [ -84.621149961571774, 35.506548668405223 ], [ -84.717825875169567, 35.499630428415252 ], [ -84.739569085921914, 35.51659605012555 ], [ -84.796761769405322, 35.505756583986184 ] ] ] } },
{ "type": "Feature", "properties": { "drag_region": "CoastalPlain", "NAME": "Hertford" }, "geometry": { "type": "Polygon", "coordinates": [ [ [ -76.225525555228984, 36.421365549183058 ], [ -75.988418119431728, 36.411650073118608 ], [ -75.736787526813444, 36.414684543943835 ], [ -75.707607030987745, 36.447912163016085 ], [ -75.714550568814957, 36.466852967040232 ], [ -75.77850436976405, 36.524039379422391 ], [ -75.835859923287771, 36.535680948562195 ], [ -75.950373906025149, 36.574412545021701 ], [ -75.963858220273309, 36.643192690482081 ], [ -75.916477699527348, 36.693433595518464 ], [ -75.930562271119001, 36.715869193185917 ], [ -76.178519551720242, 36.720540554230908 ], [ -76.160828158066849, 36.698931988078805 ], [ -76.106994151245573, 36.692468801948095 ], [ -76.085932092256172, 36.653665078458708 ], [ -76.136361203859238, 36.645507061865693 ], [ -76.147633762407821, 36.607834283928639 ], [ -76.225525555228984, 36.421365549183058 ] ] ] } },
{ "type": "Feature", "properties": { "drag_region": "CoastalPlain", "NAME": "Cumberland" }, "geometry": { "type": "Polygon", "coordinates": [ [ [ -78.622955938847738, 35.004323029795657 ], [ -78.637554330892172, 34.956280267309666 ], [ -78.612964686906111, 34.872012127563586 ], [ -78.559694917974838, 34.792787809875982 ], [ -78.563334126275123, 34.782494900666343 ], [ -78.481191594926102, 34.742670505611834 ], [ -78.42790902732591, 34.665166039697098 ], [ -78.323972673131379, 34.680229369614963 ], [ -78.058983581794891, 34.679220351422778 ], [ -78.023146333868567, 34.684237336631064 ], [ -78.097888776151819, 34.76611380707466 ], [ -78.172783708318889, 34.820508433912451 ], [ -78.186623626657564, 34.906448801960529 ], [ -78.153866581787682, 34.99994047184888 ], [ -78.142704801012457, 35.073760621892696 ], [ -78.250007231818984, 35.095645422235222 ], [ -78.350310944834348, 35.089160914366559 ], [ -78.404191376210008, 35.060166374173164 ], [ -78.522456559124976, 35.044303629924016 ], [ -78.619271937483262, 35.022345952962191 ], [ -78.622955938847738, 35.004323029795657 ] ] ] } },
{ "type": "Feature", "properties": { "drag_region": "Mountains", "NAME": "Wilkes" }, "geometry": { "type": "Polygon", "coordinates": [ [ [ -81.782270396555489, 36.357424834606988 ], [ -81.742605873220171, 36.336887764243706 ], [ -81.692187850340503, 36.331833936692512 ], [ -81.67772728900475, 36.312105514220079 ], [ -81.630909409080658, 36.307044247866017 ], [ -81.576777187963614, 36.264200839171338 ], [ -81.562293840587103, 36.236741101123421 ], [ -81.497578206222173, 36.266074955693277 ], [ -81.425610045920195, 36.278242617473886 ], [ -81.292383267660966, 36.27249039145466 ], [ -81.263624675740928, 36.287149903215429 ], [ -81.209658864176191, 36.300140486014023 ], [ -81.116040917936701, 36.296886466192618 ], [ -81.105776636802176, 36.47730224106634 ], [ -81.102446345742948, 36.567506668520565 ], [ -81.199885536738051, 36.642910164622272 ], [ -81.214211928629098, 36.617970344553889 ], [ -81.261006834995356, 36.614442303370168 ], [ -81.279123386973922, 36.652203588997494 ], [ -81.329617891008354, 36.681310686631726 ], [ -81.372738997272492, 36.653736911356496 ], [ -81.398001927855873, 36.673444330030414 ], [ -81.423102425611489, 36.639893023273359 ], [ -81.487809260305553, 36.60712228251694 ], [ -81.516575228640917, 36.595039047059458 ], [ -81.55623655665741, 36.613858506342396 ], [ -81.602995955857864, 36.599162314840044 ], [ -81.602767510919321, 36.524429042265112 ], [ -81.649563143990164, 36.521758932422365 ], [ -81.714241544311733, 36.480397820790763 ], [ -81.692519564159767, 36.440926889452726 ], [ -81.735544012980682, 36.382428975550873 ], [ -81.782270396555489, 36.357424834606988 ] ] ] } },
{ "type": "Feature", "properties": { "drag_region": "CoastalPlain", "NAME": "Sampson" }, "geometry": { "type": "Polygon", "coordinates": [ [ [ -78.010776979072489, 35.06795190435907 ], [ -78.022055476560595, 34.994149694810091 ], [ -78.054956959619361, 34.900700830319913 ], [ -78.04125576763083, 34.81475223642461 ], [ -77.966458296653698, 34.760281164109152 ], [ -77.891856598495863, 34.678330916614954 ], [ -77.845619531515524, 34.635166020694449 ], [ -77.788927650617097, 34.55158809713452 ], [ -77.742664406377244, 34.511859777163146 ], [ -77.710776048918518, 34.464472630642348 ], [ -77.703899989938023, 34.424076973620153 ], [ -77.66465056898511, 34.404994387076187 ], [ -77.654121044308411, 34.374886650467374 ], [ -77.552994848723685, 34.499777733111657 ], [ -77.509736899971145, 34.541647590203638 ], [ -77.531296147362653, 34.530588061731819 ], [ -77.595513132647142, 34.562673031496885 ], [ -77.544251182691056, 34.723012533967008 ], [ -77.553723860637845, 34.89996319304629 ], [ -77.567944879362486, 34.913772860983045 ], [ -77.556510607189878, 35.009898261509868 ], [ -77.556404926105785, 35.024496693456527 ], [ -77.638588637801647, 35.046368883658324 ], [ -77.6989992318573, 35.108497433660517 ], [ -77.803058510465078, 35.076375598584811 ], [ -77.885338746464697, 35.085368605557029 ], [ -77.931491976314433, 35.138841772130995 ], [ -77.974598560408879, 35.119301989672657 ], [ -78.010776979072489, 35.06795190435907 ] ] ] } },
{ "type": "Feature", "properties": { "drag_region": "CoastalPlain", "NAME": "Pamlico" }, "geometry": { "type": "Polygon", "coordinates": [ [ [ -75.878694762231049, 35.093153408542449 ], [ -75.947372336878132, 35.037932776992506 ], [ -75.972958402961439, 34.994370785255263 ], [ -75.916149676912084, 34.956994033031435 ], [ -75.920407335537433, 34.901239693274384 ], [ -75.945625078046163, 34.887714888899055 ], [ -75.789173745975631, 34.803172305667864 ], [ -75.609087446896751, 34.897815450106499 ], [ -75.554975369059818, 34.933415789728564 ], [ -75.52221807166822, 34.978632068782524 ], [ -75.525503600506937, 35.002689613655029 ], [ -75.478421828569509, 35.048645149725409 ], [ -75.452787343971707, 35.096493677401753 ], [ -75.455944922572954, 35.13084857799533 ], [ -75.484243410431517, 35.157687772692164 ], [ -75.591399143641766, 35.174024000671473 ], [ -75.595694018545217, 35.115698928497473 ], [ -75.617699849090997, 35.072110461201177 ], [ -75.829057683011897, 35.054977481725743 ], [ -75.878694762231049, 35.093153408542449 ] ] ] } },
{ "type": "Feature", "properties": { "drag_region": "CoastalPlain", "NAME": "Washington" }, "geometry": { "type": "Polygon", "coordinates": [ [ [ -75.7694110252976, 35.739399320863612 ], [ -75.766011171570639, 35.725636892648907 ], [ -75.558024692294225, 35.722901244943706 ], [ -75.328630901209792, 35.713106967713301 ], [ -75.327417192824086, 35.802343877856146 ], [ -75.272611547389175, 35.876506624345446 ], [ -75.296982899042689, 35.929932748416846 ], [ -75.28222770066624, 35.959834029672876 ], [ -75.313956704177954, 35.999597208971089 ], [ -75.447187552532085, 35.960473624591991 ], [ -75.590745809013399, 35.953194901521712 ], [ -75.608546714428087, 35.962796756726476 ], [ -75.677777718135815, 35.883610791231803 ], [ -75.721633005856248, 35.823932268048885 ], [ -75.736737859709407, 35.768284061217344 ], [ -75.7694110252976, 35.739399320863612 ] ] ] } },
{ "type": "Feature", "properties": { "drag_region": "Piedmont", "NAME": "Moore" }, "geometry": { "type": "Polygon", "coordinates": [ [ [ -80.187024161547555, 35.508776580046117 ], [ -80.18324688690322, 35.472705730435898 ], [ -80.128501865199894, 35.298489412783091 ], [ -80.124717656862217, 35.260700044557687 ], [ -80.092319519813969, 35.242770075317253 ], [ -80.074085295459426, 35.186988363820973 ], [ -80.030879131268946, 35.161363064732413 ], [ -79.99118335561856, 35.120260632326897 ], [ -79.994505368344875, 35.067840599349999 ], [ -79.919094146439292, 35.062086335705402 ], [ -79.875914172989624, 35.041615143461748 ], [ -79.754468290949333, 35.159740287998659 ], [ -79.664991045262283, 35.21160019414117 ], [ -79.593095620899788, 35.192087555728889 ], [ -79.542702885906465, 35.165626865741842 ], [ -79.51761428475281, 35.17344625897158 ], [ -79.514117039902771, 35.191501372452734 ], [ -79.571667527680262, 35.213641319164225 ], [ -79.582573558943764, 35.240238393190019 ], [ -79.640145932139916, 35.266673808919712 ], [ -79.600862863486668, 35.306332381497 ], [ -79.683621020912184, 35.343849403978183 ], [ -79.709033268725022, 35.398748598202282 ], [ -79.748639744033255, 35.421808712235666 ], [ -79.781187453176642, 35.468090873554239 ], [ -79.756207539054984, 35.496530550100282 ], [ -79.770669038851992, 35.516241167025228 ], [ -80.187024161547555, 35.508776580046117 ] ] ] } },
{ "type": "Feature", "properties": { "drag_region": "CoastalPlain", "NAME": "Robeson" }, "geometry": { "type": "Polygon", "coordinates": [ [ [ -79.090830417343909, 34.337422422049791 ], [ -79.080141956190118, 34.327942137784127 ], [ -78.987480557825506, 34.252079906323196 ], [ -78.877036913861332, 34.15211655923779 ], [ -78.702409732713448, 34.005586968698402 ], [ -78.677329638307228, 34.016681333219317 ], [ -78.641274929853111, 34.087012347803608 ], [ -78.601869029971368, 34.103219175287187 ], [ -78.601743990782353, 34.133282297014347 ], [ -78.501372893200923, 34.190543505934571 ], [ -78.479855605601017, 34.205083818936806 ], [ -78.493894849895497, 34.268686437949988 ], [ -78.475950021706922, 34.284095860937654 ], [ -78.436149969958166, 34.394785405070799 ], [ -78.486014903995112, 34.442171554417442 ], [ -78.532084766866916, 34.541084485083665 ], [ -78.585395005307561, 34.618545542627892 ], [ -78.667472585272137, 34.6582973660012 ], [ -78.821748124016281, 34.540211499360794 ], [ -78.975501546568069, 34.544957971709472 ], [ -78.986307468753296, 34.526951133870277 ], [ -78.965079114718549, 34.473631769943403 ], [ -79.090830417343909, 34.337422422049791 ] ] ] } },
{ "type": "Feature", "properties": { "drag_region": "Piedmont", "NAME": "Surry" }, "geometry": { "type": "Polygon", "coordinates": [ [ [ -81.863769255637536, 37.026071191923108 ], [ -81.888286268016174, 36.965744539983731 ], [ -81.93461817530968, 36.91726737834189 ], [ -81.908914376945134, 36.883116679029108 ], [ -81.926751333423368, 36.865793197813602 ], [ -81.828326325641626, 36.790997845558479 ], [ -81.830816271760909, 36.700785026216977 ], [ -81.708401720688855, 36.729255909728479 ], [ -81.643475490678284, 36.734930767954495 ], [ -81.61077820245977, 36.7188715960378 ], [ -81.582317936638105, 36.75346024205718 ], [ -81.549609355596161, 36.73654177731111 ], [ -81.506482334458155, 36.753208444579997 ], [ -81.491721142849372, 36.72755556321377 ], [ -81.423116224995979, 36.728103714299017 ], [ -81.408440194120843, 36.709321879261907 ], [ -81.40869407480406, 36.729936953671498 ], [ -81.401442665250485, 37.018634799485611 ], [ -81.66519180106836, 37.028536528211582 ], [ -81.798745582687019, 37.0240208378383 ], [ -81.863769255637536, 37.026071191923108 ] ] ] } },
{ "type": "Feature", "properties": { "drag_region": "CoastalPlain", "NAME": "Carteret" }, "geometry": { "type": "Polygon", "coordinates": [ [ [ -76.034259225317456, 34.562430520880582 ], [ -76.120383942098087, 34.536545275011783 ], [ -76.081405709239831, 34.507894073703348 ], [ -76.053832030167882, 34.423549075820496 ], [ -76.064943223011511, 34.391884591614421 ], [ -75.989618885059869, 34.411854684846368 ], [ -75.774735993960462, 34.442675517434239 ], [ -75.635338307512228, 34.440655202527701 ], [ -75.510805175799433, 34.392417154701405 ], [ -75.497201960702128, 34.334804718302465 ], [ -75.486147575610801, 34.362175322831753 ], [ -75.409893662404755, 34.460233649266335 ], [ -75.344704229328244, 34.530061791123707 ], [ -75.268833977793037, 34.596366658618429 ], [ -75.189557841307931, 34.648911074318619 ], [ -75.095630583685988, 34.730508351704394 ], [ -74.994693614538122, 34.800888999458273 ], [ -75.023061054731627, 34.819146685328263 ], [ -75.192880045730149, 34.669534337043409 ], [ -75.279440900527462, 34.605894885124428 ], [ -75.398639897443203, 34.503907394578263 ], [ -75.4821273626183, 34.399044429579362 ], [ -75.631586702363691, 34.455213798215034 ], [ -75.574322649219411, 34.460744209880147 ], [ -75.577041082607082, 34.531140649441411 ], [ -75.541495977832241, 34.514538025980016 ], [ -75.545904521034615, 34.445917922176967 ], [ -75.48534855204629, 34.428249945419886 ], [ -75.459589454843368, 34.488967537820706 ], [ -75.408673358734717, 34.560631222501527 ], [ -75.369148481620115, 34.577465237617872 ], [ -75.368792535083728, 34.606640374413651 ], [ -75.304322953254257, 34.617258602974097 ], [ -75.242778387761305, 34.681106984440355 ], [ -75.249031760782515, 34.754102764907174 ], [ -75.320204782200307, 34.779585697244705 ], [ -75.288829794607082, 34.714960243885237 ], [ -75.353109421819255, 34.719788955128479 ], [ -75.381375062055085, 34.746629292192132 ], [ -75.391399784611281, 34.80335362137167 ], [ -75.430566422323778, 34.815697073086604 ], [ -75.445518889119541, 34.762614410800808 ], [ -75.542339225824264, 34.737680341282442 ], [ -75.588826081339221, 34.736353942261978 ], [ -75.639194389204434, 34.710171525586588 ], [ -75.60733101877004, 34.685015677232151 ], [ -75.651065809776313, 34.616723672431895 ], [ -75.715690048633505, 34.594092167850285 ], [ -75.840811138910837, 34.594281835144812 ], [ -75.912557573099548, 34.574284519799136 ], [ -75.909171973359236, 34.558807098802511 ], [ -76.034259225317456, 34.562430520880582 ] ] ] } },
{ "type": "Feature", "properties": { "drag_region": "Mountains", "NAME": "Alleghany" }, "geometry": { "type": "Polygon", "coordinates": [ [ [ -81.555892109234065, 36.941249744020858 ], [ -81.555816046369316, 36.912903098351791 ], [ -81.497899272290496, 36.832257502025953 ], [ -81.472607256374033, 36.814262037103568 ], [ -81.447190464940221, 36.749021850155778 ], [ -81.454362137040903, 36.733547640088091 ], [ -81.389535445535031, 36.766300261575246 ], [ -81.364379605211084, 36.799844097031666 ], [ -81.33908350156787, 36.780130135854414 ], [ -81.29587986401171, 36.807691524668456 ], [ -81.24531488700751, 36.778571012800477 ], [ -81.227184815751443, 36.740805432937513 ], [ -81.180311729828588, 36.74432034432165 ], [ -81.165951078542108, 36.769255647752956 ], [ -81.147963955214095, 36.786465983078088 ], [ -81.1732977490949, 36.820783662947782 ], [ -81.126539937231129, 36.868966642716956 ], [ -81.101451481247935, 36.9291393243182 ], [ -81.379172931641023, 36.938976746985503 ], [ -81.555892109234065, 36.941249744020858 ] ] ] } },
{ "type": "Feature", "properties": { "drag_region": "CoastalPlain", "NAME": "Harnett" }, "geometry": { "type": "Polygon", "coordinates": [ [ [ -78.500248668440364, 35.434637370286836 ], [ -78.752632971705026, 35.18137333396156 ], [ -78.695428664863286, 35.154527375260479 ], [ -78.684825861502688, 35.127860492208633 ], [ -78.627597153949225, 35.105309535787434 ], [ -78.530684096097062, 35.127269653184413 ], [ -78.412298974002553, 35.14313515610862 ], [ -78.358364538233644, 35.172130666495846 ], [ -78.257958619060616, 35.178617166588538 ], [ -78.150546070811714, 35.156734432183953 ], [ -78.114409188080629, 35.20812803143842 ], [ -78.071283923972388, 35.22771674958063 ], [ -78.060428132904264, 35.245711218055618 ], [ -78.192128536613609, 35.407683327802076 ], [ -78.238593112413142, 35.431051782794128 ], [ -78.446123242031391, 35.496268652506537 ], [ -78.500248668440364, 35.434637370286836 ] ] ] } },
{ "type": "Feature", "properties": { "drag_region": "CoastalPlain", "NAME": "Hoke" }, "geometry": { "type": "Polygon", "coordinates": [ [ [ -79.117750073523055, 34.859227012090045 ], [ -79.057070156989397, 34.81095761556967 ], [ -79.014307452426834, 34.759301844361531 ], [ -79.007568214276105, 34.653628976516238 ], [ -78.853610593571034, 34.648915624784301 ], [ -78.69916742504131, 34.767033772043391 ], [ -78.695545662885763, 34.777331472907129 ], [ -78.748940066204582, 34.856501138071039 ], [ -78.773666693695318, 34.940747104681229 ], [ -78.759150236148287, 34.988809520423764 ], [ -78.784245964692317, 34.981147409153834 ], [ -78.834267633838323, 35.007912254867328 ], [ -78.905801137118644, 35.027864652437373 ], [ -78.995527767979482, 34.976572272315572 ], [ -79.117750073523055, 34.859227012090045 ] ] ] } },
{ "type": "Feature", "properties": { "drag_region": "CoastalPlain", "NAME": "Perquimans" }, "geometry": { "type": "Polygon", "coordinates": [ [ [ -75.408125662942282, 36.484664658392134 ], [ -75.423892965051593, 36.391282834091193 ], [ -75.442130907645321, 36.372582280987025 ], [ -75.426119102714367, 36.241989934141138 ], [ -75.343869573580164, 36.21801888704799 ], [ -75.265009436627949, 36.207811018959219 ], [ -75.17868973195138, 36.216408286638753 ], [ -75.153312246566884, 36.232464192958219 ], [ -75.228425205953798, 36.252933167888671 ], [ -75.310082591726967, 36.316371854359105 ], [ -75.245753361418323, 36.295148935730246 ], [ -75.228169808661931, 36.270092501488769 ], [ -75.181553207334147, 36.26534688903282 ], [ -75.07081587575145, 36.225652588804778 ], [ -75.045502939805345, 36.237418289031652 ], [ -75.081064366629775, 36.260933189044721 ], [ -75.126873240401167, 36.319729532030713 ], [ -75.169192654023533, 36.371628242931457 ], [ -75.226376021972513, 36.390207905376357 ], [ -75.303585110228667, 36.510240922059708 ], [ -75.408125662942282, 36.484664658392134 ] ] ] } },
{ "type": "Feature", "properties": { "drag_region": "CoastalPlain", "NAME": "Granville" }, "geometry": { "type": "Polygon", "coordinates": [ [ [ -78.277342617138402, 36.695703071872508 ], [ -78.291061800577197, 36.261193134753121 ], [ -78.237258212016911, 36.240345685677703 ], [ -78.168910607491625, 36.243481699375273 ], [ -78.032613292371252, 36.190496587615421 ], [ -78.028627287257081, 36.248878305746409 ], [ -77.981246542422809, 36.343139167307108 ], [ -77.991982396561426, 36.350915689255089 ], [ -77.993735324971112, 36.623166070482867 ], [ -77.978946763475435, 36.682358409537578 ], [ -77.93919657837408, 36.710522687489373 ], [ -78.280833416945271, 36.711177534317009 ], [ -78.277342617138402, 36.695703071872508 ] ] ] } },
{ "type": "Feature", "properties": { "drag_region": "CoastalPlain", "NAME": "Hyde" }, "geometry": { "type": "MultiPolygon", "coordinates": [ [ [ [ -74.577030427695036, 35.127470877014723 ], [ -74.609344207542236, 35.121778961888538 ], [ -74.778708160010666, 35.049638042070541 ], [ -74.807356930893249, 35.049915618213262 ], [ -74.836840642531897, 34.991859341145762 ], [ -74.76817379554916, 35.034950722490301 ], [ -74.573659184062365, 35.112853560579616 ], [ -74.577030427695036, 35.127470877014723 ] ] ], [ [ [ -75.450689288292153, 35.640521467967332 ], [ -75.415389853183356, 35.604991899771839 ], [ -75.415895426693851, 35.570672857446191 ], [ -75.355774045469232, 35.517738857890251 ], [ -75.319981780468837, 35.515671529408621 ], [ -75.284542270065799, 35.489581708085041 ], [ -75.292346258465301, 35.445896509912245 ], [ -75.403418660079481, 35.444410123410918 ], [ -75.358294665413922, 35.345288404397152 ], [ -75.305129616567172, 35.306155723052775 ], [ -75.269138082604641, 35.317817362276429 ], [ -75.251541256794553, 35.296194052219654 ], [ -75.158643720470224, 35.279843012508771 ], [ -75.054731231276577, 35.28226194197498 ], [ -74.961926996121946, 35.259907191456008 ], [ -74.950884837461629, 35.280391579461622 ], [ -74.889692865647632, 35.301244821669435 ], [ -74.878376200563864, 35.340601771141891 ], [ -74.831634264756119, 35.353015211340832 ], [ -74.805679432628281, 35.413677786554622 ], [ -74.780474389397668, 35.42286901123466 ], [ -74.769192499365644, 35.459651185781986 ], [ -74.733269693159954, 35.467021254890327 ], [ -74.686064506437788, 35.511172585311385 ], [ -74.717032863800341, 35.597271662787186 ], [ -74.828043929709224, 35.598361769690499 ], [ -74.860324304108673, 35.59524686042721 ], [ -74.906816048571812, 35.599993457233658 ], [ -74.960053691168667, 35.633120728280709 ], [ -74.985185766862074, 35.629077765621588 ], [ -74.992980346443304, 35.58625368975212 ], [ -75.033207115865352, 35.530019376071998 ], [ -75.11184671803268, 35.541087235868751 ], [ -75.085577154022559, 35.622342560724583 ], [ -75.221572636208478, 35.630544314170884 ], [ -75.450689288292153, 35.640521467967332 ] ] ] ] } },
{ "type": "Feature", "properties": { "drag_region": "Mountains", "NAME": "Watauga" }, "geometry": { "type": "Polygon", "coordinates": [ [ [ -82.207634517789131, 36.619489222108996 ], [ -82.182112765582886, 36.567195651790641 ], [ -82.243303975994408, 36.566948740405387 ], [ -82.272222343391121, 36.58658790825244 ], [ -82.311752208590121, 36.576120698920931 ], [ -82.39416506902019, 36.515661169385147 ], [ -82.372472963239986, 36.500287824666437 ], [ -82.386524789957491, 36.444399628391182 ], [ -82.361164883984031, 36.417874602863229 ], [ -82.332396535376418, 36.422285303222473 ], [ -82.307047402944931, 36.397477856125683 ], [ -82.285097292030073, 36.340016371912405 ], [ -82.151988174893006, 36.35171725645931 ], [ -82.022375877158908, 36.347082683841045 ], [ -81.975734516588389, 36.372179581384337 ], [ -81.932897519897352, 36.430761584879676 ], [ -81.954737478226917, 36.470187193263051 ], [ -82.026950845444674, 36.505974469881956 ], [ -82.041322586464915, 36.501621877938533 ], [ -82.113791088135059, 36.578637595025874 ], [ -82.207634517789131, 36.619489222108996 ] ] ] } },
{ "type": "Feature", "properties": { "drag_region": "Mountains", "NAME": "Macon" }, "geometry": { "type": "Polygon", "coordinates": [ [ [ -84.814756519119513, 35.055351343756563 ], [ -84.807290077844058, 35.032239529836538 ], [ -84.839146720682152, 35.006196084464776 ], [ -84.845717736849323, 34.962353505235754 ], [ -84.770637940518839, 34.967325165454788 ], [ -84.745076421517538, 34.92892347841255 ], [ -84.694583047754421, 34.899331859230465 ], [ -84.636237243498471, 34.81744024843708 ], [ -84.589515167275977, 34.80240812446943 ], [ -84.217442651231778, 34.812637665625893 ], [ -84.257516818582303, 34.865508794855678 ], [ -84.254258749690919, 34.889579279615759 ], [ -84.297947752513423, 34.944992406383172 ], [ -84.334055048170512, 34.968705509586705 ], [ -84.335137826846946, 35.049403364313193 ], [ -84.392266456303204, 35.039439639171718 ], [ -84.428535281121597, 35.075170249739337 ], [ -84.450896175401681, 35.141076901962585 ], [ -84.543850364460823, 35.134220792733117 ], [ -84.579262316798719, 35.106425121106035 ], [ -84.60791080238802, 35.107881772293482 ], [ -84.790125711376831, 35.086480814387436 ], [ -84.814756519119513, 35.055351343756563 ] ] ] } },
{ "type": "Feature", "properties": { "drag_region": "Mountains", "NAME": "Clay" }, "geometry": { "type": "Polygon", "coordinates": [ [ [ -85.001844321968946, 34.909733579399266 ], [ -85.080235290670686, 34.89175894172849 ], [ -85.105338219824816, 34.896651046922535 ], [ -85.172275571215522, 34.830726975697914 ], [ -85.228955881721703, 34.795811309580877 ], [ -85.217959982347182, 34.777898588020875 ], [ -85.267427130979982, 34.738766445367951 ], [ -84.881306117590171, 34.741864495433312 ], [ -84.813464290547429, 34.748569916385833 ], [ -84.745543139850895, 34.750125957494468 ], [ -84.792257535014485, 34.765098213230537 ], [ -84.850709241928953, 34.846907741374885 ], [ -84.901218553037765, 34.876432967790613 ], [ -84.926831162555985, 34.914798258387037 ], [ -85.001844321968946, 34.909733579399266 ] ] ] } },
{ "type": "Feature", "properties": { "drag_region": "CoastalPlain", "NAME": "Chowan" }, "geometry": { "type": "Polygon", "coordinates": [ [ [ -75.600132322380929, 36.391300589316941 ], [ -75.585916224181787, 36.380870346370777 ], [ -75.629950288722839, 36.314338378668353 ], [ -75.630689062885168, 36.261994591324651 ], [ -75.589062718077031, 36.157767764756123 ], [ -75.517398195310847, 36.146808417395242 ], [ -75.489047916745946, 36.119943353441229 ], [ -75.42802436379057, 36.11852249632701 ], [ -75.370315638332031, 36.136869711675686 ], [ -75.322932105191811, 36.18706319820248 ], [ -75.401784350065682, 36.197231496002722 ], [ -75.484035867790382, 36.221162168885918 ], [ -75.500146181243863, 36.351754883461297 ], [ -75.481926595539434, 36.370465987911544 ], [ -75.466235767693377, 36.463862007425583 ], [ -75.520483048020964, 36.436904054140228 ], [ -75.549133633395726, 36.442319261885274 ], [ -75.607045486775689, 36.410245198641796 ], [ -75.600132322380929, 36.391300589316941 ] ] ] } },
{ "type": "Feature", "properties": { "drag_region": "CoastalPlain", "NAME": "Gates" }, "geometry": { "type": "Polygon", "coordinates": [ [ [ -75.83863004428315, 36.751371919833993 ], [ -75.824568382257169, 36.728927051486856 ], [ -75.872029246350323, 36.678729427172442 ], [ -75.858625718040017, 36.609944970207927 ], [ -75.744118003491948, 36.571124405902303 ], [ -75.686756094651713, 36.559437511082258 ], [ -75.622850315833645, 36.502204986961942 ], [ -75.56487032427053, 36.534281314642875 ], [ -75.536184891612862, 36.528867014794422 ], [ -75.481873449834154, 36.555826949594532 ], [ -75.377249255545777, 36.581461937243333 ], [ -75.411897804437615, 36.672749513708702 ], [ -75.411295890830118, 36.714794601872306 ], [ -75.461056221273736, 36.754733314855571 ], [ -75.838507189007856, 36.759953319338528 ], [ -75.83863004428315, 36.751371919833993 ] ] ] } },
{ "type": "Feature", "properties": { "drag_region": "CoastalPlain", "NAME": "Pasquotank" }, "geometry": { "type": "Polygon", "coordinates": [ [ [ -75.27909220815333, 36.676428109631019 ], [ -75.279763311617387, 36.634389748414293 ], [ -75.245287706439996, 36.543078289658148 ], [ -75.168148311533415, 36.423012760790101 ], [ -75.110959649469663, 36.404404161235583 ], [ -75.068667216374976, 36.352486735615322 ], [ -75.047183094207085, 36.347975281306915 ], [ -74.972711559280256, 36.286289853202774 ], [ -74.886320654458132, 36.297412162228341 ], [ -74.85368517888017, 36.316809406776315 ], [ -74.874532575478653, 36.361639220475482 ], [ -74.910219837473051, 36.376593131587832 ], [ -74.941759938465793, 36.426682225504315 ], [ -74.977230352851478, 36.455362615106495 ], [ -75.009448663497324, 36.462559566623511 ], [ -74.97316273294777, 36.485350673812647 ], [ -75.005421720003781, 36.489974248915111 ], [ -75.029857115764429, 36.534843646881093 ], [ -75.083505213376441, 36.549985198139076 ], [ -75.115342390481985, 36.58120385233056 ], [ -75.225892821597142, 36.632973590312588 ], [ -75.27909220815333, 36.676428109631019 ] ] ] } },
{ "type": "Feature", "properties": { "drag_region": "Mountains", "NAME": "Graham" }, "geometry": { "type": "Polygon", "coordinates": [ [ [ -85.259012778493982, 35.334509262174443 ], [ -85.319008937386315, 35.27979338283906 ], [ -85.304090269209254, 35.24218686168193 ], [ -85.33596810894656, 35.220388794215907 ], [ -85.324305498311304, 35.162148073640715 ], [ -85.298326130600984, 35.104059402745399 ], [ -85.240831821473989, 35.090937981184773 ], [ -85.126840245699483, 35.128201910665396 ], [ -85.069395893654175, 35.118513530206322 ], [ -85.001426205950025, 35.122671222101744 ], [ -84.97685248814021, 35.153835113725535 ], [ -84.981139205923014, 35.198425617407665 ], [ -84.92060064629031, 35.219673748865503 ], [ -84.89246203709159, 35.251735598542247 ], [ -84.886216542465533, 35.309316012138545 ], [ -84.911155956948193, 35.301323260415018 ], [ -85.033212786764977, 35.320617797720089 ], [ -85.104774010914056, 35.317276556691056 ], [ -85.212501804136295, 35.336723790144489 ], [ -85.25181205569163, 35.332011341798292 ], [ -85.259012778493982, 35.334509262174443 ] ] ] } },
{ "type": "Feature", "properties": { "drag_region": "Mountains", "NAME": "Cherokee" }, "geometry": { "type": "Polygon", "coordinates": [ [ [ -85.709455841953144, 34.97498867130809 ], [ -85.734359071758448, 34.756727664934282 ], [ -85.419753238487345, 34.759485124801245 ], [ -85.370353697534497, 34.798674865288611 ], [ -85.381384440536493, 34.816571074348715 ], [ -85.32476304304123, 34.851554251066865 ], [ -85.257941641756929, 34.917554849107589 ], [ -85.2328264280887, 34.912695483721315 ], [ -85.154459519327318, 34.93076790205194 ], [ -85.148056054201348, 34.974615916025293 ], [ -85.116317054289695, 35.000733262817263 ], [ -85.123865071598544, 35.023820369420001 ], [ -85.191739806188991, 35.019599918524726 ], [ -85.249121886721369, 35.029234142588038 ], [ -85.362912289916963, 34.991868412184388 ], [ -85.420348545604142, 35.004935590004287 ], [ -85.446372691684445, 35.06299462188813 ], [ -85.517107547694152, 35.017547422997083 ], [ -85.617143801610155, 35.012957314603511 ], [ -85.628249332140285, 35.035141913372982 ], [ -85.706188460594177, 34.993048030695604 ], [ -85.709455841953144, 34.97498867130809 ] ] ] } },
{ "type": "Feature", "properties": { "drag_region": "CoastalPlain", "NAME": "Brunswick" }, "geometry": { "type": "Polygon", "coordinates": [ [ [ -77.555889294766345, 33.892767157741702 ], [ -77.64960571197723, 33.752361845817539 ], [ -77.767437716380698, 33.741746502668668 ], [ -77.814264141422598, 33.676695431081242 ], [ -77.906874127482297, 33.702892818609364 ], [ -77.931969342409928, 33.68583383787098 ], [ -77.953760535373291, 33.62925325064662 ], [ -77.94678961325441, 33.604314641339222 ], [ -77.971959578551619, 33.576090956937229 ], [ -78.032817229365577, 33.548034091832633 ], [ -78.018736838830648, 33.518767823698482 ], [ -78.043964309378012, 33.481955751913837 ], [ -77.933945548183374, 33.388689474984488 ], [ -77.905298777447641, 33.403156446573718 ], [ -77.780155310028732, 33.438646507978781 ], [ -77.673028314666254, 33.448456945916973 ], [ -77.573097138164741, 33.449714004322352 ], [ -77.491071920935752, 33.441608084509959 ], [ -77.416251615957989, 33.423231073146248 ], [ -77.405736057030083, 33.393984963848091 ], [ -77.359385186191631, 33.387761969327862 ], [ -77.333910046038895, 33.464075130261129 ], [ -77.344341076778704, 33.506201958800155 ], [ -77.329697770337205, 33.562812926580158 ], [ -77.332646981498755, 33.65728980688236 ], [ -77.350284753714845, 33.688286237360153 ], [ -77.353320312986469, 33.769023742802901 ], [ -77.410023716466227, 33.827681717021044 ], [ -77.424039208257156, 33.866391236783457 ], [ -77.473935989896688, 33.875210444612058 ], [ -77.530814225347498, 33.907249719318806 ], [ -77.555889294766345, 33.892767157741702 ] ] ] } },
{ "type": "Feature", "properties": { "drag_region": "CoastalPlain", "NAME": "Halifax" }, "geometry": { "type": "Polygon", "coordinates": [ [ [ -77.21824999353737, 36.338533726020259 ], [ -77.18618988823971, 36.310843127024619 ], [ -77.178800764259179, 36.330541642796319 ], [ -77.128624383435223, 36.317326015229973 ], [ -77.096670237245377, 36.279333299887938 ], [ -77.01767788954939, 36.272793627454377 ], [ -76.959991895968372, 36.291295596806215 ], [ -76.909721540873562, 36.287523943195367 ], [ -76.855981681191452, 36.271709001847206 ], [ -76.841837343290635, 36.24929136651842 ], [ -76.752211176561502, 36.228943238070315 ], [ -76.742010273262395, 36.172210375035185 ], [ -76.684539244531436, 36.170108136669789 ], [ -76.613012170027062, 36.137004314993881 ], [ -76.536886622323507, 36.202600509758199 ], [ -76.522330746482439, 36.22053176379822 ], [ -76.439528354968601, 36.236287173316164 ], [ -76.460997327791674, 36.245016647028926 ], [ -76.474901994733983, 36.290611539294417 ], [ -76.499963881560916, 36.299365394674275 ], [ -76.596505080412271, 36.345517229025035 ], [ -76.588947847450243, 36.381524737718088 ], [ -76.617550119683557, 36.395454069546481 ], [ -76.649257868861881, 36.456624226186847 ], [ -76.750085907644163, 36.435840541494443 ], [ -76.778715756985406, 36.447194779327958 ], [ -76.789122519315896, 36.48332447770197 ], [ -76.756535261036333, 36.507144191847466 ], [ -76.763267505949443, 36.550976090584271 ], [ -76.838385750532197, 36.584109205888851 ], [ -76.852455134913697, 36.613395695969814 ], [ -76.981796347815873, 36.615987369190783 ], [ -77.024720462840023, 36.635166495947857 ], [ -77.10733390231367, 36.639159234800495 ], [ -77.119370018629297, 36.518177229942665 ], [ -77.15257950173185, 36.434257323030295 ], [ -77.21824999353737, 36.338533726020259 ] ] ] } },
{ "type": "Feature", "properties": { "drag_region": "Mountains", "NAME": "Jackson" }, "geometry": { "type": "Polygon", "coordinates": [ [ [ -84.176152068524999, 35.39060551181192 ], [ -84.226420433978149, 35.400500125390522 ], [ -84.297500632347877, 35.354413979829317 ], [ -84.340344053727847, 35.342903614656045 ], [ -84.350590426808552, 35.301606385806416 ], [ -84.328748932005212, 35.272590306132329 ], [ -84.324371394166576, 35.20651143416476 ], [ -84.302088444843676, 35.140577265523007 ], [ -84.26584040002426, 35.10480760724554 ], [ -84.208646494944489, 35.114714882352459 ], [ -84.207682185197896, 35.034009884948617 ], [ -84.171578136102227, 35.010258904563784 ], [ -84.127932533001157, 34.954798018634065 ], [ -84.13122889208141, 34.930729027607249 ], [ -84.091197447346644, 34.877814040796054 ], [ -83.991218534707514, 34.905237218274216 ], [ -84.041681827983226, 34.931449968416565 ], [ -83.967390245412091, 35.010188862112543 ], [ -83.971638587238118, 35.06596924205472 ], [ -83.911340722684756, 35.116261152123677 ], [ -83.908408109733401, 35.170382938949658 ], [ -83.951670937792045, 35.193216986492743 ], [ -83.977375641470744, 35.245388535212967 ], [ -84.031425447634447, 35.271568850001593 ], [ -84.031674412167561, 35.292175129903832 ], [ -84.125695456541862, 35.365256369275812 ], [ -84.176152068524999, 35.39060551181192 ] ] ] } },
{ "type": "Feature", "properties": { "drag_region": "CoastalPlain", "NAME": "Warren" }, "geometry": { "type": "Polygon", "coordinates": [ [ [ -77.652419390067223, 36.729456235008186 ], [ -77.60775859440345, 36.492195206490869 ], [ -77.636883029027885, 36.452002357149624 ], [ -77.503911172317032, 36.440937382793628 ], [ -77.464435679303833, 36.431265815068848 ], [ -77.432393489622001, 36.394158734189318 ], [ -77.374802684954375, 36.399839979770327 ], [ -77.338954478399472, 36.386754543572984 ], [ -77.2733807505725, 36.482550318822305 ], [ -77.240273739655194, 36.56650980257858 ], [ -77.228411768634473, 36.68751381656223 ], [ -77.228052432948019, 36.727869190159396 ], [ -77.652419390067223, 36.729456235008186 ] ] ] } },
{ "type": "Feature", "properties": { "drag_region": "CoastalPlain", "NAME": "Northampton" }, "geometry": { "type": "Polygon", "coordinates": [ [ [ -77.034857305982001, 36.735351456060584 ], [ -77.035318272093676, 36.695002718310178 ], [ -76.952653653321832, 36.690956487691381 ], [ -76.909720185844606, 36.671750635311064 ], [ -76.780295685840017, 36.669074697388872 ], [ -76.766246459562055, 36.639780963325414 ], [ -76.691111950462158, 36.606600941436973 ], [ -76.684419338702853, 36.562767615816156 ], [ -76.717051932633154, 36.538970817182637 ], [ -76.706674522071225, 36.502836767228111 ], [ -76.678037253101479, 36.491464603578905 ], [ -76.577122337936117, 36.512180893171148 ], [ -76.54545528906587, 36.450994230283897 ], [ -76.516848358160672, 36.43704713868906 ], [ -76.524446582879833, 36.40104711132259 ], [ -76.427888999386681, 36.354835304492759 ], [ -76.434633541584617, 36.394374556859717 ], [ -76.3662186873118, 36.403312093106805 ], [ -76.344317523107279, 36.432337631264986 ], [ -76.266689728507174, 36.618904043418716 ], [ -76.255471924329399, 36.656592190494749 ], [ -76.205042353422726, 36.66480125303417 ], [ -76.226169330358445, 36.703588355471965 ], [ -76.280027054886517, 36.709998671471112 ], [ -76.297756159441192, 36.731591993014256 ], [ -76.43079944351625, 36.73086584186985 ], [ -76.901802613438633, 36.735223758077559 ], [ -77.034857305982001, 36.735351456060584 ] ] ] } },
{ "type": "Feature", "properties": { "drag_region": "Mountains", "NAME": "Ashe" }, "geometry": { "type": "Polygon", "coordinates": [ [ [ -82.058399178545912, 36.91243628829821 ], [ -82.090576293769018, 36.860793646968339 ], [ -82.075813811270891, 36.792124661348105 ], [ -82.097386532926564, 36.781746957510613 ], [ -82.111466458729822, 36.71470219213758 ], [ -82.017555064529887, 36.673776471899686 ], [ -81.945089593965676, 36.596703342533701 ], [ -81.930694695278177, 36.601044602296092 ], [ -81.858435054412496, 36.565200200514433 ], [ -81.793765063850373, 36.606638866203163 ], [ -81.746924180435798, 36.609366054705319 ], [ -81.747293385493535, 36.684096467836312 ], [ -81.700511189068791, 36.69884934324697 ], [ -81.660771565655097, 36.68007895331619 ], [ -81.631997166906928, 36.692196921323976 ], [ -81.624865008259576, 36.707681590258169 ], [ -81.650417681711161, 36.772883021930454 ], [ -81.675737004517316, 36.79084053152517 ], [ -81.733807386944477, 36.87139844557575 ], [ -81.733949023816677, 36.899744489353992 ], [ -82.058399178545912, 36.91243628829821 ] ] ] } },
{ "type": "Feature", "properties": { "drag_region": "Mountains", "NAME": "Buncombe" }, "geometry": { "type": "Polygon", "coordinates": [ [ [ -83.648828505673279, 35.679752153156699 ], [ -83.612332930372034, 35.615575525378979 ], [ -83.580171796099549, 35.629520844156168 ], [ -83.53295380366599, 35.56970540923767 ], [ -83.532700524497926, 35.543084244391878 ], [ -83.564332951461296, 35.473320967951118 ], [ -83.5460917908851, 35.441661145663993 ], [ -83.510056601831835, 35.425572225111601 ], [ -83.438635165617555, 35.46209460359065 ], [ -83.384584794376593, 35.438390301289751 ], [ -83.219662119497798, 35.454035336493391 ], [ -83.180425994324636, 35.479190486183747 ], [ -83.133687285206719, 35.470039479364814 ], [ -83.098136767008882, 35.505477948211059 ], [ -83.02964625390571, 35.473275613039654 ], [ -82.990457474399435, 35.50358451686963 ], [ -82.997838364383824, 35.525009432236494 ], [ -82.933325852959072, 35.534007699803553 ], [ -83.016164755680492, 35.565259872660128 ], [ -83.055940926055229, 35.596785052080691 ], [ -83.031026213601777, 35.618415118002382 ], [ -83.0604155312502, 35.689513700654665 ], [ -83.042662318811082, 35.709380727387099 ], [ -83.050045208344841, 35.730805250607744 ], [ -83.100514655807729, 35.754531298801346 ], [ -83.129908118057301, 35.825628537155474 ], [ -83.176532543016066, 35.822753879457593 ], [ -83.280445492250735, 35.806630485190624 ], [ -83.430531952623525, 35.741260175406978 ], [ -83.477128458695503, 35.735809970542419 ], [ -83.573554097362759, 35.687960984146464 ], [ -83.616758571000645, 35.70314381750169 ], [ -83.648828505673279, 35.679752153156699 ] ] ] } },
{ "type": "Feature", "properties": { "drag_region": "Mountains", "NAME": "Burke" }, "geometry": { "type": "Polygon", "coordinates": [ [ [ -82.439062797726891, 36.008688225538002 ], [ -82.402672456033045, 35.932391460972042 ], [ -82.420374813305685, 35.891946779644492 ], [ -82.481196376994347, 35.855618581773399 ], [ -82.365738036289216, 35.768481652636126 ], [ -82.318160629565853, 35.624370807553809 ], [ -82.246577825916987, 35.663319255032661 ], [ -82.18532202408619, 35.630071056967196 ], [ -82.14211182262305, 35.611351034306978 ], [ -82.030801104150513, 35.614385402970484 ], [ -82.030827569733674, 35.618680274889719 ], [ -82.002341539787906, 35.658311249626344 ], [ -81.927355488237978, 35.728198986664388 ], [ -81.859680630497834, 35.818673793653481 ], [ -81.895534973698219, 35.809076761900734 ], [ -81.938790791424424, 35.834668421360718 ], [ -82.050076698022977, 35.827336889553209 ], [ -82.097062303633109, 35.875246323101415 ], [ -82.205108825114181, 35.924620379206466 ], [ -82.27379278799495, 35.996489864382404 ], [ -82.302613411374125, 36.010972807855246 ], [ -82.367344699982596, 36.02530648356425 ], [ -82.396219226607911, 36.048378606319567 ], [ -82.439062797726891, 36.008688225538002 ] ] ] } },
{ "type": "Feature", "properties": { "drag_region": "Mountains", "NAME": "McDowell" }, "geometry": { "type": "Polygon", "coordinates": [ [ [ -82.909084958159809, 35.726100869982311 ], [ -82.926875788411124, 35.706252450822461 ], [ -82.897596530036878, 35.635117914375819 ], [ -82.922553473052758, 35.613514216993572 ], [ -82.882818970511849, 35.58194368305017 ], [ -82.800010241812501, 35.550598856032153 ], [ -82.781981540296542, 35.540386501761901 ], [ -82.670818820241195, 35.555571342307964 ], [ -82.635077656894723, 35.575514243783871 ], [ -82.598978438326782, 35.549935742654611 ], [ -82.53807494775738, 35.565716130209971 ], [ -82.473466243503694, 35.566914083616659 ], [ -82.455774087573403, 35.599646965080865 ], [ -82.503581086986159, 35.743698489665086 ], [ -82.619148208830765, 35.830700479251227 ], [ -82.5584108510334, 35.867096668191735 ], [ -82.540784578727497, 35.907560038587569 ], [ -82.577294042837238, 35.983812248965215 ], [ -82.616388350246069, 35.934645865126427 ], [ -82.616182212159458, 35.908878982362296 ], [ -82.648489261054195, 35.908708029820296 ], [ -82.684131850393982, 35.876739194101852 ], [ -82.734372780884541, 35.874755680577174 ], [ -82.766452968234177, 35.846241812266456 ], [ -82.826771658881114, 35.757455396479244 ], [ -82.909084958159809, 35.726100869982311 ] ] ] } },
{ "type": "Feature", "properties": { "drag_region": "CoastalPlain", "NAME": "Columbus" }, "geometry": { "type": "Polygon", "coordinates": [ [ [ -78.576737613767108, 33.89815910308149 ], [ -78.160806921065316, 33.540988526451351 ], [ -78.135608165696752, 33.577825866440563 ], [ -78.149737163000495, 33.607081183798265 ], [ -78.088869986712552, 33.635195232865804 ], [ -78.063717641669825, 33.663443660922447 ], [ -78.070726315628548, 33.688377552529495 ], [ -78.048992349981731, 33.744981705447849 ], [ -78.023900293459917, 33.762064697215983 ], [ -77.931185391626116, 33.73594988437484 ], [ -77.884407860950319, 33.801048070192358 ], [ -77.766498866509565, 33.811771328872368 ], [ -77.672893090704889, 33.952272230458128 ], [ -77.712192810913592, 33.948984084377237 ], [ -77.765512028742563, 33.994703393190868 ], [ -77.844247646257926, 33.963221999768962 ], [ -77.954896223424456, 33.973945997417111 ], [ -78.175805223387371, 34.066685772240653 ], [ -78.33298279592286, 34.05955736563422 ], [ -78.375709709306804, 34.082911996520473 ], [ -78.476027009963701, 34.025750794384045 ], [ -78.476193887071517, 33.995689289048293 ], [ -78.515570101741375, 33.979521394855816 ], [ -78.551675189986369, 33.909228669678484 ], [ -78.576737613767108, 33.89815910308149 ] ] ] } },
{ "type": "Feature", "properties": { "drag_region": "Piedmont", "NAME": "Caswell" }, "geometry": { "type": "Polygon", "coordinates": [ [ [ -79.853977720435367, 37.019518425469052 ], [ -79.870803691453986, 36.72824671974891 ], [ -79.596282222913189, 36.722975687508786 ], [ -79.491531110125806, 36.721537921593566 ], [ -79.478327185087025, 37.021397374828311 ], [ -79.684212781465916, 37.019981861278737 ], [ -79.853977720435367, 37.019518425469052 ] ] ] } },
{ "type": "Feature", "properties": { "drag_region": "Mountains", "NAME": "Henderson" }, "geometry": { "type": "Polygon", "coordinates": [ [ [ -83.021025419701715, 35.388280486078827 ], [ -83.089438991758641, 35.420490709788922 ], [ -83.124958006577344, 35.385055504609774 ], [ -83.171646270782347, 35.394211792278298 ], [ -83.210845482155577, 35.3690605620003 ], [ -83.375598335430624, 35.353433961218869 ], [ -83.429588080017595, 35.37714495535225 ], [ -83.500941288370853, 35.340630361878937 ], [ -83.363487589347898, 35.206648910419325 ], [ -83.34442960932418, 35.083094937947614 ], [ -83.3263183593495, 35.062594882580051 ], [ -83.211926037484787, 35.09765635601984 ], [ -83.186762702043495, 35.090082444208655 ], [ -83.144156344053471, 35.135006977799513 ], [ -83.108096479183487, 35.112041116393918 ], [ -83.101732562599153, 35.19968496283952 ], [ -83.016746696627948, 35.313584702530918 ], [ -83.035132811128761, 35.36328503335659 ], [ -83.021025419701715, 35.388280486078827 ] ] ] } },
{ "type": "Feature", "properties": { "drag_region": "Piedmont", "NAME": "Gaston" }, "geometry": { "type": "Polygon", "coordinates": [ [ [ -82.636368177409665, 35.375746226277208 ], [ -82.581599365630225, 35.309286186115955 ], [ -82.538239422617551, 35.287377583416507 ], [ -82.533880766216157, 35.234166398546677 ], [ -82.501354904137898, 35.217304829402799 ], [ -82.507138706559829, 35.121047608277955 ], [ -82.220003813182601, 35.109237563879489 ], [ -82.187809538296534, 35.115563671166221 ], [ -82.196633433162418, 35.229724850126196 ], [ -82.165374574529977, 35.300468350972722 ], [ -82.104685693423718, 35.320818853165157 ], [ -82.169536363718848, 35.339941995087202 ], [ -82.137555509908609, 35.360871127212903 ], [ -82.636368177409665, 35.375746226277208 ] ] ] } },
{ "type": "Feature", "properties": { "drag_region": "CoastalPlain", "NAME": "Tyrrell" }, "geometry": { "type": "Polygon", "coordinates": [ [ [ -75.155300359368155, 35.964201261736193 ], [ -75.170102556560167, 35.934320187861104 ], [ -75.14581969051585, 35.880875951415753 ], [ -75.200739616287336, 35.806782644929164 ], [ -75.202096213898045, 35.717560188302436 ], [ -75.065958490744123, 35.709322440827208 ], [ -75.092288755333584, 35.6280766040394 ], [ -75.013569778548302, 35.616987971968527 ], [ -74.973277340829441, 35.673209712959412 ], [ -74.965457025575375, 35.716030373348119 ], [ -74.940296432152067, 35.720066394138001 ], [ -74.887015457929763, 35.686925639825262 ], [ -74.840476042374505, 35.682166469299773 ], [ -74.84550725887496, 35.822923699008903 ], [ -74.855541530600263, 35.870213601940222 ], [ -74.804328010352066, 35.93661581573916 ], [ -74.803761648557497, 35.97350244303054 ], [ -74.853409451555152, 36.009183477076185 ], [ -74.968116955082422, 36.011207162012575 ], [ -75.06164791381201, 35.991565231207971 ], [ -75.108651744824641, 35.966301872115309 ], [ -75.155300359368155, 35.964201261736193 ] ] ] } },
{ "type": "Feature", "properties": { "drag_region": "Piedmont", "NAME": "Davie" }, "geometry": { "type": "Polygon", "coordinates": [ [ [ -81.563782784090293, 36.096174659085214 ], [ -81.488105427115812, 36.089841858250466 ], [ -81.364928548841561, 36.019416528475475 ], [ -81.325260741281639, 36.013684801433868 ], [ -81.314182798647636, 35.987991238112357 ], [ -81.303631170433491, 36.011261148977951 ], [ -81.343956522405918, 36.077982271694175 ], [ -81.286314106211094, 36.074955863819795 ], [ -81.279354398565943, 36.097341399168243 ], [ -81.239777874690489, 36.100200053406539 ], [ -81.272459912029845, 36.125740084419874 ], [ -81.225710211122092, 36.131227197744273 ], [ -81.233739120309707, 36.207628757671692 ], [ -81.251862628882051, 36.218667668934984 ], [ -81.27392293568866, 36.260605305654963 ], [ -81.321243544334905, 36.307516465107383 ], [ -81.353478437111093, 36.291822688190372 ], [ -81.551541391371615, 36.294700246119547 ], [ -81.563782784090293, 36.096174659085214 ] ] ] } },
{ "type": "Feature", "properties": { "drag_region": "Mountains", "NAME": "Avery" }, "geometry": { "type": "Polygon", "coordinates": [ [ [ -82.507249389558638, 36.423452513666838 ], [ -82.603340813052782, 36.288134827087347 ], [ -82.657095107451653, 36.262965764254218 ], [ -82.613223507566431, 36.165261057888223 ], [ -82.634647290831907, 36.144543483541646 ], [ -82.609148887616101, 36.100002629263287 ], [ -82.554984698426324, 36.069342378872399 ], [ -82.515787924850585, 36.118490226897421 ], [ -82.472926205344194, 36.158207827350964 ], [ -82.443988571316581, 36.135156020227015 ], [ -82.37915397068592, 36.120866266859693 ], [ -82.308007482987833, 36.226859701334632 ], [ -82.383846976908416, 36.270300021218652 ], [ -82.405847837767325, 36.327742884091407 ], [ -82.431204302214496, 36.35252945216773 ], [ -82.459940702534112, 36.3480955895077 ], [ -82.48530998220393, 36.374599690567301 ], [ -82.47134030203047, 36.430498284271238 ], [ -82.493031398104606, 36.445853824616549 ], [ -82.507249389558638, 36.423452513666838 ] ] ] } },
{ "type": "Feature", "properties": { "drag_region": "CoastalPlain", "NAME": "Pender" }, "geometry": { "type": "Polygon", "coordinates": [ [ [ -77.548562306766769, 34.246240242064125 ], [ -77.566560158594569, 34.230884058104188 ], [ -77.548931757110836, 34.20072994729604 ], [ -77.470641490186324, 34.157356298153637 ], [ -77.549813590418381, 34.091677010644723 ], [ -77.496562351076577, 34.045867966761605 ], [ -77.457215422927447, 34.04908372775634 ], [ -77.432076942896089, 34.063541850150209 ], [ -77.375141094726828, 34.031453169092103 ], [ -77.325168325346709, 34.022588690552212 ], [ -77.289383444006091, 34.027542270766403 ], [ -77.281952807309224, 34.062707264431133 ], [ -77.256843125775859, 34.07373078683699 ], [ -77.224846423288611, 34.052086183955943 ], [ -77.117399364771828, 34.078968263513595 ], [ -77.106923848297484, 34.047998277741442 ], [ -77.035960033632165, 33.98234797193431 ], [ -77.007332590512803, 33.986483337293983 ], [ -76.877845709025706, 34.088806360001769 ], [ -76.81319246073646, 34.128805337800351 ], [ -76.873661429037625, 34.165201895536406 ], [ -76.908580961331012, 34.267573357867995 ], [ -76.975340557558539, 34.409621355918581 ], [ -77.282742726108822, 34.407046231968287 ], [ -77.304054529399906, 34.423480865441817 ], [ -77.404223536650576, 34.412879931564923 ], [ -77.447458624117886, 34.371045940584501 ], [ -77.548562306766769, 34.246240242064125 ] ] ] } },
{ "type": "Feature", "properties": { "drag_region": "Piedmont", "NAME": "Catawba" }, "geometry": { "type": "Polygon", "coordinates": [ [ [ -82.557617843403861, 35.895822684417546 ], [ -82.624550123486813, 35.804972861385423 ], [ -82.698980876153755, 35.734664558269948 ], [ -82.727142022961914, 35.694877196405635 ], [ -82.14817508411808, 35.679132311644864 ], [ -82.116948440585389, 35.755032491342654 ], [ -82.197334824910868, 35.841852789438079 ], [ -82.254857986105208, 35.842141006724674 ], [ -82.258864001100093, 35.869588240566685 ], [ -82.302562978175132, 35.906948492934319 ], [ -82.335686575881653, 35.958156393925861 ], [ -82.5292920442472, 35.924448626778762 ], [ -82.557617843403861, 35.895822684417546 ] ] ] } },
{ "type": "Feature", "properties": { "drag_region": "Piedmont", "NAME": "Mecklenburg" }, "geometry": { "type": "Polygon", "coordinates": [ [ [ -82.041437928646488, 35.103146869458847 ], [ -82.033708998973495, 35.057682819180485 ], [ -82.058313836099302, 35.016247512789981 ], [ -82.040161048259208, 34.998357672743794 ], [ -81.933321546010816, 35.061946386232563 ], [ -81.904250086141616, 35.031260685665252 ], [ -81.838777780664287, 34.957062795604017 ], [ -81.767466136452271, 34.992870794931768 ], [ -81.550749651415671, 35.166475082731225 ], [ -81.669853849423689, 35.224766716970699 ], [ -81.695937078605752, 35.303585691678435 ], [ -81.768356944307158, 35.357964981653247 ], [ -81.754157901478223, 35.370109842932642 ], [ -81.787581422153679, 35.461751590481164 ], [ -81.91323963145463, 35.470154780594697 ], [ -81.952395204555387, 35.445775851095952 ], [ -81.944773739050675, 35.409759891781398 ], [ -81.958439812091328, 35.354668328789259 ], [ -81.990465664198936, 35.333785835224326 ], [ -81.925659791664302, 35.314565830795125 ], [ -81.986391128756381, 35.294304495407864 ], [ -82.017804490230176, 35.223604492178637 ], [ -82.009230982438709, 35.109425751389665 ], [ -82.041437928646488, 35.103146869458847 ] ] ] } },
{ "type": "Feature", "properties": { "drag_region": "CoastalPlain", "NAME": "Nash" }, "geometry": { "type": "Polygon", "coordinates": [ [ [ -77.553076380244079, 35.867984584457517 ], [ -77.546285471093853, 35.824150919831084 ], [ -77.48923611322148, 35.780021979814812 ], [ -77.229892532181822, 35.878101927193562 ], [ -77.172290752364802, 35.896652739502642 ], [ -77.140091752935874, 35.884441685579866 ], [ -77.125465754422208, 35.914408159015608 ], [ -77.066757662377157, 36.05659640099524 ], [ -77.001195768261169, 36.161820332257442 ], [ -76.993675365880904, 36.199555653272363 ], [ -77.043897020765499, 36.203288696617228 ], [ -77.101500189420619, 36.184740750436248 ], [ -77.180416494315963, 36.191220064238252 ], [ -77.212381252102929, 36.229191050242569 ], [ -77.262519725634021, 36.242369098338337 ], [ -77.269877914605246, 36.222663453222864 ], [ -77.301936267910634, 36.250331493219669 ], [ -77.553076380244079, 35.867984584457517 ] ] ] } },
{ "type": "Feature", "properties": { "drag_region": "Mountains", "NAME": "Madison" }, "geometry": { "type": "Polygon", "coordinates": [ [ [ -83.722137768779433, 36.01069016240595 ], [ -83.736312103537102, 35.99255837432522 ], [ -83.724974462860956, 35.938535261927917 ], [ -83.77115296111478, 35.890126726349557 ], [ -83.785176343105718, 35.857397755258106 ], [ -83.770260733191364, 35.804258261649537 ], [ -83.741597199797027, 35.810466726221321 ], [ -83.723029878884731, 35.751340574236821 ], [ -83.705005036890142, 35.744594381890671 ], [ -83.672927712381025, 35.768001224920965 ], [ -83.629677980662365, 35.752840669744387 ], [ -83.533212778363804, 35.800736064460111 ], [ -83.486583743342379, 35.806209332719938 ], [ -83.336427939370466, 35.871651945759957 ], [ -83.232444729443202, 35.887826281690302 ], [ -83.240056039195281, 35.928997308972953 ], [ -83.279980020552898, 35.969086571542654 ], [ -83.319581437469253, 35.978260334573733 ], [ -83.305620763044189, 36.017003215645403 ], [ -83.331064549074426, 36.046027017401443 ], [ -83.384688472186014, 36.022468759702839 ], [ -83.438734372506303, 36.039271254420569 ], [ -83.428682290922708, 36.108044390491159 ], [ -83.457681726986436, 36.13360737575028 ], [ -83.575552083972767, 36.072676373093941 ], [ -83.646487939166306, 35.98802645917209 ], [ -83.675493261388112, 36.014447656509525 ], [ -83.722137768779433, 36.01069016240595 ] ] ] } },
{ "type": "Feature", "properties": { "drag_region": "Piedmont", "NAME": "Stanly" }, "geometry": { "type": "Polygon", "coordinates": [ [ [ -81.042049286502206, 35.515456991598583 ], [ -81.250926677069856, 35.196296576799988 ], [ -81.211266977284879, 35.177640108113486 ], [ -81.099966857706278, 35.176605728196932 ], [ -81.021271139597388, 35.208017812265915 ], [ -80.999872688424603, 35.223613726124917 ], [ -80.970651483749194, 35.168808842665754 ], [ -80.916723333668926, 35.160548652331904 ], [ -80.856115507763946, 35.207314873597355 ], [ -80.819752726767433, 35.156848317068047 ], [ -80.798478180309289, 35.18619026231228 ], [ -80.842312690335447, 35.268399457859381 ], [ -80.828566723084194, 35.335498023232539 ], [ -80.796713939320981, 35.385525564756605 ], [ -80.840072170361509, 35.415328180380051 ], [ -80.854963935418482, 35.472799209519899 ], [ -80.908957725799425, 35.487929697486962 ], [ -80.930768327514244, 35.517005456107476 ], [ -81.042049286502206, 35.515456991598583 ] ] ] } },
{ "type": "Feature", "properties": { "drag_region": "CoastalPlain", "NAME": "Dare" }, "geometry": { "type": "MultiPolygon", "coordinates": [ [ [ [ -74.363257709077558, 35.936749856960532 ], [ -74.300034478686854, 35.862262205740215 ], [ -74.307864487200291, 35.823753586534131 ], [ -74.254251918851949, 35.815422918963968 ], [ -74.257141726748216, 35.855768724262326 ], [ -74.299043646942465, 35.919718928125789 ], [ -74.363257709077558, 35.936749856960532 ] ] ], [ [ [ -74.404398585230368, 35.202130200668321 ], [ -74.401058325448787, 35.187511150913785 ], [ -74.26061700184809, 35.227961990791471 ], [ -74.174512260519592, 35.233855811579055 ], [ -74.116650323719668, 35.478500528708274 ], [ -74.103925566692112, 35.595000720953749 ], [ -74.120452021702732, 35.676668038775126 ], [ -74.15830824545607, 35.768013742226287 ], [ -74.16902736276873, 35.769851180754415 ], [ -74.149070496812357, 35.679566239767048 ], [ -74.121795669252592, 35.597776390967901 ], [ -74.122581906784447, 35.551470459975953 ], [ -74.165638431199284, 35.335820547594416 ], [ -74.184615944430135, 35.272565350900074 ], [ -74.23133721171321, 35.26451399695884 ], [ -74.289166553372098, 35.235144534366981 ], [ -74.332191949736256, 35.233912699398452 ], [ -74.404398585230368, 35.202130200668321 ] ] ], [ [ [ -74.426277278498787, 36.228252989330805 ], [ -74.391751008502666, 36.153230398952623 ], [ -74.362099695448919, 36.003641001494827 ], [ -74.315682967133299, 35.993674465977655 ], [ -74.266707647488815, 35.924495801403893 ], [ -74.204370633070297, 35.798557926220596 ], [ -74.172330789855351, 35.786185080925073 ], [ -74.29372362341185, 36.020012857587083 ], [ -74.37380523930068, 36.154739731018175 ], [ -74.40470283324079, 36.232293510723977 ], [ -74.426277278498787, 36.228252989330805 ] ] ], [ [ [ -74.512627119875418, 35.58591048469296 ], [ -74.480580986875609, 35.573538520290121 ], [ -74.419519826173186, 35.581424107252097 ], [ -74.37215100942629, 35.627205252206437 ], [ -74.385694467011348, 35.673677187113512 ], [ -74.35666330508748, 35.694790907892965 ], [ -74.380306979950618, 35.779118785895761 ], [ -74.365208760143119, 35.823549576873688 ], [ -74.389331460529903, 35.879578434382594 ], [ -74.445270778167, 35.960847033555751 ], [ -74.53454208356905, 35.979881579028756 ], [ -74.585007016027149, 35.963302983041046 ], [ -74.563995735479267, 35.934755448527689 ], [ -74.614756669543496, 35.90102338920363 ], [ -74.627719594170301, 35.772500429539811 ], [ -74.654505776414496, 35.673299437008325 ], [ -74.54341765437151, 35.672037670402133 ], [ -74.512627119875418, 35.58591048469296 ] ] ] ] } },
{ "type": "Feature", "properties": { "drag_region": "CoastalPlain", "NAME": "Wilson" }, "geometry": { "type": "Polygon", "coordinates": [ [ [ -77.107565996243892, 35.841662950910951 ], [ -77.122182587259957, 35.811697972409398 ], [ -77.154349934715498, 35.823911974058511 ], [ -77.211900823018908, 35.805366670201224 ], [ -77.471018536846373, 35.707312369078451 ], [ -77.442635331185826, 35.672795085215341 ], [ -77.40402264922426, 35.578967994996574 ], [ -77.346793296801437, 35.561453205021557 ], [ -77.339513148591905, 35.573431227388518 ], [ -77.278652218337683, 35.561047016529379 ], [ -77.102924668458954, 35.559999671010651 ], [ -77.088602848815853, 35.557338397820125 ], [ -76.980396662382219, 35.626242568417879 ], [ -76.944335767569783, 35.648351595343762 ], [ -76.99764178582744, 35.702763671917197 ], [ -77.029027373965008, 35.801694462527635 ], [ -77.107565996243892, 35.841662950910951 ] ] ] } },
{ "type": "Feature", "properties": { "drag_region": "CoastalPlain", "NAME": "Duplin" }, "geometry": { "type": "Polygon", "coordinates": [ [ [ -77.452391801815736, 35.003043629585804 ], [ -77.463945361917169, 34.906935130534364 ], [ -77.449743946234534, 34.893114362650515 ], [ -77.440494034443347, 34.716168859014466 ], [ -77.491946756398974, 34.555884706484633 ], [ -77.427779464947321, 34.523747864783608 ], [ -77.406209994655939, 34.534788346431775 ], [ -77.305893448371407, 34.545381437788315 ], [ -77.284552403872155, 34.52894535639836 ], [ -76.976700911187322, 34.531494261897002 ], [ -76.972588982005064, 34.595869008105588 ], [ -76.942806942618134, 34.733940848258307 ], [ -76.96743709285856, 34.784740727805087 ], [ -77.024414534552108, 34.819411224939337 ], [ -77.03861564559999, 34.833230627414231 ], [ -77.041465352286679, 34.919970676869568 ], [ -77.059049170068405, 34.956993366750332 ], [ -77.126783257759413, 34.989151806232748 ], [ -77.184311037283734, 34.958569617700725 ], [ -77.219877485158392, 34.985392448149398 ], [ -77.262886121112416, 34.978769859234326 ], [ -77.273478217569064, 34.996004288827258 ], [ -77.334252542068015, 35.004940311379436 ], [ -77.366611850503929, 34.987952467870137 ], [ -77.452391801815736, 35.003043629585804 ] ] ] } },
{ "type": "Feature", "properties": { "drag_region": "CoastalPlain", "NAME": "Martin" }, "geometry": { "type": "Polygon", "coordinates": [ [ [ -76.481855542669422, 36.023476833445194 ], [ -76.425619542330693, 35.923463662680284 ], [ -76.433789750814967, 35.837681948758046 ], [ -76.337312700462903, 35.804321131000087 ], [ -76.341147732341454, 35.782889796524351 ], [ -76.301748734785988, 35.777437231845191 ], [ -76.259020484098698, 35.749640385870862 ], [ -76.248180126608631, 35.756424665730876 ], [ -76.069760331264675, 35.674369324077304 ], [ -75.932760561550793, 35.734265466565994 ], [ -75.900143580625738, 35.7631998868575 ], [ -75.885152188938505, 35.818878273996376 ], [ -75.841415960152787, 35.878627252246233 ], [ -75.916527183668293, 35.897230213366605 ], [ -75.913279146736741, 35.86802086385272 ], [ -75.953170899005684, 35.830559111590745 ], [ -75.985372410806931, 35.83767330972664 ], [ -75.977761103870918, 35.875383314846502 ], [ -76.023941146018842, 35.914365360666402 ], [ -76.085376334201911, 35.87535190083274 ], [ -76.124822457933433, 35.876513405012261 ], [ -76.106529087555217, 35.907275032059857 ], [ -76.127441564140085, 35.959798133187348 ], [ -76.177848973874077, 35.943876511082458 ], [ -76.281693352895971, 35.960127289063827 ], [ -76.270561889785739, 35.991803174606069 ], [ -76.295220567046798, 36.030622293133781 ], [ -76.395189144455017, 36.071739896504617 ], [ -76.40574968256675, 36.088990273409301 ], [ -76.481855542669422, 36.023476833445194 ] ] ] } },
{ "type": "Feature", "properties": { "drag_region": "CoastalPlain", "NAME": "Wake" }, "geometry": { "type": "Polygon", "coordinates": [ [ [ -78.373452900821889, 35.886189519004006 ], [ -78.464899518695063, 35.628937369117494 ], [ -78.38611404086484, 35.601965086993545 ], [ -78.178372640147188, 35.536635798540637 ], [ -77.940295211963303, 35.717654902720838 ], [ -77.724185819540168, 35.833494038649057 ], [ -77.773904445320539, 35.911865497483106 ], [ -77.820460808450335, 35.926672252044007 ], [ -77.820327883403621, 35.946424137696205 ], [ -77.863353445226807, 35.952627328940466 ], [ -77.895398463661806, 35.990557655605755 ], [ -78.013513261428344, 36.038319128822515 ], [ -78.149539816592409, 36.091314702976298 ], [ -78.21775486327752, 36.088183940137398 ], [ -78.207307432781235, 36.040901146332097 ], [ -78.167909252537683, 36.028701740047552 ], [ -78.182607358622533, 35.978095916754505 ], [ -78.22954836055591, 35.936221761202496 ], [ -78.27255948992476, 35.945001539501057 ], [ -78.298087068758534, 35.884995848398887 ], [ -78.373452900821889, 35.886189519004006 ] ] ] } },
{ "type": "Feature", "properties": { "drag_region": "Piedmont", "NAME": "Lee" }, "geometry": { "type": "Polygon", "coordinates": [ [ [ -79.619495363250721, 35.581308617454667 ], [ -79.605060293401323, 35.561580634636613 ], [ -79.63011341157862, 35.533174173887737 ], [ -79.597628633044621, 35.486853087939835 ], [ -79.55803567867946, 35.463743920347902 ], [ -79.532708044110663, 35.40881544583155 ], [ -79.449958258254568, 35.37119553113051 ], [ -79.238707859330034, 35.58644465808468 ], [ -79.285484430233851, 35.608679225783568 ], [ -79.321580262280094, 35.660147933053075 ], [ -79.386353674081519, 35.692651968724235 ], [ -79.418654654186625, 35.683130032538379 ], [ -79.46874965713674, 35.622879957465337 ], [ -79.511893312597437, 35.633094158669863 ], [ -79.544099983453393, 35.59522128061262 ], [ -79.554957025109246, 35.619252870175849 ], [ -79.619495363250721, 35.581308617454667 ] ] ] } },
{ "type": "Feature", "properties": { "drag_region": "CoastalPlain", "NAME": "Bertie" }, "geometry": { "type": "Polygon", "coordinates": [ [ [ -76.35765040113462, 36.155780305104017 ], [ -76.347093533858683, 36.138525915786296 ], [ -76.247073613842232, 36.09736389987124 ], [ -76.222422629147729, 36.058535333003462 ], [ -76.233585400698601, 36.026866327263519 ], [ -76.129669480288882, 36.010567886095409 ], [ -76.079210516033271, 36.026465005195199 ], [ -76.058318679330966, 35.973934953891565 ], [ -76.076648429722383, 35.943183590663629 ], [ -76.037171751149458, 35.942003639776061 ], [ -75.975659957335978, 35.980986044904284 ], [ -75.92947101194865, 35.941984392375169 ], [ -75.937115212992381, 35.904280082192798 ], [ -75.904893256262923, 35.897151094049129 ], [ -75.86494317676069, 35.934591889027978 ], [ -75.868172901592075, 35.963801127964913 ], [ -75.793015478722111, 35.945163621853325 ], [ -75.723829872804259, 36.02442113624128 ], [ -75.715959376765639, 36.08014617290354 ], [ -75.754621323879235, 36.146551946877146 ], [ -75.782330373672011, 36.227460145680865 ], [ -75.774334517929603, 36.29262608589535 ], [ -75.748820267792595, 36.323315375481407 ], [ -76.000157331927284, 36.320232296376979 ], [ -76.236991549084252, 36.329903849327408 ], [ -76.258897477834424, 36.300898554827121 ], [ -76.327226648085116, 36.292017029579021 ], [ -76.320540389530066, 36.252475790113301 ], [ -76.295517234298686, 36.243686678630191 ], [ -76.281724787588146, 36.198078815534238 ], [ -76.260291696740452, 36.189319403553178 ], [ -76.343065765734949, 36.173687447625703 ], [ -76.35765040113462, 36.155780305104017 ] ] ] } },
{ "type": "Feature", "properties": { "drag_region": "Piedmont", "NAME": "Rowan" }, "geometry": { "type": "Polygon", "coordinates": [ [ [ -81.55364378798717, 35.992770436089629 ], [ -81.61644388052207, 35.811928699071473 ], [ -81.578735375257622, 35.645537924164451 ], [ -81.136460227021018, 35.646047405287092 ], [ -81.02500034630863, 35.647683080113175 ], [ -81.050971923986268, 35.72396428654455 ], [ -81.174258775510665, 35.82104177708262 ], [ -81.178299221713218, 35.863109720591524 ], [ -81.217815696020452, 35.859396355039372 ], [ -81.304384230516462, 35.88456208941097 ], [ -81.315444323901616, 35.910257088425631 ], [ -81.355059689531345, 35.915992449076754 ], [ -81.47806615158251, 35.986430340721597 ], [ -81.55364378798717, 35.992770436089629 ] ] ] } },
{ "type": "Feature", "properties": { "drag_region": "Piedmont", "NAME": "Alamance" }, "geometry": { "type": "Polygon", "coordinates": [ [ [ -79.934514105085483, 36.210304379840487 ], [ -79.934238216771234, 36.153604111307772 ], [ -79.627920852600212, 36.155437679900658 ], [ -79.642493630312899, 36.188038388285335 ], [ -79.657087550692708, 36.224934568251506 ], [ -79.651488351488339, 36.554857186476895 ], [ -79.925421189808986, 36.559990737127258 ], [ -79.928982531309245, 36.551388161853126 ], [ -79.934514105085483, 36.210304379840487 ] ] ] } },
{ "type": "Feature", "properties": { "drag_region": "Piedmont", "NAME": "Montgomery" }, "geometry": { "type": "Polygon", "coordinates": [ [ [ -80.796213522383624, 35.524769530751485 ], [ -80.774449436593528, 35.495669626510164 ], [ -80.720476027704066, 35.480479052741323 ], [ -80.705678563291485, 35.422991905861842 ], [ -80.662366052659394, 35.393141307181779 ], [ -80.694304474804454, 35.343149635975657 ], [ -80.708162487168167, 35.276066902118828 ], [ -80.664459518079838, 35.193809865979873 ], [ -80.685784048287758, 35.164491735002748 ], [ -80.631882311467791, 35.158748986016143 ], [ -80.592547250539909, 35.180425631177641 ], [ -80.509990721010624, 35.184277837488132 ], [ -80.459883164543356, 35.206009151321609 ], [ -80.359268593149793, 35.196205754519852 ], [ -80.283877057257868, 35.19830364588136 ], [ -80.222751225741916, 35.187441891743646 ], [ -80.26603263901697, 35.212999600782247 ], [ -80.284404334925156, 35.268753912687707 ], [ -80.316855979615724, 35.286633012086696 ], [ -80.32073062160913, 35.324417300775778 ], [ -80.375907721110963, 35.498550624273079 ], [ -80.379772289180323, 35.534616243905774 ], [ -80.68133327854315, 35.527071140166683 ], [ -80.796213522383624, 35.524769530751485 ] ] ] } },
{ "type": "Feature", "properties": { "drag_region": "Piedmont", "NAME": "Union" }, "geometry": { "type": "Polygon", "coordinates": [ [ [ -81.710147963093931, 34.836622685394225 ], [ -81.652151984364011, 34.771747654818931 ], [ -81.665265590037663, 34.655678195196714 ], [ -81.188779178611483, 34.65306587301005 ], [ -81.14982351764705, 35.034811043691434 ], [ -81.228303542977599, 35.00331525024329 ], [ -81.339369264627223, 35.004232954438976 ], [ -81.378973580765546, 35.022848362443021 ], [ -81.42220536768744, 35.045733025700407 ], [ -81.638882333634371, 34.872355333302572 ], [ -81.710147963093931, 34.836622685394225 ] ] ] } },
{ "type": "Feature", "properties": { "drag_region": "CoastalPlain", "NAME": "Camden" }, "geometry": { "type": "Polygon", "coordinates": [ [ [ -75.07070273801925, 36.746122432941767 ], [ -75.297100065407847, 36.748540631699619 ], [ -75.194238514247189, 36.665071599708547 ], [ -75.083670254994246, 36.61327021910423 ], [ -75.05183563633355, 36.582043088458228 ], [ -74.998174325504948, 36.566885761296774 ], [ -74.973750741913548, 36.522010693641292 ], [ -74.941481754632235, 36.517377444751439 ], [ -74.977792046265492, 36.49459834009059 ], [ -74.945564965357917, 36.487391837084118 ], [ -74.891751465326493, 36.481671736813297 ], [ -74.778421702823096, 36.379229417993315 ], [ -74.667391204038751, 36.356602288411345 ], [ -74.717147322530082, 36.39058961510537 ], [ -74.719804788588746, 36.448098819931474 ], [ -74.708550464595959, 36.477148491421332 ], [ -74.754866073393544, 36.501663644083237 ], [ -74.775848814597623, 36.537062560179159 ], [ -74.811526195531968, 36.552885743963579 ], [ -74.87263663737879, 36.551821016032804 ], [ -74.915094089392284, 36.592597806895675 ], [ -74.918251027398782, 36.619228523998828 ], [ -75.07070273801925, 36.746122432941767 ] ] ] } },
{ "type": "Feature", "properties": { "drag_region": "CoastalPlain", "NAME": "Beaufort" }, "geometry": { "type": "Polygon", "coordinates": [ [ [ -76.194232488155492, 35.663252389516423 ], [ -76.216127875526865, 35.63081191847359 ], [ -76.187652398356235, 35.615129963826512 ], [ -76.191788461154374, 35.569669700906921 ], [ -76.106838779473534, 35.483145130630831 ], [ -76.149823083977836, 35.484351216876107 ], [ -76.196816160455342, 35.450396484840709 ], [ -76.197571500018768, 35.387741373895551 ], [ -76.212367907813814, 35.349233951634311 ], [ -75.984461356234533, 35.230663009042637 ], [ -75.870826543406608, 35.144776840541432 ], [ -75.659232185401407, 35.161963068355597 ], [ -75.637216907668787, 35.205558577730713 ], [ -75.632938386101685, 35.263886888962496 ], [ -75.690154507834762, 35.272929547864805 ], [ -75.914806900968202, 35.362285032428453 ], [ -75.989992377927635, 35.367182862652662 ], [ -76.050269646675531, 35.420028153990351 ], [ -76.046386689714822, 35.444888870441154 ], [ -75.964479604350061, 35.403027117987044 ], [ -75.853726655717438, 35.376384027229619 ], [ -75.782425638547707, 35.346626953954534 ], [ -75.732167512846672, 35.354805062984589 ], [ -75.628760661132944, 35.313633224589466 ], [ -75.603684120591794, 35.313431476273408 ], [ -75.624292843402699, 35.387408878173041 ], [ -75.655945546544444, 35.436586014317541 ], [ -75.623362741151922, 35.464646165714328 ], [ -75.580488653298218, 35.454859007168785 ], [ -75.505147227521675, 35.463691689571341 ], [ -75.490611273504399, 35.480739418780054 ], [ -75.526122544877893, 35.506774009869595 ], [ -75.561924407333095, 35.50877989506742 ], [ -75.622189892256259, 35.561621937077824 ], [ -75.621773371496531, 35.595949661340285 ], [ -75.657169175927834, 35.631426068932711 ], [ -75.864942453982223, 35.6339697254055 ], [ -75.868357808603491, 35.64773055896849 ], [ -76.005240613505961, 35.5878994537333 ], [ -76.183399890967209, 35.670031351723253 ], [ -76.194232488155492, 35.663252389516423 ] ] ] } }
]
}
