{
"type": "FeatureCollection",
"name": "tmpnt_kbaqc",
"crs": { "type": "name", "properties": { "name": "urn:ogc:def:crs:EPSG::32610" } },
"features": [
{ "type": "Feature", "properties": { "drag_region": "CentralValley", "NAME": "San Benito" }, "geometry": { "type": "Polygon", "coordinates": [ [ [ 383550.880487313319463, 4067321.088021489325911 ], [ 385546.905415439803619, 4062011.566209194716066 ], [ 387801.125845765753184, 4061091.144366422668099 ], [ 394636.073671595018823, 4053854.100919146556407 ], [ 398495.397688968048897, 4052961.330915225669742 ], [ 400808.916824335057754, 4048613.296385160647333 ], [ 397942.056843183527235, 4047423.555949061643332 ], [ 399593.777096506848466, 4044399.339463201817125 ], [ 408949.61610835097963, 4041312.708693214692175 ], [ 412888.001212673436385, 4036328.122040576767176 ], [ 412353.762244357203599, 4030122.19301511766389 ], [ 415295.728315977903549, 4027313.863727757241577 ], [ 413740.692171397677157, 4024331.163028087932616 ], [ 420163.205552376748528, 4024827.415511388331652 ], [ 421185.372587709745858, 4021700.068778074346483 ], [ 435287.115646292164456, 4008241.218466732650995 ], [ 438606.646682237449568, 4003445.430463961791247 ], [ 439008.212421839067247, 3999544.509516122285277 ], [ 441282.822140023403335, 3998732.843339078593999 ], [ 443480.565603452560026, 4001638.631209348328412 ], [ 446422.067898712761234, 3999793.388101310934871 ], [ 448921.80320310901152, 4003565.215856052003801 ], [ 454440.773174196539912, 4001873.636124729644507 ], [ 464018.610625181288924, 3992172.955726269166917 ], [ 468857.445184529700782, 3992381.442076114006341 ], [ 467743.268403859634418, 3998553.673304567113519 ], [ 465032.231069999106694, 4004116.46334263542667 ], [ 471270.283726417168509, 3999495.831068148836493 ], [ 472753.568319682206493, 4004872.073343303520232 ], [ 478519.097419816476759, 4006444.10767839755863 ], [ 477434.04472399369115, 4024156.43771106004715 ], [ 447220.453278416825924, 4052730.849485922604799 ], [ 428452.839986316335853, 4061689.928186996374279 ], [ 427429.842933976149652, 4064911.831597317475826 ], [ 423167.666093406674918, 4070264.969503473956138 ], [ 419945.336372892430518, 4071539.490639280062169 ], [ 421472.527697110606823, 4075381.663881522137672 ], [ 403576.997505876410287, 4075065.438387621194124 ], [ 400331.880328062514309, 4078062.788189875427634 ], [ 397146.543360942101572, 4077439.64247325854376 ], [ 390901.244044771126937, 4067810.083646164741367 ], [ 388979.504424395447131, 4067971.963159427978098 ], [ 384801.435652835003566, 4069340.76666401186958 ], [ 383550.880487313319463, 4067321.088021489325911 ] ] ] } },
{ "type": "Feature", "properties": { "drag_region": "NorCal", "NAME": "Shasta" }, "geometry": { "type": "Polygon", "coordinates": [ [ [ 451177.35301782854367, 4710214.15225731767714 ], [ 455408.170989550999366, 4707664.792490624822676 ], [ 454246.052005119505338, 4700790.856904609128833 ], [ 450032.548623290844262, 4699621.618106513284147 ], [ 448866.551479848800227, 4692271.850837726145983 ], [ 442554.154600199311972, 4686804.442807861603796 ], [ 442293.059598620864563, 4677743.591196914203465 ], [ 437179.733651387970895, 4670665.43326314445585 ], [ 437802.845097250305116, 4666090.444727534428239 ], [ 432670.041960369097069, 4661208.860597512684762 ], [ 433888.599115907447413, 4659305.6344607565552 ], [ 429959.879224597709253, 4655097.678209242410958 ], [ 433621.116392165306024, 4648529.104311321862042 ], [ 434553.018489074311219, 4642333.941749544814229 ], [ 428785.393601990654133, 4640504.64414441678673 ], [ 426061.29521099163685, 4635730.098096515983343 ], [ 422413.538344367407262, 4635055.184076033532619 ], [ 417555.326945884386078, 4628468.55381482001394 ], [ 409641.86250056384597, 4625317.036394098773599 ], [ 407204.478060188819654, 4619691.365010628476739 ], [ 403240.194325685617514, 4616069.959184435196221 ], [ 403541.175204040599056, 4610729.997430589981377 ], [ 410252.7828184585087, 4613493.30618588346988 ], [ 414522.522257645381615, 4613495.209005271084607 ], [ 416047.962518700049259, 4612924.361583630554378 ], [ 419701.524583359132521, 4617505.590579495765269 ], [ 421226.548334730439819, 4616935.790502550080419 ], [ 430060.30942327703815, 4619339.158624424599111 ], [ 438304.048658185754903, 4615361.86303820554167 ], [ 449548.648150331457146, 4622279.698614289984107 ], [ 454737.250419379328378, 4620688.42304227873683 ], [ 464491.104761636815965, 4620277.334880536422133 ], [ 482440.605820206576027, 4623387.651078287512064 ], [ 486079.157117612776347, 4625045.358069790527225 ], [ 493066.368779550306499, 4626646.306717300787568 ], [ 498866.242525386973284, 4625473.769182025454938 ], [ 506439.72526940330863, 4628620.296163412742317 ], [ 516494.635076298378408, 4628090.171011795289814 ], [ 520425.307347035384737, 4629959.803460838273168 ], [ 523803.951440087636001, 4628007.830381547100842 ], [ 536571.081776479259133, 4629358.961059036664665 ], [ 550877.897423860733397, 4629616.302531827241182 ], [ 550509.684653057949618, 4680743.307699464261532 ], [ 549602.744820746593177, 4680725.947399390861392 ], [ 549011.522347646183334, 4711625.882454186677933 ], [ 539379.956764890230261, 4711352.0425726454705 ], [ 451177.35301782854367, 4710214.15225731767714 ] ] ] } },
{ "type": "Feature", "properties": { "drag_region": "Central", "NAME": "Sierra" }, "geometry": { "type": "Polygon", "coordinates": [ [ [ 610311.552069272031076, 4552641.098757713101804 ], [ 608968.370159908779897, 4543644.052818561904132 ], [ 606244.424391839886084, 4541199.870402626693249 ], [ 608460.007000209880061, 4538672.320107911713421 ], [ 609684.920444508315995, 4525057.659873940050602 ], [ 611795.855026552104391, 4527489.099618822336197 ], [ 621948.950014176080003, 4529629.230523808859289 ], [ 623791.352637183968909, 4530149.816248591989279 ], [ 628725.05313312925864, 4530650.277017603628337 ], [ 633600.975331303314306, 4533442.358464436605573 ], [ 638997.453071858501062, 4539876.99745871219784 ], [ 646696.448347089462914, 4540652.051125300116837 ], [ 649501.917427138541825, 4539678.07533763628453 ], [ 651507.563825214747339, 4534102.59105858579278 ], [ 654339.835392603417858, 4532272.046705927699804 ], [ 697281.624585861805826, 4533485.961023651994765 ], [ 696253.976542018004693, 4564288.894304660148919 ], [ 695074.004577619605698, 4562721.948362962342799 ], [ 684001.03379039245192, 4562170.406942236237228 ], [ 641842.59499406919349, 4560848.328573045320809 ], [ 638231.134429765399545, 4557605.144393028691411 ], [ 631959.220615183352493, 4562025.516367001459002 ], [ 628908.351048297481611, 4560900.078033197671175 ], [ 626663.621339752222411, 4564566.114239373244345 ], [ 621656.455077763646841, 4568071.106498589739203 ], [ 616520.623990122461691, 4564039.081830132752657 ], [ 615159.335118119721301, 4556280.093348475173116 ], [ 610311.552069272031076, 4552641.098757713101804 ] ] ] } },
{ "type": "Feature", "properties": { "drag_region": "CentralValley", "NAME": "Fresno" }, "geometry": { "type": "Polygon", "coordinates": [ [ [ 574883.592101342859678, 4104648.099233869463205 ], [ 569903.067031084210612, 4099465.454065565951169 ], [ 570672.172743569477461, 4094334.246958087198436 ], [ 564916.357832279405557, 4094286.048781441058964 ], [ 542099.105105103342794, 4070106.278323182370514 ], [ 571001.858786852681078, 4042838.454281092621386 ], [ 572086.911482675466686, 4025126.124248430132866 ], [ 566321.382382541196421, 4023554.089913336094469 ], [ 564838.097789276158437, 4018177.84763818141073 ], [ 564558.987282172660343, 4016359.226428982801735 ], [ 569527.87885950319469, 4011139.014256711583585 ], [ 565757.940261398092844, 4006756.180416347458959 ], [ 567847.655350265093148, 4000512.504008703865111 ], [ 572064.919076483580284, 3999947.981751581188291 ], [ 573117.055822325288318, 3996636.116766816470772 ], [ 577741.883489567320794, 3992841.650936943944544 ], [ 583316.823841907316819, 3990027.621622836682945 ], [ 587643.509580440586433, 3985562.479861774481833 ], [ 594457.265145560610108, 3985172.198435828089714 ], [ 598515.416189595707692, 3978987.599896568804979 ], [ 629638.314060860895552, 4010432.069762435276061 ], [ 628874.164006483391859, 4034740.555288443807513 ], [ 647224.60255722864531, 4035433.850994037929922 ], [ 647813.946828003856353, 4037076.22781735798344 ], [ 654518.813417544704862, 4038927.642156526912004 ], [ 655208.761675483896397, 4037615.174484131857753 ], [ 663304.402487415354699, 4045631.31247386848554 ], [ 672600.123219920322299, 4055610.188314689788967 ], [ 686745.339726587757468, 4055951.644255174789578 ], [ 686695.516885609016754, 4065594.336891260929406 ], [ 715279.309955424279906, 4066362.785394287668169 ], [ 714883.158932888996787, 4075803.505616625770926 ], [ 770670.9805688430788, 4078616.477031675167382 ], [ 767310.17748176085297, 4088301.187131059356034 ], [ 769515.568127154372633, 4089172.921983708627522 ], [ 769218.710584080195986, 4095277.495328351855278 ], [ 763898.416301245102659, 4105823.433916076552123 ], [ 761965.492785673355684, 4112709.442305127624422 ], [ 753368.795322184101678, 4118513.90398539789021 ], [ 747482.036945226951502, 4121297.04803803190589 ], [ 743006.745346016599797, 4121281.301483895629644 ], [ 739040.850869389832951, 4131135.047138576861471 ], [ 740494.127770421095192, 4134259.93665379518643 ], [ 738046.908557524089701, 4138926.720794530585408 ], [ 730231.876218124874867, 4142491.78465714585036 ], [ 729343.926007148926146, 4148090.300206144340336 ], [ 731324.90319468814414, 4153626.469857027754188 ], [ 729916.784401357988827, 4156621.251870359759778 ], [ 727883.008351574302651, 4159397.031263524200767 ], [ 723183.257552355993539, 4157754.804594655055553 ], [ 717106.091544536291622, 4165801.618236591573805 ], [ 711680.121508423937485, 4166331.593972926959395 ], [ 707422.904563308926299, 4169302.911115317605436 ], [ 682756.067761112935841, 4142316.495732605922967 ], [ 681014.391004258184694, 4137951.120178207755089 ], [ 682099.131452479283325, 4126437.885627136565745 ], [ 677251.753385431482457, 4119662.238468114752322 ], [ 673367.3951432852773, 4121042.74696423811838 ], [ 668804.162368041463196, 4114952.117305772844702 ], [ 668049.538661689730361, 4118074.998823608271778 ], [ 664902.059783629258163, 4116813.300360498949885 ], [ 662603.261421046569012, 4118543.372155921533704 ], [ 661445.071795089752413, 4115255.235861961729825 ], [ 664039.138995475834236, 4114203.892766420263797 ], [ 661961.046826710109599, 4109832.024303995538503 ], [ 658113.132522492320277, 4110170.881555805914104 ], [ 657009.348575833835639, 4105262.720816775690764 ], [ 654077.622450795024633, 4106781.784081262070686 ], [ 652607.914527439163066, 4103102.608563957270235 ], [ 649749.207649517571554, 4102525.65777505422011 ], [ 646365.509897249634378, 4098590.83939582714811 ], [ 647096.365782530629076, 4095943.211638658307493 ], [ 642170.154866022872739, 4090144.281686884351075 ], [ 640419.370465977117419, 4085026.982138996943831 ], [ 633985.770338755450211, 4085768.932402989361435 ], [ 628953.025644110166468, 4082838.575989144854248 ], [ 625086.753947222605348, 4083479.052026062272489 ], [ 621333.954426326905377, 4080498.636205241084099 ], [ 616815.408782412763685, 4081504.300176076591015 ], [ 603546.52383296075277, 4074907.293229196686298 ], [ 591002.750614427612163, 4076270.223738036584109 ], [ 590924.038972827023827, 4079129.933211353141814 ], [ 583083.234916835557669, 4084736.451301604975015 ], [ 583260.650030435412191, 4090083.079918178729713 ], [ 577864.293479556799866, 4100623.99577545048669 ], [ 574883.592101342859678, 4104648.099233869463205 ] ] ] } },
{ "type": "Feature", "properties": { "drag_region": "CentralValley", "NAME": "Amador" }, "geometry": { "type": "Polygon", "coordinates": [ [ [ 458988.875645644322503, 4406235.930343262851238 ], [ 459482.864882716385182, 4383165.08287372533232 ], [ 462173.561486065678764, 4374925.194911697879434 ], [ 470982.293752232624684, 4374643.677718989551067 ], [ 478664.085606736654881, 4382166.792352361604571 ], [ 493881.60372857976472, 4389029.492309815250337 ], [ 495321.872859344992321, 4394027.562329483218491 ], [ 502749.082948125025723, 4397848.835319131612778 ], [ 505181.020940291986335, 4400681.445694604888558 ], [ 508629.656381443433929, 4400680.461273779161274 ], [ 512306.032050736772362, 4403740.752771236933768 ], [ 515162.471664810145739, 4402485.567681426182389 ], [ 524200.807507142715622, 4404274.453229760751128 ], [ 531006.341834044549614, 4407246.217450547963381 ], [ 535096.821362522896379, 4406703.702407182194293 ], [ 542243.302931712241843, 4408646.107267180457711 ], [ 541558.396709777181968, 4430100.342149885371327 ], [ 537208.777584013761953, 4429294.255167649127543 ], [ 536144.753266861429438, 4423343.285564008168876 ], [ 529632.821827978361398, 4421520.038153192028403 ], [ 527869.990242897998542, 4417744.617256073281169 ], [ 521153.738269249734003, 4412010.034544535912573 ], [ 515525.057612806966063, 4411751.896679234690964 ], [ 502490.37372573412722, 4407478.40981918759644 ], [ 493743.599797092669178, 4406580.136945797130466 ], [ 481714.353185601241421, 4411811.8410674771294 ], [ 474828.314991500985343, 4411838.006703529506922 ], [ 467735.334917942353059, 4407191.492844686843455 ], [ 466449.31858270050725, 4408688.742625628598034 ], [ 458988.875645644322503, 4406235.930343262851238 ] ] ] } },
{ "type": "Feature", "properties": { "drag_region": "CentralValley", "NAME": "El Dorado" }, "geometry": { "type": "Polygon", "coordinates": [ [ [ 552504.24827672902029, 4507241.109713017940521 ], [ 540391.145634022774175, 4506850.766607166267931 ], [ 537098.860733434092253, 4502739.117866563610733 ], [ 532153.023675699718297, 4501728.405154341831803 ], [ 515355.278082054690458, 4501809.005674989894032 ], [ 512444.085201326524839, 4494665.99589057918638 ], [ 508816.010093808872625, 4490749.199810257181525 ], [ 503574.40676201635506, 4488794.970350967720151 ], [ 497574.590314254746772, 4491976.92234589997679 ], [ 489944.028069424792193, 4498366.073972244746983 ], [ 482803.975404870230705, 4497809.420192114077508 ], [ 478888.607151030097157, 4492373.93952935282141 ], [ 471708.434735652757809, 4493353.01355276349932 ], [ 471775.273880313150585, 4490397.380472456105053 ], [ 463112.997316969791427, 4487917.048052715137601 ], [ 461409.769985299673863, 4480154.551960414275527 ], [ 458052.471275988267735, 4476745.683264464139938 ], [ 458121.787706308416091, 4473408.822777708061039 ], [ 454858.843241077498533, 4465139.308254477567971 ], [ 456719.677280912874267, 4465749.569012184627354 ], [ 465331.994085720041767, 4442753.450383239425719 ], [ 472792.437022776226513, 4445206.262665605172515 ], [ 474078.453358018072322, 4443709.012884663417935 ], [ 481171.433431576704606, 4448355.526743506081402 ], [ 488057.471625676960684, 4448329.36110745370388 ], [ 500086.718237168388441, 4443097.656985773704946 ], [ 508833.492165809846483, 4443995.929859164170921 ], [ 521868.176052882685326, 4448269.416719211265445 ], [ 527496.856709325453267, 4448527.554584512487054 ], [ 534213.108682973776013, 4454262.137296049855649 ], [ 535975.940268054022454, 4458037.558193168602884 ], [ 542487.871706937090494, 4459860.805603984743357 ], [ 543551.896024089423008, 4465811.775207625702024 ], [ 547901.515149852959439, 4466617.862189861945808 ], [ 556998.177788442815654, 4475028.246280862949789 ], [ 564127.758367952425033, 4485674.523515282198787 ], [ 561396.467017624061555, 4492646.158422213979065 ], [ 553063.537212525494397, 4499718.034592746756971 ], [ 552504.24827672902029, 4507241.109713017940521 ] ] ] } },
{ "type": "Feature", "properties": { "drag_region": "CentralValley", "NAME": "Monterey" }, "geometry": { "type": "Polygon", "coordinates": [ [ [ 352519.949452759174164, 4020928.477392082102597 ], [ 354826.506564655166585, 4015715.045509687624872 ], [ 352431.108242192363832, 4002245.632190638687462 ], [ 350256.420387466379907, 3996404.995253367815167 ], [ 347401.690874400490429, 3993511.682145575992763 ], [ 341583.181579917611089, 3997067.125015861354768 ], [ 338449.647939576127101, 3989980.279878285713494 ], [ 341999.218733099463861, 3988493.983768086880445 ], [ 341453.22949574777158, 3979719.712907347362489 ], [ 345099.726594610780012, 3970134.562893225811422 ], [ 344823.189856531273108, 3966128.581146727316082 ], [ 347488.100252388219815, 3958534.713530132547021 ], [ 351085.213114795216825, 3954288.425523952580988 ], [ 361808.013733754691202, 3948323.918790650554001 ], [ 370002.513149195641745, 3939476.670324851293117 ], [ 374993.479155693610664, 3929635.953008181415498 ], [ 381504.399333751818631, 3926969.486467165872455 ], [ 383173.854388107836712, 3923659.244065329432487 ], [ 385264.212957724172156, 3914255.721696389839053 ], [ 389854.335756916261744, 3910992.982671588659286 ], [ 396125.500982560508419, 3904424.588337880559266 ], [ 416889.369236909959, 3904609.122245858889073 ], [ 498333.004956420569215, 3906074.446865113917738 ], [ 497589.351449227600824, 3909392.024797532241791 ], [ 494265.668844366038684, 3912159.936533041298389 ], [ 495822.2922523447196, 3914493.117322443518788 ], [ 492455.746038427518215, 3918881.928164738230407 ], [ 488889.219569526903797, 3918878.510348525363952 ], [ 484831.068525491806213, 3925063.108887784648687 ], [ 478017.312960371782538, 3925453.390313731040806 ], [ 473690.627221838512924, 3929918.532074793241918 ], [ 468115.686869498516899, 3932732.561388900503516 ], [ 463490.859202256484423, 3936527.027218773029745 ], [ 462438.722456414776389, 3939838.892203537747264 ], [ 458221.458730196289252, 3940403.414460660424083 ], [ 456131.743641329288948, 3946647.090868304017931 ], [ 459901.682239434390794, 3951029.924708668142557 ], [ 454932.790662103856448, 3956250.136880939360708 ], [ 455211.901169207354542, 3958068.758090137969702 ], [ 448973.848512789292727, 3962689.390364624559879 ], [ 451684.885846649820451, 3957126.600326556246728 ], [ 452799.062627319886815, 3950954.369098103139549 ], [ 447960.228067971474957, 3950745.882748258300126 ], [ 438382.390616986725945, 3960446.563146718777716 ], [ 432863.420645899197552, 3962138.14287804113701 ], [ 430363.685341502947267, 3958366.31512330006808 ], [ 427422.183046242746059, 3960211.558231337461621 ], [ 425224.439582813589368, 3957305.770361067727208 ], [ 422949.829864629253279, 3958117.436538111418486 ], [ 422548.2641250276356, 3962018.357485950924456 ], [ 419228.733089082350489, 3966814.145488721784204 ], [ 405126.990030499931891, 3980272.995800063479692 ], [ 404104.822995166934561, 3983400.342533377464861 ], [ 397682.30961418786319, 3982904.090050077065825 ], [ 399237.345758768089581, 3985886.790749746374786 ], [ 396295.379687147389632, 3988695.120037106797099 ], [ 396829.618655463622417, 3994901.049062565900385 ], [ 392891.233551141165663, 3999885.635715203825384 ], [ 383535.394539297034498, 4002972.266485190950334 ], [ 381883.674285973713268, 4005996.482971050776541 ], [ 384750.534267125243787, 4007186.223407149780542 ], [ 382437.015131758234929, 4011534.257937214802951 ], [ 378577.691114385204855, 4012427.027941135689616 ], [ 371742.743288555939216, 4019664.071388411801308 ], [ 369488.522858229989652, 4020584.493231183849275 ], [ 367492.497930103505496, 4025894.01504347845912 ], [ 362336.300931955513079, 4028681.906915335915983 ], [ 354711.536847863404546, 4024768.720482903067023 ], [ 352519.949452759174164, 4020928.477392082102597 ] ] ] } },
{ "type": "Feature", "properties": { "drag_region": "SoCal", "NAME": "San Bernardino" }, "geometry": { "type": "Polygon", "coordinates": [ [ [ 1116597.964342571329325, 3782736.205638425424695 ], [ 1118159.413958267308772, 3753350.619339064694941 ], [ 1120766.932368214707822, 3729091.523515010718256 ], [ 1121720.694383082911372, 3723592.795537654310465 ], [ 1119457.946038677589968, 3709792.929235442075878 ], [ 1115321.352566405665129, 3693411.111743942834437 ], [ 1111992.531269470462576, 3693431.236704088747501 ], [ 1108940.507637015543878, 3688014.816236576531082 ], [ 1110766.272058581933379, 3684855.784974468871951 ], [ 1121501.23699652752839, 3676990.628312824759632 ], [ 1122855.172156610991806, 3682992.384205374401063 ], [ 1126837.86323951696977, 3683296.840312541462481 ], [ 1126898.644523703027517, 3688466.455269106198102 ], [ 1131446.922720315633342, 3690621.064672489184886 ], [ 1131182.560426846612245, 3695582.523069479968399 ], [ 1148104.936758905882016, 3696595.702338750008494 ], [ 1148526.324367377907038, 3694991.797760379966348 ], [ 1162143.908173286123201, 3695656.747931050136685 ], [ 1163231.940101123880595, 3694090.790614085737616 ], [ 1189463.379875562852249, 3695709.793911883141845 ], [ 1189270.308258781209588, 3698955.161131072323769 ], [ 1228129.482748553389683, 3701252.628896812908351 ], [ 1338773.654214617330581, 3709048.387553642038256 ], [ 1338405.326972886687145, 3713922.555399398319423 ], [ 1419827.824317290447652, 3720628.598274090792984 ], [ 1420931.490727331954986, 3723419.129090986214578 ], [ 1429596.633413243107498, 3727817.754476023372263 ], [ 1432590.89941435190849, 3731929.353837683331221 ], [ 1438064.479937985073775, 3734426.133951468393207 ], [ 1438238.91781217744574, 3736272.589314667042345 ], [ 1445995.874671973055229, 3743215.676728142891079 ], [ 1445252.246625975705683, 3747874.451316954102367 ], [ 1441151.178193464176729, 3752720.55102976411581 ], [ 1436351.682776411995292, 3754132.816512414719909 ], [ 1425254.203421212267131, 3762808.654541818890721 ], [ 1420893.19209977472201, 3763108.311680217739195 ], [ 1421079.000539494678378, 3768712.529356290586293 ], [ 1410531.278762286994606, 3790834.506040173117071 ], [ 1402432.963040506932884, 3796214.0303093646653 ], [ 1399567.658522371901199, 3802616.829594085924327 ], [ 1393838.669628956820816, 3807622.853026705328375 ], [ 1392983.978917234577239, 3821705.943669374566525 ], [ 1340940.306610281113535, 3864780.295028579887003 ], [ 1316333.675488811451942, 3885342.137593950610608 ], [ 1293276.913742717821151, 3904237.870755780022591 ], [ 1285481.583711099345237, 3903556.876282162033021 ], [ 1285609.805653518298641, 3901837.494767296127975 ], [ 1202706.668204118963331, 3896241.058813038747758 ], [ 1113682.468320052139461, 3891090.162818607874215 ], [ 1114211.361876179929823, 3881453.594752192962915 ], [ 1112762.912370900856331, 3878120.657642707228661 ], [ 1116015.412293296772987, 3878298.853680594358593 ], [ 1114566.821274885907769, 3874965.617909566499293 ], [ 1116112.349394534947351, 3852657.180557124316692 ], [ 1119890.429182523163036, 3782816.649420233443379 ], [ 1116597.964342571329325, 3782736.205638425424695 ] ] ] } },
{ "type": "Feature", "properties": { "drag_region": "NorCal", "NAME": "Tehama" }, "geometry": { "type": "Polygon", "coordinates": [ [ [ 401222.011418188048992, 4560051.897440418601036 ], [ 394510.403803770139348, 4557288.588685125112534 ], [ 395729.587827506475151, 4555190.057561398483813 ], [ 401833.872860632720403, 4552233.173499163240194 ], [ 402446.442547743557952, 4546130.897572020068765 ], [ 400919.272338023118209, 4541553.759787525981665 ], [ 403367.353981003980152, 4536500.940487219952047 ], [ 403985.115531585295685, 4525250.167715275660157 ], [ 405518.710064734041225, 4522962.79462627414614 ], [ 406750.61742465721909, 4516194.18881622236222 ], [ 404297.193311163748149, 4515143.609968799166381 ], [ 403379.885523068543989, 4508182.949258590117097 ], [ 405225.836797045834828, 4503035.39255878329277 ], [ 481740.261188309348654, 4503374.186941131949425 ], [ 479539.685396455752198, 4508118.870409784838557 ], [ 481638.464889650524128, 4512908.88635731395334 ], [ 502200.220347570430022, 4513251.652413981966674 ], [ 506769.199370324437041, 4515793.718939000740647 ], [ 507026.503224417043384, 4519325.967269809916615 ], [ 510633.121511360805016, 4524432.111782277934253 ], [ 515539.488277231401298, 4524314.255684210918844 ], [ 516384.483665932610165, 4529191.220174761489034 ], [ 519697.957289307785686, 4532771.614263331517577 ], [ 520540.591784726071637, 4537553.828059876337647 ], [ 526965.476269241771661, 4537658.718622899614275 ], [ 531819.173152157221921, 4540126.168442975729704 ], [ 532985.620595994987525, 4543389.647277342155576 ], [ 532900.108433318557218, 4548252.808303027413785 ], [ 535658.402004615287296, 4547824.897968683391809 ], [ 538975.536670466186479, 4550269.917358790524304 ], [ 540371.382444108254276, 4557354.667977834120393 ], [ 537884.661273684585467, 4559788.887835880741477 ], [ 540912.086124497931451, 4561085.054082842543721 ], [ 537494.156306154560298, 4564455.885498269461095 ], [ 529850.916567684500478, 4565559.981646677479148 ], [ 527540.310376208741218, 4575917.552313571795821 ], [ 514773.180039817176294, 4574566.421636082231998 ], [ 511394.535946764925029, 4576518.394715373404324 ], [ 507463.8636760279187, 4574648.762266330420971 ], [ 497408.953869132848922, 4575178.887417947873473 ], [ 489835.471125116513576, 4572032.360436560586095 ], [ 484035.597379279846791, 4573204.897971835918725 ], [ 477048.385717342316639, 4571603.949324325658381 ], [ 473409.834419936116319, 4569946.24233282264322 ], [ 455460.333361366356257, 4566835.92613507155329 ], [ 445706.47901910886867, 4567247.014296813867986 ], [ 440517.876750060997438, 4568838.289868825115263 ], [ 429273.277257915295195, 4561920.454292740672827 ], [ 421029.538023006520234, 4565897.749878959730268 ], [ 412195.776934459980112, 4563494.381757085211575 ], [ 410670.753183088614605, 4564064.181834030896425 ], [ 407017.191118429531343, 4559482.952838165685534 ], [ 405491.750857374863699, 4560053.800259806215763 ], [ 401222.011418188048992, 4560051.897440418601036 ] ] ] } },
{ "type": "Feature", "properties": { "drag_region": "Central", "NAME": "Nevada" }, "geometry": { "type": "Polygon", "coordinates": [ [ [ 592531.296354024787433, 4504312.119423527270555 ], [ 587268.16569674119819, 4504580.1305782943964 ], [ 583592.583111233310774, 4502881.335320963524282 ], [ 576931.122243688674644, 4495687.560498467646539 ], [ 575768.426452705170959, 4491849.290504955686629 ], [ 571763.796230811160058, 4490722.341233530081809 ], [ 570613.983058669953607, 4486026.876008885912597 ], [ 571025.775405300781131, 4464288.950547587126493 ], [ 579151.003379009431228, 4462062.267459069378674 ], [ 583445.282434896216728, 4464915.055657713674009 ], [ 586302.90042738255579, 4462017.224111534655094 ], [ 591890.953158882446587, 4462421.75847424659878 ], [ 596088.008019455941394, 4469476.775305797345936 ], [ 596936.794895291212015, 4473215.87702411506325 ], [ 602990.087189664016478, 4480030.719410097226501 ], [ 606374.270382304792292, 4481254.351422790437937 ], [ 607236.799931144341826, 4484136.709347097203135 ], [ 611814.25262226164341, 4487203.857329058460891 ], [ 618167.422654060064815, 4493466.822906509041786 ], [ 625210.988834948511794, 4496604.872013719752431 ], [ 680293.677045342512429, 4498425.756352138705552 ], [ 680128.000495378277265, 4512740.420573239214718 ], [ 637186.211302119889297, 4511526.506255514919758 ], [ 634353.939734731218778, 4513357.050608173012733 ], [ 632348.293336655013263, 4518932.534887223504484 ], [ 629542.824256605934352, 4519906.510674887336791 ], [ 621843.8289813749725, 4519131.457008299417794 ], [ 616447.351240819785744, 4512696.818014023825526 ], [ 611571.429042645730078, 4509904.736567190848291 ], [ 606637.728546700440347, 4509404.275798179209232 ], [ 604795.325923692551441, 4508883.690073396079242 ], [ 594642.230936068575829, 4506743.55916840955615 ], [ 592531.296354024787433, 4504312.119423527270555 ] ] ] } },
{ "type": "Feature", "properties": { "drag_region": "CentralValley", "NAME": "Tuolumne" }, "geometry": { "type": "Polygon", "coordinates": [ [ [ 593411.367655740235932, 4358698.396353628486395 ], [ 581973.161251047044061, 4353278.243133361451328 ], [ 577474.804301986121573, 4346364.805461928248405 ], [ 573217.316891855909489, 4341656.552333178929985 ], [ 566351.934077706537209, 4329050.949805658310652 ], [ 556691.867823362234049, 4314086.110694954171777 ], [ 555832.5613954475848, 4310914.141341720707715 ], [ 551448.514320681220852, 4309746.383913046680391 ], [ 549327.883815291104838, 4306446.340897728689015 ], [ 551575.765766762546264, 4304979.579242908395827 ], [ 549786.896362397470511, 4301020.566158737055957 ], [ 541765.117909598746337, 4293657.893610670231283 ], [ 539951.901191350421868, 4290368.71905804425478 ], [ 563945.177732069510967, 4268967.374444390647113 ], [ 563474.442017934983596, 4274487.936433309689164 ], [ 568962.031606668955646, 4270921.537267900072038 ], [ 570815.744079237338156, 4272596.603893857449293 ], [ 567454.547987004742026, 4279370.399740669876337 ], [ 574706.320590499090031, 4280438.215148697607219 ], [ 576505.97453998378478, 4283830.842860918492079 ], [ 581229.350731368991546, 4284639.640587632544339 ], [ 581462.18909827072639, 4287414.023857130669057 ], [ 586250.616494028479792, 4286032.947343858890235 ], [ 590199.894484944408759, 4291308.760255984961987 ], [ 595313.160141342086717, 4289656.835092330351472 ], [ 603073.238516756682657, 4284562.722582804970443 ], [ 609363.211923999479041, 4285821.152866248041391 ], [ 614165.062371077015996, 4284265.316351260058582 ], [ 619788.641638364293613, 4286463.75154528208077 ], [ 628148.798795878537931, 4291723.654131966643035 ], [ 628073.514988730545156, 4293821.405591892078519 ], [ 632104.559287980780937, 4296067.653594390489161 ], [ 634477.442690307390876, 4300355.663777929730713 ], [ 638592.432171668973751, 4300221.468770643696189 ], [ 641875.330138714401983, 4297002.208863207139075 ], [ 647546.297198480577208, 4297599.467443057335913 ], [ 652083.091247446951456, 4294813.928037763573229 ], [ 658358.052067579119466, 4288183.253513751551509 ], [ 662008.019951611524448, 4284030.156599154695868 ], [ 667771.798842671676539, 4290375.455482635647058 ], [ 666236.378733834601007, 4296999.551320980302989 ], [ 666350.78793411992956, 4301971.308091496117413 ], [ 658256.874669031123631, 4306708.3969517191872 ], [ 656573.635132618481293, 4309316.002034856937826 ], [ 657562.462291244533844, 4316232.127700716257095 ], [ 653229.38443938002456, 4322078.035613998770714 ], [ 646498.583719344227575, 4324872.28277276083827 ], [ 644990.380433059413917, 4323095.320013324730098 ], [ 640340.865318189491518, 4329316.69168484210968 ], [ 638839.564757901825942, 4327350.173933195881546 ], [ 628526.954727081698366, 4333652.652626828290522 ], [ 630566.853295028093271, 4338119.550334903411567 ], [ 626609.153046728461049, 4343131.237696317024529 ], [ 627060.276885070954449, 4348017.297914144583046 ], [ 621571.394139454001561, 4352115.884688468649983 ], [ 621707.412846260238439, 4357085.690986639820039 ], [ 616978.2410199084552, 4357681.358219027519226 ], [ 612649.506475965608843, 4355811.403031934052706 ], [ 605609.473717209766619, 4350510.649483627639711 ], [ 593411.367655740235932, 4358698.396353628486395 ] ] ] } },
{ "type": "Feature", "properties": { "drag_region": "BayArea", "NAME": "Santa Barbara" }, "geometry": { "type": "MultiPolygon", "coordinates": [ [ [ [ 848448.19998576422222, 3453650.860646366607398 ], [ 847878.369718619971536, 3451051.5647376277484 ], [ 851576.04527522274293, 3450524.194740023463964 ], [ 851092.558305993676186, 3454420.062648483552039 ], [ 848448.19998576422222, 3453650.860646366607398 ] ] ], [ [ [ 766421.924854947603308, 3515934.866640910040587 ], [ 770549.474652486620471, 3511099.718090254813433 ], [ 771058.585134502733126, 3505296.27662430331111 ], [ 785064.712286580819637, 3503444.451652754563838 ], [ 790609.528297153068706, 3506581.221572579815984 ], [ 799862.93744861939922, 3507937.106479907874018 ], [ 803372.386573081137612, 3512159.036441301461309 ], [ 796677.620836318121292, 3513842.10177638521418 ], [ 794480.109941530390643, 3510047.820248825475574 ], [ 788167.096838152036071, 3510222.924935298506171 ], [ 781736.797698712092824, 3514119.272029302082956 ], [ 776780.072002109140158, 3513486.209562403149903 ], [ 772406.701132037327625, 3515449.410480653867126 ], [ 766421.924854947603308, 3515934.866640910040587 ] ] ], [ [ [ 736497.0877499000635, 3506688.481448506936431 ], [ 743023.221744277747348, 3498664.721272730268538 ], [ 748432.54224524856545, 3495286.349957905709743 ], [ 761894.196900769718923, 3500824.0840985015966 ], [ 761427.41175116179511, 3505388.716052791103721 ], [ 755421.058793582371436, 3506453.289218987338245 ], [ 755288.849085421767086, 3511027.636885401327163 ], [ 751031.031509344116785, 3509093.351336026098579 ], [ 746699.589000524254516, 3509734.086869362741709 ], [ 743771.334921783069149, 3507649.831790185999125 ], [ 736497.0877499000635, 3506688.481448506936431 ] ] ], [ [ [ 717828.151558466255665, 3510209.44978705747053 ], [ 724510.803462114650756, 3508280.797911690082401 ], [ 731457.761954211862758, 3509033.602362895384431 ], [ 727083.92880298383534, 3511398.43905980931595 ], [ 725009.596229257527739, 3514682.205161131452769 ], [ 723089.923455459065735, 3511963.147294264286757 ], [ 717828.151558466255665, 3510209.44978705747053 ] ] ], [ [ [ 696850.156344536226243, 3613723.529517655726522 ], [ 695065.859464194625616, 3605863.455941241700202 ], [ 700764.817004699725658, 3600849.103058861102909 ], [ 698406.24178431998007, 3589447.10624697804451 ], [ 702157.427598020760342, 3583815.296155752614141 ], [ 698201.484150896314532, 3570087.834434560965747 ], [ 700249.007011555833742, 3567084.903954630251974 ], [ 704192.677367153577507, 3567559.937534742522985 ], [ 709533.04889571829699, 3564828.996401121839881 ], [ 713973.513108167680912, 3558645.734600925818086 ], [ 714377.003530392888933, 3555699.925723468419164 ], [ 730153.253606599289924, 3558205.155374343041331 ], [ 744644.667749479995109, 3559270.745372465346009 ], [ 749632.290887444629334, 3557982.254566440358758 ], [ 757218.23830835451372, 3558203.618858373258263 ], [ 769598.770167643902823, 3552854.207154589705169 ], [ 776829.726446527987719, 3554034.268244134727865 ], [ 782847.110464691882953, 3551841.356688421219587 ], [ 788053.841222534189001, 3554300.900922385510057 ], [ 798628.296319694723934, 3554272.672335234470665 ], [ 806029.049691637977958, 3550518.81263705343008 ], [ 808894.054515042109415, 3553672.90336026949808 ], [ 808992.977533419849351, 3560261.865302443969995 ], [ 807276.710700515657663, 3608783.12311921780929 ], [ 804651.580653935670853, 3608690.134743366390467 ], [ 798758.344742576824501, 3608102.375458954833448 ], [ 791339.141682420391589, 3613765.273060377221555 ], [ 786009.860517974710092, 3616067.374012334272265 ], [ 779119.374347424134612, 3616031.204642763361335 ], [ 771464.801640180055983, 3619410.803638492710888 ], [ 769086.977553102653474, 3622007.082186762709171 ], [ 762441.590436019003391, 3624852.915916630066931 ], [ 758520.849674050929025, 3624446.673738865181804 ], [ 747858.210146512137726, 3630424.656878376379609 ], [ 743989.304219678975642, 3628309.032628767192364 ], [ 740451.463743521482684, 3626013.852717880159616 ], [ 739260.550712034688331, 3621783.223063687328249 ], [ 736691.071772454539314, 3619898.759549296926707 ], [ 732091.932317218976095, 3620248.230620260350406 ], [ 725279.464432571548969, 3617584.131417966447771 ], [ 729381.579641612712294, 3611399.90514012100175 ], [ 729161.897113114595413, 3607388.344499152619392 ], [ 716479.89170413010288, 3615541.706415354274213 ], [ 710239.441365589387715, 3615955.608903619460762 ], [ 699173.698024353128858, 3612538.98055113106966 ], [ 696850.156344536226243, 3613723.529517655726522 ] ] ] ] } },
{ "type": "Feature", "properties": { "drag_region": "NorCal", "NAME": "Trinity" }, "geometry": { "type": "Polygon", "coordinates": [ [ [ 315382.165296960331034, 4696543.161694255657494 ], [ 313559.382049601757899, 4693214.03831765986979 ], [ 311404.211795888782945, 4684260.367429183796048 ], [ 313812.41956348635722, 4683389.867780402302742 ], [ 315298.440049243799876, 4678709.764171901158988 ], [ 311948.990172613237519, 4672908.866304815746844 ], [ 311935.284296314930543, 4670238.689940437674522 ], [ 307990.878576596209314, 4667303.637069945223629 ], [ 302271.489388167799916, 4670962.199230189435184 ], [ 297420.938100518076681, 4668610.856942947022617 ], [ 301298.214910957030952, 4660764.271853071637452 ], [ 303936.606985830876511, 4647110.295715503394604 ], [ 303605.69043233175762, 4642630.267793359234929 ], [ 303115.535769958805759, 4563105.46922137401998 ], [ 355217.747535219124984, 4563060.304692539386451 ], [ 353684.153002070379443, 4565347.677781540900469 ], [ 353066.391451489063911, 4576598.450553485192358 ], [ 350618.309808508201968, 4581651.269853791221976 ], [ 352145.480018228641711, 4586228.407638285309076 ], [ 351532.910331117804162, 4592330.683565428480506 ], [ 345428.625297991558909, 4595287.567627663724124 ], [ 344209.441274255223107, 4597386.098751390352845 ], [ 343908.460395900183357, 4602726.060505235567689 ], [ 347872.744130403385498, 4606347.466331428848207 ], [ 350310.128570778470021, 4611973.137714899145067 ], [ 358223.593016098951921, 4615124.655135620385408 ], [ 363081.804414581973106, 4621711.285396833904088 ], [ 366729.561281206202693, 4622386.199417316354811 ], [ 369453.659672205219977, 4627160.745465217158198 ], [ 375221.28455928893527, 4628990.043070345185697 ], [ 374289.382462379930075, 4635185.20563212223351 ], [ 370628.145294812275097, 4641753.779530042782426 ], [ 374556.865186122071464, 4645961.735781556926668 ], [ 373338.30803058372112, 4647864.961918313056231 ], [ 378471.111167464929167, 4652746.546048334799707 ], [ 377847.999721602594946, 4657321.534583944827318 ], [ 382961.325668835488614, 4664399.692517714574933 ], [ 383222.420670413936023, 4673460.544128661975265 ], [ 389534.817550063424278, 4678927.952158526517451 ], [ 390700.814693505468313, 4686277.719427313655615 ], [ 394914.318075334129389, 4687446.958225409500301 ], [ 396076.437059765623417, 4694320.893811425194144 ], [ 391845.619088043167721, 4696870.253578118048608 ], [ 390326.643424486566801, 4699341.270343028008938 ], [ 390582.045543808315415, 4707449.253606260754168 ], [ 392655.767683925165329, 4712611.325355157256126 ], [ 387227.170653882727493, 4716777.628650502301753 ], [ 384240.059563714137767, 4713615.509902664460242 ], [ 379141.25648008013377, 4711876.363462129607797 ], [ 377951.108251106285024, 4708915.151656188070774 ], [ 372852.383633597986773, 4705654.564875153824687 ], [ 366552.296387965616304, 4699629.049685346893966 ], [ 358729.251448824477848, 4699042.963428787887096 ], [ 353616.388063149584923, 4693316.421954547055066 ], [ 352414.346593106165528, 4686163.444099558517337 ], [ 356335.585710586281493, 4683781.818053874187171 ], [ 358150.033192183705978, 4679396.909748576581478 ], [ 355135.320998570707161, 4675674.8628488201648 ], [ 352115.608138587151188, 4677866.618359250947833 ], [ 346984.536800393369049, 4677008.449393400922418 ], [ 345477.566495118488092, 4680919.093088612891734 ], [ 339148.117005984124262, 4685026.163691418245435 ], [ 329198.38737620547181, 4685142.62302999291569 ], [ 324699.844130657846108, 4692213.746221896260977 ], [ 315382.165296960331034, 4696543.161694255657494 ] ] ] } },
{ "type": "Feature", "properties": { "drag_region": "Central", "NAME": "Colusa" }, "geometry": { "type": "Polygon", "coordinates": [ [ [ 374165.971312893729191, 4491147.786413277499378 ], [ 371094.818851665011607, 4483131.155109810642898 ], [ 372649.977361264929641, 4480179.765849157236516 ], [ 379168.786949308065232, 4475051.896467186510563 ], [ 388479.538749456231017, 4471276.794380781240761 ], [ 393435.055807590193581, 4471873.738961677066982 ], [ 396866.422661138756666, 4467983.981312678195536 ], [ 394728.086803640297148, 4462156.372761347331107 ], [ 395390.046748938446399, 4454723.833441372960806 ], [ 402247.0596505094436, 4450951.527695612050593 ], [ 402910.038022200751584, 4444568.322931273840368 ], [ 408849.565903998503927, 4440319.034078129567206 ], [ 452408.571620004193392, 4440849.882164930924773 ], [ 453872.872099648520816, 4447924.619538909755647 ], [ 453499.110215136955958, 4452782.687733790837228 ], [ 451270.020227163739037, 4457044.947365135885775 ], [ 447852.122119767998811, 4457193.0654053138569 ], [ 442745.651769170945045, 4469050.840359247289598 ], [ 444270.952231323521119, 4471166.452468781732023 ], [ 442358.182243674236815, 4475720.862604517489672 ], [ 445680.498798942484427, 4482816.236452780663967 ], [ 447119.085854121076409, 4491701.674843895249069 ], [ 436917.83908386976691, 4491583.058086377568543 ], [ 436881.21619431785075, 4494919.962270502001047 ], [ 426065.521686927357223, 4494904.100333817303181 ], [ 426096.586528558342252, 4491662.558190008625388 ], [ 374165.971312893729191, 4491147.786413277499378 ] ] ] } },
{ "type": "Feature", "properties": { "drag_region": "CentralValley", "NAME": "Alpine" }, "geometry": { "type": "Polygon", "coordinates": [ [ [ 598573.742770027951337, 4448108.124044733121991 ], [ 599480.237245051306672, 4419693.294651807285845 ], [ 603915.835143976728432, 4418308.413952738046646 ], [ 616113.941205446259119, 4410120.667082737199962 ], [ 623153.973964202101342, 4415421.420631043612957 ], [ 627482.7085081449477, 4417291.375818137079477 ], [ 632211.880334496730939, 4416695.708585749380291 ], [ 632075.861627690494061, 4411725.902287578210235 ], [ 637564.744373307446949, 4407627.315513254143298 ], [ 640228.125020483857952, 4412117.150039543397725 ], [ 638861.579822511179373, 4415122.573872243985534 ], [ 644121.003367190482095, 4417226.939833438955247 ], [ 645319.514806506107561, 4427107.840753173455596 ], [ 638315.895726490649395, 4438497.331178515218198 ], [ 638375.003230352769606, 4445374.909450775943696 ], [ 640678.482610680628568, 4450712.609071809798479 ], [ 612068.694637799053453, 4474136.420277085155249 ], [ 614799.985988127416931, 4467164.78537015337497 ], [ 607670.405408617807552, 4456518.508135734125972 ], [ 598573.742770027951337, 4448108.124044733121991 ] ] ] } },
{ "type": "Feature", "properties": { "drag_region": "NorCal", "NAME": "Siskiyou" }, "geometry": { "type": "Polygon", "coordinates": [ [ [ 340324.154277716996148, 4856246.277816094458103 ], [ 336389.619604223233182, 4845588.083652324974537 ], [ 333098.151362149510533, 4843225.869126824662089 ], [ 329825.912153151351959, 4843726.53658165037632 ], [ 329207.970064961933531, 4840774.271738793700933 ], [ 324706.581869845453184, 4836803.586014448665082 ], [ 327066.447297806793358, 4833636.984079496003687 ], [ 326723.856776234693825, 4828012.066557826474309 ], [ 328199.216342847736087, 4825806.792708318680525 ], [ 326037.400963378080633, 4816762.413282614201307 ], [ 323301.193441466195509, 4811252.559801227413118 ], [ 326290.313856865395792, 4810942.176026085391641 ], [ 325362.253521567210555, 4807134.356296196579933 ], [ 328638.778706848272122, 4805010.480131302960217 ], [ 331859.020927931938786, 4794686.086336852051318 ], [ 327906.779819882242009, 4787561.916596345603466 ], [ 341112.568943496851716, 4787568.689535547979176 ], [ 343503.580014038772788, 4785743.128414472565055 ], [ 346427.542718074808363, 4770277.555233467370272 ], [ 348809.48945113515947, 4765020.61880879662931 ], [ 358127.168284832674544, 4760691.203336437232792 ], [ 362625.711530380300246, 4753620.080144533887506 ], [ 372575.441160158952698, 4753503.62080595921725 ], [ 378904.890649293316528, 4749396.550203153863549 ], [ 380411.860954568197485, 4745485.906507941894233 ], [ 385542.932292761979625, 4746344.075473791919649 ], [ 388562.645152745535597, 4744152.319963361136615 ], [ 391577.357346358534414, 4747874.366863117553294 ], [ 389762.90986476110993, 4752259.275168415158987 ], [ 385841.670747280993965, 4754640.901214099489152 ], [ 387043.712217324413359, 4761793.879069088026881 ], [ 392156.575602999306284, 4767520.420543328858912 ], [ 399979.620542140444741, 4768106.506799887865782 ], [ 406279.707787772815209, 4774132.021989694796503 ], [ 411378.432405281113461, 4777392.60877072904259 ], [ 412568.580634254962206, 4780353.820576670579612 ], [ 417667.383717888966203, 4782092.967017205432057 ], [ 420654.494808057555929, 4785255.085765043273568 ], [ 426083.091838099993765, 4781088.782469698227942 ], [ 424009.369697983143851, 4775926.710720801725984 ], [ 423753.967578661395237, 4767818.727457568980753 ], [ 425272.943242217996158, 4765347.710692659020424 ], [ 513475.546989279682748, 4766485.601007986813784 ], [ 512685.420884414575994, 4793852.402263413183391 ], [ 511994.592713165213354, 4832289.735005696304142 ], [ 511397.97379526309669, 4832279.00053409487009 ], [ 511051.534694905858487, 4851546.159151697531343 ], [ 511848.852986604673788, 4856808.395692456513643 ], [ 466058.837642307626083, 4856888.20451966766268 ], [ 441978.164597305469215, 4857124.375545490533113 ], [ 424441.533934442792088, 4857095.875937418080866 ], [ 413446.553904418484308, 4856563.416688409633934 ], [ 379264.308152152050752, 4856308.894095905125141 ], [ 370942.791460315173026, 4857081.35997739713639 ], [ 364105.12381969334092, 4856428.743300518020988 ], [ 354294.256959524704143, 4855984.943404978141189 ], [ 340324.154277716996148, 4856246.277816094458103 ] ] ] } },
{ "type": "Feature", "properties": { "drag_region": "NorCal", "NAME": "Del Norte" }, "geometry": { "type": "Polygon", "coordinates": [ [ [ 189020.43465323233977, 4879473.913513859733939 ], [ 189822.546006671444047, 4873070.727391250431538 ], [ 188185.605393170495518, 4862599.840690854936838 ], [ 185102.627361573453527, 4855584.69835657812655 ], [ 190101.699176559282932, 4850361.952048572711647 ], [ 192793.241537690977566, 4850706.657576644793153 ], [ 195060.419471611792687, 4841518.538467011414468 ], [ 199390.342432424309663, 4829252.840562528930604 ], [ 200474.875450133578852, 4820082.036621268838644 ], [ 225052.577845948922914, 4819725.632772712036967 ], [ 224970.135391359042842, 4810474.559373652562499 ], [ 234274.705218562623486, 4810493.058938679285347 ], [ 238226.946326612320263, 4817617.228679185733199 ], [ 235006.704105528653599, 4827941.622473636642098 ], [ 231730.178920247592032, 4830065.498638530261815 ], [ 232658.239255545777269, 4833873.318368419073522 ], [ 229669.118840146576986, 4834183.702143561094999 ], [ 232405.326362058462109, 4839693.555624947883189 ], [ 234567.141741528117564, 4848737.935050652362406 ], [ 233091.782174915075302, 4850943.20890016015619 ], [ 233434.372696487174835, 4856568.126421829685569 ], [ 231074.507268525834661, 4859734.728356782346964 ], [ 235575.895463642315008, 4863705.414081127382815 ], [ 236193.837551831733435, 4866657.678923984058201 ], [ 239466.076760829892009, 4866157.011469158343971 ], [ 242757.545002903614659, 4868519.225994658656418 ], [ 246692.079676397377625, 4879177.420158428139985 ], [ 235094.071935648564249, 4878589.211530478671193 ], [ 189020.43465323233977, 4879473.913513859733939 ] ] ] } },
{ "type": "Feature", "properties": { "drag_region": "BayArea", "NAME": "Inyo" }, "geometry": { "type": "Polygon", "coordinates": [ [ [ 1036782.133525015902705, 4065526.868836343288422 ], [ 1038190.252318346058019, 4062532.086823011282831 ], [ 1036209.275130806840025, 4056995.91717212786898 ], [ 1037097.225341782788746, 4051397.401623129379004 ], [ 1044912.25768118200358, 4047832.337760514114052 ], [ 1047359.476894079009071, 4043165.553619778715074 ], [ 1045906.19999304774683, 4040040.664104560390115 ], [ 1049872.09446967439726, 4030186.918449879158288 ], [ 1054347.386068884748966, 4030202.665004015434533 ], [ 1060234.144445841899142, 4027419.520951381418854 ], [ 1068830.841909331269562, 4021615.059271111153066 ], [ 1070763.765424903016537, 4014729.050882060080767 ], [ 1076084.059707737993449, 4004183.112294335383922 ], [ 1076380.917250812286511, 3998078.538949692156166 ], [ 1074175.526605418650433, 3997206.804097042884678 ], [ 1077536.329692500876263, 3987522.093997658696026 ], [ 1079990.926137227332219, 3983339.125349288340658 ], [ 1077176.833663662197068, 3981672.595094396267086 ], [ 1081698.874373104190454, 3974721.837587109766901 ], [ 1084721.217841839184985, 3972192.743894488085061 ], [ 1084643.397462507942691, 3967216.917021328117698 ], [ 1088638.531884665368125, 3964640.880727276671678 ], [ 1089257.593204586300999, 3958647.433835255447775 ], [ 1092415.391028183279559, 3953544.869800401851535 ], [ 1098597.018230295507237, 3952611.37005851790309 ], [ 1097495.626038954360411, 3948826.267471585888416 ], [ 1102927.959825704805553, 3943649.576040999498218 ], [ 1100882.776657660258934, 3939338.020634910557419 ], [ 1103663.322177025256678, 3929150.036166012752801 ], [ 1107821.828688750509173, 3923814.370726401451975 ], [ 1107196.765903436811641, 3916992.083125329110771 ], [ 1108916.282239756546915, 3915071.199955166783184 ], [ 1110934.062319827731699, 3907331.570776003878564 ], [ 1113308.685109295882285, 3905349.022229651920497 ], [ 1112503.028705422999337, 3902055.789028535597026 ], [ 1114869.432187708094716, 3900264.294563490431756 ], [ 1116278.949215776985511, 3891824.158524590544403 ], [ 1114356.828630583593622, 3891247.261848465073854 ], [ 1114451.897177224745974, 3883026.765008216258138 ], [ 1121936.035102093126625, 3883125.346951726358384 ], [ 1121871.617217548424378, 3884365.517130342777818 ], [ 1148181.262581020593643, 3885675.97413239069283 ], [ 1237205.462465087417513, 3890826.870126821566373 ], [ 1320108.599914486752823, 3896423.30608107894659 ], [ 1319980.377972067799419, 3898142.687595944851637 ], [ 1327775.708003686275333, 3898823.682069562841207 ], [ 1308630.882575504016131, 3914684.709572724532336 ], [ 1182501.617117828689516, 4018557.426640046294779 ], [ 1120320.365620747208595, 4069988.494725706521422 ], [ 1036782.133525015902705, 4065526.868836343288422 ] ] ] } },
{ "type": "Feature", "properties": { "drag_region": "CentralValley", "NAME": "San Joaquin" }, "geometry": { "type": "Polygon", "coordinates": [ [ [ 372036.264256764668971, 4312344.109325385652483 ], [ 371505.423075042432174, 4305852.564240933395922 ], [ 374057.975753592443652, 4303794.195861142128706 ], [ 371907.590759918792173, 4300138.057348659262061 ], [ 374202.757382646319456, 4294452.692891400307417 ], [ 372430.677194373449311, 4286512.040963025763631 ], [ 376239.09510309540201, 4285331.458001656457782 ], [ 374401.751660006004386, 4281584.50147036742419 ], [ 374869.892484002863057, 4251178.386658382602036 ], [ 379655.295564354863018, 4249441.763934683986008 ], [ 382590.424079575925134, 4244531.292375592514873 ], [ 402523.7684453104157, 4265093.667610908858478 ], [ 410953.132742268731818, 4271263.768841916695237 ], [ 418471.052395228296518, 4275040.076456634327769 ], [ 421023.072356031509116, 4274044.407638238742948 ], [ 423824.726341897854581, 4276201.998837665654719 ], [ 430520.106474763015285, 4273868.390877222642303 ], [ 429363.639668222982436, 4311611.425342181697488 ], [ 428078.868776856921613, 4312727.355322882533073 ], [ 422712.512686141999438, 4327870.089583804830909 ], [ 420021.816082792705856, 4336109.977545832283795 ], [ 416571.087458989350125, 4335941.62377205491066 ], [ 407250.615855991141871, 4330888.132262693718076 ], [ 402877.431266795145348, 4329563.207137515768409 ], [ 398777.875416084076278, 4330343.787258628755808 ], [ 392229.904639995074831, 4327553.959601057693362 ], [ 386568.083670052699745, 4327836.152605306357145 ], [ 384953.530905327759683, 4330383.146867465227842 ], [ 380244.131259187008254, 4330209.138748679310083 ], [ 376267.335538717918098, 4323470.379525917582214 ], [ 375712.486262750346214, 4318789.50814360473305 ], [ 371363.195135186426342, 4315194.19283102825284 ], [ 372036.264256764668971, 4312344.109325385652483 ] ] ] } },
{ "type": "Feature", "properties": { "drag_region": "SoCal", "NAME": "Imperial" }, "geometry": { "type": "Polygon", "coordinates": [ [ [ 1343268.617047080071643, 3487755.313397402875125 ], [ 1346203.136984967859462, 3448711.042156184092164 ], [ 1343851.113296295981854, 3448555.533136705867946 ], [ 1347177.933635085588321, 3397835.338175056502223 ], [ 1406927.744508643634617, 3407386.985124401282519 ], [ 1476758.260391284478828, 3418395.034789454191923 ], [ 1478213.518414055230096, 3421493.135501954238862 ], [ 1486418.383183039957657, 3420892.523383742198348 ], [ 1494663.251956491963938, 3424056.622497506905347 ], [ 1493679.387221644399688, 3427828.733870572410524 ], [ 1499266.428250772412866, 3434347.788235127925873 ], [ 1498988.031090922886506, 3441933.071423266083002 ], [ 1497099.793777905171737, 3444283.050789619795978 ], [ 1493234.977967498358339, 3454272.30473469523713 ], [ 1487426.495813536457717, 3454860.78072723839432 ], [ 1485170.196437485516071, 3453427.324812825769186 ], [ 1480602.242141696624458, 3455467.297540375962853 ], [ 1479722.546255534281954, 3453760.516967281699181 ], [ 1474492.922963103046641, 3459888.578323890455067 ], [ 1476335.720807377481833, 3466484.274298299103975 ], [ 1475919.688958822516724, 3480119.163699215278029 ], [ 1470571.843925225315616, 3483637.387027023825794 ], [ 1473093.081882475875318, 3490095.323433962184936 ], [ 1470020.368893993319944, 3494757.765363981481642 ], [ 1477628.080962576670572, 3496621.360456834547222 ], [ 1479148.542087290203199, 3498669.909766675438732 ], [ 1403163.935110206715763, 3492233.976886678952724 ], [ 1400499.394332065945491, 3491847.401799152139574 ], [ 1343268.617047080071643, 3487755.313397402875125 ] ] ] } },
{ "type": "Feature", "properties": { "drag_region": "CentralValley", "NAME": "Calaveras" }, "geometry": { "type": "Polygon", "coordinates": [ [ [ 550543.834329694043845, 4383169.123494100756943 ], [ 543397.352760504581966, 4381226.718634102493525 ], [ 539306.873232026351616, 4381769.233677468262613 ], [ 532501.338905124459416, 4378797.46945668105036 ], [ 523463.003062791889533, 4377008.583908346481621 ], [ 520606.563448718516156, 4378263.768998157233 ], [ 516930.187779425177723, 4375203.477500699460506 ], [ 513481.552338273730129, 4375204.46192152518779 ], [ 511049.614346106769517, 4372371.85154605191201 ], [ 503622.404257326736115, 4368550.578556403517723 ], [ 502182.135126561508514, 4363552.508536735549569 ], [ 486964.617004718398675, 4356689.808579281903803 ], [ 479282.825150214368477, 4349166.693945909850299 ], [ 470474.092884047422558, 4349448.211138618178666 ], [ 475840.448974762344733, 4334305.47687769588083 ], [ 477125.219866128405556, 4333189.546896995045245 ], [ 481657.371555133839138, 4327855.336657981388271 ], [ 501741.554017317947, 4306493.970989227294922 ], [ 503554.770735566271469, 4309783.145541852340102 ], [ 511576.549188364995643, 4317145.818089919164777 ], [ 513365.418592730071396, 4321104.831174090504646 ], [ 511117.53664125862997, 4322571.592828910797834 ], [ 513238.167146648745984, 4325871.63584422878921 ], [ 517622.214221415109932, 4327039.393272902816534 ], [ 518481.520649329759181, 4330211.362626136280596 ], [ 528141.586903674062341, 4345176.201736840419471 ], [ 535006.969717823434621, 4357781.804264361038804 ], [ 539264.457127953646705, 4362490.057393110357225 ], [ 543762.814077014569193, 4369403.495064543560147 ], [ 555201.020481707761064, 4374823.648284810595214 ], [ 550765.422582782339305, 4376208.528983879834414 ], [ 550543.834329694043845, 4383169.123494100756943 ] ] ] } },
{ "type": "Feature", "properties": { "drag_region": "Central", "NAME": "Butte" }, "geometry": { "type": "Polygon", "coordinates": [ [ [ 510406.230849186889827, 4607392.213458549231291 ], [ 509239.783405349124223, 4604128.734624182805419 ], [ 504386.086522433673963, 4601661.28480410668999 ], [ 497961.202037917915732, 4601556.394241083413363 ], [ 497118.567542499629781, 4596774.180444538593292 ], [ 493805.09391912445426, 4593193.786355968564749 ], [ 492960.098530423245393, 4588316.821865417994559 ], [ 488053.731764552649111, 4588434.677963485009968 ], [ 484447.113477608887479, 4583328.533451016992331 ], [ 484189.809623516281135, 4579796.285120207816362 ], [ 479620.830600762274116, 4577254.218595189042389 ], [ 459059.075142842368223, 4576911.452538521029055 ], [ 456960.295649647596292, 4572121.436590991914272 ], [ 459160.871441501192749, 4567376.75312233902514 ], [ 464462.694689869182184, 4560569.335719078779221 ], [ 466614.563662325614132, 4560689.385107642039657 ], [ 468203.058530968730338, 4556416.849016112275422 ], [ 463620.125661581521854, 4553408.053409305401146 ], [ 464270.234943358111195, 4550363.953247742727399 ], [ 463144.182462450698949, 4540815.826918176375329 ], [ 463790.712673043715768, 4538153.100755252875388 ], [ 475815.982060667010956, 4538678.161723388358951 ], [ 474003.354045461164787, 4535603.864355250261724 ], [ 474704.242736733402126, 4528937.631082825362682 ], [ 472941.456794744124636, 4521573.349743470549583 ], [ 471502.869739565532655, 4512687.911352355964482 ], [ 495639.801954351249151, 4513207.200563423335552 ], [ 495965.2234538779594, 4512163.14576574601233 ], [ 497163.772005349514075, 4514756.279029705561697 ], [ 501210.469957875087857, 4513293.651164287701249 ], [ 507996.746497166343033, 4514739.516270588152111 ], [ 508894.470158461946994, 4516566.63840881921351 ], [ 514760.557458468712866, 4517335.476069046184421 ], [ 517494.813651749282144, 4520150.054862858727574 ], [ 520771.392767576617189, 4526981.54604690335691 ], [ 520390.380298512289301, 4530885.027993883006275 ], [ 522519.869845592766069, 4532641.424301521852612 ], [ 523047.654590400401503, 4537420.360263758338988 ], [ 528614.518800749327056, 4536859.447141036391258 ], [ 528584.710096536786295, 4538385.014408800750971 ], [ 535698.085358006297611, 4537668.799978736788034 ], [ 536232.910813257680275, 4541686.111141726374626 ], [ 539905.518625996774063, 4543097.954341225326061 ], [ 542609.136545243440196, 4546494.101177576929331 ], [ 537298.475344236125238, 4549816.317435437813401 ], [ 534395.581099984818138, 4556147.798608086071908 ], [ 530977.310382307856344, 4557700.40676880069077 ], [ 524343.087853364530019, 4566537.018038122914732 ], [ 518411.5625450538937, 4571385.572964524850249 ], [ 517737.724434387753718, 4574616.237672156654298 ], [ 513099.820851890952326, 4576344.782568127848208 ], [ 513235.26354240917135, 4585980.829551164060831 ], [ 512202.308431618963368, 4592353.165362444706261 ], [ 516653.833820887026377, 4600255.107673881575465 ], [ 513229.554061872535385, 4603436.132463569752872 ], [ 513463.457201215787791, 4607446.564276154153049 ], [ 510406.230849186889827, 4607392.213458549231291 ] ] ] } },
{ "type": "Feature", "properties": { "drag_region": "CentralValley", "NAME": "Madera" }, "geometry": { "type": "Polygon", "coordinates": [ [ [ 562146.978343561058864, 4142313.523443778045475 ], [ 565127.679721774999052, 4138289.41998535906896 ], [ 570524.036272653611377, 4127748.504128087311983 ], [ 570346.621159053873271, 4122401.875511513557285 ], [ 578187.425215045223013, 4116795.357421261724085 ], [ 578266.136856645811349, 4113935.647947945166379 ], [ 590809.910075179068372, 4112572.717439105268568 ], [ 604078.795024631079286, 4119169.724385985173285 ], [ 608597.340668545104563, 4118164.060415149666369 ], [ 612350.140189440920949, 4121144.476235970854759 ], [ 616216.411886328365654, 4120504.000199053436518 ], [ 621249.156580973649397, 4123434.356612897943705 ], [ 627682.756708195433021, 4122692.406348905526102 ], [ 629433.541108241071925, 4127809.705896792933345 ], [ 634359.752024748828262, 4133608.635848566889763 ], [ 633628.896139467833564, 4136256.26360573573038 ], [ 637012.593891735887155, 4140191.08198496280238 ], [ 639871.300769657362252, 4140768.032773865852505 ], [ 641341.008693013340235, 4144447.208291170652956 ], [ 644272.734818052034825, 4142928.145026684273034 ], [ 645376.518764710519463, 4147836.305765714496374 ], [ 649224.433068928308785, 4147497.448513904120773 ], [ 651302.525237694149837, 4151869.316976328846067 ], [ 648708.458037307951599, 4152920.660071870312095 ], [ 649866.647663264768198, 4156208.796365830115974 ], [ 652165.446025847457349, 4154478.724570407532156 ], [ 655312.924903908045962, 4155740.423033516854048 ], [ 656067.548610259778798, 4152617.541515681426972 ], [ 660630.781385503476486, 4158708.17117414670065 ], [ 664515.139627649681643, 4157327.662678023334593 ], [ 669362.517694697482511, 4164103.309837045148015 ], [ 668277.77724647638388, 4175616.544388116337359 ], [ 670019.454003331251442, 4179981.919942514505237 ], [ 694686.290805527241901, 4206968.335325226187706 ], [ 693525.189264554297552, 4211887.123506342992187 ], [ 690420.681105104507878, 4217774.953530544415116 ], [ 685124.818130573956296, 4223094.693906406871974 ], [ 678467.857339741894975, 4223107.893278445117176 ], [ 676986.031322739785537, 4220564.283902475610375 ], [ 672127.91702458425425, 4223139.077379086986184 ], [ 668477.949140551732853, 4227292.174293683841825 ], [ 645324.629222781863064, 4202253.753117263317108 ], [ 645591.6684565464966, 4194911.737576561048627 ], [ 642734.821987670380622, 4194808.400184542872012 ], [ 642865.210365280043334, 4191185.119057320524007 ], [ 639692.971881947014481, 4190976.141076046507806 ], [ 639862.560216897167265, 4186208.732292275875807 ], [ 630015.805008619092405, 4185769.000208135694265 ], [ 605088.575379850808531, 4158992.601745760068297 ], [ 600363.315332241123542, 4157033.884778301697224 ], [ 589536.390520071377978, 4156328.660625536460429 ], [ 567739.181628927588463, 4148278.948600487783551 ], [ 562146.978343561058864, 4142313.523443778045475 ] ] ] } },
{ "type": "Feature", "properties": { "drag_region": "BayArea", "NAME": "Ventura" }, "geometry": { "type": "MultiPolygon", "coordinates": [ [ [ [ 882392.873334656469524, 3499844.440944279078394 ], [ 880124.565926971379668, 3498238.621837259735912 ], [ 883179.316791116725653, 3496340.730212492868304 ], [ 888805.043092744075693, 3496920.709082644898444 ], [ 888703.390751634724438, 3499780.408811685629189 ], [ 885102.617012285161763, 3498316.903017268516123 ], [ 882392.873334656469524, 3499844.440944279078394 ] ] ], [ [ [ 876746.902602952439338, 3538299.890378137584776 ], [ 878407.99352267361246, 3538071.433049672283232 ], [ 885233.33841263060458, 3532108.252908065449446 ], [ 886544.974458090844564, 3532441.352921203244478 ], [ 892346.178735928842798, 3527591.346401534974575 ], [ 895687.538038310594857, 3526758.608441196382046 ], [ 901808.845760507741943, 3513524.549330714624375 ], [ 909948.652518792077899, 3508770.226506175938994 ], [ 913932.270117028499953, 3508731.175246760249138 ], [ 927422.27300440124236, 3503337.577346879523247 ], [ 927621.23360712826252, 3506687.698695958126336 ], [ 941118.720647008391097, 3517549.295968232676387 ], [ 952377.839468330144882, 3518021.571231379639357 ], [ 952052.983694037189707, 3525649.96021385025233 ], [ 955337.3179186002817, 3526363.722642372827977 ], [ 952964.225603973027319, 3535337.428366794716567 ], [ 929692.486272862297483, 3586324.013343984261155 ], [ 921147.566758207976818, 3585977.065612014848739 ], [ 921051.871548851951957, 3588360.709850239567459 ], [ 896732.759255248936825, 3587607.398721287027001 ], [ 896550.32887605461292, 3592469.512830753345042 ], [ 893270.494131800485775, 3592251.506092332303524 ], [ 893178.307870072661899, 3594730.203158843331039 ], [ 883659.258325605886057, 3594381.04246766353026 ], [ 883573.05935519374907, 3596764.31368329981342 ], [ 877994.563611830119044, 3596564.200860301963985 ], [ 879710.830444734310731, 3548042.94304352812469 ], [ 879611.907426356570795, 3541453.981101353652775 ], [ 876746.902602952439338, 3538299.890378137584776 ] ] ], [ [ [ 871554.130828932859004, 3416173.003732948563993 ], [ 874731.578586283605546, 3411220.837122154887766 ], [ 881492.334127825684845, 3409442.937806903384626 ], [ 885795.0370879820548, 3411020.440712432842702 ], [ 883017.244730042759329, 3413883.917463540565223 ], [ 876214.640687291044742, 3416994.886682633776218 ], [ 871554.130828932859004, 3416173.003732948563993 ] ] ] ] } },
{ "type": "Feature", "properties": { "drag_region": "SoCal", "NAME": "Orange" }, "geometry": { "type": "Polygon", "coordinates": [ [ [ 965151.165781021234579, 3559407.180915442295372 ], [ 969981.381907445727848, 3556100.438423176296055 ], [ 976281.998242934932932, 3550094.154128831811249 ], [ 983215.225283238803968, 3544982.441104746423662 ], [ 987955.220686184242368, 3543782.036534053273499 ], [ 996912.0038589714095, 3538587.585913175251335 ], [ 1003716.442139681661502, 3529846.324264105409384 ], [ 1006713.621927384287119, 3530190.92508448055014 ], [ 1011908.151078413240612, 3526919.281856529880315 ], [ 1015499.135511343483813, 3522322.470639701932669 ], [ 1016447.8905467716977, 3529834.233704472426325 ], [ 1023040.135024341056123, 3531903.598287855274975 ], [ 1022832.611290252534673, 3535815.613522232044488 ], [ 1022326.510849307873286, 3539041.998423423152417 ], [ 1030925.767721273005009, 3553378.842258275486529 ], [ 1024658.632909743348137, 3558016.974075896665454 ], [ 1019286.860846805851907, 3558495.676893561147153 ], [ 1018674.976943997200578, 3563725.732474718242884 ], [ 1014608.795098918606527, 3564849.977785378228873 ], [ 1005368.722531564417295, 3575655.280885586049408 ], [ 994633.757593618938699, 3583520.437547230161726 ], [ 977033.299556605983526, 3582544.14902479480952 ], [ 977248.638079127063975, 3578156.272299426142126 ], [ 972439.830923087429255, 3574288.440385284367949 ], [ 967495.479760342044756, 3566210.735458513721824 ], [ 967066.837433452834375, 3561219.091346303001046 ], [ 965151.165781021234579, 3559407.180915442295372 ] ] ] } },
{ "type": "Feature", "properties": { "drag_region": "BayArea", "NAME": "Kern" }, "geometry": { "type": "Polygon", "coordinates": [ [ [ 830482.399006580235437, 3776513.533122790511698 ], [ 831038.71032816497609, 3757069.418338826391846 ], [ 840791.741035578306764, 3757448.614563419017941 ], [ 841082.493077185121365, 3747631.105888065882027 ], [ 846057.739880247390829, 3744726.784689251333475 ], [ 849514.768672189442441, 3738248.571695030666888 ], [ 859947.264514237758704, 3738476.71496616397053 ], [ 860254.134361615171656, 3728754.127070394810289 ], [ 866779.90537720231805, 3728962.247967272996902 ], [ 867093.180367746972479, 3719239.535536821465939 ], [ 880162.529056407394819, 3719574.241536920890212 ], [ 880489.229298386373557, 3709851.160252716392279 ], [ 890607.13488641649019, 3710769.080621025059372 ], [ 890309.117475535604171, 3700451.108929178677499 ], [ 896840.030792632722296, 3701156.273148883599788 ], [ 898534.335962523124181, 3699593.545001487713307 ], [ 899225.277970365132205, 3680051.186304067727178 ], [ 907428.903760308749042, 3680344.287502916995436 ], [ 907515.102730720886029, 3677961.016287280712277 ], [ 917034.152275187661871, 3678310.176978460513055 ], [ 917126.338536915485747, 3675831.47991194948554 ], [ 920406.173281169612892, 3676049.486650370527059 ], [ 920588.603660363936797, 3671187.372540904209018 ], [ 944907.715953966951929, 3671940.683669856749475 ], [ 945003.41116332297679, 3669557.039431632030755 ], [ 953548.330677977297455, 3669903.987163601443172 ], [ 956055.318726511322893, 3672968.225596382748336 ], [ 1004349.879538385313936, 3675285.738942997064441 ], [ 1064807.749324596021324, 3678690.79156920639798 ], [ 1068100.214164547622204, 3678771.235351014416665 ], [ 1064322.134376559406519, 3748611.766487905289978 ], [ 1062776.606256910599768, 3770920.203840347472578 ], [ 1064225.197275321232155, 3774253.439611375331879 ], [ 1060972.69735292554833, 3774075.243573488201946 ], [ 1062421.146858204621822, 3777408.1806829739362 ], [ 1061892.25330207683146, 3787044.7487493888475 ], [ 1035582.60793860454578, 3785734.291747340932488 ], [ 1035647.025823149248026, 3784494.121568724513054 ], [ 1022627.869778192951344, 3784401.400009961333126 ], [ 994712.589936718926765, 3782845.741522730793804 ], [ 956078.595020847627893, 3781103.458785030059516 ], [ 889867.443895612144843, 3778415.834653411991894 ], [ 830482.399006580235437, 3776513.533122790511698 ] ] ] } },
{ "type": "Feature", "properties": { "drag_region": "Central", "NAME": "Contra Costa" }, "geometry": { "type": "Polygon", "coordinates": [ [ [ 428418.234345047851093, 4257918.459749506786466 ], [ 425625.201938726822846, 4252463.569428156130016 ], [ 419637.203806570498273, 4252611.359050299040973 ], [ 419663.081652459572069, 4248798.727115912362933 ], [ 416841.97431968851015, 4246301.775240011513233 ], [ 414314.128895407775417, 4247143.766905763186514 ], [ 418771.382957064779475, 4240690.600001802667975 ], [ 424457.431608197744936, 4239872.55375890340656 ], [ 428236.8873802308226, 4240854.408900587819517 ], [ 432364.247045520809479, 4237837.408924247138202 ], [ 436528.202652662061155, 4231009.890120574273169 ], [ 440015.646935458062217, 4229706.795714005827904 ], [ 448237.808758703060448, 4229119.412016533315182 ], [ 452387.684514446300454, 4225254.498312138952315 ], [ 451142.178398514981382, 4223430.091275403276086 ], [ 456235.769647705601528, 4220434.955047725699842 ], [ 491184.008025333750993, 4231672.313563232310116 ], [ 493021.351468423148617, 4235419.270094521343708 ], [ 489212.933559701195918, 4236599.853055890649557 ], [ 490985.013747974066064, 4244540.504984265193343 ], [ 488689.847125246538781, 4250225.869441524147987 ], [ 490840.23211892019026, 4253882.007954007014632 ], [ 488287.679440370178781, 4255940.376333798281848 ], [ 488818.520622092415579, 4262431.921418250538409 ], [ 481576.533227041712962, 4262514.966786050237715 ], [ 479742.163311451557092, 4258675.083101755939424 ], [ 475070.68384736799635, 4254796.660878398455679 ], [ 470357.594063923927024, 4253780.627583108842373 ], [ 466558.845134936738759, 4255162.13033698219806 ], [ 463992.079804527456872, 4258943.697341159917414 ], [ 458348.757759858504869, 4256779.238999839872122 ], [ 453284.671326027950272, 4259010.27551587857306 ], [ 446678.551409861654975, 4258368.763426352292299 ], [ 439468.134649496409111, 4254867.252108252607286 ], [ 435666.363420829060487, 4257311.512275137007236 ], [ 428418.234345047851093, 4257918.459749506786466 ] ] ] } },
{ "type": "Feature", "properties": { "drag_region": "BayArea", "NAME": "Kings" }, "geometry": { "type": "Polygon", "coordinates": [ [ [ 741997.893784881569445, 3840337.609306377824396 ], [ 745564.420253782067448, 3840341.027122590690851 ], [ 748930.966467699268833, 3835952.216280295979232 ], [ 747374.343059720704332, 3833619.035490893758833 ], [ 750698.025664582150057, 3830851.123755384702235 ], [ 751441.679171775234863, 3827533.545822966378182 ], [ 812773.581646183971316, 3829491.452480239327997 ], [ 811397.742955082794651, 3868197.915068926755339 ], [ 811521.396111065754667, 3882807.836513053625822 ], [ 816359.979531262302771, 3882982.799042756203562 ], [ 815827.60498646623455, 3897570.08395090745762 ], [ 810993.751218708697706, 3897490.211690765805542 ], [ 810968.457519738003612, 3907131.281317491549999 ], [ 806786.880082701100037, 3906981.321883677504957 ], [ 798691.23927076975815, 3898965.183893940877169 ], [ 798001.291012830566615, 3900277.65156633593142 ], [ 791296.424423289718106, 3898426.237227167002857 ], [ 790707.080152514390647, 3896783.860403846949339 ], [ 772356.641601769253612, 3896090.564698252826929 ], [ 773120.791656146757305, 3871782.079172244295478 ], [ 741997.893784881569445, 3840337.609306377824396 ] ] ] } },
{ "type": "Feature", "properties": { "drag_region": "Central", "NAME": "Mendocino" }, "geometry": { "type": "Polygon", "coordinates": [ [ [ 197123.89108523685718, 4579390.989020225591958 ], [ 204984.54343186278129, 4569196.763721330091357 ], [ 206771.975832030293532, 4563933.70940225571394 ], [ 211651.312916422495618, 4560452.905830191448331 ], [ 212783.670899334654678, 4550144.000676340423524 ], [ 217012.486087468452752, 4541333.383944904431701 ], [ 216958.249720744730439, 4535136.098476284183562 ], [ 218456.634716093773022, 4530164.994127470999956 ], [ 214334.288158172508702, 4517615.263140537776053 ], [ 213321.410583683406003, 4508185.095172088593245 ], [ 215397.359762852545828, 4498155.144075677730143 ], [ 220255.12685086048441, 4486386.580353396944702 ], [ 224504.676282024884131, 4474340.138035884127021 ], [ 224784.899246897315606, 4470333.798080203123391 ], [ 220374.491135313000996, 4462932.028264946304262 ], [ 227759.529370572126936, 4451816.65132116060704 ], [ 237981.380688905483112, 4442216.941373662091792 ], [ 241105.784918842487969, 4443343.261312573216856 ], [ 252328.767053646733984, 4443099.318706096149981 ], [ 252341.869691165105905, 4446340.46381185669452 ], [ 272599.541452787409071, 4446570.376246802508831 ], [ 272604.663694882299751, 4450002.182739973068237 ], [ 277278.506196801259648, 4451426.507243949919939 ], [ 300014.706740493827965, 4451152.58034607116133 ], [ 293470.167178054223768, 4454574.258865016512573 ], [ 293779.578820500231814, 4456195.212672618217766 ], [ 288799.16138921410311, 4456667.549312208779156 ], [ 286930.576175454712939, 4460289.258971782401204 ], [ 285685.05736603931291, 4467438.730235703289509 ], [ 281955.257411442522425, 4467439.024878195486963 ], [ 279470.40843049949035, 4470109.467685493640602 ], [ 278852.439627261424903, 4474971.790591139346361 ], [ 276369.065684976871125, 4475736.603927626274526 ], [ 277620.890974935842678, 4487080.031080404296517 ], [ 280411.260465971368831, 4487078.098319316282868 ], [ 284751.56404121092055, 4493941.12488152179867 ], [ 282893.87537931377301, 4498612.686983529478312 ], [ 282894.840730016294401, 4503474.807456625625491 ], [ 281039.202060112264007, 4505096.112309139221907 ], [ 277952.538809484802186, 4513011.040467597544193 ], [ 278887.229063266015146, 4523688.207484909333289 ], [ 282282.14126347907586, 4525307.28195982798934 ], [ 289995.344126527372282, 4525118.293231138028204 ], [ 294004.588752813346218, 4526456.961147478781641 ], [ 294305.764247248938773, 4532177.743621678091586 ], [ 293672.12044183985563, 4546478.190561953932047 ], [ 291821.934461293742061, 4550766.620382251217961 ], [ 289669.396140999800991, 4550764.853176901116967 ], [ 289665.564472477883101, 4556390.119162770919502 ], [ 287819.613198500592262, 4561537.675862577743828 ], [ 288736.920986595796421, 4568498.336572786793113 ], [ 291190.345100089267362, 4569548.915420209988952 ], [ 289958.437740166089498, 4576317.521230261772871 ], [ 237856.225974905770272, 4576362.6857590964064 ], [ 237873.147382659255527, 4579127.772340687923133 ], [ 197123.89108523685718, 4579390.989020225591958 ] ] ] } },
{ "type": "Feature", "properties": { "drag_region": "Central", "NAME": "Sonoma" }, "geometry": { "type": "Polygon", "coordinates": [ [ [ 267656.492354824324138, 4381266.314431488513947 ], [ 273863.892372385482304, 4375512.674147496931255 ], [ 285348.979332006652839, 4358685.437399334274232 ], [ 292211.606206048687454, 4352562.974977654404938 ], [ 296588.712608415400609, 4350741.075427006930113 ], [ 302841.958779774198774, 4345868.413449537009001 ], [ 308158.76161120866891, 4335758.675804784521461 ], [ 308467.880144730734173, 4329372.019984474405646 ], [ 313803.030656242044643, 4328702.815964966081083 ], [ 316940.82955796958413, 4330990.969552936032414 ], [ 321960.703038638806902, 4331470.881997397169471 ], [ 336742.494961110292934, 4318821.237123995088041 ], [ 344923.728377324296162, 4315988.603389086201787 ], [ 351836.47710991546046, 4316685.020434535108507 ], [ 358798.91256453411188, 4308141.505497987382114 ], [ 363199.040407063323073, 4309024.739765246398747 ], [ 366956.660271108965389, 4311812.608917255885899 ], [ 366003.34710958157666, 4313331.619964609853923 ], [ 369146.719047622638755, 4313542.947001396678388 ], [ 371005.41800487821456, 4317559.33423531614244 ], [ 369393.58271882950794, 4323458.271989106200635 ], [ 366228.279180297278799, 4327250.242636381648481 ], [ 367153.174564401153475, 4329830.017810650169849 ], [ 361463.469864842714742, 4336753.349199300631881 ], [ 362396.144833975704387, 4338093.429024166427553 ], [ 357980.091005036607385, 4343025.070677798241377 ], [ 359215.692190012778156, 4346177.640959963202477 ], [ 355134.519853101111948, 4348062.28616501763463 ], [ 353854.216370478272438, 4353680.058722148649395 ], [ 347264.918028656509705, 4358130.409204330295324 ], [ 345059.670305035542697, 4362315.917353703640401 ], [ 346591.035187426139601, 4370043.459611249156296 ], [ 344701.060958784655668, 4374325.725875885225832 ], [ 340954.447029960574582, 4374788.860855989158154 ], [ 335932.883441748970654, 4385164.247699978761375 ], [ 329689.818406412668992, 4390201.953403897583485 ], [ 306953.617862720100675, 4390475.880301776342094 ], [ 302279.775360801140778, 4389051.555797799490392 ], [ 302274.653118706250098, 4385619.749304628930986 ], [ 282016.981357083946932, 4385389.836869683116674 ], [ 282003.878719565575011, 4382148.691763922572136 ], [ 270780.896584761328995, 4382392.63437039963901 ], [ 267656.492354824324138, 4381266.314431488513947 ] ] ] } },
{ "type": "Feature", "properties": { "drag_region": "Central", "NAME": "Yuba" }, "geometry": { "type": "Polygon", "coordinates": [ [ [ 506391.995789912878536, 4488443.053384145721793 ], [ 505520.913870033575222, 4484615.365348419174552 ], [ 507434.39015471143648, 4481020.647385907359421 ], [ 507203.075306235696189, 4475867.566393340006471 ], [ 510153.711145244538784, 4465613.978273230604827 ], [ 508034.618503197445534, 4462052.954966581426561 ], [ 511382.023697021882981, 4446656.458803255110979 ], [ 514088.119848419562913, 4452611.578252824954689 ], [ 518715.9464387872722, 4454880.345423307269812 ], [ 525235.764440874801949, 4455468.096137782558799 ], [ 529204.897149450029247, 4459543.803106000646949 ], [ 534443.996254380908795, 4461928.573259511962533 ], [ 536656.0582676732447, 4459967.239645085297525 ], [ 536244.265921042417176, 4481705.165106384083629 ], [ 537394.079093183623627, 4486400.63033102825284 ], [ 541398.709315077634528, 4487527.57960245385766 ], [ 542561.405106061138213, 4491365.849595965817571 ], [ 549222.865973605774343, 4498559.624418461695313 ], [ 552898.448559113661759, 4500258.419675792567432 ], [ 558161.579216397251002, 4499990.408521025441587 ], [ 556936.665772098815069, 4513605.068754997104406 ], [ 554721.083163728821091, 4516132.619049712084234 ], [ 557445.028931797714904, 4518576.801465647295117 ], [ 558788.210841160966083, 4527573.847404798492789 ], [ 553035.908881278359331, 4522774.008795976638794 ], [ 550332.290962031693198, 4519377.861959625035524 ], [ 546659.68314929259941, 4517966.018760126084089 ], [ 546124.857694041216746, 4513948.707597136497498 ], [ 539011.482432571705431, 4514664.922027200460434 ], [ 539041.291136784246191, 4513139.354759436100721 ], [ 533474.426926435320638, 4513700.267882158048451 ], [ 532946.642181627685204, 4508921.331919921562076 ], [ 530817.152634547208436, 4507164.935612282715738 ], [ 531198.165103611536324, 4503261.453665303066373 ], [ 527921.585987784201279, 4496429.962481258437037 ], [ 525187.329794503632002, 4493615.383687445893884 ], [ 519321.242494496866129, 4492846.546027218922973 ], [ 518423.518833201262169, 4491019.423888987861574 ], [ 511637.242293910006993, 4489573.558782687410712 ], [ 507590.54434138443321, 4491036.186648105271161 ], [ 506391.995789912878536, 4488443.053384145721793 ] ] ] } },
{ "type": "Feature", "properties": { "drag_region": "CentralValley", "NAME": "Merced" }, "geometry": { "type": "Polygon", "coordinates": [ [ [ 449386.235390225599986, 4147759.405494795646518 ], [ 447883.676048115536105, 4142773.521243839990348 ], [ 451118.87183299130993, 4140450.269890530966222 ], [ 448015.677138296014164, 4135625.153841917403042 ], [ 448101.810948865313549, 4130954.925225687213242 ], [ 450704.016585253120866, 4128524.345753393135965 ], [ 449176.82526103494456, 4124682.172511151060462 ], [ 452399.15498154918896, 4123407.651375344954431 ], [ 456661.331822118663695, 4118054.513469188474119 ], [ 457684.328874458849896, 4114832.610058867372572 ], [ 476451.942166559339967, 4105873.531357793603092 ], [ 477762.779930386866909, 4104566.94362502079457 ], [ 500580.032657562929671, 4128746.71408327948302 ], [ 506335.847568853001576, 4128794.912259925622493 ], [ 505566.741856367734727, 4133926.119367404375225 ], [ 516139.470211992913391, 4145074.189692417625338 ], [ 537936.679103136761114, 4153123.901717466302216 ], [ 548763.603915306506678, 4153829.125870231539011 ], [ 553488.863962916191667, 4155787.842837689910084 ], [ 550500.195153361419216, 4159607.82832850003615 ], [ 542075.686820684932172, 4164123.534496168140322 ], [ 541657.858251296216622, 4167450.721120607107878 ], [ 533987.534146759659052, 4179342.930101261474192 ], [ 532531.962756848428398, 4185693.491167515516281 ], [ 522465.363388107449282, 4204871.536316254176199 ], [ 470439.576121280610096, 4177645.909799738787115 ], [ 472157.771350815834012, 4171674.869791122153401 ], [ 449386.235390225599986, 4147759.405494795646518 ] ] ] } },
{ "type": "Feature", "properties": { "drag_region": "BayArea", "NAME": "Tulare" }, "geometry": { "type": "Polygon", "coordinates": [ [ [ 983273.009591258945875, 3948189.924094328191131 ], [ 927485.187955304863863, 3945376.952679278794676 ], [ 927881.338977840146981, 3935936.232456940691918 ], [ 899297.545908024883829, 3935167.783953913953155 ], [ 899347.368749003624544, 3925525.091317827813327 ], [ 885202.152242336189374, 3925183.635377342812717 ], [ 875906.431509831221774, 3915204.75953652150929 ], [ 880088.008946868125349, 3915354.718970335554332 ], [ 880113.302645838819444, 3905713.649343609809875 ], [ 884947.156413596239872, 3905793.521603751461953 ], [ 885479.530958392308094, 3891206.236695600207895 ], [ 880640.947538195759989, 3891031.274165897630155 ], [ 880517.294382212916389, 3876421.352721770759672 ], [ 881893.133073314093053, 3837714.89013308333233 ], [ 948104.284198549576104, 3840402.514264701399952 ], [ 986738.279114420874976, 3842144.79700240213424 ], [ 1014653.558955894899555, 3843700.455489632673562 ], [ 1020188.577075982815586, 3843694.595104885753244 ], [ 1020093.508529341663234, 3851915.091945134568959 ], [ 1022015.629114535055123, 3852491.988621260039508 ], [ 1020606.112086466164328, 3860932.124660159926862 ], [ 1018239.708604180952534, 3862723.619125205092132 ], [ 1019045.365008053951897, 3866016.852326321415603 ], [ 1016670.742218585801311, 3867999.400872673373669 ], [ 1014652.962138514616527, 3875739.03005183627829 ], [ 1012933.445802194764838, 3877659.913221998605877 ], [ 1013558.508587508578785, 3884482.200823070947081 ], [ 1009400.002075783326291, 3889817.866262682247907 ], [ 1006619.456556418212131, 3900005.850731580052525 ], [ 1008664.63972446275875, 3904317.406137668993324 ], [ 1003232.305937712430023, 3909494.097568255383521 ], [ 1004333.698129053460434, 3913279.200155187398195 ], [ 998152.070926941349171, 3914212.699897071346641 ], [ 994994.273103344370611, 3919315.263931924942881 ], [ 994375.211783423321322, 3925308.710823946166784 ], [ 990380.077361266012304, 3927884.747117997612804 ], [ 990457.897740597138181, 3932860.573991157580167 ], [ 987435.554271862260066, 3935389.667683779262006 ], [ 982913.51356242026668, 3942340.425191065762192 ], [ 985727.606035985401832, 3944006.955445957835764 ], [ 983273.009591258945875, 3948189.924094328191131 ] ] ] } },
{ "type": "Feature", "properties": { "drag_region": "Central", "NAME": "Sacramento" }, "geometry": { "type": "Polygon", "coordinates": [ [ [ 515873.446470326685812, 4328419.563565168529749 ], [ 514186.161292081989814, 4315331.565182783640921 ], [ 507956.648337654129136, 4311236.411463284865022 ], [ 505869.215008624421898, 4303007.80863915476948 ], [ 503033.588719139865134, 4303159.636960487812757 ], [ 498350.219145830080379, 4300142.193196916021407 ], [ 492675.249955118226353, 4300642.743401864543557 ], [ 495242.01528552750824, 4296861.176397686824203 ], [ 499040.764214514696505, 4295479.673643813468516 ], [ 503753.853997958765831, 4296495.706939103081822 ], [ 508425.333462042326573, 4300374.129162460565567 ], [ 510259.703377632482443, 4304214.012846754863858 ], [ 517501.69077268318506, 4304130.967478955164552 ], [ 516828.62165110494243, 4306981.050984597764909 ], [ 521177.912778668862302, 4310576.366297174245119 ], [ 521732.762054636434186, 4315257.237679487094283 ], [ 525709.557775105466135, 4321995.996902248822153 ], [ 530418.957421246217564, 4322170.005021034739912 ], [ 532033.510185971157625, 4319623.010758875869215 ], [ 537695.331155913532712, 4319340.817754627205431 ], [ 544243.301932002534159, 4322130.645412198267877 ], [ 548342.857782713603228, 4321350.065291085280478 ], [ 552716.042371909599751, 4322674.990416263230145 ], [ 562036.513974907808006, 4327728.481925624422729 ], [ 565487.242598711163737, 4327896.835699401795864 ], [ 564993.253361639101058, 4350967.683168939314783 ], [ 556380.936556831933558, 4373963.801797884516418 ], [ 554520.102516996557824, 4373353.541040177457035 ], [ 524516.853520611301064, 4375375.698933508247137 ], [ 514220.003940229362343, 4375307.353991993702948 ], [ 511806.746167930832598, 4369740.424095660448074 ], [ 515312.547105780744459, 4365121.153854115866125 ], [ 517814.544500135642011, 4364969.212203648872674 ], [ 518819.314130689075682, 4360694.022045571357012 ], [ 522574.59529138187645, 4360467.998531185090542 ], [ 521469.713040066941176, 4351391.396508277393878 ], [ 518975.360759175557178, 4350779.659810278564692 ], [ 519979.091185215685982, 4346695.306460393592715 ], [ 523124.015679789299611, 4345887.509730933234096 ], [ 523488.269782726129051, 4342746.726117955520749 ], [ 521003.47121362312464, 4341371.805013569071889 ], [ 522065.672318636265118, 4333760.574325609020889 ], [ 516782.68529221083736, 4330531.137069900520146 ], [ 515873.446470326685812, 4328419.563565168529749 ] ] ] } },
{ "type": "Feature", "properties": { "drag_region": "Central", "NAME": "Solano" }, "geometry": { "type": "Polygon", "coordinates": [ [ [ 415351.048764452687465, 4297963.869203570298851 ], [ 416304.361925980076194, 4296444.858156216330826 ], [ 424827.473755161161534, 4292405.812804230488837 ], [ 427699.465148980962113, 4287375.819371438585222 ], [ 434947.594224762171507, 4286768.871897068805993 ], [ 438749.36545342952013, 4284324.611730184406042 ], [ 445959.782213794765994, 4287826.123048284091055 ], [ 452565.902129961061291, 4288467.635137810371816 ], [ 457629.988563791615888, 4286236.598621771670878 ], [ 463273.310608460567892, 4288401.05696309171617 ], [ 468948.279799172421917, 4287900.50675814319402 ], [ 473631.649372482206672, 4290917.950521714985371 ], [ 476467.275661966763437, 4290766.122200381942093 ], [ 478554.708990996470675, 4298994.725024512037635 ], [ 484784.221945424331352, 4303089.878744010813534 ], [ 486471.507123669027351, 4316177.877126395702362 ], [ 477682.233638202189468, 4316239.513433635234833 ], [ 477348.52553632715717, 4339785.285544436424971 ], [ 473265.419376194127835, 4340872.476595439016819 ], [ 469219.960227738600224, 4339197.212745191529393 ], [ 462940.756992629147135, 4340833.009360641241074 ], [ 455752.333728205529042, 4340174.966670447960496 ], [ 449548.569640497211367, 4335148.417120871134102 ], [ 445758.85267173347529, 4338350.087514568120241 ], [ 441695.647021594457328, 4337832.751286542974412 ], [ 439593.614667052868754, 4328469.870719886384904 ], [ 443088.851834395201877, 4323546.377077296376228 ], [ 445360.634354719310068, 4315942.509252872318029 ], [ 432809.312450253870338, 4315825.017623733729124 ], [ 434420.87525997729972, 4310977.242028669454157 ], [ 431917.979802583344281, 4309907.074732307344675 ], [ 434163.459681100561284, 4304492.691028404980898 ], [ 432309.666614996967837, 4300758.99913414940238 ], [ 433905.467940103844739, 4298008.218313097022474 ], [ 415351.048764452687465, 4297963.869203570298851 ] ] ] } },
{ "type": "Feature", "properties": { "drag_region": "CentralValley", "NAME": "Mariposa" }, "geometry": { "type": "Polygon", "coordinates": [ [ [ 659250.139748190180399, 4251111.304358004592359 ], [ 652975.178928058012389, 4257741.978882017545402 ], [ 648438.38487909163814, 4260527.518287310376763 ], [ 642767.417819325462915, 4259930.259707460179925 ], [ 639484.519852280034684, 4263149.519614896737039 ], [ 635369.530370918451808, 4263283.714622182771564 ], [ 632996.646968591841869, 4258995.704438643530011 ], [ 628965.602669341606088, 4256749.456436146050692 ], [ 629040.886476489598863, 4254651.704976219683886 ], [ 620680.729318975354545, 4249391.802389536052942 ], [ 615057.150051688076928, 4247193.367195513099432 ], [ 610255.299604610539973, 4248749.203710501082242 ], [ 603965.326197367743589, 4247490.773427058942616 ], [ 596205.24782195314765, 4252584.885936583392322 ], [ 591091.982165555469692, 4254236.811100238934159 ], [ 587142.704174639540724, 4248960.998188112862408 ], [ 582354.276778881787322, 4250342.074701383709908 ], [ 582121.438411980052479, 4247567.691431886516511 ], [ 577398.062220594845712, 4246758.893705172464252 ], [ 575598.408271110150963, 4243366.265992950648069 ], [ 568346.635667615802959, 4242298.45058492384851 ], [ 571707.831759848399088, 4235524.654738110490143 ], [ 569854.119287280016579, 4233849.588112153112888 ], [ 564366.529698546044528, 4237415.987277563661337 ], [ 564837.265412680571899, 4231895.425288644619286 ], [ 574903.864781421609223, 4212717.380139905959368 ], [ 576359.436171332723461, 4206366.819073651917279 ], [ 584029.760275869281031, 4194474.610092997550964 ], [ 584447.588845258112997, 4191147.423468558583409 ], [ 592872.097177934483625, 4186631.717300890479237 ], [ 595860.765987489256077, 4182811.731810080353171 ], [ 620787.99561625753995, 4209588.1302724564448 ], [ 630634.750824535498396, 4210027.862356596626341 ], [ 630465.162489585462026, 4214795.271140366792679 ], [ 633637.400972918490879, 4215004.24912164080888 ], [ 633507.012595308828168, 4218627.530248863622546 ], [ 636363.859064184944145, 4218730.867640881799161 ], [ 636096.819830420194194, 4226072.883181584067643 ], [ 659250.139748190180399, 4251111.304358004592359 ] ] ] } },
{ "type": "Feature", "properties": { "drag_region": "Central", "NAME": "Marin" }, "geometry": { "type": "Polygon", "coordinates": [ [ [ 319780.683956850785762, 4294408.152211155742407 ], [ 322921.045504728041124, 4289356.737116375938058 ], [ 320722.802206156309694, 4287449.900677587836981 ], [ 324497.11347440892132, 4278681.848456443287432 ], [ 323555.651243555301335, 4274106.193724673241377 ], [ 319149.197179798560683, 4262000.456312856636941 ], [ 325449.412522075232118, 4265147.544193338602781 ], [ 330490.265512625453994, 4264389.886599083431065 ], [ 335851.709852018509991, 4261253.075490389950573 ], [ 339014.829927086539101, 4256208.106739401817322 ], [ 346288.028848925372586, 4249842.07867422234267 ], [ 350386.410263165947981, 4250999.965130909346044 ], [ 358617.776783371227793, 4245220.276645179837942 ], [ 361477.902353300596587, 4241612.217392278835177 ], [ 366207.933394835912623, 4243162.429064423777163 ], [ 363960.834736347664148, 4249917.556234846822917 ], [ 367448.241344028851017, 4247172.763344261795282 ], [ 369650.040772556443699, 4248520.19794349744916 ], [ 363624.489865040872246, 4253823.744458521716297 ], [ 364863.294130024616607, 4258024.386348344385624 ], [ 368632.45087584364228, 4260428.845406230539083 ], [ 363878.635227203369141, 4265263.23030545655638 ], [ 365429.233726156060584, 4269656.378961394540966 ], [ 364776.565865142852999, 4273846.841744177043438 ], [ 357814.130410524201579, 4282390.356680724769831 ], [ 350901.381677933037281, 4281693.939635275863111 ], [ 342720.148261719034053, 4284526.573370184749365 ], [ 327938.356339247548021, 4297176.218243586830795 ], [ 322918.482858578325249, 4296696.305799125693738 ], [ 319780.683956850785762, 4294408.152211155742407 ] ] ] } },
{ "type": "Feature", "properties": { "drag_region": "Central", "NAME": "Sutter" }, "geometry": { "type": "Polygon", "coordinates": [ [ [ 465138.141513111477252, 4476424.510149175301194 ], [ 461815.82495784322964, 4469329.136300912126899 ], [ 463728.594945492513943, 4464774.72616517636925 ], [ 462203.294483339937869, 4462659.114055641926825 ], [ 467309.764833936991636, 4450801.339101708494127 ], [ 470727.662941332731862, 4450653.221061530523002 ], [ 472956.752929305948783, 4446390.961430185474455 ], [ 473330.514813817513641, 4441532.893235304392874 ], [ 471866.214334173186217, 4434458.155861325562 ], [ 474680.274566319363657, 4433445.695070263929665 ], [ 473802.406002557894681, 4429143.510668119415641 ], [ 476633.840953840466682, 4426987.706900679506361 ], [ 479414.66234239336336, 4428646.221683817915618 ], [ 481937.729757466178853, 4426392.693349653854966 ], [ 482011.056172457581852, 4421149.374287387356162 ], [ 485192.193599044869188, 4416712.915075371041894 ], [ 493300.435366535151843, 4416833.467710983008146 ], [ 492411.40562408749247, 4413768.483630472794175 ], [ 502708.255204469489399, 4413836.828571987338364 ], [ 503924.338355894491542, 4415764.254239493049681 ], [ 503601.963772998831701, 4435022.017665749415755 ], [ 508578.749630725651514, 4435202.419549072161317 ], [ 508444.263878385827411, 4442924.787316202186048 ], [ 501924.445876298297662, 4442337.036601726897061 ], [ 497296.619285930588376, 4440068.269431244581938 ], [ 494590.523134532908443, 4434113.149981674738228 ], [ 491243.117940708470996, 4449509.64614500105381 ], [ 493362.210582755564246, 4453070.669451650232077 ], [ 490411.574743746721651, 4463324.25757175963372 ], [ 490642.889592222461943, 4468477.33856432698667 ], [ 488729.413307544600684, 4472072.056526838801801 ], [ 489600.495227423903998, 4475899.744562565349042 ], [ 489275.073727897193749, 4476943.799360242672265 ], [ 465138.141513111477252, 4476424.510149175301194 ] ] ] } },
{ "type": "Feature", "properties": { "drag_region": "NorCal", "NAME": "Lassen" }, "geometry": { "type": "Polygon", "coordinates": [ [ [ 642877.145723759313114, 4699415.836090230382979 ], [ 643468.368196859722957, 4668515.901035434566438 ], [ 644375.308029171079397, 4668533.261335507966578 ], [ 644743.520799973863177, 4617406.256167870946229 ], [ 667267.458799628191628, 4617962.236475837416947 ], [ 667729.235270923003554, 4596887.245313850231469 ], [ 672701.43847903679125, 4593085.843481483869255 ], [ 677588.201033261255361, 4593197.381445625796914 ], [ 679191.008167187101208, 4589990.608167973347008 ], [ 684059.324128169100732, 4590964.537848267704248 ], [ 683947.183341323514469, 4595637.272109674289823 ], [ 690259.599028467666358, 4599799.206798538565636 ], [ 692900.198760280502029, 4604064.061729580163956 ], [ 702378.150068836519495, 4603450.593853712081909 ], [ 704885.038975816220045, 4601036.195357076823711 ], [ 708851.930238057509996, 4601143.674717000685632 ], [ 708917.141003956901841, 4598759.526699751615524 ], [ 714765.041272246395238, 4597203.760591899044812 ], [ 717037.571179221966304, 4592495.815932003781199 ], [ 719481.652959460625425, 4592565.54142486397177 ], [ 723642.66235816758126, 4586195.602695677429438 ], [ 729558.07093809125945, 4582838.799061846919358 ], [ 737538.66141502535902, 4582222.74352881219238 ], [ 740673.073530724504963, 4579933.936526602134109 ], [ 741846.320586300920695, 4571856.529342292807996 ], [ 745068.043915832531638, 4566994.367870370857418 ], [ 750078.698207221692428, 4563909.513051237910986 ], [ 750600.777313329861499, 4547792.505961848422885 ], [ 747526.704749438213184, 4538052.044171223416924 ], [ 758599.675536665366963, 4538603.585591949522495 ], [ 759779.647501063765958, 4540170.531533647328615 ], [ 760045.804670681944117, 4541420.602796874940395 ], [ 759091.626436785212718, 4578910.953325308859348 ], [ 756639.247906787204556, 4651014.427865034900606 ], [ 756225.121050974004902, 4654246.939103568904102 ], [ 754569.720715085044503, 4702414.741761732846498 ], [ 681109.980803353246301, 4700249.651799547486007 ], [ 642877.145723759313114, 4699415.836090230382979 ] ] ] } },
{ "type": "Feature", "properties": { "drag_region": "SoCal", "NAME": "Riverside" }, "geometry": { "type": "Polygon", "coordinates": [ [ [ 1435862.065278706140816, 3641185.482245196588337 ], [ 1354439.567934302380309, 3634479.439370504114777 ], [ 1354807.895176033023745, 3629605.27152474783361 ], [ 1244163.723709969082847, 3621809.512867918703705 ], [ 1205304.549220196902752, 3619512.045102178119123 ], [ 1205497.620836978545412, 3616266.677882988937199 ], [ 1179266.181062539573759, 3614647.674585191532969 ], [ 1178178.149134701816365, 3616213.631902155932039 ], [ 1164560.565328793600202, 3615548.681731485761702 ], [ 1164139.17772032157518, 3617152.586309855803847 ], [ 1147216.801388262305409, 3616139.407040585763752 ], [ 1147481.163681731326506, 3611177.94864359498024 ], [ 1142932.88548511872068, 3609023.339240211993456 ], [ 1142872.104200932662934, 3603853.724283647257835 ], [ 1138889.41311802668497, 3603549.268176480196416 ], [ 1137535.477957943221554, 3597547.512283930554986 ], [ 1146775.550525297410786, 3586742.209183722734451 ], [ 1150841.732370375888422, 3585617.963873062748462 ], [ 1151453.61627318453975, 3580387.908291905652732 ], [ 1156825.38833612203598, 3579909.205474241171032 ], [ 1163092.523147651692852, 3575271.073656619992107 ], [ 1154493.266275686677545, 3560934.229821767657995 ], [ 1154999.366716631222516, 3557707.844920576550066 ], [ 1168359.01394635788165, 3558426.201419719960541 ], [ 1167779.230562183307484, 3556767.636920934543014 ], [ 1180060.712165319826454, 3552848.451483694370836 ], [ 1180501.079247960820794, 3550958.38822489278391 ], [ 1199926.026887627318501, 3551483.21085681207478 ], [ 1288242.501114937476814, 3556881.563270365819335 ], [ 1345473.278399923350662, 3560973.651672115083784 ], [ 1348137.819178064120933, 3561360.226759641896933 ], [ 1424122.42615514760837, 3567796.159639638382941 ], [ 1424247.87001173500903, 3570405.694761739578098 ], [ 1429595.729331051930785, 3579218.540259520057589 ], [ 1432418.937102945987135, 3581761.597070906311274 ], [ 1430718.587379749398679, 3586051.28654434112832 ], [ 1431187.95576478773728, 3596682.802740350365639 ], [ 1433765.433559317607433, 3598051.864116596523672 ], [ 1432510.23127541760914, 3605074.476283554453403 ], [ 1429666.705636692233384, 3611002.094584794715047 ], [ 1429595.553621023660526, 3615907.628078327514231 ], [ 1431548.144678722834215, 3616647.783566136844456 ], [ 1430443.607243593083695, 3621852.784844894427806 ], [ 1427952.500484170392156, 3623571.704952610656619 ], [ 1436346.055252206977457, 3635446.550681791268289 ], [ 1435862.065278706140816, 3641185.482245196588337 ] ] ] } },
{ "type": "Feature", "properties": { "drag_region": "Central", "NAME": "Plumas" }, "geometry": { "type": "Polygon", "coordinates": [ [ [ 549157.384530793759041, 4670810.530009272508323 ], [ 551467.990722269518301, 4660452.95934237819165 ], [ 559111.23046073957812, 4659348.863193970173597 ], [ 562529.160279082949273, 4655978.031778543256223 ], [ 559501.73542826960329, 4654681.865531581453979 ], [ 561988.456598693272099, 4652247.645673534832895 ], [ 560592.610825051204301, 4645162.895054491236806 ], [ 557275.476159200305119, 4642717.875664384104311 ], [ 554517.18258790357504, 4643145.785998728126287 ], [ 554602.694750580005348, 4638282.624973042868078 ], [ 557659.921102608903311, 4638336.975790647789836 ], [ 557426.017963265650906, 4634326.543978063389659 ], [ 560850.297722280141897, 4631145.519188375212252 ], [ 556398.772333012078889, 4623243.576876938343048 ], [ 557431.727443802286871, 4616871.241065657697618 ], [ 557296.284753284067847, 4607235.194082621484995 ], [ 561934.188335780869238, 4605506.649186650291085 ], [ 562608.026446447009221, 4602275.984479018487036 ], [ 568539.55175475764554, 4597427.429552616551518 ], [ 575173.774283700971864, 4588590.818283294327557 ], [ 578592.045001377933659, 4587038.210122579708695 ], [ 581494.939245629240759, 4580706.728949931450188 ], [ 586805.600446636555716, 4577384.512692070566118 ], [ 592557.902406519162469, 4582184.351300892420113 ], [ 597405.685455366852693, 4585823.345891654491425 ], [ 598766.974327369593084, 4593582.334373312070966 ], [ 603902.805415010778233, 4597614.359041769057512 ], [ 608909.971676999353804, 4594109.366782552562654 ], [ 611154.701385544613004, 4590443.330576376989484 ], [ 614205.570952430483885, 4591568.768910180777311 ], [ 620477.484767012530938, 4587148.39693620800972 ], [ 624088.945331316324882, 4590391.581116224639118 ], [ 666247.384127639583312, 4591713.659485415555537 ], [ 669321.456691531231627, 4601454.121276040561497 ], [ 668799.377585423062555, 4617571.128365430049598 ], [ 663788.723294033901766, 4620655.98318456299603 ], [ 660566.999964502290823, 4625518.144656484946609 ], [ 659393.75290892587509, 4633595.551840794272721 ], [ 656259.340793226729147, 4635884.358843004330993 ], [ 648278.750316292629577, 4636500.41437603905797 ], [ 642363.341736368951388, 4639857.21800986956805 ], [ 638202.332337661995552, 4646227.156739056110382 ], [ 635758.250557423336431, 4646157.431246195919812 ], [ 633485.720650447765365, 4650865.375906091183424 ], [ 627637.820382158271968, 4652421.142013943754137 ], [ 627572.609616258880123, 4654805.290031192824244 ], [ 623605.718354017590173, 4654697.810671268962324 ], [ 621098.829447037889622, 4657112.209167904220521 ], [ 611620.878138481872156, 4657725.677043772302568 ], [ 608980.278406669036485, 4653460.822112730704248 ], [ 602667.862719524884596, 4649298.887423866428435 ], [ 602780.003506370470859, 4644626.153162459842861 ], [ 597911.687545388471335, 4643652.22348216548562 ], [ 596308.880411462625489, 4646858.996759817935526 ], [ 591422.117857238161378, 4646747.458795676007867 ], [ 586449.914649124373682, 4650548.860628042370081 ], [ 585988.138177829561755, 4671623.851790029555559 ], [ 563464.200178175233305, 4671067.871482063084841 ], [ 549157.384530793759041, 4670810.530009272508323 ] ] ] } },
{ "type": "Feature", "properties": { "drag_region": "CentralValley", "NAME": "Santa Clara" }, "geometry": { "type": "Polygon", "coordinates": [ [ [ 294703.901344165322371, 4181997.54249762557447 ], [ 289955.431126155541278, 4180524.280223782174289 ], [ 287753.689794715144671, 4178122.151941169984639 ], [ 286550.286723647033796, 4170200.82707114610821 ], [ 289126.455473856418394, 4166410.416296876501292 ], [ 287543.780929060769267, 4165538.921402586158365 ], [ 291074.602921719197184, 4161947.92168305022642 ], [ 296868.727975716930814, 4155043.862293711863458 ], [ 302000.778635144466534, 4151472.850108040962368 ], [ 305559.855655421619304, 4146362.941322948317975 ], [ 314535.614802230382338, 4142173.817202282138169 ], [ 317088.254536621039733, 4142108.697449940256774 ], [ 326417.317250827560201, 4136125.024117334280163 ], [ 336496.022937314817682, 4123298.496385170146823 ], [ 342272.73997008590959, 4121857.232281855773181 ], [ 342305.320511730154976, 4119665.216625634580851 ], [ 344227.060132105834782, 4119503.337112371344119 ], [ 350472.359448276809417, 4129132.895939465146512 ], [ 353657.696415397222154, 4129756.041656082030386 ], [ 356902.813593211118132, 4126758.691853827796876 ], [ 374798.343784445314668, 4127074.917347728740424 ], [ 372196.138148057507351, 4129505.496820022817701 ], [ 372110.004337488207966, 4134175.725436253007501 ], [ 375213.199032183503732, 4139000.841484866570681 ], [ 371978.003247307729907, 4141324.092838175594807 ], [ 373480.562589417793788, 4146309.977089131250978 ], [ 368599.487343826331198, 4151654.773678380064666 ], [ 364490.928078977507539, 4149674.408792548347265 ], [ 361906.611072621541098, 4151631.365019721910357 ], [ 358788.263808212243021, 4147573.632604598999023 ], [ 356440.657656603609212, 4154493.809447092469782 ], [ 352867.141790442052297, 4158725.001076125539839 ], [ 352488.292137156822719, 4162436.977232333738357 ], [ 357209.9534044964239, 4165566.072616666555405 ], [ 355530.458173205493949, 4170876.947927925735712 ], [ 356758.647111903643236, 4173471.74741683062166 ], [ 352602.446687788702548, 4174928.165162081364542 ], [ 351282.070144669036381, 4177957.509075182955712 ], [ 351175.316110219573602, 4184534.210416339337826 ], [ 315947.776621609693393, 4184131.90754839964211 ], [ 310907.199400064651854, 4180831.929644868243486 ], [ 308985.373913782997988, 4182335.407147971447557 ], [ 300425.049096600036137, 4181291.026276629418135 ], [ 294703.901344165322371, 4181997.54249762557447 ] ] ] } },
{ "type": "Feature", "properties": { "drag_region": "Central", "NAME": "Placer" }, "geometry": { "type": "Polygon", "coordinates": [ [ [ 563100.508726296713576, 4444154.556495749391615 ], [ 563234.994478636537679, 4436432.188728619366884 ], [ 558258.208620909717865, 4436251.786845296621323 ], [ 558580.583203805377707, 4416994.023419040255249 ], [ 557364.500052380375564, 4415066.597751534543931 ], [ 587367.749048765632324, 4413044.439858203753829 ], [ 590630.693513996549882, 4421313.954381434246898 ], [ 590561.377083676401526, 4424650.814868190325797 ], [ 593918.675792987807654, 4428059.683564140461385 ], [ 595621.903124657925218, 4435822.179656441323459 ], [ 604284.179688001284376, 4438302.512076182290912 ], [ 604217.3405433408916, 4441258.145156489685178 ], [ 611397.512958718230948, 4440279.071133079007268 ], [ 615312.881212558364496, 4445714.551795840263367 ], [ 622452.933877112925984, 4446271.205575970932841 ], [ 630083.496121942880563, 4439882.053949626162648 ], [ 636083.312569704488851, 4436700.101954693906009 ], [ 641324.915901497006416, 4438654.331413983367383 ], [ 644952.99100901465863, 4442571.127494305372238 ], [ 647864.183889742824249, 4449714.137278716079891 ], [ 664661.929483387852088, 4449633.536758068017662 ], [ 669607.766541122226045, 4450644.249470289796591 ], [ 672900.051441710907966, 4454755.89821089245379 ], [ 685013.154084417154081, 4455146.241316744126379 ], [ 684654.068812621640973, 4466017.22777733206749 ], [ 683788.704193136887625, 4482790.5058076037094 ], [ 628706.01598274288699, 4480969.621469184756279 ], [ 621662.449801854440011, 4477831.572361974045634 ], [ 615309.279770056018606, 4471568.606784523464739 ], [ 610731.827078938717023, 4468501.458802562206984 ], [ 609869.297530099167489, 4465619.100878255441785 ], [ 606485.114337458391674, 4464395.468865562230349 ], [ 600431.822043085587211, 4457580.626479580067098 ], [ 599583.03516725031659, 4453841.524761262349784 ], [ 595385.980306676821783, 4446786.507929711602628 ], [ 589797.927575176930986, 4446381.973566999658942 ], [ 586940.309582690591924, 4449279.805113178677857 ], [ 582646.030526803806424, 4446427.016914534382522 ], [ 574520.802553095156327, 4448653.700003052130342 ], [ 572308.740539802820422, 4450615.03361747879535 ], [ 567069.641434871940874, 4448230.263463967479765 ], [ 563100.508726296713576, 4444154.556495749391615 ] ] ] } },
{ "type": "Feature", "properties": { "drag_region": "BayArea", "NAME": "San Luis Obispo" }, "geometry": { "type": "Polygon", "coordinates": [ [ [ 601738.838675892562605, 3766285.92207447020337 ], [ 604415.676705831894651, 3761565.556571849156171 ], [ 604813.979913988965563, 3757283.028075547888875 ], [ 610445.958448568009771, 3751090.401472479570657 ], [ 618289.006168675143272, 3748850.244241397827864 ], [ 624325.29480857111048, 3739336.748392015229911 ], [ 633307.500655946787447, 3729790.479037483688444 ], [ 642131.016251274035312, 3728638.471915738657117 ], [ 645823.837290442665108, 3723664.500686178915203 ], [ 646578.868599186302163, 3718913.85898602148518 ], [ 643582.222636514343321, 3706360.594895595684648 ], [ 647273.687886320170946, 3701863.419435325078666 ], [ 656214.959462163853459, 3696816.887913935817778 ], [ 657150.594230822753161, 3698840.208348395768553 ], [ 661742.735635337070562, 3698277.917981768492609 ], [ 667754.483197673456743, 3693079.428505782969296 ], [ 668244.797563437605277, 3686225.915596751030535 ], [ 666834.654889515019022, 3676562.433683921582997 ], [ 669158.196569331921637, 3675377.884717396926135 ], [ 680223.939910568180494, 3678794.513069885317236 ], [ 686464.390249108895659, 3678380.610581620130688 ], [ 699146.395658093388192, 3670227.248665418475866 ], [ 699366.078186591505073, 3674238.809306386858225 ], [ 695263.962977550341748, 3680423.035584232304245 ], [ 702076.430862197768874, 3683087.134786526206881 ], [ 706675.570317433332093, 3682737.663715562783182 ], [ 709245.04925701348111, 3684622.127229953184724 ], [ 710435.962288500275463, 3688852.756884146016091 ], [ 713973.802764657768421, 3691147.936795033048838 ], [ 717842.708691490930505, 3693263.561044642236084 ], [ 728505.348219029721804, 3687285.577905131038278 ], [ 732426.08898099779617, 3687691.820082895923406 ], [ 739071.476098081446253, 3684845.986353028565645 ], [ 741449.300185158848763, 3682249.707804758567363 ], [ 749103.872892402927391, 3678870.108809029217809 ], [ 755994.359062953502871, 3678906.27817860012874 ], [ 761323.640227399184369, 3676604.177226643078029 ], [ 768742.84328755561728, 3670941.279625220689923 ], [ 774636.079198914463632, 3671529.038909632246941 ], [ 773945.137191072455607, 3691071.39760705223307 ], [ 772250.832021182053722, 3692634.125754448119551 ], [ 765719.918704084935598, 3691928.961534743197262 ], [ 766017.936114965821616, 3702246.933226589579135 ], [ 755900.030526935704984, 3701329.012858280912042 ], [ 755573.330284956726246, 3711052.094142485409975 ], [ 742503.981596296303906, 3710717.388142385985702 ], [ 742190.706605751649477, 3720440.100572837516665 ], [ 735664.935590164503083, 3720231.979675959330052 ], [ 735358.06574278709013, 3729954.567571728490293 ], [ 724925.569900738773867, 3729726.424300595186651 ], [ 721468.541108796722256, 3736204.637294815853238 ], [ 716493.294305734452792, 3739108.95849363040179 ], [ 716202.542264127638191, 3748926.467168983537704 ], [ 706449.511556714307517, 3748547.270944390911609 ], [ 705893.200235129566863, 3767991.385728355031461 ], [ 622502.706930242013186, 3766470.455982448533177 ], [ 601738.838675892562605, 3766285.92207447020337 ] ] ] } },
{ "type": "Feature", "properties": { "drag_region": "Central", "NAME": "San Mateo" }, "geometry": { "type": "Polygon", "coordinates": [ [ [ 384374.469910676241852, 4172795.686135489027947 ], [ 385045.815891074365936, 4165650.818945262115449 ], [ 382867.831187850330025, 4158109.74729183409363 ], [ 383216.207935291924514, 4152011.662297929637134 ], [ 385136.153757059713826, 4148876.536902447696775 ], [ 388951.444035666878335, 4147563.576219790615141 ], [ 389615.398387635243125, 4142611.345385141205043 ], [ 393479.686495742294937, 4134152.465665089897811 ], [ 391966.024437077576295, 4121848.246457579545677 ], [ 393276.483800250221975, 4115947.362418297678232 ], [ 398731.389379020780325, 4110264.986643815413117 ], [ 399389.585831702221185, 4107315.057581449393183 ], [ 403224.616513431072235, 4106199.062255249358714 ], [ 400928.473803036380559, 4115045.867828101385385 ], [ 407615.707617442007177, 4115477.874292701482773 ], [ 407593.617911925190128, 4118241.68483615340665 ], [ 415555.299302747123875, 4118309.10806583892554 ], [ 415485.359527849126607, 4126124.128848731983453 ], [ 411954.537535190698691, 4129715.128568267915398 ], [ 413537.212079986347817, 4130586.623462558258325 ], [ 410961.043329776963219, 4134377.034236827865243 ], [ 412164.446400845074095, 4142298.359106851741672 ], [ 414366.187732285470702, 4144700.487389463931322 ], [ 419114.657950295251794, 4146173.749663307331502 ], [ 416532.635143632302061, 4150820.277215745300055 ], [ 413998.99317446234636, 4150320.885379498358816 ], [ 405373.599828001810238, 4157874.22150223935023 ], [ 396800.868564315256663, 4160003.73067728150636 ], [ 397416.905478773522191, 4162581.425106040202081 ], [ 394182.192452958784997, 4172853.746986066456884 ], [ 384374.469910676241852, 4172795.686135489027947 ] ] ] } },
{ "type": "Feature", "properties": { "drag_region": "CentralValley", "NAME": "Mono" }, "geometry": { "type": "Polygon", "coordinates": [ [ [ 705273.099723275285214, 4350822.919997906312346 ], [ 704821.975884932791814, 4345936.859780078753829 ], [ 708779.676133232424036, 4340925.172418665140867 ], [ 706739.77756528602913, 4336458.274710590019822 ], [ 717052.387596106156707, 4330155.796016957610846 ], [ 718553.688156393822283, 4332122.31376860383898 ], [ 723203.203271263744682, 4325900.942097086459398 ], [ 724711.406557548558339, 4327677.90485652256757 ], [ 731442.207277584355325, 4324883.657697760500014 ], [ 735775.285129448864609, 4319037.749784477986395 ], [ 734786.457970822928473, 4312121.624118618667126 ], [ 736469.697507235454395, 4309514.0190354809165 ], [ 744563.610772324260324, 4304776.930175257846713 ], [ 744449.201572038931772, 4299805.17340474203229 ], [ 745984.621680876007304, 4293181.077566397376359 ], [ 740220.842789815971628, 4286835.778682916425169 ], [ 745078.957087971502915, 4284260.985206304118037 ], [ 746560.783104973612353, 4286804.594582273624837 ], [ 753217.743895805673674, 4286791.395210235379636 ], [ 758513.606870336225256, 4281471.654834373854101 ], [ 761618.115029786014929, 4275583.824810171499848 ], [ 762779.216570758959278, 4270665.036629054695368 ], [ 767036.433515873970464, 4267693.719486664049327 ], [ 772462.403551986208186, 4267163.743750329129398 ], [ 778539.569559806026518, 4259116.930108392611146 ], [ 783239.320359024219215, 4260759.156777261756361 ], [ 785273.096408807905391, 4257983.377384097315371 ], [ 868811.328504539327696, 4262445.00327346008271 ], [ 848176.407761499751359, 4279128.762074935249984 ], [ 774307.120102741289884, 4340061.344318867661059 ], [ 753761.550755932927132, 4356555.938917389139533 ], [ 747239.930680479155853, 4362204.766464084386826 ], [ 708386.837960648583248, 4393908.213556461967528 ], [ 706083.358580320607871, 4388570.513935428112745 ], [ 706024.25107645848766, 4381692.935663167387247 ], [ 713027.870156473945826, 4370303.445237825624645 ], [ 711829.358717158436775, 4360422.544318091124296 ], [ 706569.935172479134053, 4358318.178356896154583 ], [ 707936.480370451696217, 4355312.754524195566773 ], [ 705273.099723275285214, 4350822.919997906312346 ] ] ] } },
{ "type": "Feature", "properties": { "drag_region": "SoCal", "NAME": "San Diego" }, "geometry": { "type": "Polygon", "coordinates": [ [ [ 1099420.468568309908733, 3468895.652823459357023 ], [ 1108094.027828610036522, 3463418.911958675365895 ], [ 1122477.324535804335028, 3445719.041812427341938 ], [ 1125774.97143272520043, 3440729.512667363043875 ], [ 1130798.664454393088818, 3428847.629733919166028 ], [ 1134663.455789077095687, 3413648.544789955951273 ], [ 1131951.423478442477062, 3407662.300291863270104 ], [ 1134858.076032665092498, 3403896.158274283632636 ], [ 1134889.976008624536917, 3397102.198481473140419 ], [ 1136243.928325573448092, 3390858.72035746043548 ], [ 1140845.116413196315989, 3393311.675303079653531 ], [ 1143647.965660833753645, 3391551.385539797134697 ], [ 1147011.278387491824105, 3385801.976174831390381 ], [ 1148541.982846569269896, 3376504.910268666688353 ], [ 1243906.395333530846983, 3391642.538833432365209 ], [ 1240579.574994741240516, 3442362.733795081730932 ], [ 1242931.598683413118124, 3442518.24281455995515 ], [ 1239997.078745525330305, 3481562.514055778738111 ], [ 1151680.604518215171993, 3476164.161642224993557 ], [ 1132255.656878548441455, 3475639.339010305702686 ], [ 1131815.289795907679945, 3477529.402269107289612 ], [ 1119533.808192771160975, 3481448.58770634746179 ], [ 1120113.591576945735142, 3483107.152205132879317 ], [ 1106753.944347219076008, 3482388.795705989468843 ], [ 1106961.468081307597458, 3478476.78047161269933 ], [ 1100369.223603738239035, 3476407.41588822985068 ], [ 1099420.468568309908733, 3468895.652823459357023 ] ] ] } },
{ "type": "Feature", "properties": { "drag_region": "Central", "NAME": "Napa" }, "geometry": { "type": "Polygon", "coordinates": [ [ [ 376678.750373829505406, 4371829.311473070643842 ], [ 375147.385491438908502, 4364101.769215525127947 ], [ 377352.633215059875511, 4359916.26106615178287 ], [ 383941.931556881638244, 4355465.91058397013694 ], [ 385222.235039504477754, 4349848.138026839122176 ], [ 389303.407376416143961, 4347963.492821784690022 ], [ 388067.80619143997319, 4344810.922539619728923 ], [ 392483.860020379070193, 4339879.280885987915099 ], [ 391551.185051246080548, 4338539.201061122119427 ], [ 397240.889750804519281, 4331615.869672471657395 ], [ 396315.994366700644605, 4329036.094498203136027 ], [ 399481.297905232873745, 4325244.123850927688181 ], [ 401093.133191281580366, 4319345.186097137629986 ], [ 399234.43423402600456, 4315328.798863218165934 ], [ 396091.062295984942466, 4315117.471826431341469 ], [ 414645.481471636099741, 4315161.820935958065093 ], [ 413049.680146529222839, 4317912.601757010444999 ], [ 414903.473212632816285, 4321646.293651266023517 ], [ 412657.993334115599282, 4327060.677355168387294 ], [ 415160.888791509554721, 4328130.844651530496776 ], [ 413549.32598178612534, 4332978.620246594771743 ], [ 426100.647886251565069, 4333096.111875733360648 ], [ 423828.865365927456878, 4340699.979700157418847 ], [ 420333.628198585123755, 4345623.473342747427523 ], [ 422435.66055312671233, 4354986.353909404017031 ], [ 420170.994582959683612, 4362782.012003101408482 ], [ 416660.356006596353836, 4370662.225576639175415 ], [ 411621.41852078831289, 4375575.450364694930613 ], [ 405882.591493548359722, 4391068.461033585481346 ], [ 400590.345729204826057, 4390552.386933526955545 ], [ 396830.508660793537274, 4393767.888911308720708 ], [ 398734.949055748293176, 4388537.403923350386322 ], [ 396563.778796966653317, 4386997.453004183247685 ], [ 390706.221767465467565, 4375997.926084855571389 ], [ 376678.750373829505406, 4371829.311473070643842 ] ] ] } },
{ "type": "Feature", "properties": { "drag_region": "Central", "NAME": "Yolo" }, "geometry": { "type": "Polygon", "coordinates": [ [ [ 421378.039019400603138, 4414285.630969252437353 ], [ 415776.276398635352962, 4414437.716086241416633 ], [ 414235.716821131762117, 4412044.444175554439425 ], [ 416754.666561010177247, 4407675.425560427829623 ], [ 420514.50362942146603, 4404459.92358264606446 ], [ 425806.749393764999695, 4404975.997682704590261 ], [ 431545.576421004952863, 4389482.987013814039528 ], [ 436584.51390681299381, 4384569.76222575828433 ], [ 440095.152483176323585, 4376689.548652220517397 ], [ 442359.818453343352303, 4368893.890558523125947 ], [ 446423.024103482370265, 4369411.226786548271775 ], [ 450212.741072246106341, 4366209.556392851285636 ], [ 456416.505159954424016, 4371236.10594242811203 ], [ 463604.928424378042109, 4371894.148632621392608 ], [ 469884.131659487495199, 4370258.352017171680927 ], [ 473929.59080794302281, 4371933.615867419168353 ], [ 478012.696968076052144, 4370846.424816416576505 ], [ 478346.405069951084442, 4347300.652705615386367 ], [ 487135.678555417922325, 4347239.016398375853896 ], [ 488044.917377302073874, 4349350.589903107844293 ], [ 493327.904403727501631, 4352580.027158816345036 ], [ 492265.703298714361154, 4360191.257846776396036 ], [ 494750.501867817365564, 4361566.178951162844896 ], [ 494386.247764880536124, 4364706.962564140558243 ], [ 491241.323270306922495, 4365514.759293600916862 ], [ 490237.592844266793691, 4369599.112643485888839 ], [ 492731.945125158177689, 4370210.849341484718025 ], [ 493836.827376473112963, 4379287.451364392414689 ], [ 490081.546215780312195, 4379513.474878778681159 ], [ 489076.776585226878524, 4383788.665036856196821 ], [ 486574.779190871980973, 4383940.606687323190272 ], [ 483068.978253022069111, 4388559.876928867772222 ], [ 485482.236025320598856, 4394126.806825201027095 ], [ 486371.265767768258229, 4397191.790905711241066 ], [ 478263.024000277975574, 4397071.238270099274814 ], [ 475081.886573690688238, 4401507.697482115589082 ], [ 475008.560158699285239, 4406751.016544382087886 ], [ 472485.492743626469746, 4409004.544878546148539 ], [ 469704.671355073573068, 4407346.030095407739282 ], [ 466873.236403791001067, 4409501.833862847648561 ], [ 467751.104967552470043, 4413804.018264992162585 ], [ 464937.044735406292602, 4414816.47905605379492 ], [ 421378.039019400603138, 4414285.630969252437353 ] ] ] } },
{ "type": "Feature", "properties": { "drag_region": "Central", "NAME": "Lake" }, "geometry": { "type": "Polygon", "coordinates": [ [ [ 334791.115986637945753, 4508988.650380498729646 ], [ 334489.940492202353198, 4503267.867906299419701 ], [ 330480.695865916379262, 4501929.199989958666265 ], [ 322767.49300286808284, 4502118.1887186486274 ], [ 319372.580802655022126, 4500499.114243729971349 ], [ 318437.890548873809166, 4489821.947226418182254 ], [ 321524.553799501270987, 4481907.019067959859967 ], [ 323380.192469405301381, 4480285.714215446263552 ], [ 323379.22711870277999, 4475423.593742350116372 ], [ 325236.91578059992753, 4470752.031640342436731 ], [ 320896.61220536037581, 4463889.005078136920929 ], [ 318106.242714324849658, 4463890.937839224934578 ], [ 316854.417424365878105, 4452547.510686446912587 ], [ 319337.791366650431883, 4451782.697349959984422 ], [ 319955.76016988849733, 4446920.374444314278662 ], [ 322440.609150831529405, 4444249.931637016125023 ], [ 326170.40910542831989, 4444249.636994523927569 ], [ 327415.927914843719918, 4437100.165730603039265 ], [ 329284.51312860311009, 4433478.456071029417217 ], [ 334264.930559889238793, 4433006.119431438855827 ], [ 333955.518917443230748, 4431385.165623837150633 ], [ 340500.058479882834945, 4427963.48710489179939 ], [ 346743.123515219136607, 4422925.781400972977281 ], [ 351764.687103430740535, 4412550.394556983374059 ], [ 355511.301032254821621, 4412087.259576879441738 ], [ 357401.275260896305554, 4407804.993312243372202 ], [ 371428.746654532267712, 4411973.607924028299749 ], [ 377286.303684033453465, 4422973.134843355976045 ], [ 379457.473942815093324, 4424513.085762523114681 ], [ 377553.033547860337421, 4429743.570750481449068 ], [ 375034.083807981922291, 4434112.58936560805887 ], [ 376574.643385485513136, 4436505.861276295036077 ], [ 382176.406006250763312, 4436353.776159306056798 ], [ 376236.878124453010969, 4440603.065012450329959 ], [ 375573.899752761702985, 4446986.269776788540184 ], [ 368716.886851190705784, 4450758.575522549450397 ], [ 368054.926905892556533, 4458191.114842523820698 ], [ 370193.262763391016051, 4464018.723393854685128 ], [ 366761.895909842452966, 4467908.481042853556573 ], [ 361806.378851708490402, 4467311.536461957730353 ], [ 352495.627051560324617, 4471086.638548363000154 ], [ 345976.817463517189026, 4476214.507930333726108 ], [ 344421.658953917270992, 4479165.89719098713249 ], [ 347492.811415145988576, 4487182.528494453988969 ], [ 348088.865903526602779, 4494620.69744652044028 ], [ 347737.299082349112723, 4509111.377009252086282 ], [ 334791.115986637945753, 4508988.650380498729646 ] ] ] } },
{ "type": "Feature", "properties": { "drag_region": "BayArea", "NAME": "Los Angeles" }, "geometry": { "type": "MultiPolygon", "coordinates": [ [ [ [ 1023437.541100267320871, 3430406.635099507402629 ], [ 1027656.200380656402558, 3425618.927878402173519 ], [ 1034403.514076524414122, 3424381.334259616676718 ], [ 1034709.939907784340903, 3417324.798572092782706 ], [ 1036861.525540171889588, 3414074.468804924748838 ], [ 1045587.762746405787766, 3413789.666405599564314 ], [ 1050043.544219235889614, 3411599.799881314858794 ], [ 1051531.742831938201562, 3415775.841831997036934 ], [ 1045921.056705080205575, 3421353.252247373573482 ], [ 1045480.51359386369586, 3423722.470723220612854 ], [ 1038371.023967807879671, 3425510.030352282803506 ], [ 1028799.914670414989814, 3430157.918680424802005 ], [ 1023437.541100267320871, 3430406.635099507402629 ] ] ], [ [ [ 1025196.622953068697825, 3380714.25331590604037 ], [ 1027314.435559350298718, 3378319.64993495400995 ], [ 1032495.958463565912098, 3367171.360832278616726 ], [ 1037159.020592915359885, 3360492.077418408356607 ], [ 1043058.404778085183352, 3356542.649967556353658 ], [ 1046667.90920477011241, 3358801.671968412119895 ], [ 1050048.828618591884151, 3358567.915692955255508 ], [ 1036062.139207082334906, 3370380.264960211701691 ], [ 1028200.80461423448287, 3381222.613688678015023 ], [ 1025196.622953068697825, 3380714.25331590604037 ] ] ], [ [ [ 991513.951045866357163, 3575023.995752281043679 ], [ 1014785.690376977203414, 3524037.41077509149909 ], [ 1017158.782691604457796, 3515063.7050506696105 ], [ 1013874.448467041365802, 3514349.942622147034854 ], [ 1014199.304241334320977, 3506721.553639676421881 ], [ 1002940.185420012567192, 3506249.27837652945891 ], [ 989442.698380132438615, 3495387.68110425490886 ], [ 989243.737777405418456, 3492037.559755176305771 ], [ 997584.182770209852606, 3491130.827070540748537 ], [ 1002376.145027849823236, 3487697.140864800661802 ], [ 1007542.08530892059207, 3491349.033283940516412 ], [ 1014806.858440758893266, 3492418.42300023837015 ], [ 1026419.719113691244274, 3492822.512918062508106 ], [ 1032269.378663720795885, 3488302.151793065946549 ], [ 1036191.868564466247335, 3482360.867144944611937 ], [ 1041338.478546179831028, 3471506.476190225686878 ], [ 1041189.843899053754285, 3467390.824422865174711 ], [ 1038340.381685115629807, 3464014.763206955045462 ], [ 1039832.927403311477974, 3460450.182640820741653 ], [ 1044851.889202434103936, 3460101.815802140627056 ], [ 1048289.244024992687628, 3457868.264013302978128 ], [ 1054344.681909791193902, 3456807.125939247198403 ], [ 1061236.304540033685043, 3459325.268490258138627 ], [ 1061692.13386815181002, 3463839.165553888771683 ], [ 1067459.08559589786455, 3461817.12286214157939 ], [ 1069374.757248329464346, 3463629.033293002285063 ], [ 1069803.399575218791142, 3468620.677405213005841 ], [ 1074747.750737964175642, 3476698.382331983651966 ], [ 1079556.557894003810361, 3480566.214246125426143 ], [ 1079341.219371482729912, 3484954.090971494093537 ], [ 1096941.677408495685086, 3485930.379493929445744 ], [ 1095115.912986929295585, 3489089.410756037104875 ], [ 1098167.936619384214282, 3494505.831223549321294 ], [ 1101496.757916319184005, 3494485.706263403408229 ], [ 1105633.351388591108844, 3510867.523754902649671 ], [ 1107896.099732996663079, 3524667.390057114884257 ], [ 1106942.337718128226697, 3530166.118034471292049 ], [ 1104334.819308181060478, 3554425.213858525268734 ], [ 1102773.369692485081032, 3583810.800157885998487 ], [ 1042315.499906274490058, 3580405.747531676664948 ], [ 994020.939094400499016, 3578088.234185062348843 ], [ 991513.951045866357163, 3575023.995752281043679 ] ] ] ] } },
{ "type": "Feature", "properties": { "drag_region": "Central", "NAME": "Glenn" }, "geometry": { "type": "Polygon", "coordinates": [ [ [ 346967.006086229113862, 4562245.056174601428211 ], [ 346970.837754750973545, 4556619.790188731625676 ], [ 349123.376075044972822, 4556621.55739408172667 ], [ 350973.562055591028184, 4552333.127573784440756 ], [ 351607.205861000111327, 4538032.680633508600295 ], [ 364553.388956711278297, 4538155.40726226195693 ], [ 364904.955777888768353, 4523664.727699530310929 ], [ 364308.901289508212358, 4516226.558747463859618 ], [ 416239.516505172825418, 4516741.330524194985628 ], [ 416208.451663541840389, 4519982.872668003663421 ], [ 427024.146170932333916, 4519998.734604688361287 ], [ 427060.769060484250076, 4516661.830420563928783 ], [ 437262.015830735559575, 4516780.447178081609309 ], [ 439024.801772724837065, 4524144.728517436422408 ], [ 438323.913081452599727, 4530810.961789861321449 ], [ 440136.541096658445895, 4533885.259157999418676 ], [ 428111.271709035150707, 4533360.198189863935113 ], [ 427464.741498442133889, 4536022.924352787435055 ], [ 428590.793979349546134, 4545571.050682353787124 ], [ 427940.684697572956793, 4548615.150843916460872 ], [ 432523.617566960165277, 4551623.946450723335147 ], [ 430935.122698317049071, 4555896.482542253099382 ], [ 428783.253725860617124, 4555776.433153689838946 ], [ 423481.430477492627688, 4562583.850556950084865 ], [ 346967.006086229113862, 4562245.056174601428211 ] ] ] } },
{ "type": "Feature", "properties": { "drag_region": "CentralValley", "NAME": "Santa Cruz" }, "geometry": { "type": "Polygon", "coordinates": [ [ [ 263362.787612834770698, 4144704.008658790029585 ], [ 263432.727387732767966, 4136888.987875896971673 ], [ 255471.045996910834219, 4136821.564646211452782 ], [ 255493.135702427651267, 4134057.754102759528905 ], [ 248805.90188802202465, 4133625.747638159431517 ], [ 251102.044598416716326, 4124778.942065307404846 ], [ 258842.022077778761741, 4114546.811196132563055 ], [ 267843.558943716518115, 4108145.566764371469617 ], [ 279669.278580244572368, 4108074.091512555722147 ], [ 282515.732682523841504, 4110774.02445115474984 ], [ 285722.464833658363204, 4109761.812673515640199 ], [ 289605.49903995875502, 4105708.721832829061896 ], [ 294192.332788419269491, 4096804.890812039375305 ], [ 296383.920183523499873, 4100645.133902860339731 ], [ 304008.684267615608405, 4104558.320335293188691 ], [ 309164.881265763600823, 4101770.428463435731828 ], [ 310415.436431285284925, 4103790.107105958275497 ], [ 314593.505202845728491, 4102421.303601374384016 ], [ 314560.924661201483104, 4104613.319257595576346 ], [ 308784.207628430391196, 4106054.583360909949988 ], [ 298705.501941943133716, 4118881.111093074083328 ], [ 289376.439227736613248, 4124864.78442568005994 ], [ 286823.799493345955852, 4124929.904178021941334 ], [ 277848.040346537192818, 4129119.02829868812114 ], [ 274288.963326260040049, 4134228.937083780765533 ], [ 269156.912666832504328, 4137799.949269451666623 ], [ 263362.787612834770698, 4144704.008658790029585 ] ] ] } },
{ "type": "Feature", "properties": { "drag_region": "NorCal", "NAME": "Humboldt" }, "geometry": { "type": "Polygon", "coordinates": [ [ [ 204209.185168941883603, 4729569.63960153516382 ], [ 203485.595148467138642, 4719562.899416260421276 ], [ 200578.906591410428518, 4703479.133934466168284 ], [ 197145.58979313421878, 4694080.396208982914686 ], [ 195938.198889519058866, 4693905.60227994248271 ], [ 196116.730636075575603, 4684650.889329623430967 ], [ 199690.947192856838228, 4681075.243306552059948 ], [ 197430.916059215873247, 4669753.916245115920901 ], [ 193984.703726045292569, 4660738.264308585785329 ], [ 180893.786577306309482, 4635648.773562082089484 ], [ 176480.423245849349769, 4625319.79611923918128 ], [ 173594.608297893108102, 4616017.819904107600451 ], [ 177443.249382045498351, 4608899.139163332991302 ], [ 178560.295083375152899, 4602205.431040512397885 ], [ 177247.868274757900508, 4596216.667981068603694 ], [ 192011.210698879120173, 4581602.931874303147197 ], [ 198700.874232448783005, 4578464.721360913477838 ], [ 201098.508680454775458, 4574334.477531908079982 ], [ 201048.757356882590102, 4570234.385879691690207 ], [ 205912.76015195340733, 4567029.974919644184411 ], [ 246662.016449375805678, 4566766.758240106515586 ], [ 247135.249703995272284, 4643526.470230500213802 ], [ 247466.166257494391175, 4648006.498152644373477 ], [ 244827.774182620545616, 4661660.474290212616324 ], [ 240950.497372181591345, 4669507.05938008800149 ], [ 245801.048659831314581, 4671858.401667330414057 ], [ 251520.437848259723978, 4668199.839507086202502 ], [ 255464.843567978445208, 4671134.892377578653395 ], [ 255478.549444276752183, 4673805.068741956725717 ], [ 258827.999320907314541, 4679605.966609042137861 ], [ 257341.978835149871884, 4684286.070217543281615 ], [ 254933.771067552297609, 4685156.569866324774921 ], [ 257088.941321265272563, 4694110.240754800848663 ], [ 258911.724568623845698, 4697439.364131396636367 ], [ 256529.777835563494591, 4702696.300556067377329 ], [ 253605.815131527459016, 4718161.873737072572112 ], [ 251214.804060985537944, 4719987.434858147986233 ], [ 228704.445110167347593, 4719962.162353918887675 ], [ 228786.887564757227665, 4729213.235752978362143 ], [ 204209.185168941883603, 4729569.63960153516382 ] ] ] } },
{ "type": "Feature", "properties": { "drag_region": "NorCal", "NAME": "Modoc" }, "geometry": { "type": "Polygon", "coordinates": [ [ [ 621309.04215816850774, 4865342.752192619256675 ], [ 620511.723866469692439, 4860080.515651860274374 ], [ 620858.162966826930642, 4840813.357034257613122 ], [ 621454.781884729047306, 4840824.091505859047174 ], [ 622145.610055978409946, 4802386.758763575926423 ], [ 622935.7361608435167, 4775019.957508149556816 ], [ 632567.301743599469773, 4775293.797389690764248 ], [ 670800.136823193402961, 4776127.613099007867277 ], [ 744259.876734925201163, 4778292.703061193227768 ], [ 741126.667432283633389, 4868340.206878641620278 ], [ 713779.318535488797352, 4867242.964190699160099 ], [ 668287.671727964072488, 4866064.972981862723827 ], [ 655208.486813576659188, 4865657.484779539518058 ], [ 621309.04215816850774, 4865342.752192619256675 ] ] ] } }
]
}
