{
"type": "FeatureCollection",
"name": "tmpv8zk2tlw",
"crs": { "type": "name", "properties": { "name": "urn:ogc:def:crs:EPSG::32616" } },
"features": [
{ "type": "Feature", "properties": { "drag_region": "West", "NAME": "Todd" }, "geometry": { "type": "Polygon", "coordinates": [ [ [ 422585.563659778679721, 4026609.291924137156457 ], [ 442478.720510301995091, 4026657.854000534396619 ], [ 447291.550096309452783, 4026748.76839342340827 ], [ 447959.053261935769115, 4073062.203289828728884 ], [ 442212.989277607121039, 4071351.985819323454052 ], [ 430402.340033542132005, 4070898.367608144879341 ], [ 429773.519272480916698, 4074426.154164514038712 ], [ 422585.563659778679721, 4026609.291924137156457 ] ] ] } },
{ "type": "Feature", "properties": { "drag_region": "Bluegrass", "NAME": "Scott" }, "geometry": { "type": "Polygon", "coordinates": [ [ [ 743570.560841920785606, 4304582.561064898967743 ], [ 745568.478704909677617, 4287174.49539113137871 ], [ 747201.625701811863109, 4284734.55253504961729 ], [ 752223.143899619695731, 4285242.031954254955053 ], [ 751998.074304895242676, 4281706.618268848396838 ], [ 754280.597057454637252, 4278616.590854757465422 ], [ 754873.29245585098397, 4280062.758725827559829 ], [ 773823.40059176820796, 4289254.054034390486777 ], [ 769819.745469759684056, 4297539.018279369920492 ], [ 770711.387950399308465, 4299376.617380177602172 ], [ 768288.186551675316878, 4307515.251121768727899 ], [ 762150.765128571423702, 4314027.161132019013166 ], [ 759156.308401466812938, 4320530.511439161375165 ], [ 757335.525873588514514, 4318288.025084931403399 ], [ 753698.201940991333686, 4313518.418187396600842 ], [ 743570.560841920785606, 4304582.561064898967743 ] ] ] } },
{ "type": "Feature", "properties": { "drag_region": "East", "NAME": "Lee" }, "geometry": { "type": "Polygon", "coordinates": [ [ [ 848855.202000731718726, 4164539.277808153070509 ], [ 850850.091399097000249, 4161837.233608800917864 ], [ 855725.434514380176552, 4158564.002826389856637 ], [ 863314.391961317392997, 4159682.403293964453042 ], [ 864163.914378639892675, 4162671.185749637428671 ], [ 868960.552208444685675, 4161789.1862325030379 ], [ 872656.091956939781085, 4165071.14189206622541 ], [ 874041.578976794495247, 4161874.789616191294044 ], [ 877867.227722504176199, 4161535.792212676256895 ], [ 882401.010572460480034, 4176406.532443745993078 ], [ 873733.413075537770055, 4179240.011104082223028 ], [ 865625.111611995496787, 4184392.851045464165509 ], [ 862147.230845985119231, 4184175.74317342787981 ], [ 855689.009381652460434, 4178417.277359791100025 ], [ 854848.513606548425741, 4175143.343130962457508 ], [ 848855.202000731718726, 4164539.277808153070509 ] ] ] } },
{ "type": "Feature", "properties": { "drag_region": "Central", "NAME": "McLean" }, "geometry": { "type": "Polygon", "coordinates": [ [ [ 343196.390083454898559, 4168816.56660805689171 ], [ 344119.76017741166288, 4163664.912529015913606 ], [ 351718.093594706326257, 4162294.892084519844502 ], [ 353610.994696433888748, 4160190.277811360545456 ], [ 355808.379411550413352, 4154463.238027125597 ], [ 354844.007423703209497, 4151131.102466610725969 ], [ 355769.645952693244908, 4144074.844417159445584 ], [ 360521.883866079093423, 4140436.864056759979576 ], [ 368144.253766159643419, 4139177.356273456476629 ], [ 371646.215815146570094, 4142791.849079701583833 ], [ 377998.97890878963517, 4143068.617174278013408 ], [ 377689.216928624606226, 4150216.876649240031838 ], [ 383404.994199842622038, 4159076.080807933118194 ], [ 378333.6538677389035, 4159746.880244030617177 ], [ 363769.71832232340239, 4165874.351772642694414 ], [ 350813.097010533965658, 4172782.982450318988413 ], [ 343196.390083454898559, 4168816.56660805689171 ] ] ] } },
{ "type": "Feature", "properties": { "drag_region": "Bluegrass", "NAME": "Franklin" }, "geometry": { "type": "Polygon", "coordinates": [ [ [ 710129.831257680081762, 4299004.656056201085448 ], [ 713589.353593713371083, 4298698.937987111508846 ], [ 709960.534910499001853, 4292324.544428451918066 ], [ 709919.948375641484745, 4279638.641434710472822 ], [ 708108.154847661964595, 4276071.000195145606995 ], [ 718895.84582186921034, 4272301.844768449664116 ], [ 722297.012910972116515, 4275050.092127557843924 ], [ 722235.534682022756897, 4277719.40075720846653 ], [ 734356.646342552849092, 4284017.424983667209744 ], [ 732358.72847956395708, 4301425.490657434798777 ], [ 728003.826428579166532, 4299793.848484311252832 ], [ 721055.654922357061878, 4301633.771646118722856 ], [ 717873.775147526874207, 4303564.06207865756005 ], [ 710129.831257680081762, 4299004.656056201085448 ] ] ] } },
{ "type": "Feature", "properties": { "drag_region": "Central", "NAME": "Edmonson" }, "geometry": { "type": "Polygon", "coordinates": [ [ [ 472839.858582383370958, 4119055.434440220240504 ], [ 478988.521592769189738, 4102318.17679881118238 ], [ 489579.18084019178059, 4092479.836187922395766 ], [ 495299.766509090317413, 4095193.6701277224347 ], [ 497558.238361234543845, 4092162.698445403948426 ], [ 504593.324840276967734, 4090509.864293547347188 ], [ 508112.879066782654263, 4089590.326215201988816 ], [ 510166.295097133144736, 4107624.858722425997257 ], [ 500493.154084584675729, 4120877.063767493702471 ], [ 472839.858582383370958, 4119055.434440220240504 ] ] ] } },
{ "type": "Feature", "properties": { "drag_region": "Bluegrass", "NAME": "Carroll" }, "geometry": { "type": "Polygon", "coordinates": [ [ [ 680256.48181067884434, 4357033.982024693861604 ], [ 675163.662336396402679, 4362085.61730594933033 ], [ 668615.581526199821383, 4361773.004750776104629 ], [ 677897.050759099191055, 4349835.19510537199676 ], [ 679559.640772269689478, 4344717.415506481193006 ], [ 691403.058738167397678, 4346768.934714933857322 ], [ 700057.032711580512114, 4351438.078064620494843 ], [ 703431.510416420991533, 4354279.513783884234726 ], [ 700888.472517591202632, 4356225.751843518577516 ], [ 695382.978859177906998, 4365262.113062192685902 ], [ 682761.564584191073664, 4356702.060052802786231 ], [ 680256.48181067884434, 4357033.982024693861604 ] ] ] } },
{ "type": "Feature", "properties": { "drag_region": "West", "NAME": "Graves" }, "geometry": { "type": "Polygon", "coordinates": [ [ [ 229023.014177527278662, 4037378.509582369122654 ], [ 228136.567096166487318, 4007458.384870642330498 ], [ 257387.113492827280425, 4006765.816136404871941 ], [ 258136.123693824163638, 4034398.312808833550662 ], [ 258466.600061913719401, 4055651.303155903704464 ], [ 239290.017190705577377, 4056067.170906246639788 ], [ 229390.180213245330378, 4056726.341417317744344 ], [ 229023.014177527278662, 4037378.509582369122654 ] ] ] } },
{ "type": "Feature", "properties": { "drag_region": "South", "NAME": "Monroe" }, "geometry": { "type": "Polygon", "coordinates": [ [ [ 604649.065060524153523, 3981830.070490469224751 ], [ 607287.572651086607948, 3975091.692166252061725 ], [ 604760.92916324606631, 3971347.348456485662609 ], [ 621458.687403236632235, 3970779.070510717108846 ], [ 648431.592252446222119, 3970398.7477210406214 ], [ 652919.375333082280122, 3970851.868956051766872 ], [ 647658.102706216974184, 3978775.26287307869643 ], [ 649826.823261797777377, 3983575.956303571350873 ], [ 645663.210140887182206, 3983319.820138429757208 ], [ 643347.070059353136458, 3988050.534574245102704 ], [ 639178.558405328541994, 3988274.011689248960465 ], [ 638470.761726235621609, 3992839.140005911234766 ], [ 636846.533374766819179, 3994435.936390096321702 ], [ 625631.065851162187755, 3995233.823954325634986 ], [ 619577.585952661698684, 3992963.838645827490836 ], [ 604649.065060524153523, 3981830.070490469224751 ] ] ] } },
{ "type": "Feature", "properties": { "drag_region": "East", "NAME": "Owsley" }, "geometry": { "type": "Polygon", "coordinates": [ [ [ 851747.643932834384032, 4155000.765423771925271 ], [ 851896.145627369056456, 4150519.639419612940401 ], [ 854861.90720018662978, 4147373.098496161866933 ], [ 857968.230730214039795, 4140127.726836749352515 ], [ 861273.937433868297376, 4136517.167345963884145 ], [ 870540.603179645142518, 4135597.21601470047608 ], [ 872686.065203352482058, 4137964.201145981904119 ], [ 878035.4370750853559, 4130899.774777139537036 ], [ 884223.015422606491484, 4127305.872304855380207 ], [ 882194.049464632640593, 4130477.790262664668262 ], [ 882320.526304758270271, 4135733.647715435829014 ], [ 881761.709446473396383, 4142301.162310010287911 ], [ 882938.473368331440724, 4144922.280310285743326 ], [ 878764.780256241559982, 4154699.324027647264302 ], [ 874939.13151053187903, 4155038.321431162301451 ], [ 873553.644490677164868, 4158234.673707037232816 ], [ 869858.104742182069458, 4154952.718047474045306 ], [ 865061.466912377276458, 4155834.717564608436078 ], [ 864211.94449505477678, 4152845.935108935460448 ], [ 856622.987048117560335, 4151727.534641360864043 ], [ 851747.643932834384032, 4155000.765423771925271 ] ] ] } },
{ "type": "Feature", "properties": { "drag_region": "East", "NAME": "Jackson" }, "geometry": { "type": "Polygon", "coordinates": [ [ [ 810596.357826299848966, 4152973.729704760480672 ], [ 810401.019545606453903, 4148864.834105291869491 ], [ 814437.218681877362542, 4141447.374355711508542 ], [ 813592.833246178575791, 4137795.953298103064299 ], [ 817499.893060231930576, 4134860.510794543661177 ], [ 816673.163100722013041, 4130636.768410844728351 ], [ 824807.985640676575713, 4125065.996394673828036 ], [ 834101.920928062056191, 4123452.505942945834249 ], [ 837910.637979997205548, 4123958.186847755219787 ], [ 839991.512466888059862, 4128512.530702032148838 ], [ 848061.522118915920146, 4134796.8492741282098 ], [ 844755.815415261662565, 4138407.408764913678169 ], [ 841649.49188523425255, 4145652.780424326192588 ], [ 838683.730312416679226, 4148799.321347777266055 ], [ 838535.228617882006802, 4153280.447351936250925 ], [ 836540.339219516725279, 4155982.491551288403571 ], [ 831009.40554986265488, 4160096.990648158825934 ], [ 824097.848808128386736, 4157872.357747418340296 ], [ 819963.76570737187285, 4158125.031339323613793 ], [ 813019.624749644077383, 4156863.218830832280219 ], [ 810596.357826299848966, 4152973.729704760480672 ] ] ] } },
{ "type": "Feature", "properties": { "drag_region": "South", "NAME": "Whitley" }, "geometry": { "type": "Polygon", "coordinates": [ [ [ 805131.84956718259491, 4012456.91130848089233 ], [ 803065.459922926034778, 4006292.820301438681781 ], [ 803801.882356099085882, 4002879.081846201792359 ], [ 801310.483419319614768, 4000328.984385774936527 ], [ 800844.643434861442074, 3994019.799346725922078 ], [ 803474.377525391755626, 3991708.091390577144921 ], [ 805013.551195990527049, 3982592.968459616415203 ], [ 812341.3157470212318, 3973452.311698579229414 ], [ 833869.148646913236007, 3973814.310584180057049 ], [ 839017.494618170429021, 3973691.04678949713707 ], [ 836563.36976506235078, 3980101.999295766465366 ], [ 843475.638684791279957, 3984905.091108470223844 ], [ 835954.978927676565945, 3989148.352658936288208 ], [ 833278.935341599863023, 3992594.535756452940404 ], [ 833452.082692827563733, 3997275.922075066715479 ], [ 829548.97833014279604, 3999062.120589934755117 ], [ 825903.345562792383134, 4002957.132175272330642 ], [ 823319.60676729422994, 4014137.660922237671912 ], [ 820393.719255308853462, 4015670.92113513732329 ], [ 815381.764455315889791, 4012086.117346630897373 ], [ 811798.083340442040935, 4014270.694312121719122 ], [ 810580.426400764612481, 4012136.252604620996863 ], [ 807954.290314676240087, 4014445.614346568938345 ], [ 805131.84956718259491, 4012456.91130848089233 ] ] ] } },
{ "type": "Feature", "properties": { "drag_region": "Central", "NAME": "Hardin" }, "geometry": { "type": "Polygon", "coordinates": [ [ [ 498676.199279596912675, 4170878.318027692381293 ], [ 501203.502099728328176, 4171851.392903824336827 ], [ 502495.019382629427128, 4168907.061519225593656 ], [ 507269.253443462657742, 4166659.88390255253762 ], [ 512962.407174985273741, 4168141.438765455037355 ], [ 518113.590447849594057, 4160280.122220890130848 ], [ 518800.180092615191825, 4155139.809434380847961 ], [ 532464.293045700527728, 4154240.489897781051695 ], [ 533914.196375708794221, 4165791.910586498677731 ], [ 538628.693063231185079, 4169186.08051571669057 ], [ 540461.057158562471159, 4174643.003104477189481 ], [ 546116.399691069731489, 4178149.164381719660014 ], [ 550743.765645841602236, 4186888.294975478202105 ], [ 546568.506720812059939, 4191501.934273158200085 ], [ 545564.90622442541644, 4195587.724740378558636 ], [ 538547.607861971715465, 4200739.327611348591745 ], [ 538819.779787809588015, 4204174.759624003432691 ], [ 535271.84061783447396, 4210327.046362491324544 ], [ 530859.902392593910918, 4209987.991716506890953 ], [ 530480.815005987999029, 4215417.426082235760987 ], [ 527950.672701602219604, 4216150.784646389074624 ], [ 527308.476381643908098, 4217192.111806417815387 ], [ 522592.122509375447407, 4216186.657060896977782 ], [ 524633.754952706163749, 4202481.560483554378152 ], [ 521860.492674652952701, 4196064.747719063423574 ], [ 509243.714549932046793, 4193748.173654227051884 ], [ 498676.199279596912675, 4170878.318027692381293 ] ] ] } },
{ "type": "Feature", "properties": { "drag_region": "Central", "NAME": "Breckinridge" }, "geometry": { "type": "Polygon", "coordinates": [ [ [ 449051.01607891113963, 4200080.403284932486713 ], [ 447175.331571486894973, 4194545.529697306454182 ], [ 451977.069445684202947, 4179313.622972793877125 ], [ 450391.134632382774726, 4180069.878185705281794 ], [ 450409.397076520835981, 4175304.422830692492425 ], [ 454553.600211514742114, 4169221.478368006646633 ], [ 456120.902774139423855, 4173136.12232182873413 ], [ 459611.318745836731978, 4172104.201280240900815 ], [ 461810.132600160548463, 4175832.496914988383651 ], [ 470718.298165958258323, 4169593.023525261785835 ], [ 476427.268152697244659, 4169154.216792138759047 ], [ 475774.245284335454926, 4171913.794951954856515 ], [ 482740.768702936009504, 4172631.892834805417806 ], [ 493308.283973271143623, 4195501.748461339622736 ], [ 485337.937536322860979, 4204107.467805216088891 ], [ 468839.341330034076236, 4217715.866569523699582 ], [ 463454.382247612578794, 4222736.469468824565411 ], [ 460315.229364845785312, 4220718.157868286594748 ], [ 460352.637749057845213, 4213378.889510905370116 ], [ 461948.25968724838458, 4209765.122159119695425 ], [ 454697.005268483189866, 4208872.188882512971759 ], [ 454091.984682712354697, 4202864.700325329788029 ], [ 449051.01607891113963, 4200080.403284932486713 ] ] ] } },
{ "type": "Feature", "properties": { "drag_region": "Central", "NAME": "Union" }, "geometry": { "type": "Polygon", "coordinates": [ [ [ 260462.344810778100509, 4192879.16969497827813 ], [ 257863.169706828601193, 4186616.622161390725523 ], [ 252447.161996515933424, 4183343.149699763394892 ], [ 248901.065749649365898, 4178047.868774131406099 ], [ 250996.219835042196792, 4168012.903382332064211 ], [ 256326.870452004368417, 4162898.125381316058338 ], [ 257249.274398610927165, 4160313.934281847905368 ], [ 261422.876113457372412, 4164843.329501582309604 ], [ 262960.741489510633983, 4160346.76553130755201 ], [ 268641.82892858813284, 4157333.612118666060269 ], [ 280160.973055500478949, 4168284.164025065489113 ], [ 286234.120549549057614, 4174811.252525829710066 ], [ 284678.291178470302839, 4178255.006644512992352 ], [ 284414.864752026856877, 4184834.062674490734935 ], [ 279386.493819820170756, 4188593.716123341117054 ], [ 269738.722669858543668, 4204125.841158650815487 ], [ 268441.911624217522331, 4200707.09513601846993 ], [ 271536.108222658978775, 4194194.502179412171245 ], [ 267699.42458906507818, 4189752.273438843898475 ], [ 260462.344810778100509, 4192879.16969497827813 ] ] ] } },
{ "type": "Feature", "properties": { "drag_region": "South", "NAME": "Wayne" }, "geometry": { "type": "Polygon", "coordinates": [ [ [ 713781.954117104760371, 4004052.154344766400754 ], [ 717420.199319606064819, 3998405.528027554508299 ], [ 719458.884240225888789, 3992822.067635915707797 ], [ 717945.339126738603227, 3988499.833697711117566 ], [ 719964.359204007312655, 3983964.88718071160838 ], [ 720085.542009455384687, 3978151.007772833108902 ], [ 722352.528413424966857, 3977245.011702311690897 ], [ 740039.830794530455023, 3976301.146604063455015 ], [ 748985.895350653678179, 3991581.548496827948838 ], [ 748925.653310850961134, 3994059.784804937895387 ], [ 752429.191721939714625, 3995004.076211486477405 ], [ 753321.699006783310324, 3997792.130443631205708 ], [ 757138.750583390472457, 3998937.05894033703953 ], [ 757280.042829226702452, 4005998.839083902072161 ], [ 753359.253431569086388, 4009143.071339587680995 ], [ 748349.448321877163835, 4017698.738316602539271 ], [ 745457.514489976572804, 4018296.188000835478306 ], [ 739766.568880867562257, 4015585.957432081922889 ], [ 733911.819490843685344, 4019933.144925269298255 ], [ 727650.996811747550964, 4013975.967179733794183 ], [ 724099.943154151318595, 4015519.803322401829064 ], [ 722925.623179383692332, 4010631.313503912650049 ], [ 713781.954117104760371, 4004052.154344766400754 ] ] ] } },
{ "type": "Feature", "properties": { "drag_region": "Bluegrass", "NAME": "Shelby" }, "geometry": { "type": "Polygon", "coordinates": [ [ [ 671225.469224752043374, 4298850.537236915901303 ], [ 667872.523610608535819, 4293448.679715606383979 ], [ 662226.895503048901446, 4293157.485204794444144 ], [ 655363.625067524961196, 4290561.465572649613023 ], [ 660741.549683190300129, 4288268.543607001192868 ], [ 659392.078228045254946, 4275277.247217221185565 ], [ 676183.817499410361052, 4269190.785573076456785 ], [ 687949.745095697697252, 4263605.700358882546425 ], [ 692592.788658815086819, 4267612.102754073217511 ], [ 694348.115408985875547, 4273943.813581597991288 ], [ 696159.908936965395696, 4277511.454821162857115 ], [ 696200.495471822912805, 4290197.357814904302359 ], [ 699829.314155037282035, 4296571.751373563893139 ], [ 671225.469224752043374, 4298850.537236915901303 ] ] ] } },
{ "type": "Feature", "properties": { "drag_region": "South", "NAME": "Warren" }, "geometry": { "type": "Polygon", "coordinates": [ [ [ 535868.41720552649349, 4042412.727459927089512 ], [ 529824.672724729054607, 4040470.556132820434868 ], [ 527252.619135377462953, 4044649.938084778375924 ], [ 516106.981992286688183, 4043549.825398702174425 ], [ 516759.652688516129274, 4039740.326332630589604 ], [ 511715.774516577890608, 4023424.912845658138394 ], [ 517197.754484603239689, 4010484.792063986416906 ], [ 519781.953699969861191, 4004682.485417958348989 ], [ 536121.817004692973569, 4002196.314754240680486 ], [ 535502.735737698036246, 3998761.650909357704222 ], [ 548231.802576604066417, 4009619.272013834211975 ], [ 547895.80999425239861, 4011713.379941067658365 ], [ 553318.468475033761933, 4013472.25214760703966 ], [ 556809.970497756381519, 4016456.542548660188913 ], [ 561473.220453034271486, 4030604.414954663254321 ], [ 554438.133973991847597, 4032257.249106519855559 ], [ 552179.662121847621165, 4035288.220788838341832 ], [ 546459.076452949084342, 4032574.386849038302898 ], [ 535868.41720552649349, 4042412.727459927089512 ] ] ] } },
{ "type": "Feature", "properties": { "drag_region": "East", "NAME": "Rockcastle" }, "geometry": { "type": "Polygon", "coordinates": [ [ [ 773535.217324445140548, 4144175.705908725038171 ], [ 769236.709440352628008, 4126602.731212280225009 ], [ 788565.431348694604822, 4107482.224652582779527 ], [ 787551.940427812514827, 4109456.855824158992618 ], [ 791471.683680151239969, 4117297.76378094824031 ], [ 794645.045185858733021, 4117772.145254755858332 ], [ 794521.619961818447337, 4121966.785973937716335 ], [ 800494.303346804459579, 4124625.691696789581329 ], [ 801391.126442758599296, 4126561.25299977324903 ], [ 802217.856402268516831, 4130784.995383472181857 ], [ 798310.796588215162046, 4133720.437887031584978 ], [ 799155.182023913948797, 4137371.858944640029222 ], [ 795118.982887643040158, 4144789.318694220390171 ], [ 795314.321168336435221, 4148898.214293689001352 ], [ 789311.360297725303099, 4147862.809087118599564 ], [ 786067.389596424764022, 4150249.902278346009552 ], [ 782255.732872665859759, 4150332.232687207870185 ], [ 779923.150758572737686, 4142920.373120127245784 ], [ 773535.217324445140548, 4144175.705908725038171 ] ] ] } },
{ "type": "Feature", "properties": { "drag_region": "Central", "NAME": "Hancock" }, "geometry": { "type": "Polygon", "coordinates": [ [ [ 409377.482452954631299, 4213619.880395762622356 ], [ 408431.634801526553929, 4209997.814155084080994 ], [ 413479.758259244263172, 4211334.364722206257284 ], [ 416638.360974533774424, 4208287.29014640301466 ], [ 415064.789676186977886, 4203329.436579447239637 ], [ 420117.416167191113345, 4203716.930842497386038 ], [ 423602.019437347829808, 4198290.266881939955056 ], [ 422981.305822256894317, 4192284.472315467428416 ], [ 439142.295639447693247, 4183943.362384947948158 ], [ 440728.230452749121469, 4183187.107172036543489 ], [ 435926.492578551813494, 4198419.013896549120545 ], [ 437802.177085976058152, 4203953.887484175153077 ], [ 438722.328200701100286, 4211105.909642456099391 ], [ 435563.754499624075834, 4212047.607459644787014 ], [ 432416.082057004852686, 4209654.555147971026599 ], [ 429254.652915118145756, 4211742.437488283962011 ], [ 425449.923845990386326, 4220216.160857302136719 ], [ 423556.794086417648941, 4221260.670310914516449 ], [ 420092.21454027708387, 4220015.477304010652006 ], [ 415684.638378061819822, 4215053.510052935220301 ], [ 409377.482452954631299, 4213619.880395762622356 ] ] ] } },
{ "type": "Feature", "properties": { "drag_region": "South", "NAME": "Casey" }, "geometry": { "type": "Polygon", "coordinates": [ [ [ 708825.435704013099894, 4082861.739492414984852 ], [ 704124.690757444361225, 4079525.006297402083874 ], [ 701106.085802602116019, 4071265.339274874422699 ], [ 710770.610517861088738, 4065546.384631696622819 ], [ 712207.436837953748181, 4057661.322130996268243 ], [ 720374.845219557872042, 4048488.502783160191029 ], [ 725123.873113183304667, 4050213.401529568713158 ], [ 740745.11329281469807, 4064117.087193613406271 ], [ 740298.21547066909261, 4069447.496694431640208 ], [ 741854.641947886906564, 4070915.814461528789252 ], [ 740100.646739415125921, 4077645.325744605157524 ], [ 733664.443947137799114, 4080830.689748731907457 ], [ 728804.213121288688853, 4084819.502060402650386 ], [ 727751.724497304530814, 4089182.666413318831474 ], [ 728814.145947556709871, 4098267.410529597662389 ], [ 724097.982022016542032, 4096348.583502405323088 ], [ 714895.880797425983474, 4096338.817874111235142 ], [ 711698.402994463918731, 4097511.253580371383578 ], [ 711688.431025243597105, 4082729.957227603998035 ], [ 708825.435704013099894, 4082861.739492414984852 ] ] ] } },
{ "type": "Feature", "properties": { "drag_region": "East", "NAME": "Jessamine" }, "geometry": { "type": "Polygon", "coordinates": [ [ [ 734103.877602346241474, 4212941.107560709118843 ], [ 733598.232491102884524, 4207777.766726214438677 ], [ 737045.571278269751929, 4209007.451343046501279 ], [ 742479.817765170009807, 4206664.185378629714251 ], [ 739994.779520180891268, 4204884.092599636875093 ], [ 746803.929374651866965, 4198476.144703614525497 ], [ 750481.749678367865272, 4203056.269767323508859 ], [ 756069.611148103140295, 4207022.210816572420299 ], [ 753746.9606617402751, 4211061.778895601630211 ], [ 758148.4508823226206, 4211944.732388349249959 ], [ 756697.387330134049989, 4218774.309695086441934 ], [ 754079.783901143702678, 4222137.736247361637652 ], [ 744167.366503085126169, 4227026.99898770544678 ], [ 738129.566837798687629, 4228780.776568359695375 ], [ 734103.877602346241474, 4212941.107560709118843 ] ] ] } },
{ "type": "Feature", "properties": { "drag_region": "Bluegrass", "NAME": "Henry" }, "geometry": { "type": "Polygon", "coordinates": [ [ [ 671717.29923036810942, 4324736.171950523741543 ], [ 668966.779638090752997, 4320967.082485612481833 ], [ 670643.488672352978028, 4314894.207557279616594 ], [ 674500.355406869435683, 4309815.486651337705553 ], [ 699644.678001121385023, 4307842.418857075273991 ], [ 707388.621890968177468, 4312401.824879531748593 ], [ 710570.501665798365138, 4310471.534446992911398 ], [ 708329.325094298226759, 4312423.224199789576232 ], [ 709478.471795776276849, 4317028.052372300997376 ], [ 702217.88467689557001, 4319249.002206350676715 ], [ 702755.645172745687887, 4323266.973509107716382 ], [ 699904.090951156918891, 4324730.294498504139483 ], [ 700780.48146170459222, 4327610.952580224722624 ], [ 696405.109380463021807, 4327229.84832427278161 ], [ 698496.573243707884103, 4331853.234018857590854 ], [ 692136.804769748006947, 4336677.250823021866381 ], [ 684033.974704795982689, 4335271.664516744203866 ], [ 674527.550439704558812, 4325169.660231951624155 ], [ 671717.29923036810942, 4324736.171950523741543 ] ] ] } },
{ "type": "Feature", "properties": { "drag_region": "South", "NAME": "Cumberland" }, "geometry": { "type": "Polygon", "coordinates": [ [ [ 663517.784601735183969, 4010306.331519160885364 ], [ 661677.641562414355576, 4005414.781052455306053 ], [ 658845.359516856609844, 4002414.760039718355983 ], [ 654073.489052232005633, 4000530.243715706747025 ], [ 650198.503690394572914, 4002855.820635315962136 ], [ 652814.775326599134132, 3999081.480677888263017 ], [ 650926.590830537257716, 3996861.060220066457987 ], [ 651634.387509630178101, 3992295.931903404183686 ], [ 655802.899163654772565, 3992072.454788400325924 ], [ 658119.039245188818313, 3987341.740352584980428 ], [ 662282.652366099413484, 3987597.876517726574093 ], [ 660113.931810518610291, 3982797.18308723391965 ], [ 665375.204437383916229, 3974873.789170206990093 ], [ 678199.526176368352026, 3975949.965240594930947 ], [ 682131.659172405139543, 3989177.340839465148747 ], [ 684788.221165299532004, 4001430.065560896880925 ], [ 682869.906224887352437, 4001299.094135633669794 ], [ 679260.259844165761024, 4006190.878793862648308 ], [ 683043.468593172729015, 4009215.677489640656859 ], [ 663517.784601735183969, 4010306.331519160885364 ] ] ] } },
{ "type": "Feature", "properties": { "drag_region": "West", "NAME": "Hopkins" }, "geometry": { "type": "Polygon", "coordinates": [ [ [ 364454.632746801013127, 4129226.238686829805374 ], [ 361246.509741364221554, 4126013.829565897583961 ], [ 365035.892294145014603, 4122835.278830181341618 ], [ 365304.665492800995708, 4117018.957791636697948 ], [ 370052.131785559817217, 4113453.538623350206763 ], [ 376055.512436943943612, 4106736.630417143926024 ], [ 390372.25871761480812, 4101785.457673982251436 ], [ 393254.317034917301498, 4104057.460826558060944 ], [ 403459.701080853294116, 4104678.338654561899602 ], [ 406976.319968966650777, 4107429.02854475332424 ], [ 409219.95361560373567, 4111328.847970027010888 ], [ 402243.228278880065773, 4119074.051249440293759 ], [ 402902.343641775951255, 4124694.376873652916402 ], [ 405763.760559966554865, 4124397.451079005841166 ], [ 410245.43892657966353, 4133531.47371288202703 ], [ 405493.201013193815015, 4137169.454073281493038 ], [ 404567.562484203779604, 4144225.712122732773423 ], [ 405531.934472050983459, 4147557.847683247644454 ], [ 403334.549756934458856, 4153284.887467482592911 ], [ 392509.305528220022097, 4144185.49405471002683 ], [ 383923.745981319574639, 4141376.033829049672931 ], [ 364454.632746801013127, 4129226.238686829805374 ] ] ] } },
{ "type": "Feature", "properties": { "drag_region": "East", "NAME": "Johnson" }, "geometry": { "type": "Polygon", "coordinates": [ [ [ 960850.016990838223137, 4229051.529927692376077 ], [ 963622.200077420566231, 4223438.457895963452756 ], [ 960087.494770981604233, 4217362.048164242878556 ], [ 961548.038184129982255, 4212838.558222872205079 ], [ 965136.900061946827918, 4210413.738894279114902 ], [ 966466.848907561972737, 4201680.83777264598757 ], [ 970011.556460866937414, 4200402.200424388051033 ], [ 972418.046725131105632, 4203374.789555680938065 ], [ 981774.663904081564397, 4206851.683249704539776 ], [ 992718.903883320046589, 4203340.656693457625806 ], [ 991471.828909622970968, 4209686.860811567865312 ], [ 989525.372852707980201, 4210647.867339378222823 ], [ 991872.965071441140026, 4214676.11158930696547 ], [ 989509.566211473778822, 4217815.990299504250288 ], [ 994421.692174755735323, 4221104.631598750129342 ], [ 988669.595633035060018, 4222269.497258670628071 ], [ 974714.011481673689559, 4230043.465740661136806 ], [ 964145.714188570156693, 4233207.554283836856484 ], [ 960850.016990838223137, 4229051.529927692376077 ] ] ] } },
{ "type": "Feature", "properties": { "drag_region": "East", "NAME": "Knott" }, "geometry": { "type": "Polygon", "coordinates": [ [ [ 961765.175918487715535, 4152990.062325866427273 ], [ 954447.758578712237068, 4153059.786248502321541 ], [ 951498.957368870847858, 4155132.950118084438145 ], [ 945466.009599282522686, 4147240.217071468010545 ], [ 946658.51222997403238, 4141462.316799896303564 ], [ 947946.413421259378083, 4133395.82308385334909 ], [ 946963.312300110701472, 4126286.728709760122001 ], [ 948044.030413817730732, 4123274.389706235844642 ], [ 952487.854156963410787, 4123840.275996182113886 ], [ 953574.782850652351044, 4120733.131682529114187 ], [ 958451.467614809633233, 4118645.135942008346319 ], [ 960473.369262668769807, 4116151.33255240181461 ], [ 967910.685844320920296, 4121438.951579848304391 ], [ 969383.385578558198176, 4124273.988376382738352 ], [ 974349.666425238247029, 4127454.486782350577414 ], [ 981979.943017036071979, 4128082.544680952560157 ], [ 983817.049493220401928, 4129790.490211584605277 ], [ 979884.687931848107837, 4132097.441128758713603 ], [ 978707.031406795140356, 4137013.912628923077136 ], [ 979038.22246742376592, 4143814.052233136259019 ], [ 976736.327336360118352, 4145430.76966333668679 ], [ 972041.347595342085697, 4143597.155322110746056 ], [ 972101.458001760882325, 4149428.889018415473402 ], [ 963748.461426727590151, 4151260.432728024665266 ], [ 961765.175918487715535, 4152990.062325866427273 ] ] ] } },
{ "type": "Feature", "properties": { "drag_region": "South", "NAME": "Knox" }, "geometry": { "type": "Polygon", "coordinates": [ [ [ 835067.635924590169452, 4019601.416598026640713 ], [ 837651.374720088322647, 4008420.887851061299443 ], [ 841297.007487438735552, 4004525.876265723723918 ], [ 845200.111850123503245, 4002739.67775085568428 ], [ 845026.964498895802535, 3998058.291432241909206 ], [ 847703.008084972505458, 3994612.108334725257009 ], [ 855223.667842087335885, 3990368.846784259192646 ], [ 861093.331388419144787, 3997338.601120121311396 ], [ 862821.22038542793598, 4003218.565474061761051 ], [ 866982.384880811092444, 4003454.963442296721041 ], [ 871902.475740987341851, 4009542.506985582876951 ], [ 880667.788851521443576, 4015388.799554797355086 ], [ 882157.374849258572794, 4018497.354420934338123 ], [ 879823.109839167329483, 4021086.545698828529567 ], [ 875333.822688078158535, 4021308.743394101504236 ], [ 866522.5837437431328, 4026252.202178789768368 ], [ 862891.941502608940937, 4029564.584485582541674 ], [ 859417.50552016030997, 4028302.06351376324892 ], [ 854526.263197748805396, 4031193.745609239209443 ], [ 849802.163225486990996, 4029035.204745578579605 ], [ 849308.150421657599509, 4024533.737898433580995 ], [ 846819.153646997525357, 4022354.265269504860044 ], [ 840388.912300676573068, 4023391.79232356371358 ], [ 835067.635924590169452, 4019601.416598026640713 ] ] ] } },
{ "type": "Feature", "properties": { "drag_region": "East", "NAME": "Lawrence" }, "geometry": { "type": "Polygon", "coordinates": [ [ [ 963227.304145107511431, 4247068.358929308131337 ], [ 966270.610332565614954, 4242421.787751409225166 ], [ 969566.30753029754851, 4246577.812107553705573 ], [ 980134.604823401081376, 4243413.723564377985895 ], [ 994090.188974762451835, 4235639.75508238747716 ], [ 999842.28551648312714, 4234474.889422466978431 ], [ 1002291.088115992839448, 4242907.605054358951747 ], [ 1006347.536147255683318, 4244057.466479895636439 ], [ 1009595.175646952004172, 4242301.951936324127018 ], [ 1012560.293385553755797, 4246366.221092297695577 ], [ 1007727.234130857046694, 4248234.984683468006551 ], [ 1004522.938795624417253, 4255729.23183626960963 ], [ 1001167.832248343387619, 4259870.885828246362507 ], [ 996278.251954602892511, 4263176.329871343448758 ], [ 996107.460937164956704, 4266800.874548809602857 ], [ 998624.368972678203136, 4266919.908040840178728 ], [ 998540.042699548299424, 4275328.642503189854324 ], [ 997811.791946985642426, 4277397.219333318062127 ], [ 990293.183520865160972, 4276565.579459378495812 ], [ 987274.342834070906974, 4273749.211084928363562 ], [ 982214.928557893959805, 4274186.321926499716938 ], [ 977137.33707764360588, 4268031.431787119247019 ], [ 974591.553800385445356, 4268586.683407156728208 ], [ 970922.809074892429635, 4266035.20982747990638 ], [ 974373.320185426971875, 4259307.293761303648353 ], [ 966489.142651843838394, 4251986.179595252498984 ], [ 963227.304145107511431, 4247068.358929308131337 ] ] ] } },
{ "type": "Feature", "properties": { "drag_region": "East", "NAME": "Madison" }, "geometry": { "type": "Polygon", "coordinates": [ [ [ 767383.318844613386318, 4194111.672693484928459 ], [ 776305.307150849606842, 4180327.883647132664919 ], [ 781530.654497921699658, 4174843.683121209964156 ], [ 783916.314269233145751, 4168995.404297657310963 ], [ 787727.970992992050014, 4168913.07388879545033 ], [ 790971.941694292589091, 4166525.980697568040341 ], [ 796974.902564903721213, 4167561.385904138442129 ], [ 799398.16948824794963, 4171450.875030210241675 ], [ 806342.310445975745097, 4172712.687538701575249 ], [ 802914.666680957889184, 4181004.91560471104458 ], [ 806310.143866091268137, 4183972.619662958197296 ], [ 805446.113996246596798, 4191389.538970964495093 ], [ 807114.490760117769241, 4198790.030345920473337 ], [ 802964.282293981290422, 4199997.114566924981773 ], [ 806303.454022130230442, 4204490.804108485579491 ], [ 797054.371457401663065, 4207164.910643405281007 ], [ 790116.523921034648083, 4206672.153868502005935 ], [ 789353.860170619096607, 4211134.610749078914523 ], [ 783752.609174222219735, 4208205.415767382830381 ], [ 779935.030883612111211, 4209146.756597671657801 ], [ 781332.273520429851487, 4204415.478576437570155 ], [ 779477.430680140387267, 4202932.122581844218075 ], [ 777186.984681958099827, 4205730.58632353041321 ], [ 775050.020048568141647, 4203000.135314511135221 ], [ 770648.529827985796146, 4202117.181821763515472 ], [ 772971.180314348661341, 4198077.613742734305561 ], [ 767383.318844613386318, 4194111.672693484928459 ] ] ] } },
{ "type": "Feature", "properties": { "drag_region": "Bluegrass", "NAME": "Lewis" }, "geometry": { "type": "Polygon", "coordinates": [ [ [ 912595.753217081073672, 4349703.375266619026661 ], [ 908921.164106678683311, 4347644.10805578622967 ], [ 907193.453760250704363, 4351682.177977068349719 ], [ 903664.948184833396226, 4353833.966506290249527 ], [ 894843.427531369030476, 4355399.118781914934516 ], [ 890042.273549118777737, 4358271.419444616883993 ], [ 882002.114450748078525, 4355869.037055327557027 ], [ 879383.388959277886897, 4350520.740028318949044 ], [ 881363.715637724613771, 4347728.709679802879691 ], [ 880149.323976325220428, 4338135.303336654789746 ], [ 884000.47415302763693, 4335698.653000243008137 ], [ 885856.444001110969111, 4327937.12312806583941 ], [ 896024.444448998430744, 4324691.891625413671136 ], [ 897352.071947266464122, 4322832.822784394025803 ], [ 900738.898357537342235, 4324587.521356559358537 ], [ 907350.836708163958974, 4316251.228420053608716 ], [ 916992.526971521787345, 4318836.332723977044225 ], [ 915967.689943013247102, 4328538.250533883459866 ], [ 921878.962966250255704, 4337380.272834435105324 ], [ 925487.496398299233988, 4341066.698171213269234 ], [ 929587.682386870146729, 4347833.708552460186183 ], [ 929407.889488813467324, 4352030.178874946199358 ], [ 933539.431802341598086, 4357846.125924604944885 ], [ 931558.130030407803133, 4360244.669006559066474 ], [ 925186.963400427252054, 4355576.620908509008586 ], [ 923801.837411565938964, 4351314.158761367201805 ], [ 912595.753217081073672, 4349703.375266619026661 ] ] ] } },
{ "type": "Feature", "properties": { "drag_region": "West", "NAME": "Livingston" }, "geometry": { "type": "Polygon", "coordinates": [ [ [ 266056.488796737627126, 4094936.909373179078102 ], [ 269168.972833206527866, 4090024.240845390129834 ], [ 273298.385047551360913, 4088624.255605152342469 ], [ 278133.59183233755175, 4091600.838950069621205 ], [ 283581.528022733167745, 4093045.994076042436063 ], [ 288663.772729932330549, 4091258.59695904655382 ], [ 294631.217890639556572, 4083743.481861955951899 ], [ 297531.759097157861106, 4085707.87848705984652 ], [ 295975.394866301328875, 4088873.361848692409694 ], [ 295732.611460903659463, 4094786.410482546780258 ], [ 299015.361411354970187, 4102084.240746320225298 ], [ 296834.281557960901409, 4106020.214852380100638 ], [ 298797.79930708615575, 4110094.041335268411785 ], [ 296963.188982127001509, 4116027.533604192081839 ], [ 290375.535469019087031, 4123073.980900289025158 ], [ 288564.744230505544692, 4130058.052848489955068 ], [ 284763.205455152434297, 4130874.639663901180029 ], [ 280030.818330647540279, 4133136.899489305447787 ], [ 280029.388987602083944, 4133041.5867038089782 ], [ 274248.237571936682798, 4129030.810288179200143 ], [ 273530.218032028526068, 4123798.595878379419446 ], [ 270569.050817248993553, 4117648.796245818492025 ], [ 271167.397694341023453, 4115255.816589616704732 ], [ 276483.453556430293247, 4108976.003436313010752 ], [ 278618.590506805456243, 4102651.778257874306291 ], [ 275300.517053327406757, 4094217.782652749679983 ], [ 272737.401781372609548, 4093590.237920068670064 ], [ 266056.488796737627126, 4094936.909373179078102 ] ] ] } },
{ "type": "Feature", "properties": { "drag_region": "West", "NAME": "McCracken" }, "geometry": { "type": "Polygon", "coordinates": [ [ [ 216715.77511242282344, 4105493.628923166077584 ], [ 226643.404895134561229, 4074880.698344326578081 ], [ 226948.502532343671191, 4074112.127372460439801 ], [ 236848.33950980391819, 4073452.956861389335245 ], [ 256024.922381012060214, 4073037.089111046399921 ], [ 256483.966259395936504, 4081990.961422726511955 ], [ 252354.55404505104525, 4083390.946662964299321 ], [ 249242.07000858214451, 4088303.615190753247589 ], [ 243578.991879895853344, 4093070.345080715138465 ], [ 232488.221913981891703, 4097081.79757464537397 ], [ 228096.447089552122634, 4100882.78676287503913 ], [ 216715.77511242282344, 4105493.628923166077584 ] ] ] } },
{ "type": "Feature", "properties": { "drag_region": "South", "NAME": "Harlan" }, "geometry": { "type": "Polygon", "coordinates": [ [ [ 918599.564429241465405, 4013929.312978648580611 ], [ 919429.436598276603036, 4008804.176342581864446 ], [ 917038.923150039860047, 4004038.190755664370954 ], [ 919379.48228439304512, 4001450.717824129853398 ], [ 918300.156780072837137, 3995873.652902537491173 ], [ 921975.360480171395466, 3991998.884367126040161 ], [ 922109.240006442065351, 3988375.750875785481185 ], [ 924669.634091136860661, 3988661.665197312831879 ], [ 935077.021926974644884, 3993830.131452681496739 ], [ 945529.697498046210967, 3997581.817006181925535 ], [ 950644.749689889722504, 3998168.908793571870774 ], [ 951092.997645100695081, 4002962.663886161055416 ], [ 955906.585360757424496, 4010800.623426498379558 ], [ 965175.882893584785052, 4011569.500718177761883 ], [ 973011.408222385449335, 4015821.668756904546171 ], [ 974765.723518086248077, 4019719.615113030653447 ], [ 973582.394383439212106, 4024827.707329943776131 ], [ 966988.845333832665347, 4029225.182162251789123 ], [ 958509.15414587338455, 4025332.562825371976942 ], [ 948404.315058275591582, 4021861.001436947844923 ], [ 950760.130747368908487, 4026923.489001577720046 ], [ 945559.094948029727675, 4028909.712992018088698 ], [ 941165.978142934502102, 4026728.636436725966632 ], [ 938759.694596288376488, 4022813.477504541631788 ], [ 933127.016078726970591, 4019442.564171502832323 ], [ 926494.326659902115352, 4016992.880288678221405 ], [ 925660.445459421142004, 4013619.434937330428511 ], [ 918599.564429241465405, 4013929.312978648580611 ] ] ] } },
{ "type": "Feature", "properties": { "drag_region": "East", "NAME": "Magoffin" }, "geometry": { "type": "Polygon", "coordinates": [ [ [ 948978.792562513612211, 4208840.956840937957168 ], [ 946325.573099517496303, 4211689.444663552567363 ], [ 944191.611080977367237, 4209783.606842062436044 ], [ 937759.364285356597975, 4212284.459093242883682 ], [ 939481.418917119735852, 4208917.001461172476411 ], [ 931154.016042124014348, 4203606.758128862828016 ], [ 929704.70891551556997, 4200300.358042806386948 ], [ 926001.749626461416483, 4197859.226700099185109 ], [ 928643.271898445906118, 4195195.14407847635448 ], [ 926885.947410843335092, 4191590.652705022133887 ], [ 928343.205116429831833, 4186873.267947013955563 ], [ 935118.925697119440883, 4184090.836634416133165 ], [ 938765.459433987271041, 4180324.026355181820691 ], [ 942454.001675439998507, 4183247.373900112230331 ], [ 947112.031254480592906, 4178188.521744386758655 ], [ 949652.854660032317042, 4178200.643895730376244 ], [ 949180.517522296169773, 4174359.023653250653297 ], [ 955747.798557942500338, 4169480.67462365468964 ], [ 957731.084066182374954, 4167751.045025812927634 ], [ 960163.002618252998218, 4170341.175696203950793 ], [ 960526.442730464739725, 4176568.016519013326615 ], [ 958890.945421493379399, 4184905.141426202841103 ], [ 954906.876805072883144, 4188935.996480143163353 ], [ 955358.146699093980715, 4193159.746449341066182 ], [ 954028.197853478835896, 4201892.647570974193513 ], [ 950439.335975662106648, 4204317.46689956728369 ], [ 948978.792562513612211, 4208840.956840937957168 ] ] ] } },
{ "type": "Feature", "properties": { "drag_region": "East", "NAME": "Martin" }, "geometry": { "type": "Polygon", "coordinates": [ [ [ 1010586.281702691805549, 4220391.003814125433564 ], [ 1005674.155739409849048, 4217102.36251487955451 ], [ 1008037.554599377210252, 4213962.483804682269692 ], [ 1005689.962380644050427, 4209934.239554754458368 ], [ 1007636.418437559041195, 4208973.233026944100857 ], [ 1008883.493411256116815, 4202627.028908832930028 ], [ 1016033.370605573407374, 4199044.032388002611697 ], [ 1019783.706414295709692, 4200274.414689683355391 ], [ 1025623.018521373509429, 4197687.920350211672485 ], [ 1030044.144604769186117, 4198190.713960361666977 ], [ 1031486.95540085376706, 4201130.299675788730383 ], [ 1029185.928606157540344, 4202738.195687311701477 ], [ 1032205.745125233544968, 4205851.258414679206908 ], [ 1035994.272321476018988, 4206230.924469001591206 ], [ 1035113.687507793190889, 4211159.592247743159533 ], [ 1031860.809710433357395, 4212814.63138588052243 ], [ 1027464.133723636274226, 4218430.513810175471008 ], [ 1027620.633873655926436, 4221689.22941277641803 ], [ 1022794.392163022537716, 4223269.841723102144897 ], [ 1020339.171833160682581, 4228218.066327982582152 ], [ 1017091.532333464361727, 4229973.580871554091573 ], [ 1013035.084302201517858, 4228823.719446017406881 ], [ 1010586.281702691805549, 4220391.003814125433564 ] ] ] } },
{ "type": "Feature", "properties": { "drag_region": "South", "NAME": "Metcalfe" }, "geometry": { "type": "Polygon", "coordinates": [ [ [ 628613.645896114525385, 4042942.975354820955545 ], [ 625791.137417726917192, 4039379.098485709168017 ], [ 627426.326120374258608, 4036254.708734968677163 ], [ 629414.453156512696296, 4006540.776154571678489 ], [ 640629.92068011732772, 4005742.888590342365205 ], [ 642254.14903158613015, 4004146.09220615727827 ], [ 644142.333527648006566, 4006366.5126639790833 ], [ 641526.061891443445347, 4010140.852621406782418 ], [ 645401.047253280878067, 4007815.275701797567308 ], [ 650172.917717905482277, 4009699.792025809176266 ], [ 653005.19976346322801, 4012699.813038546126336 ], [ 654845.342802784056403, 4017591.363505251705647 ], [ 655774.694688088377006, 4019417.825765685644001 ], [ 650248.836076449486427, 4025239.746928515378386 ], [ 647837.654462820501067, 4036546.511069163680077 ], [ 638563.980715396930464, 4038123.703441029414535 ], [ 633692.577143738977611, 4044441.726116245146841 ], [ 628613.645896114525385, 4042942.975354820955545 ] ] ] } },
{ "type": "Feature", "properties": { "drag_region": "Bluegrass", "NAME": "Nicholas" }, "geometry": { "type": "Polygon", "coordinates": [ [ [ 807248.851442083599977, 4310091.912145902402699 ], [ 809499.835110285086557, 4308347.440695987083018 ], [ 816109.586561143863946, 4297863.530124015174806 ], [ 819573.960454318439588, 4297686.773276211693883 ], [ 819021.403045793762431, 4295283.094165958464146 ], [ 822237.137513583991677, 4293095.103233295492828 ], [ 825679.05579405638855, 4293683.649951142258942 ], [ 826718.480439396109432, 4290758.572547391057014 ], [ 837640.883217504248023, 4302769.051944906823337 ], [ 838828.089405589271337, 4304814.432192895561457 ], [ 835197.597512831445783, 4309941.163020015694201 ], [ 831439.797882197774015, 4309623.717125640250742 ], [ 828386.173492409754544, 4316490.516196626238525 ], [ 825506.067810492357239, 4318209.24638538248837 ], [ 823024.124575909925625, 4317364.63138678856194 ], [ 814783.614172732108273, 4320060.030660379678011 ], [ 807248.851442083599977, 4310091.912145902402699 ] ] ] } },
{ "type": "Feature", "properties": { "drag_region": "East", "NAME": "Perry" }, "geometry": { "type": "Polygon", "coordinates": [ [ [ 898672.610931109869853, 4127326.978348978795111 ], [ 898546.134090984240174, 4122071.12089620763436 ], [ 900575.100048958091065, 4118899.202938398346305 ], [ 902577.307809340767562, 4116490.490960665978491 ], [ 906478.966290645999834, 4123033.008356921840459 ], [ 911773.611427537864074, 4126288.876691072247922 ], [ 916016.841546110808849, 4123682.419584790244699 ], [ 918867.337517720879987, 4115962.031855246052146 ], [ 925015.012879550457001, 4113815.575886282138526 ], [ 929925.502076650969684, 4110763.926433368586004 ], [ 927860.899167899042368, 4106478.988016423303634 ], [ 933437.804019984090701, 4102882.290021349675953 ], [ 932525.809763616183773, 4093771.806483233347535 ], [ 937726.845562955364585, 4091785.582492792978883 ], [ 943723.307885880814865, 4093847.274421934504062 ], [ 942011.489574483362958, 4096546.554144936613739 ], [ 944475.227832383941859, 4098845.935020735021681 ], [ 942912.657770189456642, 4105658.838075353298336 ], [ 947683.209240664495155, 4113787.897449462208897 ], [ 942806.524476507212967, 4115875.893189982976764 ], [ 941719.59578281827271, 4118983.037503635976464 ], [ 937275.772039672592655, 4118417.15121368970722 ], [ 936195.053925965679809, 4121429.490217213984579 ], [ 937178.155047114240006, 4128538.584591307211667 ], [ 935890.253855828894302, 4136605.078307350166142 ], [ 929173.115575900766999, 4137381.935242045670748 ], [ 927453.778633014997467, 4140560.169273662380874 ], [ 922885.090202330611646, 4135411.30468155676499 ], [ 917566.876647927798331, 4133005.910358096007258 ], [ 913291.388257728191093, 4128256.809004130307585 ], [ 911382.730986738810316, 4128183.816968703642488 ], [ 907078.618016054620966, 4132508.742846659850329 ], [ 898672.610931109869853, 4127326.978348978795111 ] ] ] } },
{ "type": "Feature", "properties": { "drag_region": "Central", "NAME": "Larue" }, "geometry": { "type": "Polygon", "coordinates": [ [ [ 562721.753261778736487, 4180136.790747217833996 ], [ 558094.38730700686574, 4171397.660153459291905 ], [ 552439.04477449960541, 4167891.498876216821373 ], [ 550606.68067916831933, 4162434.576287456322461 ], [ 545892.183991645928472, 4159040.406358238309622 ], [ 544442.280661637661979, 4147488.985669520683587 ], [ 565427.745522905956022, 4145759.768240651115775 ], [ 567253.338821719400585, 4151315.266652131453156 ], [ 571701.241143401130103, 4151094.907328927423805 ], [ 576806.672575511271134, 4149457.108864314854145 ], [ 579294.859895231202245, 4152737.882488460745662 ], [ 582183.676460487302393, 4150782.302178252954036 ], [ 578860.671606387710199, 4160072.091377885546535 ], [ 577266.287086474709213, 4160618.8793307072483 ], [ 574414.270982445916161, 4160479.136922797188163 ], [ 573515.522544070146978, 4157033.21470041712746 ], [ 568075.950062856660224, 4160193.295256004203111 ], [ 572368.665428338572383, 4169886.301007337402552 ], [ 570150.379838727996685, 4169948.223644302692264 ], [ 570693.594958799425513, 4175962.637560475151986 ], [ 566575.461414292920381, 4176187.800832042936236 ], [ 562721.753261778736487, 4180136.790747217833996 ] ] ] } },
{ "type": "Feature", "properties": { "drag_region": "East", "NAME": "Pike" }, "geometry": { "type": "Polygon", "coordinates": [ [ [ 1012192.447926402790472, 4135841.485405349172652 ], [ 1010355.341450218460523, 4134133.539874717127532 ], [ 1015992.124545676168054, 4129515.84208206506446 ], [ 1019710.083403404685669, 4131980.895718418061733 ], [ 1025394.245194883435033, 4126510.560229014139622 ], [ 1032221.21071834419854, 4130752.890181282535195 ], [ 1043828.831021417863667, 4135044.278177218046039 ], [ 1047162.235381686245091, 4138651.371049507521093 ], [ 1076614.937766514718533, 4167050.1876689507626 ], [ 1072191.422380518633872, 4166431.340600462630391 ], [ 1063154.729959771037102, 4168825.952367094811052 ], [ 1062019.381499734707177, 4172306.106744582764804 ], [ 1059477.146515459753573, 4172269.976327365264297 ], [ 1057060.790698389522731, 4175971.314128590282053 ], [ 1054217.490918456111103, 4175634.219582190737128 ], [ 1051794.665864457841963, 4179527.603726916480809 ], [ 1046989.125599383143708, 4180336.468169095925987 ], [ 1043113.75637879956048, 4187983.843826297204942 ], [ 1039325.22918255708646, 4187604.177771975286305 ], [ 1036305.412663481081836, 4184491.115044607780874 ], [ 1038606.439458177308552, 4182883.21903308480978 ], [ 1037163.628662092727609, 4179943.633317657746375 ], [ 1032742.502578697050922, 4179440.839707507286221 ], [ 1026903.190471619251184, 4182027.334046978969127 ], [ 1023152.854662896948867, 4180796.951745298691094 ], [ 1018794.924326384090818, 4178966.352040304336697 ], [ 1020210.011855529388413, 4175878.292052688077092 ], [ 1018708.317888913559727, 4160418.263175832573324 ], [ 1020935.173360921558924, 4160426.721855426207185 ], [ 1022183.144165081786923, 4154176.341738833114505 ], [ 1019629.828774705412798, 4147461.584455748554319 ], [ 1015583.85755952517502, 4145362.84891245374456 ], [ 1016948.452546310727485, 4143418.538699303753674 ], [ 1015585.506268085096963, 4138385.77325225668028 ], [ 1012192.447926402790472, 4135841.485405349172652 ] ] ] } },
{ "type": "Feature", "properties": { "drag_region": "East", "NAME": "Powell" }, "geometry": { "type": "Polygon", "coordinates": [ [ [ 836544.277837306610309, 4218097.595250017009676 ], [ 834381.736458802246489, 4216595.755580671131611 ], [ 833723.134176924708299, 4207602.817114917561412 ], [ 837170.488667102181353, 4208573.298266924917698 ], [ 837331.802054841071367, 4203615.355168046429753 ], [ 842540.928942417376675, 4199204.784250343218446 ], [ 849160.128818465513177, 4200094.779469314962626 ], [ 850183.513753388542682, 4197934.021153168752789 ], [ 853936.873825860093348, 4199303.56465863995254 ], [ 858838.418741368572228, 4194987.132102929055691 ], [ 860104.312029105960391, 4195031.578628438524902 ], [ 866313.899167776224203, 4207377.844889326021075 ], [ 855613.216070138965733, 4214826.910025202669203 ], [ 853948.727173180202954, 4217251.134984608739614 ], [ 849914.330429256544448, 4215107.496183348819613 ], [ 844213.001448469585739, 4215487.366878871805966 ], [ 836544.277837306610309, 4218097.595250017009676 ] ] ] } },
{ "type": "Feature", "properties": { "drag_region": "West", "NAME": "Trigg" }, "geometry": { "type": "Polygon", "coordinates": [ [ [ 319412.861011454835534, 4053126.212950202170759 ], [ 323416.82113372173626, 4039734.71595108974725 ], [ 327176.969354179105721, 4032067.048170739784837 ], [ 346726.201906852249522, 4030251.295596188399941 ], [ 346375.765083635866176, 4026918.793691362719983 ], [ 360497.923645929258782, 4027186.052103256806731 ], [ 362515.672625759325456, 4040323.069488959852606 ], [ 362931.644184070930351, 4053948.319122805725783 ], [ 363958.518802400445566, 4063662.111320264171809 ], [ 357599.077763810928445, 4067711.382082848809659 ], [ 354700.376375194638968, 4064684.344776200130582 ], [ 346369.9942625805852, 4062086.60999517980963 ], [ 344462.194561851560138, 4063152.381054259371012 ], [ 333220.058000589895528, 4057735.420395528897643 ], [ 319412.861011454835534, 4053126.212950202170759 ] ] ] } },
{ "type": "Feature", "properties": { "drag_region": "Bluegrass", "NAME": "Fleming" }, "geometry": { "type": "Polygon", "coordinates": [ [ [ 841530.960291588678956, 4325705.928520706482232 ], [ 837341.372400301625021, 4319648.983528537675738 ], [ 840221.478082219022326, 4317930.253339781425893 ], [ 843275.102472007041797, 4311063.454268795438111 ], [ 847032.902102640713565, 4311380.900163170881569 ], [ 850663.393995398539118, 4306254.169336050748825 ], [ 849476.187807313515805, 4304208.789088062010705 ], [ 853623.820262597990222, 4302442.040900863707066 ], [ 858628.404344822396524, 4303189.699563590809703 ], [ 863540.313065009075217, 4297731.101397809572518 ], [ 863324.904996408964507, 4294954.548208340071142 ], [ 868441.300805110367946, 4292751.927175428718328 ], [ 879419.648447075043805, 4302230.414393463172019 ], [ 880758.146019904525019, 4308393.054828435182571 ], [ 879707.981054007657804, 4311218.122212850488722 ], [ 883651.167927558533847, 4314902.376468379050493 ], [ 882323.54042929050047, 4316761.445309398695827 ], [ 872155.539981403038837, 4320006.6768120508641 ], [ 870299.570133319706656, 4327768.206684228032827 ], [ 866448.419956617290154, 4330204.857020639814436 ], [ 847930.006154128932394, 4321912.486795651726425 ], [ 841530.960291588678956, 4325705.928520706482232 ] ] ] } },
{ "type": "Feature", "properties": { "drag_region": "Bluegrass", "NAME": "Bath" }, "geometry": { "type": "Polygon", "coordinates": [ [ [ 837735.602814552839845, 4282553.241004824638367 ], [ 838171.527610225602984, 4278844.903401043266058 ], [ 846433.520812719129026, 4276637.06646490842104 ], [ 851992.044929577386938, 4270716.376243509352207 ], [ 853717.667240309529006, 4266384.331822602078319 ], [ 857664.865397179266438, 4261747.82401926536113 ], [ 866375.624565340578556, 4265302.457257512025535 ], [ 870555.950031802523881, 4263162.353621755726635 ], [ 873956.688070420874283, 4265101.300932000391185 ], [ 873497.340626018238254, 4268999.289432586170733 ], [ 880148.661760387243703, 4268292.459545333869755 ], [ 883175.723566855769604, 4271654.065553544089198 ], [ 876812.991861857590266, 4273132.894235379993916 ], [ 877657.51790470816195, 4275838.261659003794193 ], [ 869037.46660724573303, 4278861.613984642550349 ], [ 871473.783207282423973, 4281146.996427625417709 ], [ 867623.118590457830578, 4283106.858489707112312 ], [ 862506.722781756427139, 4285309.479522618465126 ], [ 862722.130850356537849, 4288086.032712087966502 ], [ 857810.222130169859156, 4293544.630877869203687 ], [ 852805.638047945452854, 4292796.972215142101049 ], [ 848658.005592660978436, 4294563.720402340404689 ], [ 837735.602814552839845, 4282553.241004824638367 ] ] ] } },
{ "type": "Feature", "properties": { "drag_region": "East", "NAME": "Clay" }, "geometry": { "type": "Polygon", "coordinates": [ [ [ 845501.082382166525349, 4111431.551548182498664 ], [ 845976.703292119549587, 4106579.573513355106115 ], [ 843561.979970219545066, 4102302.750137560069561 ], [ 847588.173440717393532, 4096228.985947633627802 ], [ 851394.434866111259907, 4097021.237944282591343 ], [ 853409.284580624196678, 4094033.481897039804608 ], [ 852906.229149216087535, 4089912.845289169345051 ], [ 857797.471471627592109, 4087021.163193693384528 ], [ 861271.907454076223075, 4088283.684165512677282 ], [ 864902.549695210414939, 4084971.301858719903976 ], [ 873713.788639545440674, 4080027.843074031639844 ], [ 878203.075790634611621, 4079805.645378758665174 ], [ 885306.539877590257674, 4078153.632022504229099 ], [ 885040.795147533644922, 4085400.010129951871932 ], [ 880902.316389486892149, 4093650.668433916755021 ], [ 880867.648245223099366, 4103387.712883608881384 ], [ 884860.893776689772494, 4107639.716416277457029 ], [ 884411.969322141143493, 4111155.887860524002463 ], [ 882409.761561758583412, 4113564.599838256370276 ], [ 876222.183214237447828, 4117158.502310540527105 ], [ 870872.811342504573986, 4124222.928679382894188 ], [ 868727.349318797234446, 4121855.943548101466149 ], [ 859460.683573020389304, 4122775.894879364874214 ], [ 851390.67392099252902, 4116491.576307268813252 ], [ 849309.799434101674706, 4111937.232452991884202 ], [ 845501.082382166525349, 4111431.551548182498664 ] ] ] } },
{ "type": "Feature", "properties": { "drag_region": "West", "NAME": "Crittenden" }, "geometry": { "type": "Polygon", "coordinates": [ [ [ 294677.523519168258645, 4137567.232496127020568 ], [ 298479.062294521310832, 4136750.645680715795606 ], [ 300289.853533034853172, 4129766.573732514865696 ], [ 306877.507046142825857, 4122720.126436417922378 ], [ 308712.117371101980098, 4116786.634167494252324 ], [ 306748.599621976667549, 4112712.807684605941176 ], [ 308929.679475370794535, 4108776.833578546065837 ], [ 309856.241297437052708, 4106382.19437815155834 ], [ 315633.793303265876602, 4109552.94992272881791 ], [ 317896.776929626299534, 4112290.784573106095195 ], [ 318269.14811871672282, 4116957.117529385257512 ], [ 321791.084687453869265, 4118633.026234016753733 ], [ 344210.475448669691104, 4134140.631603995803744 ], [ 340392.901698302594014, 4133697.284587825648487 ], [ 340120.433755699719768, 4138751.423853754531592 ], [ 335015.025909755786415, 4136320.586437626741827 ], [ 331868.431636484630872, 4139401.500243411865085 ], [ 332563.036934469651897, 4145399.65360642876476 ], [ 326881.94949539215304, 4148412.807019070256501 ], [ 325344.084119338891469, 4152909.370989345014095 ], [ 321170.482404492446221, 4148379.975769610609859 ], [ 319225.305899313010741, 4144779.869405524805188 ], [ 303966.456757635052782, 4143158.159980172291398 ], [ 300142.458504408074077, 4142161.380752564873546 ], [ 294677.523519168258645, 4137567.232496127020568 ] ] ] } },
{ "type": "Feature", "properties": { "drag_region": "West", "NAME": "Fulton" }, "geometry": { "type": "MultiPolygon", "coordinates": [ [ [ [ 151885.489590978046181, 4011376.217558421194553 ], [ 148003.200326832855353, 4010231.438635650090873 ], [ 143489.389605602918891, 3996800.686763429548591 ], [ 149931.550396322767483, 3997118.101166484411806 ], [ 154122.507235680677695, 3997493.786265332251787 ], [ 181114.654864509269828, 3996318.980319101829082 ], [ 195904.734052131621866, 3996119.990646198391914 ], [ 189637.515320567268645, 4004441.174537567887455 ], [ 186458.49839955670177, 4006125.671617414336652 ], [ 178753.689884520281339, 4006380.148002862930298 ], [ 168297.333085993508575, 4012900.869605190120637 ], [ 165734.543291991780279, 4013149.2942796619609 ], [ 162024.600761390145635, 4005414.37533229123801 ], [ 157808.918081740819616, 4003795.953209917061031 ], [ 151885.489590978046181, 4011376.217558421194553 ] ] ], [ [ [ 137375.356513850594638, 3996765.699606470298022 ], [ 139397.38753466666094, 4000338.105570423882455 ], [ 137910.985462502489099, 4005049.987197291571647 ], [ 131170.14701473430614, 4005417.585332746151835 ], [ 129808.682945557608036, 4002592.312696824781597 ], [ 132554.719217683799798, 3996986.956354987341911 ], [ 137375.356513850594638, 3996765.699606470298022 ] ] ] ] } },
{ "type": "Feature", "properties": { "drag_region": "Bluegrass", "NAME": "Boyd" }, "geometry": { "type": "Polygon", "coordinates": [ [ [ 999592.530027765664272, 4332656.117721814662218 ], [ 991193.117491642478853, 4324235.282258393242955 ], [ 987103.620115112164058, 4317453.432936942204833 ], [ 991238.859156071208417, 4316399.656693766824901 ], [ 990384.85749680083245, 4314448.914238445460796 ], [ 989960.761567745706998, 4303055.757626611739397 ], [ 995020.175843922654167, 4302618.646785040386021 ], [ 998039.016530716908164, 4305435.015159490518272 ], [ 1005557.624956837389618, 4306266.655033430084586 ], [ 1006285.875709400046617, 4304198.078203301876783 ], [ 1009023.046052593737841, 4306240.832960029132664 ], [ 1009071.693594353972003, 4311788.272218273021281 ], [ 1006395.794092974509113, 4315101.879976956173778 ], [ 1006299.059385553235188, 4323701.57498658914119 ], [ 1004126.93276922008954, 4329716.410969791002572 ], [ 999592.530027765664272, 4332656.117721814662218 ] ] ] } },
{ "type": "Feature", "properties": { "drag_region": "West", "NAME": "Carlisle" }, "geometry": { "type": "Polygon", "coordinates": [ [ [ 187084.529333587328438, 4063593.231223284266889 ], [ 183328.963044587115292, 4052996.108104249928147 ], [ 180108.812909815460443, 4052210.54899251786992 ], [ 179706.153258925594855, 4048595.872159219812602 ], [ 184454.546365238609724, 4046009.615715039893985 ], [ 186405.814075886271894, 4047301.528807067777961 ], [ 189550.832787248946261, 4044562.945739327929914 ], [ 212296.488466031325515, 4044101.85976546164602 ], [ 212663.654501749377232, 4063449.691600410267711 ], [ 212358.55686454026727, 4064218.26257227640599 ], [ 203382.907848567410838, 4063059.144444727804512 ], [ 196938.119373032299336, 4060711.951598308514804 ], [ 194724.01101644342998, 4061902.676226735115051 ], [ 188614.131541299691889, 4060412.784131087362766 ], [ 187084.529333587328438, 4063593.231223284266889 ] ] ] } },
{ "type": "Feature", "properties": { "drag_region": "Central", "NAME": "Henderson" }, "geometry": { "type": "Polygon", "coordinates": [ [ [ 309662.979812085744925, 4210428.324330485425889 ], [ 297966.256007572170347, 4208236.617163484916091 ], [ 294540.249523935024627, 4213224.724316609092057 ], [ 289786.349347419687547, 4211078.065524130128324 ], [ 299434.120497381314635, 4195545.94048881996423 ], [ 304462.491429588058963, 4191786.287039969582111 ], [ 304725.917856031446718, 4185207.231009991839528 ], [ 306281.747227110201493, 4181763.476891308557242 ], [ 327503.976876957109198, 4182577.499335758853704 ], [ 335120.68380403611809, 4186543.915178020950407 ], [ 336405.863835642579943, 4191113.384686083998531 ], [ 342738.559605656075291, 4192995.387098739854991 ], [ 347178.852892261347733, 4197460.935844262130558 ], [ 342768.133646302041598, 4201573.40185125824064 ], [ 344691.818717023241334, 4210335.828968080691993 ], [ 337766.43258505302947, 4214554.963085738942027 ], [ 331461.081119458773173, 4215154.989351426251233 ], [ 327026.706398374284618, 4211650.956982585601509 ], [ 322620.13501162303146, 4213486.892272717319429 ], [ 320756.180622049374506, 4218168.74576399102807 ], [ 318237.701627041096799, 4218756.563294320367277 ], [ 315988.579611403751187, 4212480.349364233203232 ], [ 319420.551593183423392, 4206357.636889271438122 ], [ 315290.179708249866962, 4202571.982496096752584 ], [ 311817.619591974304058, 4202882.26311550103128 ], [ 312816.01571204571519, 4210024.014240626245737 ], [ 309662.979812085744925, 4210428.324330485425889 ] ] ] } },
{ "type": "Feature", "properties": { "drag_region": "South", "NAME": "Laurel" }, "geometry": { "type": "Polygon", "coordinates": [ [ [ 800225.315111441537738, 4028067.601959773804992 ], [ 801245.267025724635459, 4025901.763876327779144 ], [ 805702.297690690145828, 4026694.882906100712717 ], [ 808524.738438183907419, 4028683.585944188758731 ], [ 811150.874524272163399, 4026374.224202240817249 ], [ 812368.531463949591853, 4028508.665909741539508 ], [ 815952.212578823557124, 4026324.088944250717759 ], [ 820964.167378816520795, 4029908.892732757143676 ], [ 823890.054890801780857, 4028375.632519857492298 ], [ 829211.331266888184473, 4032166.008245394565165 ], [ 835641.572613209136762, 4031128.481191335711628 ], [ 838130.569387869210914, 4033307.953820264432579 ], [ 838624.582191698602401, 4037809.420667409431189 ], [ 843348.682163960416801, 4039967.961531070061028 ], [ 843851.737595368525945, 4044088.598138940520585 ], [ 841836.887880855589174, 4047076.35418618330732 ], [ 838030.626455461722799, 4046284.102189534343779 ], [ 834004.432984963874333, 4052357.866379460785538 ], [ 836419.156306863878854, 4056634.689755255822092 ], [ 835943.535396910854615, 4061486.667790083214641 ], [ 826649.600109525374137, 4063100.158241811208427 ], [ 818514.777569570811465, 4068670.930257982108742 ], [ 817617.954473616671748, 4066735.368954998441041 ], [ 811645.271088630659506, 4064076.463232146576047 ], [ 811768.69631267094519, 4059881.822512964718044 ], [ 808595.334806963452138, 4059407.441039157100022 ], [ 804675.591554624726996, 4051566.53308236785233 ], [ 805689.082475506816991, 4049591.901910791639239 ], [ 806804.178530270815827, 4044090.178148875478655 ], [ 802780.280885819345713, 4039587.185457931831479 ], [ 803614.983479437301867, 4032646.261478514410555 ], [ 800771.706515847705305, 4031421.783934927545488 ], [ 800225.315111441537738, 4028067.601959773804992 ] ] ] } },
{ "type": "Feature", "properties": { "drag_region": "East", "NAME": "Wolfe" }, "geometry": { "type": "Polygon", "coordinates": [ [ [ 878282.329184990958311, 4202299.574834204278886 ], [ 872072.742046320694499, 4189953.308573316317052 ], [ 880181.043509862967767, 4184800.468631934374571 ], [ 888848.641006785677746, 4181966.989971598144621 ], [ 891144.807108330889605, 4179951.825286101549864 ], [ 894270.633232466992922, 4181215.138056646101177 ], [ 897817.642495738109574, 4188034.578728389460593 ], [ 899993.468210648745298, 4189168.650516708847135 ], [ 905483.615247449139133, 4186612.506927679758519 ], [ 912790.317377066123299, 4186329.012236017733812 ], [ 911333.059671479626559, 4191046.396994025912136 ], [ 905459.582761408179067, 4195302.633442226797342 ], [ 904714.651897121570073, 4198138.586777554824948 ], [ 900135.980417422833852, 4201875.745620704255998 ], [ 896005.06521865457762, 4202289.758907409384847 ], [ 890137.021360377897508, 4206842.013777957297862 ], [ 887738.001869878848083, 4203314.639209443703294 ], [ 882102.386757384287193, 4201674.458182895556092 ], [ 878282.329184990958311, 4202299.574834204278886 ] ] ] } },
{ "type": "Feature", "properties": { "drag_region": "West", "NAME": "Caldwell" }, "geometry": { "type": "Polygon", "coordinates": [ [ [ 352336.767084586434066, 4122604.060622909571975 ], [ 329917.376323370612226, 4107096.455252930521965 ], [ 326395.439754633465782, 4105420.546548299025744 ], [ 326023.068565543042496, 4100754.213592019863427 ], [ 330477.47840507212095, 4100132.079555270727724 ], [ 336409.232915181899443, 4088154.596659973263741 ], [ 344914.669953285250813, 4076157.8473089793697 ], [ 346822.469654014217667, 4075092.076249899808317 ], [ 355152.851766628329642, 4077689.811030920129269 ], [ 358051.553155244560912, 4080716.848337568808347 ], [ 359984.061268214369193, 4082894.250480641145259 ], [ 362639.417134182644077, 4096980.199629921466112 ], [ 356636.036482798517682, 4103697.10783612774685 ], [ 351888.570190039696172, 4107262.527004414238036 ], [ 351619.796991383773275, 4113078.848042958881706 ], [ 347830.414438602980226, 4116257.398778675124049 ], [ 351038.537444039713591, 4119469.807899607345462 ], [ 352336.767084586434066, 4122604.060622909571975 ] ] ] } },
{ "type": "Feature", "properties": { "drag_region": "East", "NAME": "Boyle" }, "geometry": { "type": "Polygon", "coordinates": [ [ [ 690974.781975595746189, 4172199.543218104168773 ], [ 690223.548709724214859, 4162647.410839272197336 ], [ 693421.026512686163187, 4161474.9751330120489 ], [ 702623.127737276721746, 4161484.740761306136847 ], [ 707339.291662816889584, 4163403.567788498476148 ], [ 715800.823175269411877, 4167798.63021037960425 ], [ 723636.794517739675939, 4171519.568266370799392 ], [ 723591.592304374789819, 4173330.816055038478225 ], [ 720013.679827047977597, 4177057.718320429325104 ], [ 719301.088705274392851, 4180283.371020952239633 ], [ 715778.471201349515468, 4181914.732531655114144 ], [ 691179.093777319299988, 4177544.313252631109208 ], [ 690974.781975595746189, 4172199.543218104168773 ] ] ] } },
{ "type": "Feature", "properties": { "drag_region": "South", "NAME": "Pulaski" }, "geometry": { "type": "Polygon", "coordinates": [ [ [ 734771.413851859048009, 4042629.600622523576021 ], [ 734303.692761408165097, 4034894.822204109746963 ], [ 740811.885627971030772, 4029604.721368638332933 ], [ 746666.635017994907685, 4025257.533875450957566 ], [ 752357.580627103918232, 4027967.764444204512984 ], [ 755249.514459004509263, 4027370.314759971573949 ], [ 760259.319568696431816, 4018814.647782956715673 ], [ 764180.10896635404788, 4015670.415527271106839 ], [ 778339.838996469159611, 4024913.390404155943543 ], [ 783417.611597861279733, 4026388.292806382291019 ], [ 783964.0030022674473, 4029742.474781536031514 ], [ 786807.279965857043862, 4030966.952325122896582 ], [ 785972.577372239087708, 4037907.876304540317506 ], [ 789996.475016690557823, 4042410.868995483964682 ], [ 788881.378961926558986, 4047912.592757400125265 ], [ 769552.657053584582172, 4067033.099317097570747 ], [ 764702.743436721037142, 4069958.673644832801074 ], [ 750392.654031490557827, 4056533.286286568269134 ], [ 734771.413851859048009, 4042629.600622523576021 ] ] ] } },
{ "type": "Feature", "properties": { "drag_region": "Central", "NAME": "Hart" }, "geometry": { "type": "Polygon", "coordinates": [ [ [ 523472.345002496964298, 4136975.666285843588412 ], [ 526075.641069672186859, 4130901.948619074653834 ], [ 521324.904433521442115, 4129328.850425251293927 ], [ 520720.924551452277228, 4126082.180247000418603 ], [ 514061.338380625704303, 4124209.017361821141094 ], [ 523734.47939317417331, 4110956.81231675343588 ], [ 523150.729731399100274, 4105613.36303873732686 ], [ 536559.279912175494246, 4103660.601314344909042 ], [ 550871.840651047881693, 4106221.109901949763298 ], [ 555950.771898672333919, 4107719.860663373954594 ], [ 557092.859195420285687, 4117173.204505375120789 ], [ 554812.48138245404698, 4120954.591786887962371 ], [ 555675.331187119241804, 4127544.218947189394385 ], [ 558798.084090833319351, 4131496.846700934227556 ], [ 558121.922816850594245, 4134347.129320374224335 ], [ 537136.457955582300201, 4136076.346749243792146 ], [ 523472.345002496964298, 4136975.666285843588412 ] ] ] } },
{ "type": "Feature", "properties": { "drag_region": "Central", "NAME": "Ohio" }, "geometry": { "type": "Polygon", "coordinates": [ [ [ 396189.480158400605433, 4141578.528591262176633 ], [ 396502.519569358089939, 4137098.876925818156451 ], [ 393000.471058525261469, 4132623.882543263956904 ], [ 395861.106351579073817, 4131762.52568542631343 ], [ 397136.374805658939295, 4135287.471952085848898 ], [ 400315.531877137138508, 4136428.725863933563232 ], [ 406354.81382269738242, 4130518.664984000846744 ], [ 406673.874315844383091, 4125277.055918641854078 ], [ 413999.909233017708175, 4118991.738376872148365 ], [ 415270.767688700230792, 4121471.044907761272043 ], [ 421943.979339924058877, 4127771.834812297020108 ], [ 421299.741959051112644, 4131868.621811506804079 ], [ 424798.219896069727838, 4131590.240187008399516 ], [ 426394.505814377916977, 4129116.252585112117231 ], [ 439394.575081600341946, 4139261.937149503733963 ], [ 434569.45238588785287, 4156017.59397005662322 ], [ 440902.104120732052252, 4158044.034870766568929 ], [ 436757.900985738146119, 4164126.979333452414721 ], [ 436739.638541600084864, 4168892.43468846520409 ], [ 420578.648724409285933, 4177233.544618984684348 ], [ 416788.124131711083464, 4174082.032182449474931 ], [ 421224.976955231279135, 4170181.83549048518762 ], [ 411417.178065844578668, 4164545.217919932678342 ], [ 409516.351286310935393, 4165306.437466182280332 ], [ 401595.4954494535923, 4157585.992224917281419 ], [ 395879.718178235576488, 4148726.788066224195063 ], [ 396189.480158400605433, 4141578.528591262176633 ] ] ] } },
{ "type": "Feature", "properties": { "drag_region": "Bluegrass", "NAME": "Harrison" }, "geometry": { "type": "Polygon", "coordinates": [ [ [ 766582.568203789647669, 4325655.856500529684126 ], [ 769577.024930894258432, 4319152.506193387322128 ], [ 775714.446353998151608, 4312640.59618313703686 ], [ 778137.647752722143196, 4304501.962441545911133 ], [ 777246.005272082518786, 4302664.363340738229454 ], [ 782914.054882645956241, 4302250.610066646710038 ], [ 791585.779702316387556, 4306604.525019594468176 ], [ 798927.064072540728375, 4313122.901245889253914 ], [ 806461.826803189236671, 4323091.019760366529226 ], [ 803872.636565891210921, 4325682.314904508180916 ], [ 799125.952513989876024, 4327158.161242483183742 ], [ 801123.040479573537596, 4333518.597326518036425 ], [ 796427.734732089214958, 4333470.253241494297981 ], [ 796963.473616297007538, 4336445.077444890514016 ], [ 780145.073520765407011, 4333565.524897580035031 ], [ 776174.183329415740445, 4330019.085297253914177 ], [ 773631.548794396687299, 4331380.119013318791986 ], [ 772797.218500661314465, 4327540.645137309096754 ], [ 766582.568203789647669, 4325655.856500529684126 ] ] ] } },
{ "type": "Feature", "properties": { "drag_region": "South", "NAME": "Taylor" }, "geometry": { "type": "Polygon", "coordinates": [ [ [ 651457.888915573712438, 4090863.015304746571928 ], [ 651520.871716221910901, 4086669.234663115348667 ], [ 661169.641987854149193, 4079287.92407130356878 ], [ 665409.546653447556309, 4072874.298678623046726 ], [ 669036.835418378352188, 4065403.415979101322591 ], [ 672627.137601799564436, 4060412.1063272501342 ], [ 676380.480395225808024, 4064387.299765084404498 ], [ 676024.651512405602261, 4066478.50967983296141 ], [ 686476.231985591468401, 4069531.888600166421384 ], [ 688939.095524942968041, 4073870.118606911040843 ], [ 691957.700479785213247, 4082129.785629438702017 ], [ 696658.445426353951916, 4085466.518824451602995 ], [ 691806.368282987968996, 4089755.261769806034863 ], [ 687970.479974716901779, 4091014.920686226803809 ], [ 679179.862484563840553, 4085509.411428140476346 ], [ 678508.043390281731263, 4087499.442794492933899 ], [ 673042.235283597954549, 4091215.298382485751063 ], [ 667634.764241048949771, 4091789.188202830962837 ], [ 661940.324232659884728, 4090550.410154072102159 ], [ 659051.507667403784581, 4092505.990464279893786 ], [ 656563.32034768385347, 4089225.216840134002268 ], [ 651457.888915573712438, 4090863.015304746571928 ] ] ] } },
{ "type": "Feature", "properties": { "drag_region": "South", "NAME": "Barren" }, "geometry": { "type": "Polygon", "coordinates": [ [ [ 578828.429624550510198, 4015346.166685657110065 ], [ 577888.400214964756742, 4013145.943507833406329 ], [ 586863.851393969496712, 4010845.354184230789542 ], [ 586905.312096601584926, 4006556.865482719149441 ], [ 588853.462422122480348, 4003716.652574278879911 ], [ 587598.144850156619214, 4001131.024117121472955 ], [ 593735.378079804824665, 3996046.230471760500222 ], [ 596020.817564318422228, 3992067.378441629465669 ], [ 610949.338456455967389, 4003201.146596987731755 ], [ 617002.81835495645646, 4005471.131905485875905 ], [ 615014.691318818018772, 4035185.064485882874578 ], [ 613379.502616170677356, 4038309.454236623365432 ], [ 616202.011094558285549, 4041873.33110573515296 ], [ 601889.450355685898103, 4039312.822518130298704 ], [ 588480.90017490950413, 4041265.584242522716522 ], [ 587011.233806334086694, 4028574.501013314817101 ], [ 583491.679579828400165, 4029494.039091660175472 ], [ 578828.429624550510198, 4015346.166685657110065 ] ] ] } },
{ "type": "Feature", "properties": { "drag_region": "East", "NAME": "Menifee" }, "geometry": { "type": "Polygon", "coordinates": [ [ [ 862366.157382028526627, 4231714.630938571877778 ], [ 860829.538572963210754, 4230515.603825867176056 ], [ 861731.599673648714088, 4222718.716035916469991 ], [ 863396.088570607476868, 4220294.49107651039958 ], [ 874096.771668244735338, 4212845.425940634682775 ], [ 877916.829240638064221, 4212220.30928932595998 ], [ 883552.44435313262511, 4213860.490315873175859 ], [ 885951.463843631674536, 4217387.864884386770427 ], [ 885833.170219045248814, 4220534.634463497437537 ], [ 890031.611738449078985, 4226518.914645749144256 ], [ 890590.594238685793243, 4236663.206654562614858 ], [ 884849.953745236503892, 4238259.266464640386403 ], [ 878198.632610867498443, 4238966.09635189268738 ], [ 878657.980055270134471, 4235068.107851306907833 ], [ 875257.24201665178407, 4233129.160541062243283 ], [ 871076.916550189838745, 4235269.264176818542182 ], [ 862366.157382028526627, 4231714.630938571877778 ] ] ] } },
{ "type": "Feature", "properties": { "drag_region": "Central", "NAME": "Butler" }, "geometry": { "type": "Polygon", "coordinates": [ [ [ 419020.867603146529291, 4106633.09002093737945 ], [ 419343.653565605927724, 4102726.075650756247342 ], [ 417113.089691316476092, 4103009.812027205713093 ], [ 416797.765494732593652, 4098911.611558812204748 ], [ 419354.586184836633038, 4092814.827143742702901 ], [ 415208.964114505448379, 4090714.685484520159662 ], [ 423826.231243156013079, 4089294.846067437902093 ], [ 439165.929992665012833, 4083043.941881345119327 ], [ 444209.808164603251498, 4099359.355368317570537 ], [ 443557.137468373810407, 4103168.854434389155358 ], [ 454702.774611464643385, 4104268.967120465356857 ], [ 457274.828200816235039, 4100089.585168507415801 ], [ 463318.572681613673922, 4102031.756495614070445 ], [ 455554.934047489019576, 4123334.84770815866068 ], [ 444415.533451729163062, 4126903.288793568965048 ], [ 431415.464184506738093, 4116757.604229177348316 ], [ 429819.178266198607162, 4119231.591831073630601 ], [ 426320.700329179991968, 4119509.973455572035164 ], [ 426964.937710052879993, 4115413.186456362251192 ], [ 420291.726058829051908, 4109112.396551826503128 ], [ 419020.867603146529291, 4106633.09002093737945 ] ] ] } },
{ "type": "Feature", "properties": { "drag_region": "Central", "NAME": "Meade" }, "geometry": { "type": "Polygon", "coordinates": [ [ [ 473278.885243915312458, 4240882.315905747003853 ], [ 475819.685844060673844, 4236989.314180425368249 ], [ 473954.631847321696114, 4232974.691790519282222 ], [ 470808.062819040787872, 4232480.215624454431236 ], [ 476193.021901462285314, 4227459.612725153565407 ], [ 492691.618107751070056, 4213851.213960846886039 ], [ 500661.9645446993527, 4205245.494616970419884 ], [ 513278.742669420258608, 4207562.068681806325912 ], [ 516052.004947473469656, 4213978.88144629728049 ], [ 514010.372504142753314, 4227683.978023639880121 ], [ 510869.820712818473112, 4226602.156668690033257 ], [ 509644.163373953138944, 4223157.74567651655525 ], [ 505491.313803728029598, 4228645.277898117899895 ], [ 498558.253910442639608, 4228676.097604060545564 ], [ 490324.462570917617995, 4233849.889282989315689 ], [ 489939.205831301340368, 4242807.295533248223364 ], [ 484557.59547101095086, 4247532.9526650570333 ], [ 480775.632860817771871, 4248936.415674289688468 ], [ 481111.920216275553685, 4245697.705141561105847 ], [ 485207.841479055990931, 4244582.628090140409768 ], [ 484910.624673256243113, 4242197.384966286830604 ], [ 480822.545050235989038, 4241978.168540048412979 ], [ 478323.721536339086015, 4239197.391880637966096 ], [ 473278.885243915312458, 4240882.315905747003853 ] ] ] } },
{ "type": "Feature", "properties": { "drag_region": "East", "NAME": "Lincoln" }, "geometry": { "type": "Polygon", "coordinates": [ [ [ 719531.059103282634169, 4153861.929772003088146 ], [ 718468.637653030571528, 4144777.185655724257231 ], [ 719521.126277014613152, 4140414.021302808076143 ], [ 724381.357102863723412, 4136425.208991137333214 ], [ 730817.559895141166635, 4133239.844987010583282 ], [ 732571.555103612830862, 4126510.333703934215009 ], [ 731015.128626395016909, 4125042.015936837065965 ], [ 731462.026448540738784, 4119711.606436018832028 ], [ 745772.115853771218099, 4133136.993794283363968 ], [ 750622.029470634763129, 4130211.419466548133641 ], [ 754920.53735472727567, 4147784.394162992946804 ], [ 752673.130486995563842, 4148677.717424977570772 ], [ 739383.779588270117529, 4159301.075493585318327 ], [ 735783.359744840534404, 4163789.178038543090224 ], [ 735828.561958205420524, 4161977.930249875411391 ], [ 727992.590615735156462, 4158256.992193884216249 ], [ 719531.059103282634169, 4153861.929772003088146 ] ] ] } },
{ "type": "Feature", "properties": { "drag_region": "South", "NAME": "Bell" }, "geometry": { "type": "Polygon", "coordinates": [ [ [ 863771.846656546229497, 3983359.058144482783973 ], [ 856859.577736817183904, 3978555.966331779025495 ], [ 859313.702589925262146, 3972145.013825509697199 ], [ 880852.161833411548287, 3972383.220174047164619 ], [ 882067.853375138365664, 3974429.717203501146287 ], [ 884547.353046080912463, 3977093.256846876814961 ], [ 894974.212143830955029, 3982141.982879701536149 ], [ 901078.829197820625268, 3982174.352947152219713 ], [ 900944.949671549955383, 3985797.486438492778689 ], [ 897269.745971451397054, 3989672.254973904229701 ], [ 898349.071475771605037, 3995249.319895496591926 ], [ 896008.512341418419965, 3997836.792827031109482 ], [ 898399.025789655162953, 4002602.778413948602974 ], [ 897569.153620620025322, 4007727.915050015319139 ], [ 895474.752740581869148, 4012424.743702797684819 ], [ 888371.288653626223095, 4014076.757059052120894 ], [ 890705.553663717466407, 4011487.56578115792945 ], [ 889215.967665980337188, 4008379.010915020946413 ], [ 880450.654555446235463, 4002532.718345806468278 ], [ 875530.563695269986056, 3996445.174802520312369 ], [ 871369.399199886829592, 3996208.776834285352379 ], [ 869641.510202878038399, 3990328.812480344902724 ], [ 863771.846656546229497, 3983359.058144482783973 ] ] ] } },
{ "type": "Feature", "properties": { "drag_region": "Bluegrass", "NAME": "Owen" }, "geometry": { "type": "Polygon", "coordinates": [ [ [ 704455.962440071511082, 4339598.029735893011093 ], [ 710815.730914031388238, 4334774.012931728735566 ], [ 708724.267050786525942, 4330150.627237143926322 ], [ 713099.639132028096355, 4330531.731493095867336 ], [ 712223.248621480423026, 4327651.073411375284195 ], [ 715074.802843069192022, 4326187.752421978861094 ], [ 714537.042347219074145, 4322169.781119221821427 ], [ 721797.629466099780984, 4319948.831285172142088 ], [ 720648.482764621730894, 4315344.003112660720944 ], [ 722889.659336121869273, 4313392.31335986405611 ], [ 729837.830842343973927, 4311552.390198056586087 ], [ 734192.732893328764476, 4313184.032371180132031 ], [ 744320.373992399312556, 4322119.889493677765131 ], [ 747957.697924996493384, 4326889.496391212567687 ], [ 743852.218518859124742, 4328118.269924300722778 ], [ 738946.429371624370106, 4336293.156510504893959 ], [ 730654.766038818983361, 4342670.460874683223665 ], [ 729445.304673621896654, 4353898.025761350058019 ], [ 722013.198140162159689, 4351241.475873366929591 ], [ 716484.414118325104937, 4347108.608804843388498 ], [ 713109.936413484625518, 4344267.173085579648614 ], [ 704455.962440071511082, 4339598.029735893011093 ] ] ] } },
{ "type": "Feature", "properties": { "drag_region": "Bluegrass", "NAME": "Gallatin" }, "geometry": { "type": "Polygon", "coordinates": [ [ [ 725575.183676316170022, 4379790.359838615171611 ], [ 722530.608425506157801, 4376760.120097029022872 ], [ 724500.718621328822337, 4372609.647406874224544 ], [ 717635.463536302326247, 4372734.309602081775665 ], [ 705867.544789380859584, 4368846.658811472356319 ], [ 711373.038447794155218, 4359810.297592798247933 ], [ 713916.076346623944119, 4357864.059533163905144 ], [ 719444.86036846099887, 4361996.926601687446237 ], [ 726876.966901920735836, 4364653.476489670574665 ], [ 727068.828038235078566, 4369618.828617798164487 ], [ 737638.668419862166047, 4371217.975414137355983 ], [ 725575.183676316170022, 4379790.359838615171611 ] ] ] } },
{ "type": "Feature", "properties": { "drag_region": "Bluegrass", "NAME": "Bourbon" }, "geometry": { "type": "Polygon", "coordinates": [ [ [ 780134.797882708371617, 4295239.833436072804034 ], [ 784138.453004716895521, 4286954.869191093370318 ], [ 786650.291039387811907, 4287121.205931793898344 ], [ 788317.221127036958933, 4283829.014002491720021 ], [ 786318.271660139085725, 4276615.887610648758709 ], [ 794651.679339460795745, 4271702.744329534471035 ], [ 812434.953570732963271, 4277586.627568973228335 ], [ 821285.485680479090661, 4286365.03174271248281 ], [ 820246.061035139369778, 4289290.109146463684738 ], [ 816804.142754666972905, 4288701.562428616918623 ], [ 813588.408286876743659, 4290889.553361279889941 ], [ 814140.965695401420817, 4293293.232471533119678 ], [ 810676.591802226845175, 4293469.989319336600602 ], [ 804066.840351368067786, 4303953.899891308508813 ], [ 801815.856683166581206, 4305698.371341223828495 ], [ 794474.572312942240387, 4299179.995114929042757 ], [ 785802.847493271809071, 4294826.080161981284618 ], [ 780134.797882708371617, 4295239.833436072804034 ] ] ] } },
{ "type": "Feature", "properties": { "drag_region": "Bluegrass", "NAME": "Bracken" }, "geometry": { "type": "Polygon", "coordinates": [ [ [ 800310.839251581812277, 4373850.099616293795407 ], [ 800016.52422590716742, 4373268.547944789752364 ], [ 803324.222389913164079, 4346646.178385400213301 ], [ 802788.483505705371499, 4343671.354182003997266 ], [ 807483.789253189694136, 4343719.69826702773571 ], [ 810892.042516906745732, 4344875.682087916880846 ], [ 813901.867115246597677, 4348693.075695256702602 ], [ 818331.323829372180626, 4347212.331341108307242 ], [ 822043.270737275248393, 4348574.039615127258003 ], [ 828893.302017832640558, 4368180.902801896445453 ], [ 822585.7086303147953, 4370070.005346382036805 ], [ 816095.841892081545666, 4368044.356601825915277 ], [ 801944.632866950705647, 4371418.330502675846219 ], [ 800310.839251581812277, 4373850.099616293795407 ] ] ] } },
{ "type": "Feature", "properties": { "drag_region": "South", "NAME": "Russell" }, "geometry": { "type": "Polygon", "coordinates": [ [ [ 693429.369439620873891, 4016390.550736899953336 ], [ 689646.160690613905899, 4013365.752041121944785 ], [ 693255.807071335497312, 4008473.96738289296627 ], [ 695174.122011747676879, 4008604.938808156177402 ], [ 693510.566455967491493, 4012006.313508320599794 ], [ 703874.606988089042716, 4005720.85533502092585 ], [ 708605.166650135070086, 4009343.27084516081959 ], [ 717748.835712414002046, 4015922.430004307068884 ], [ 718923.155687181628309, 4020810.9198227962479 ], [ 722474.209344777860679, 4019267.083680128213018 ], [ 728735.032023873995058, 4025224.261425663717091 ], [ 722226.839157311129384, 4030514.362261135131121 ], [ 722694.560247762012295, 4038249.140679548960179 ], [ 717945.53235413657967, 4036524.24193314043805 ], [ 709778.123972532455809, 4045697.061280976515263 ], [ 699272.636746761272661, 4028514.5389991751872 ], [ 695836.235464316094294, 4024444.429490823764354 ], [ 693429.369439620873891, 4016390.550736899953336 ] ] ] } },
{ "type": "Feature", "properties": { "drag_region": "West", "NAME": "Lyon" }, "geometry": { "type": "Polygon", "coordinates": [ [ [ 310634.148242186172865, 4092083.387802523560822 ], [ 307351.398291734862141, 4084785.557538750115782 ], [ 307594.181697132531554, 4078872.508904895745218 ], [ 309150.545927989063784, 4075707.025543263182044 ], [ 306250.00472147075925, 4073742.628918159287423 ], [ 310658.091610951232724, 4068539.13094847695902 ], [ 313443.51353378710337, 4060974.8044099858962 ], [ 327250.710522922221571, 4065584.011855312623084 ], [ 338492.847084183827974, 4071000.972514043096453 ], [ 329987.41004608059302, 4082997.721865036990494 ], [ 324055.655535970814526, 4094975.204760334454477 ], [ 319601.245696441736072, 4095597.33879708359018 ], [ 317338.262070081313141, 4092859.504146706312895 ], [ 311560.710064252489246, 4089688.748602129053324 ], [ 310634.148242186172865, 4092083.387802523560822 ] ] ] } },
{ "type": "Feature", "properties": { "drag_region": "Central", "NAME": "Grayson" }, "geometry": { "type": "Polygon", "coordinates": [ [ [ 456991.980306847719476, 4158450.423576037399471 ], [ 450659.328572003520094, 4156423.982675327453762 ], [ 455484.45126771600917, 4139668.325854774564505 ], [ 466623.851863475865684, 4136099.884769364260137 ], [ 468238.82748721470125, 4131534.051198228728026 ], [ 495892.122989416006021, 4133355.680525502189994 ], [ 502551.709160242578946, 4135228.843410681467503 ], [ 503155.689042311743833, 4138475.513588932342827 ], [ 507906.425678462488577, 4140048.611782755702734 ], [ 505303.129611287266016, 4146122.329449524637312 ], [ 504616.539966521668248, 4151262.642236033920199 ], [ 499465.356693657347932, 4159123.958780598826706 ], [ 493772.202962134731933, 4157642.403917696326971 ], [ 488997.968901301501319, 4159889.581534369383007 ], [ 487706.451618400402367, 4162833.912918968126178 ], [ 485179.148798268986866, 4161860.838042836170644 ], [ 478212.625379668432288, 4161142.740159985609353 ], [ 478865.648248030222021, 4158383.162000169511884 ], [ 473156.678261291235685, 4158821.968733292538673 ], [ 464248.512695493525825, 4165061.442123019136488 ], [ 462049.69884116970934, 4161333.146488271653652 ], [ 458559.282869472401217, 4162365.067529859486967 ], [ 456991.980306847719476, 4158450.423576037399471 ] ] ] } },
{ "type": "Feature", "properties": { "drag_region": "Central", "NAME": "Daviess" }, "geometry": { "type": "Polygon", "coordinates": [ [ [ 368525.037001971504651, 4206114.935060047544539 ], [ 366601.351931250304915, 4197352.507943225093186 ], [ 371012.071177209611051, 4193240.041936228517443 ], [ 366571.777890604396816, 4188774.493190706707537 ], [ 360239.082120590901468, 4186892.490778050851077 ], [ 358953.902088984439615, 4182323.021269987802953 ], [ 371910.523400773876347, 4175414.390592311508954 ], [ 386474.458946189377457, 4169286.919063699431717 ], [ 391545.799278293095995, 4168616.119627601932734 ], [ 399466.655115150439087, 4176336.564868866931647 ], [ 401367.481894684082363, 4175575.345322617329657 ], [ 411175.280784070841037, 4181211.962893169838935 ], [ 406738.427960550645366, 4185112.159585134126246 ], [ 410528.952553248789627, 4188263.672021669335663 ], [ 411149.666168339725118, 4194269.466588141862303 ], [ 407665.062898183008656, 4199696.130548699758947 ], [ 402612.436407178873196, 4199308.636285649612546 ], [ 404186.007705525669735, 4204266.489852605387568 ], [ 401027.404990236158483, 4207313.564428408630192 ], [ 395979.281532518449239, 4205977.013861286453903 ], [ 396925.129183946526609, 4209599.080101964995265 ], [ 390929.985721900768112, 4205596.701487720943987 ], [ 389345.728877842891961, 4196352.361205119639635 ], [ 387131.699931603856385, 4193780.769969510380179 ], [ 383654.886135492124595, 4193498.884313896298409 ], [ 381136.439239205792546, 4199412.061973009258509 ], [ 375454.577870814537164, 4200662.660767992027104 ], [ 368525.037001971504651, 4206114.935060047544539 ] ] ] } },
{ "type": "Feature", "properties": { "drag_region": "Bluegrass", "NAME": "Campbell" }, "geometry": { "type": "Polygon", "coordinates": [ [ [ 782733.515691666631028, 4407622.802447048015893 ], [ 772994.309004436130635, 4411063.285315701738 ], [ 771566.622405130881816, 4417607.512354095466435 ], [ 769062.465660113026388, 4418300.790159773081541 ], [ 766350.724536588182673, 4415267.610890303738415 ], [ 767818.976640440057963, 4407101.669089325703681 ], [ 771322.99584550363943, 4404145.521355129778385 ], [ 770539.171743618673645, 4398779.848959214985371 ], [ 772523.663878965075128, 4394636.692784656770527 ], [ 770519.610298680141568, 4388282.79375387262553 ], [ 774709.537270224886015, 4383438.146244045346975 ], [ 777495.909686625702307, 4384185.349711601622403 ], [ 790687.824354523210786, 4391540.867326188832521 ], [ 789978.369450018159114, 4394382.569764731451869 ], [ 785438.452534180134535, 4400354.335892338305712 ], [ 782733.515691666631028, 4407622.802447048015893 ] ] ] } },
{ "type": "Feature", "properties": { "drag_region": "Bluegrass", "NAME": "Rowan" }, "geometry": { "type": "Polygon", "coordinates": [ [ [ 880997.856666706618853, 4285118.018953377380967 ], [ 884848.521283531212248, 4283158.156891295686364 ], [ 882412.204683494521305, 4280872.774448312819004 ], [ 891032.255980956950225, 4277849.422122674062848 ], [ 890187.72993810637854, 4275144.05469905026257 ], [ 896550.461643104557879, 4273665.226017214357853 ], [ 893523.399836636031978, 4270303.62000900413841 ], [ 899264.04033008532133, 4268707.560198926366866 ], [ 903913.024301250115968, 4270892.959991110488772 ], [ 907865.693036902695894, 4274677.429693284444511 ], [ 917414.783028347534128, 4280314.185893677175045 ], [ 918789.148746902239509, 4285242.186247842386365 ], [ 915255.699482384254225, 4286913.047556510195136 ], [ 910144.226179662509821, 4288713.09670090675354 ], [ 909328.942392560769804, 4293360.864805886521935 ], [ 906206.488550052279606, 4300686.873881987296045 ], [ 899594.550199425662868, 4309023.166818493045866 ], [ 896207.723789154784754, 4307268.468246327713132 ], [ 892264.53691560390871, 4303584.213990799151361 ], [ 893314.701881500775926, 4300759.14660638384521 ], [ 891976.204308671294712, 4294596.506171411834657 ], [ 880997.856666706618853, 4285118.018953377380967 ] ] ] } },
{ "type": "Feature", "properties": { "drag_region": "South", "NAME": "Green" }, "geometry": { "type": "Polygon", "coordinates": [ [ [ 637859.109365839860402, 4081859.564784759655595 ], [ 638535.270639822585508, 4079009.282165319658816 ], [ 635412.517736108507961, 4075056.654411574825644 ], [ 634549.667931443313137, 4068467.027251273393631 ], [ 636830.045744409551844, 4064685.639969760552049 ], [ 635687.958447661600076, 4055232.296127759385854 ], [ 640559.362019319552928, 4048914.273452543653548 ], [ 649833.035766743123531, 4047337.08108067791909 ], [ 662798.716687974054366, 4054031.128674112260342 ], [ 665301.85367256088648, 4056743.794895539525896 ], [ 661711.551489139674231, 4061735.104547390714288 ], [ 658084.262724208878353, 4069205.987246912438422 ], [ 653844.358058615471236, 4075619.612639592960477 ], [ 644195.587786983232945, 4083000.923231404740363 ], [ 644132.604986335034482, 4087194.703873035963625 ], [ 639684.702664653304964, 4087415.063196239992976 ], [ 637859.109365839860402, 4081859.564784759655595 ] ] ] } },
{ "type": "Feature", "properties": { "drag_region": "South", "NAME": "McCreary" }, "geometry": { "type": "Polygon", "coordinates": [ [ [ 767939.488917320501059, 4002825.673972567077726 ], [ 767798.196671484271064, 3995763.893829002045095 ], [ 763981.145094877108932, 3994618.965332296211272 ], [ 763088.637810033513233, 3991830.91110015148297 ], [ 759585.099398944759741, 3990886.619693602900952 ], [ 759645.341438747476786, 3988408.383385492954403 ], [ 750699.276882624253631, 3973127.98149272846058 ], [ 771592.02754044928588, 3972778.452506792731583 ], [ 796975.664927957579494, 3972987.980775706470013 ], [ 799863.440307914977893, 3973166.232588103506714 ], [ 792535.675756884389557, 3982306.889349140692502 ], [ 790996.502086285618134, 3991422.01228010142222 ], [ 788366.767995755188167, 3993733.720236250199378 ], [ 788832.607980213360861, 4000042.905275299213827 ], [ 791324.006916992831975, 4002593.002735726069659 ], [ 790587.584483819780871, 4006006.741190962959081 ], [ 792653.974128076341003, 4012170.83219800516963 ], [ 788196.943463110830635, 4011377.713168232236058 ], [ 787176.991548827732913, 4013543.551251678261906 ], [ 782099.21894743561279, 4012068.64884945191443 ], [ 767939.488917320501059, 4002825.673972567077726 ] ] ] } },
{ "type": "Feature", "properties": { "drag_region": "South", "NAME": "Allen" }, "geometry": { "type": "Polygon", "coordinates": [ [ [ 546106.82551624882035, 3987799.094273991882801 ], [ 545872.068582638166845, 3973884.026676881592721 ], [ 564169.190293264575303, 3972776.94957733200863 ], [ 584718.312318796990439, 3971732.475635283160955 ], [ 587244.955806637648493, 3975476.81934504956007 ], [ 584606.448216075077653, 3982215.197669266723096 ], [ 582321.00873156148009, 3986194.049699397757649 ], [ 576183.775501913391054, 3991278.843344758730382 ], [ 577439.093073879135773, 3993864.471801916137338 ], [ 575490.942748358240351, 3996704.684710356406868 ], [ 575449.482045726152137, 4000993.173411868046969 ], [ 566474.030866721412167, 4003293.762735470663756 ], [ 567414.060276307165623, 4005493.985913294367492 ], [ 563922.558253584662452, 4002509.695512241218239 ], [ 558499.899772803299129, 4000750.823305701836944 ], [ 558835.892355154966936, 3998656.715378468390554 ], [ 546106.82551624882035, 3987799.094273991882801 ] ] ] } },
{ "type": "Feature", "properties": { "drag_region": "South", "NAME": "Clinton" }, "geometry": { "type": "Polygon", "coordinates": [ [ [ 686027.336480027530342, 3974669.429920089896768 ], [ 687630.428951957728714, 3974793.392362612765282 ], [ 714617.650403666310012, 3974080.719634941779077 ], [ 712350.663999696727842, 3974986.715705463197082 ], [ 712229.481194248655811, 3980800.59511334169656 ], [ 710210.461116979946382, 3985335.541630341205746 ], [ 711724.006230467231944, 3989657.775568545795977 ], [ 709685.321309847407974, 3995241.235960184596479 ], [ 706047.076107346103527, 4000887.862277396488935 ], [ 701316.516445300076157, 3997265.446767256595194 ], [ 690952.475913178524934, 4003550.904940556269139 ], [ 692616.03146895871032, 4000149.530240391846746 ], [ 689959.46947606431786, 3987896.805518960114568 ], [ 686027.336480027530342, 3974669.429920089896768 ] ] ] } },
{ "type": "Feature", "properties": { "drag_region": "Bluegrass", "NAME": "Jefferson" }, "geometry": { "type": "Polygon", "coordinates": [ [ [ 595131.119227570714429, 4275648.979971096850932 ], [ 594939.412768445326947, 4265255.291086383163929 ], [ 593442.893041520495899, 4258564.51892667543143 ], [ 591575.425159885315225, 4256541.14747260697186 ], [ 592217.62147984362673, 4255499.820312578231096 ], [ 596888.784724959172308, 4260225.831086373887956 ], [ 611936.053888535941951, 4265568.827318970113993 ], [ 624547.776628379593603, 4264418.829557576216757 ], [ 636745.589692060952075, 4269383.707535449415445 ], [ 637005.169191221124493, 4272630.105536665767431 ], [ 638354.640646366169676, 4285621.401926445774734 ], [ 632976.716030700830743, 4287914.323892094194889 ], [ 617753.67471634503454, 4298164.349333625286818 ], [ 614744.345996360876597, 4289348.728108271956444 ], [ 608831.611772966803983, 4285547.783506721258163 ], [ 604719.685739053064026, 4287781.122309598140419 ], [ 601282.37602355342824, 4286497.45339675154537 ], [ 599473.217460646992549, 4280468.474181964993477 ], [ 595131.119227570714429, 4275648.979971096850932 ] ] ] } },
{ "type": "Feature", "properties": { "drag_region": "East", "NAME": "Floyd" }, "geometry": { "type": "Polygon", "coordinates": [ [ [ 970677.39117513387464, 4186912.753452915232629 ], [ 970226.121281112777069, 4182689.0034837173298 ], [ 974210.189897533273324, 4178658.14842977700755 ], [ 975845.68720650463365, 4170321.023522587493062 ], [ 975482.247094292892143, 4164094.182699778117239 ], [ 973050.328542222268879, 4161504.05202938709408 ], [ 981403.325117255561054, 4159672.508319777902216 ], [ 981343.214710836764425, 4153840.77462347317487 ], [ 986038.19445185479708, 4155674.388964699115604 ], [ 988340.089582918444648, 4154057.671534498687834 ], [ 988008.898522289935499, 4147257.53193028550595 ], [ 989186.555047342786565, 4142341.060430121142417 ], [ 993118.916608715197071, 4140034.109512947034091 ], [ 996511.974950397387147, 4142578.397359854541719 ], [ 997874.921228623017669, 4147611.162806901615113 ], [ 996510.32624183758162, 4149555.473020051605999 ], [ 1000556.297457017702982, 4151654.208563346415758 ], [ 1003109.612847394077107, 4158368.965846430975944 ], [ 1001861.642043233849108, 4164619.345963024068624 ], [ 999634.786571225849912, 4164610.887283430434763 ], [ 1001136.480537841795012, 4180070.916160285938531 ], [ 999721.393008696381003, 4183158.976147902198136 ], [ 1004079.323345209239051, 4184989.575852896552533 ], [ 996929.446150891948491, 4188572.572373726870865 ], [ 985985.206171653466299, 4192083.598929973784834 ], [ 976628.588992703007534, 4188606.705235950183123 ], [ 974222.098728438839316, 4185634.116104657761753 ], [ 970677.39117513387464, 4186912.753452915232629 ] ] ] } },
{ "type": "Feature", "properties": { "drag_region": "Central", "NAME": "Marion" }, "geometry": { "type": "Polygon", "coordinates": [ [ [ 598844.432406014413573, 4160964.391662654466927 ], [ 600438.816925927414559, 4160417.603709832765162 ], [ 603761.821780027006753, 4151127.814510200172663 ], [ 609456.261788416071795, 4152366.59255895903334 ], [ 614863.732830965076573, 4151792.702738613821566 ], [ 620329.540937648853287, 4148076.847150621004403 ], [ 621001.360031930962577, 4146086.815784268546849 ], [ 629791.977522084023803, 4151592.325042354874313 ], [ 633627.86583035509102, 4150332.666125934105366 ], [ 638479.94297372107394, 4146043.923180579673499 ], [ 641342.938294951454736, 4145912.140915768686682 ], [ 641352.910264171892777, 4160693.437268536072224 ], [ 642104.143530043424107, 4170245.569647368043661 ], [ 621832.431832275236957, 4169844.424786217045039 ], [ 614506.983445700607263, 4172000.052925391122699 ], [ 611615.800703815999441, 4174333.098027591127902 ], [ 611559.53830679866951, 4177573.950270108412951 ], [ 608974.40586652897764, 4180675.912979780230671 ], [ 604944.47672025708016, 4175650.177394857630134 ], [ 598844.432406014413573, 4160964.391662654466927 ] ] ] } },
{ "type": "Feature", "properties": { "drag_region": "Bluegrass", "NAME": "Pendleton" }, "geometry": { "type": "Polygon", "coordinates": [ [ [ 766213.117674387991428, 4368940.297086985781789 ], [ 771963.04118054616265, 4341426.199315489269793 ], [ 774505.675715565215796, 4340065.165599424391985 ], [ 778476.565906914882362, 4343611.605199750512838 ], [ 795294.966002446482889, 4346491.157747060991824 ], [ 791987.267838440602645, 4373113.527306450530887 ], [ 792281.582864115131088, 4373695.078977954573929 ], [ 792122.528217811603099, 4378939.45329228695482 ], [ 778930.613549914094619, 4371583.935677699744701 ], [ 776144.241133513278328, 4370836.732210143469274 ], [ 766213.117674387991428, 4368940.297086985781789 ] ] ] } },
{ "type": "Feature", "properties": { "drag_region": "Bluegrass", "NAME": "Boone" }, "geometry": { "type": "Polygon", "coordinates": [ [ [ 726432.432843610993586, 4417621.845212882384658 ], [ 720634.788146995007992, 4413191.957576660439372 ], [ 721659.926058726850897, 4409209.158688605763018 ], [ 725880.979380627628416, 4401676.836067372001708 ], [ 722544.457980480859987, 4397973.052853542380035 ], [ 722617.933806191664189, 4394826.720556661486626 ], [ 728868.933414981933311, 4393925.731184085831046 ], [ 729272.397762262262404, 4390119.495546214282513 ], [ 741335.882505808258429, 4381547.111121736466885 ], [ 745005.779719242127612, 4384408.807109930552542 ], [ 746338.678659659111872, 4393030.780290230177343 ], [ 743593.895197982084937, 4414617.618402993306518 ], [ 738867.630267309839837, 4417166.893415194004774 ], [ 734082.542484290199354, 4422197.957127075642347 ], [ 731906.295309226727113, 4422334.637381077744067 ], [ 726432.432843610993586, 4417621.845212882384658 ] ] ] } },
{ "type": "Feature", "properties": { "drag_region": "West", "NAME": "Logan" }, "geometry": { "type": "Polygon", "coordinates": [ [ [ 464315.405110405932646, 4073898.163701748475432 ], [ 463647.901944779616315, 4027584.728805343154818 ], [ 490276.62310550478287, 4028276.340296922717243 ], [ 491216.643963678914588, 4036950.48723820457235 ], [ 496623.237120783946011, 4049926.492564485874027 ], [ 499810.628964179602917, 4053463.42351400339976 ], [ 503646.104298361053225, 4054240.542400202248245 ], [ 498164.124330335704144, 4067180.663181873969734 ], [ 482824.42558082670439, 4073431.567367966752499 ], [ 474207.15845217613969, 4074851.406785049010068 ], [ 464315.405110405932646, 4073898.163701748475432 ] ] ] } },
{ "type": "Feature", "properties": { "drag_region": "Bluegrass", "NAME": "Spencer" }, "geometry": { "type": "Polygon", "coordinates": [ [ [ 652413.084450099500827, 4262546.847257347777486 ], [ 648676.533611820312217, 4260100.621116482652724 ], [ 644735.474408655543812, 4250597.250950059853494 ], [ 647293.501906619640067, 4248350.087792420759797 ], [ 655270.168410658254288, 4242857.832556762732565 ], [ 675387.735868881456554, 4246756.78821518458426 ], [ 675331.465681793051772, 4249616.572173768654466 ], [ 678802.276934383204207, 4249494.891898140311241 ], [ 681230.330816912115552, 4254121.698400225490332 ], [ 669464.403220624779351, 4259706.783614419400692 ], [ 652672.663949259673245, 4265793.245258564129472 ], [ 652413.084450099500827, 4262546.847257347777486 ] ] ] } },
{ "type": "Feature", "properties": { "drag_region": "Bluegrass", "NAME": "Robertson" }, "geometry": { "type": "Polygon", "coordinates": [ [ [ 808279.117560112383217, 4336747.224636683240533 ], [ 806282.029594528721645, 4330386.788552648387849 ], [ 811028.713646430056542, 4328910.942214673385024 ], [ 813617.903883728082292, 4326319.647070531733334 ], [ 821858.414286905899644, 4323624.247796940617263 ], [ 824340.357521488331258, 4324468.862795534543693 ], [ 828529.945412775385194, 4330525.807787703350186 ], [ 825876.810049029183574, 4334924.196968698874116 ], [ 824739.796615545055829, 4340900.458682320080698 ], [ 822838.599044198053889, 4341601.565984782762825 ], [ 819126.652136294869706, 4340239.857710763812065 ], [ 814697.195422169286758, 4341720.602064912207425 ], [ 811687.370823829551227, 4337903.208457572385669 ], [ 808279.117560112383217, 4336747.224636683240533 ] ] ] } },
{ "type": "Feature", "properties": { "drag_region": "West", "NAME": "Marshall" }, "geometry": { "type": "Polygon", "coordinates": [ [ [ 274531.936359780025668, 4064341.558911847881973 ], [ 274201.459991690469906, 4043088.56856477772817 ], [ 307521.282015835342463, 4042255.335973045788705 ], [ 303517.321893568441737, 4055646.832972158212215 ], [ 300731.899970732512884, 4063211.159510649275035 ], [ 296323.813081252097618, 4068414.657480331603438 ], [ 290356.367920544813387, 4075929.772577422205359 ], [ 285274.123213345650584, 4077717.169694418087602 ], [ 279826.187022950092796, 4076272.014568445272744 ], [ 274990.980238163901959, 4073295.431223527994007 ], [ 274531.936359780025668, 4064341.558911847881973 ] ] ] } },
{ "type": "Feature", "properties": { "drag_region": "East", "NAME": "Morgan" }, "geometry": { "type": "Polygon", "coordinates": [ [ [ 903097.854069167631678, 4236530.826090497896075 ], [ 902538.871568930917419, 4226386.534081684425473 ], [ 898340.430049527087249, 4220402.253899432718754 ], [ 898458.723674113512971, 4217255.484320322051644 ], [ 904326.767532390193082, 4212703.229449774138629 ], [ 908457.682731158449315, 4212289.216163069009781 ], [ 913036.354210857185535, 4208552.057319919578731 ], [ 913781.285075143794529, 4205716.103984591551125 ], [ 919654.761985215242021, 4201459.86753639113158 ], [ 921412.086472817813046, 4205064.358909845352173 ], [ 918770.564200833323412, 4207728.441531468182802 ], [ 922473.523489887360483, 4210169.572874175384641 ], [ 923922.830616495921277, 4213475.972960231825709 ], [ 932250.233491491642781, 4218786.216292541474104 ], [ 930528.178859728504904, 4222153.673924611881375 ], [ 936960.425655349274166, 4219652.821673431433737 ], [ 939094.387673889286816, 4221558.659494921565056 ], [ 941747.607136885519139, 4218710.171672306954861 ], [ 945282.312443324481137, 4224786.581404027529061 ], [ 942510.129356742138043, 4230399.653435756452382 ], [ 939466.82316928403452, 4235046.224613655358553 ], [ 929393.763740155845881, 4234239.042029468342662 ], [ 924317.945713952300139, 4234793.814471389167011 ], [ 921644.686435029492714, 4238410.147234384901822 ], [ 917437.186515446170233, 4241010.103478023782372 ], [ 917859.664097348577343, 4246185.148076646029949 ], [ 911699.506775985006243, 4242500.695584855973721 ], [ 907746.838040332426317, 4238716.225882682017982 ], [ 903097.854069167631678, 4236530.826090497896075 ] ] ] } },
{ "type": "Feature", "properties": { "drag_region": "West", "NAME": "Muhlenberg" }, "geometry": { "type": "Polygon", "coordinates": [ [ [ 428900.229616561497096, 4130197.024566360749304 ], [ 424418.551249948388431, 4121063.00193248456344 ], [ 421557.134331757784821, 4121359.927727131638676 ], [ 420898.018968861899339, 4115739.602102919016033 ], [ 427874.744305585569236, 4107994.398823505733162 ], [ 425631.110658948484343, 4104094.579398232046515 ], [ 425621.40569332492305, 4101330.848935251124203 ], [ 430076.792568536184262, 4098647.94679249310866 ], [ 432298.562914023001213, 4094734.290724456310272 ], [ 432927.38367508421652, 4091206.504168087150902 ], [ 444738.032919149205554, 4091660.122379265725613 ], [ 450484.09690347785363, 4093370.339849771000445 ], [ 460375.850245248060673, 4094323.582933071535081 ], [ 464521.472315579245333, 4096423.72459229407832 ], [ 461964.651625475205947, 4102520.509007363580167 ], [ 462279.975822059088387, 4106618.709475757088512 ], [ 464510.539696348540019, 4106334.973099307622761 ], [ 464187.753733889141586, 4110241.987469488754869 ], [ 456861.718816715874709, 4116527.305011258460581 ], [ 456542.658323568815831, 4121768.914076617453247 ], [ 450503.376378008571919, 4127678.974956550169736 ], [ 447324.219306530430913, 4126537.721044702455401 ], [ 446048.950852450507227, 4123012.774778042919934 ], [ 443188.315559396753088, 4123874.131635880563408 ], [ 446690.364070229581557, 4128349.126018434762955 ], [ 446377.324659272038843, 4132828.777683878783137 ], [ 440024.561565628973767, 4132552.009589302353561 ], [ 436522.599516642047092, 4128937.516783057246357 ], [ 428900.229616561497096, 4130197.024566360749304 ] ] ] } },
{ "type": "Feature", "properties": { "drag_region": "West", "NAME": "Simpson" }, "geometry": { "type": "Polygon", "coordinates": [ [ [ 508005.166745972528588, 4020839.547118606977165 ], [ 523403.101538808550686, 4021272.644343629013747 ], [ 525658.276028562686406, 4019186.072740179486573 ], [ 530781.762117631733418, 4021307.321657442022115 ], [ 539444.872258313000202, 4021165.540470147505403 ], [ 539679.629191923653707, 4035080.608067257795483 ], [ 540298.71045891859103, 4038515.271912140771747 ], [ 523958.847154195420444, 4041001.44257585844025 ], [ 521374.647938828798942, 4046803.749221886508167 ], [ 517539.172604647348635, 4046026.630335687659681 ], [ 514351.780761251691729, 4042489.699386170133948 ], [ 508945.187604146660306, 4029513.694059888832271 ], [ 508005.166745972528588, 4020839.547118606977165 ] ] ] } },
{ "type": "Feature", "properties": { "drag_region": "West", "NAME": "Ballard" }, "geometry": { "type": "Polygon", "coordinates": [ [ [ 179583.229826126131229, 4089181.352707369253039 ], [ 178520.801321271806955, 4084628.012123444583267 ], [ 182880.120059852371924, 4079570.171009999699891 ], [ 185661.04580291826278, 4075217.079974270425737 ], [ 187190.648010630626231, 4072036.632882073521614 ], [ 193300.527485774364322, 4073526.524977721273899 ], [ 195514.635842363233678, 4072335.800349294673651 ], [ 201959.42431789834518, 4074682.99319571396336 ], [ 210935.073333871201612, 4075842.111323262564838 ], [ 201007.443551159463823, 4106455.041902102064341 ], [ 196551.071965963812545, 4106642.624989024829119 ], [ 192368.236042367469054, 4104728.743598482571542 ], [ 188139.524168203701265, 4100815.194942250382155 ], [ 185133.510666812304407, 4094682.865777930244803 ], [ 179583.229826126131229, 4089181.352707369253039 ] ] ] } },
{ "type": "Feature", "properties": { "drag_region": "South", "NAME": "Adair" }, "geometry": { "type": "Polygon", "coordinates": [ [ [ 660029.691508533316664, 4040374.424502766225487 ], [ 662440.873122162302025, 4029067.660362117923796 ], [ 667966.731733801192604, 4023245.739199288189411 ], [ 667037.379848496872, 4021419.276938854251057 ], [ 686563.063839934417047, 4020328.622909334022552 ], [ 688969.92986462963745, 4028382.50166325783357 ], [ 692406.331147074815817, 4032452.611171609256417 ], [ 702911.818372845998965, 4049635.13345341058448 ], [ 701474.992052753455937, 4057520.195954110939056 ], [ 691810.467337494483218, 4063239.150597288738936 ], [ 689347.603798142983578, 4058900.920590544119477 ], [ 678896.023324957117438, 4055847.541670210659504 ], [ 679251.852207777323201, 4053756.331755462102592 ], [ 672995.372429764247499, 4047068.472096200566739 ], [ 660029.691508533316664, 4040374.424502766225487 ] ] ] } },
{ "type": "Feature", "properties": { "drag_region": "Bluegrass", "NAME": "Greenup" }, "geometry": { "type": "Polygon", "coordinates": [ [ [ 953344.861695888801478, 4362440.797117998823524 ], [ 955326.163467822596431, 4360042.254036044701934 ], [ 951194.621154294465668, 4354226.306986385956407 ], [ 951374.414052351145074, 4350029.836663899943233 ], [ 947274.228063780232333, 4343262.826282653026283 ], [ 943665.694631731254049, 4339576.400945874862373 ], [ 953870.0831353032263, 4335708.91947550047189 ], [ 961109.195219025597908, 4328091.698948292993009 ], [ 966415.300600865040906, 4328898.890980563126504 ], [ 974694.572213947307318, 4326499.079679111950099 ], [ 978784.069590477622114, 4333280.929000562988222 ], [ 987183.482126600807533, 4341701.764463984407485 ], [ 981902.037200023769401, 4347285.33663126360625 ], [ 974013.782974597183056, 4348355.345583005808294 ], [ 971077.116055481834337, 4350898.000865502282977 ], [ 967786.0144461854361, 4361358.12180286180228 ], [ 968533.413056802353822, 4365597.116744886152446 ], [ 966206.820984867983498, 4368646.197493338957429 ], [ 959788.653823489672504, 4365302.278562352061272 ], [ 955106.367686173063703, 4365097.202581644058228 ], [ 953344.861695888801478, 4362440.797117998823524 ] ] ] } },
{ "type": "Feature", "properties": { "drag_region": "East", "NAME": "Leslie" }, "geometry": { "type": "Polygon", "coordinates": [ [ [ 897332.554491226794198, 4108171.39125187555328 ], [ 897781.478945775423199, 4104655.219807629007846 ], [ 893788.233414308750071, 4100403.216274960432202 ], [ 893822.901558572542854, 4090666.171825268305838 ], [ 897961.380316619295627, 4082415.513521303422749 ], [ 898227.125046675908379, 4075169.135413855779916 ], [ 900321.525926714064553, 4070472.306761073414236 ], [ 907382.406956893741153, 4070162.428719755262136 ], [ 908216.288157374714501, 4073535.87407110305503 ], [ 914848.977576199569739, 4075985.557953927665949 ], [ 920481.656093760975637, 4079356.471286966465414 ], [ 922887.939640407101251, 4083271.630219150800258 ], [ 927281.056445502326824, 4085452.706774442922324 ], [ 928193.050701870233752, 4094563.190312559250742 ], [ 922616.145849785069004, 4098159.888307632878423 ], [ 924680.748758537112735, 4102444.826724578160793 ], [ 919770.259561436600052, 4105496.476177491713315 ], [ 913622.584199607023038, 4107642.932146455626935 ], [ 910772.0882279969519, 4115363.319875999819487 ], [ 906528.858109424007125, 4117969.776982281822711 ], [ 901234.21297253202647, 4114713.908648131415248 ], [ 897332.554491226794198, 4108171.39125187555328 ] ] ] } },
{ "type": "Feature", "properties": { "drag_region": "Bluegrass", "NAME": "Carter" }, "geometry": { "type": "Polygon", "coordinates": [ [ [ 923245.447189596481621, 4306697.419302367605269 ], [ 926367.901032104971819, 4299371.41022626683116 ], [ 927183.184819206711836, 4294723.642121287062764 ], [ 932294.658121928456239, 4292923.59297689050436 ], [ 934293.244530087918974, 4297972.304196716286242 ], [ 939509.125651792506687, 4301244.357834477908909 ], [ 946304.646168010658585, 4296848.212163875810802 ], [ 949337.386086314567365, 4292199.98323474265635 ], [ 952669.886969397193752, 4295304.899212134070694 ], [ 955975.969326773076318, 4291721.543218621984124 ], [ 960367.47299953084439, 4292200.35504063591361 ], [ 964036.217725023860112, 4294751.828620312735438 ], [ 966582.001002282020636, 4294196.57700027525425 ], [ 971659.592482532374561, 4300351.467139655724168 ], [ 972083.688411587500013, 4311744.623751489445567 ], [ 972937.69007085787598, 4313695.366206810809672 ], [ 968802.451029898831621, 4314749.142449986189604 ], [ 960523.179416816565208, 4317148.953751437366009 ], [ 955217.07403497712221, 4316341.761719167232513 ], [ 947977.961951254750602, 4323958.982246374711394 ], [ 937773.573447682778351, 4327826.463716749101877 ], [ 931862.30042444576975, 4318984.441416197456419 ], [ 932887.137452954309992, 4309282.523606291040778 ], [ 923245.447189596481621, 4306697.419302367605269 ] ] ] } },
{ "type": "Feature", "properties": { "drag_region": "Bluegrass", "NAME": "Kenton" }, "geometry": { "type": "Polygon", "coordinates": [ [ [ 750885.439224173896946, 4412381.620926418341696 ], [ 753630.222685850923881, 4390794.782813655212522 ], [ 752297.323745433939621, 4382172.809633355587721 ], [ 759497.95787776040379, 4381218.931989072822034 ], [ 769429.081336885690689, 4383115.36711223050952 ], [ 765239.154365340946242, 4387960.014622057788074 ], [ 767243.207945625879802, 4394313.913652841933072 ], [ 765258.715810279478319, 4398457.069827400147915 ], [ 766042.539912164444104, 4403822.742223314940929 ], [ 762538.520707100862637, 4406778.889957510866225 ], [ 761070.268603248987347, 4414944.831758488900959 ], [ 757021.594725884264335, 4415311.718895277939737 ], [ 750885.439224173896946, 4412381.620926418341696 ] ] ] } },
{ "type": "Feature", "properties": { "drag_region": "East", "NAME": "Clark" }, "geometry": { "type": "Polygon", "coordinates": [ [ [ 792358.164943802985363, 4241089.338561096228659 ], [ 792829.276775753940456, 4235759.443958192132413 ], [ 789420.490497413906269, 4233656.691246804781258 ], [ 789535.767992935259826, 4229652.425313799642026 ], [ 787224.406606626347639, 4222143.813171494752169 ], [ 788506.076619831495918, 4221512.432509294711053 ], [ 794107.32761622837279, 4224441.627490990795195 ], [ 794869.991366643924266, 4219979.170610413886607 ], [ 801807.838903010939248, 4220471.927385317161679 ], [ 811056.921467739506625, 4217797.820850397460163 ], [ 813328.12242341588717, 4215960.428531310521066 ], [ 818061.083162812399678, 4216301.976216368377209 ], [ 818719.685444689937867, 4225294.914682121947408 ], [ 820882.226823194301687, 4226796.754351467825472 ], [ 810141.439175075152889, 4246973.22180053498596 ], [ 792358.164943802985363, 4241089.338561096228659 ] ] ] } },
{ "type": "Feature", "properties": { "drag_region": "West", "NAME": "Calloway" }, "geometry": { "type": "Polygon", "coordinates": [ [ [ 275199.833137192763388, 4030324.856911230366677 ], [ 274450.822936195880175, 4002692.360238801687956 ], [ 313342.036485366115812, 4001702.217528158798814 ], [ 315336.30255168635631, 4007780.207337324507535 ], [ 312279.803381795005407, 4021823.956539148464799 ], [ 308519.655161337635946, 4029491.624319498427212 ], [ 275199.833137192763388, 4030324.856911230366677 ] ] ] } },
{ "type": "Feature", "properties": { "drag_region": "Bluegrass", "NAME": "Mason" }, "geometry": { "type": "Polygon", "coordinates": [ [ [ 830974.119147203979082, 4345746.982709466479719 ], [ 832875.316718550981022, 4345045.875407003797591 ], [ 834012.330152035108767, 4339069.613693382591009 ], [ 836665.465515781310387, 4334671.22451238706708 ], [ 843064.511378321563825, 4330877.782787332311273 ], [ 861582.925180809921585, 4339170.153012320399284 ], [ 862797.316842209314927, 4348763.55935546848923 ], [ 860816.990163762588054, 4351555.589703984558582 ], [ 855806.67347613570746, 4351660.3299091598019 ], [ 850443.918537301011384, 4352901.475818989798427 ], [ 848714.33670528116636, 4357614.419464587233961 ], [ 843945.097487933933735, 4359930.547283623367548 ], [ 842896.971507426584139, 4363140.408853244036436 ], [ 837824.150427761254832, 4365353.845896235667169 ], [ 830974.119147203979082, 4345746.982709466479719 ] ] ] } },
{ "type": "Feature", "properties": { "drag_region": "Bluegrass", "NAME": "Elliott" }, "geometry": { "type": "Polygon", "coordinates": [ [ [ 929559.974068898591213, 4274270.531217800453305 ], [ 929137.496486996184103, 4269095.486619178205729 ], [ 933344.996406579506584, 4266495.530375539325178 ], [ 936018.255685502314009, 4262879.197612543590367 ], [ 941094.073711705859751, 4262324.425170622766018 ], [ 951167.13314083404839, 4263131.607754809781909 ], [ 954428.971647570375353, 4268049.428420754149556 ], [ 962313.149181153508835, 4275370.542586805298924 ], [ 958862.638070618966594, 4282098.458652981556952 ], [ 954471.134397861198522, 4281619.646830967627466 ], [ 951165.052040485315956, 4285203.002824479714036 ], [ 947832.551157402689569, 4282098.086847088299692 ], [ 944799.811239098780788, 4286746.315776221454144 ], [ 938004.290722880628891, 4291142.461446823552251 ], [ 932788.409601176041178, 4287870.407809061929584 ], [ 930789.823193016578443, 4282821.696589236147702 ], [ 934323.272457534563728, 4281150.835280568338931 ], [ 932948.906738979858346, 4276222.834926403127611 ], [ 929559.974068898591213, 4274270.531217800453305 ] ] ] } },
{ "type": "Feature", "properties": { "drag_region": "East", "NAME": "Garrard" }, "geometry": { "type": "Polygon", "coordinates": [ [ [ 736818.052240282297134, 4194529.04125155787915 ], [ 738857.361891130916774, 4188760.454024587757885 ], [ 737995.253671959042549, 4185209.927916701883078 ], [ 734563.750591034302488, 4183123.449470522347838 ], [ 738086.368094959179871, 4181492.087959819473326 ], [ 738798.959216732764617, 4178266.435259296558797 ], [ 742376.871694059576839, 4174539.532993905711919 ], [ 745977.291537489159964, 4170051.430448947940022 ], [ 759266.642436214606278, 4159428.072380340192467 ], [ 761514.049303946318105, 4158534.749118355568498 ], [ 767901.982738073915243, 4157279.416329757776111 ], [ 770234.564852167037316, 4164691.275896838400513 ], [ 767848.905080855591223, 4170539.554720391053706 ], [ 762623.557733783498406, 4176023.755246313754469 ], [ 753701.569427547277883, 4189807.544292666018009 ], [ 750023.749123831279576, 4185227.419228957500309 ], [ 743214.599269360303879, 4191635.367124979849905 ], [ 745699.637514349422418, 4193415.459903972223401 ], [ 740265.39102744916454, 4195758.725868389010429 ], [ 736818.052240282297134, 4194529.04125155787915 ] ] ] } },
{ "type": "Feature", "properties": { "drag_region": "East", "NAME": "Letcher" }, "geometry": { "type": "Polygon", "coordinates": [ [ [ 955272.19142041914165, 4083691.701515574939549 ], [ 952916.375731325824745, 4078629.213950945064425 ], [ 963021.214818923617713, 4082100.775339369196445 ], [ 971500.90600688289851, 4085993.394676249008626 ], [ 978094.455056489445269, 4081595.919843940995634 ], [ 981771.737585820257664, 4085387.483390624634922 ], [ 985598.128889290499501, 4085747.588982942979783 ], [ 990543.803975963965058, 4089695.642634984571487 ], [ 990174.105350406607613, 4097897.673886538483202 ], [ 997954.446603475720622, 4102553.294724680483341 ], [ 1003795.934245019685477, 4107508.445565485395491 ], [ 998111.772453540936112, 4112978.781054889317602 ], [ 994393.813595812418498, 4110513.727418536320329 ], [ 988757.030500354710966, 4115131.4252111883834 ], [ 981126.753908556886017, 4114503.367312586400658 ], [ 976160.473061876837164, 4111322.868906618561596 ], [ 974687.773327639559284, 4108487.832110084127635 ], [ 967250.456745987408794, 4103200.213082637637854 ], [ 965228.55509812827222, 4105694.016472244169563 ], [ 960458.003627653233707, 4097564.957098135259002 ], [ 962020.573689847718924, 4090752.054043516982347 ], [ 959556.835431947140023, 4088452.673167718574405 ], [ 961268.653743344591931, 4085753.393444716464728 ], [ 955272.19142041914165, 4083691.701515574939549 ] ] ] } },
{ "type": "Feature", "properties": { "drag_region": "Bluegrass", "NAME": "Trimble" }, "geometry": { "type": "Polygon", "coordinates": [ [ [ 659087.404938439955004, 4359561.52013838198036 ], [ 652532.43846210394986, 4359635.647643492557108 ], [ 648841.920480471919291, 4356425.457033227197826 ], [ 651260.360481367330067, 4342830.050028310157359 ], [ 652285.325628095772117, 4337793.578416715376079 ], [ 650752.01968161854893, 4335955.497482143342495 ], [ 655770.201802581432275, 4335374.963375234976411 ], [ 661455.376611027633771, 4332616.371230041608214 ], [ 664265.627820364083163, 4333049.859511469490826 ], [ 673772.05208545550704, 4343151.863796262070537 ], [ 670031.464184509823099, 4342505.930894087068737 ], [ 668368.874171339324676, 4347623.710492977872491 ], [ 659087.404938439955004, 4359561.52013838198036 ] ] ] } },
{ "type": "Feature", "properties": { "drag_region": "West", "NAME": "Hickman" }, "geometry": { "type": "Polygon", "coordinates": [ [ [ 183482.017586866160855, 4035954.048527565784752 ], [ 183079.023962590144947, 4032243.948727300390601 ], [ 177958.14208199508721, 4032645.421214057598263 ], [ 176579.976723717933055, 4028480.961766612250358 ], [ 179387.872993373486679, 4024983.915439483709633 ], [ 178659.944456342549529, 4021185.930707358755171 ], [ 181222.734250344277825, 4020937.506032886914909 ], [ 191679.091048871050589, 4014416.784430559724569 ], [ 199383.89956390747102, 4014162.308045111130923 ], [ 202562.916484918037895, 4012477.810965264681727 ], [ 208830.135216482391115, 4004156.627073895186186 ], [ 210437.512606298085302, 4004126.167866260744631 ], [ 211323.959687658876646, 4034046.292577987536788 ], [ 188578.304008876497392, 4034507.378551853820682 ], [ 185433.285297513823025, 4037245.961619593668729 ], [ 183482.017586866160855, 4035954.048527565784752 ] ] ] } },
{ "type": "Feature", "properties": { "drag_region": "Bluegrass", "NAME": "Fayette" }, "geometry": { "type": "Polygon", "coordinates": [ [ [ 757571.716206449782476, 4268495.15500027872622 ], [ 755054.184581357752904, 4255934.350993690080941 ], [ 761091.984246644191444, 4254180.573413035832345 ], [ 771004.401644702767953, 4249291.310672692023218 ], [ 773622.005073693115264, 4245927.8841204168275 ], [ 775073.068625881685875, 4239098.306813679635525 ], [ 777210.033259271644056, 4241828.757822698913515 ], [ 779500.479257453931496, 4239030.294081012718379 ], [ 781355.322097743395716, 4240513.650075606070459 ], [ 779958.079460925655439, 4245244.928096840158105 ], [ 783775.657751535763964, 4244303.587266551330686 ], [ 782493.987738330615684, 4244934.967928751371801 ], [ 784805.349124639527872, 4252443.580071056261659 ], [ 784690.071629118174314, 4256447.84600406140089 ], [ 788098.857907458208501, 4258550.598715448752046 ], [ 787627.746075507253408, 4263880.493318352848291 ], [ 779294.338396185543388, 4268793.636599467135966 ], [ 781293.287863083416596, 4276006.762991310097277 ], [ 779626.35777543426957, 4279298.9549206122756 ], [ 777114.519740763353184, 4279132.618179911747575 ], [ 758164.411604846129194, 4269941.322871348820627 ], [ 757571.716206449782476, 4268495.15500027872622 ] ] ] } },
{ "type": "Feature", "properties": { "drag_region": "Central", "NAME": "Washington" }, "geometry": { "type": "Polygon", "coordinates": [ [ [ 613951.036104408325627, 4191562.049011002760381 ], [ 616536.168544678017497, 4188460.086301330942661 ], [ 616592.430941695347428, 4185219.234058813657612 ], [ 619483.61368357995525, 4182886.188956613652408 ], [ 626809.062070154584944, 4180730.560817439574748 ], [ 647080.773767922772095, 4181131.70567859057337 ], [ 647285.085569646325894, 4186476.475713117513806 ], [ 649085.044087371788919, 4205969.835897392593324 ], [ 646472.039167772280052, 4210015.125765262171626 ], [ 639522.170295367599465, 4210157.265755572356284 ], [ 637892.296754087787122, 4212699.185445620678365 ], [ 635411.492306695785373, 4210456.336052693426609 ], [ 631306.739378889673389, 4210471.483308386057615 ], [ 631103.021276978659444, 4204650.636009854264557 ], [ 622921.085659284843132, 4202876.353344424627721 ], [ 622049.346363654010929, 4198664.977644168771803 ], [ 617959.192380319815129, 4197543.135356364771724 ], [ 618327.353682521847077, 4194593.760419051162899 ], [ 613951.036104408325627, 4191562.049011002760381 ] ] ] } },
{ "type": "Feature", "properties": { "drag_region": "Bluegrass", "NAME": "Woodford" }, "geometry": { "type": "Polygon", "coordinates": [ [ [ 738980.067342215450481, 4275762.795633234083652 ], [ 726858.955681685358286, 4269464.771406775340438 ], [ 726920.433910634717904, 4266795.462777124717832 ], [ 730154.26295792486053, 4263150.557656510733068 ], [ 728358.01427876460366, 4259102.649962442927063 ], [ 733286.11254979739897, 4250633.507486252114177 ], [ 733374.132364531047642, 4246915.596679202280939 ], [ 730588.357048163190484, 4244560.975966765545309 ], [ 734713.146793013671413, 4243704.30759409070015 ], [ 736135.25405121059157, 4237061.322319787926972 ], [ 741148.964834215934388, 4238804.418082620948553 ], [ 745174.654069668380544, 4254644.087090271525085 ], [ 747692.185694760410115, 4267204.891096860170364 ], [ 745409.662942201015539, 4270294.91851095110178 ], [ 745634.732536925468594, 4273830.332196357659996 ], [ 740613.214339117635973, 4273322.852777152322233 ], [ 738980.067342215450481, 4275762.795633234083652 ] ] ] } },
{ "type": "Feature", "properties": { "drag_region": "West", "NAME": "Christian" }, "geometry": { "type": "Polygon", "coordinates": [ [ [ 376810.59080465324223, 4086592.354736570268869 ], [ 374155.234938684967346, 4072506.405587289948016 ], [ 372222.726825715159066, 4070329.003444217611104 ], [ 378582.167864304676186, 4066279.732681632973254 ], [ 377555.293245975160971, 4056565.940484174527228 ], [ 377139.321687663556077, 4042940.690850328654051 ], [ 375121.572707833489403, 4029803.673464625608176 ], [ 407210.894979048229288, 4030107.601950027048588 ], [ 414398.850591750466265, 4077924.464190403930843 ], [ 412177.080246263649315, 4081838.120258440729231 ], [ 407721.693371052388102, 4084521.022401198744774 ], [ 407731.398336675949395, 4087284.752864179667085 ], [ 404214.779448562592734, 4084534.062973988242447 ], [ 394009.395402626600116, 4083913.185145984403789 ], [ 391127.337085324106738, 4081641.18199340859428 ], [ 376810.59080465324223, 4086592.354736570268869 ] ] ] } },
{ "type": "Feature", "properties": { "drag_region": "East", "NAME": "Estill" }, "geometry": { "type": "Polygon", "coordinates": [ [ [ 821527.54910326434765, 4202770.171727998182178 ], [ 818188.377375115407631, 4198276.48218643758446 ], [ 822338.58584125188645, 4197069.397965433076024 ], [ 820670.209077380714007, 4189668.906590477563441 ], [ 821534.238947225385346, 4182251.987282471265644 ], [ 818138.761762092006393, 4179284.283224224112928 ], [ 821566.405527109862305, 4170992.055158214643598 ], [ 825700.488627866376191, 4170739.3815663093701 ], [ 832612.045369600644335, 4172964.014467049855739 ], [ 838142.979039254714735, 4168849.515370179433376 ], [ 844136.29064507142175, 4179453.580692988820374 ], [ 844976.786420175456442, 4182727.514921817462891 ], [ 851435.007884508115239, 4188485.980735454242676 ], [ 853646.995362781104632, 4188658.642081981059164 ], [ 848745.450447272625752, 4192975.074637692421675 ], [ 844992.090374801075086, 4191605.531132221221924 ], [ 843968.705439878045581, 4193766.28944836743176 ], [ 837349.505563829909079, 4192876.294229395221919 ], [ 832140.378676253603771, 4197286.865147098898888 ], [ 831979.065288514713757, 4202244.80824597645551 ], [ 828531.710798337240703, 4201274.327093970030546 ], [ 823798.750058940728195, 4200932.779408911243081 ], [ 821527.54910326434765, 4202770.171727998182178 ] ] ] } },
{ "type": "Feature", "properties": { "drag_region": "Bluegrass", "NAME": "Grant" }, "geometry": { "type": "Polygon", "coordinates": [ [ [ 747203.080812174128368, 4365468.146159557625651 ], [ 736633.240430547040887, 4363868.999363218434155 ], [ 736441.379294232698157, 4358903.647235090844333 ], [ 737650.840659429784864, 4347676.082348424009979 ], [ 745942.503992235171609, 4341298.777984245680273 ], [ 750848.293139469926246, 4333123.891398041509092 ], [ 754953.772545607294887, 4331895.117864953354001 ], [ 756774.555073485593311, 4334137.604219183325768 ], [ 762989.205370357260108, 4336022.392855962738395 ], [ 763823.535664092632942, 4339861.866731972433627 ], [ 758073.61215793446172, 4367375.964503468945622 ], [ 750872.978025607997552, 4368329.842147751711309 ], [ 747203.080812174128368, 4365468.146159557625651 ] ] ] } },
{ "type": "Feature", "properties": { "drag_region": "East", "NAME": "Mercer" }, "geometry": { "type": "Polygon", "coordinates": [ [ [ 689408.81819254218135, 4212354.825175463221967 ], [ 692021.823112141690217, 4208309.535307593643665 ], [ 690221.864594416227192, 4188816.175123318564147 ], [ 714821.242018446442671, 4193186.594402342569083 ], [ 718252.745099371182732, 4195273.072848522104323 ], [ 719114.853318543056957, 4198823.598956407979131 ], [ 717075.543667694437318, 4204592.186183378100395 ], [ 717581.188778937794268, 4209755.527017872780561 ], [ 712567.477995932451449, 4208012.43125503975898 ], [ 711145.370737735531293, 4214655.416529342532158 ], [ 707020.580992885050364, 4215512.084902017377317 ], [ 709806.356309252907522, 4217866.705614454112947 ], [ 709718.336494519258849, 4221584.616421503946185 ], [ 701911.308409164776094, 4218065.188949318602681 ], [ 697148.107255639391951, 4219389.067627638578415 ], [ 694037.83057692728471, 4217317.98675677087158 ], [ 693161.515569599578157, 4214056.328491739928722 ], [ 689408.81819254218135, 4212354.825175463221967 ] ] ] } },
{ "type": "Feature", "properties": { "drag_region": "Bluegrass", "NAME": "Montgomery" }, "geometry": { "type": "Polygon", "coordinates": [ [ [ 831929.383768090861849, 4277931.223603416234255 ], [ 823078.85165834473446, 4269152.81942967697978 ], [ 833819.639306463883258, 4248976.351980609819293 ], [ 841488.362917626858689, 4246366.123609464615583 ], [ 847189.691898413817398, 4245986.252913941629231 ], [ 851224.088642337475903, 4248129.891715201549232 ], [ 850322.02754165197257, 4255926.779505152255297 ], [ 851858.646350717288442, 4257125.806617856957018 ], [ 847911.448193847551011, 4261762.314421193674207 ], [ 846185.825883115408942, 4266094.358842100948095 ], [ 840627.30176625715103, 4272015.049063500016928 ], [ 832365.308563763624988, 4274222.885999634861946 ], [ 831929.383768090861849, 4277931.223603416234255 ] ] ] } },
{ "type": "Feature", "properties": { "drag_region": "Central", "NAME": "Webster" }, "geometry": { "type": "Polygon", "coordinates": [ [ [ 283009.724896941683255, 4149674.687770643737167 ], [ 282315.11959895666223, 4143676.534407626837492 ], [ 285461.713872227817774, 4140595.620601841714233 ], [ 290567.121718171751127, 4143026.458017969503999 ], [ 290839.589660774625372, 4137972.318752040620893 ], [ 294657.163411141722463, 4138415.66576821077615 ], [ 293358.933770595001988, 4135281.413044908549637 ], [ 312828.0470051135635, 4147431.208187128417194 ], [ 321413.606552014010958, 4150240.668412788771093 ], [ 332238.850780728447717, 4159340.061825561337173 ], [ 330345.949679000885226, 4161444.676098720636219 ], [ 322747.616261706221849, 4162814.696543216705322 ], [ 321824.246167749457527, 4167966.350622257683426 ], [ 300602.01651790260803, 4167152.328177807386965 ], [ 294528.869023854029365, 4160625.239677043166012 ], [ 283009.724896941683255, 4149674.687770643737167 ] ] ] } },
{ "type": "Feature", "properties": { "drag_region": "Central", "NAME": "Bullitt" }, "geometry": { "type": "Polygon", "coordinates": [ [ [ 540726.698669387027621, 4230220.692266690544784 ], [ 543256.840973772807047, 4229487.333702537231147 ], [ 543635.928360378718935, 4224057.899336808361113 ], [ 548047.866585619281977, 4224396.953982792794704 ], [ 551595.805755594396032, 4218244.667244304902852 ], [ 551323.633829756523483, 4214809.235231650061905 ], [ 558340.932192210224457, 4209657.632360680028796 ], [ 563390.845561914145947, 4210108.648016125895083 ], [ 572434.159308880101889, 4218059.173994682729244 ], [ 571759.48761776520405, 4220909.175477938726544 ], [ 574885.166715119266883, 4222864.080337008461356 ], [ 576082.554016185109504, 4226982.6343580391258 ], [ 580135.084338124492206, 4229907.820024634711444 ], [ 577577.05684016039595, 4232154.983182273805141 ], [ 581518.116043325164355, 4241658.353348696604371 ], [ 585254.666881604352966, 4244104.579489561729133 ], [ 573056.853817922994494, 4239139.701511688530445 ], [ 560445.131078079342842, 4240289.69927308242768 ], [ 545397.8619145025732, 4234946.703040486201644 ], [ 540726.698669387027621, 4230220.692266690544784 ] ] ] } },
{ "type": "Feature", "properties": { "drag_region": "Bluegrass", "NAME": "Anderson" }, "geometry": { "type": "Polygon", "coordinates": [ [ [ 696266.68194395233877, 4254241.167812449857593 ], [ 693838.628061423427425, 4249614.361310364678502 ], [ 690367.81680883327499, 4249736.041585993021727 ], [ 690424.086995921679772, 4246876.257627408951521 ], [ 691849.523796659777872, 4238607.836718095466495 ], [ 694330.32824405177962, 4240850.686111022718251 ], [ 695960.201785331591964, 4238308.766420974396169 ], [ 702910.070657736272551, 4238166.626430664211512 ], [ 706662.768034793669358, 4239868.129746940918267 ], [ 707539.083042121375911, 4243129.788011971861124 ], [ 710649.359720833483152, 4245200.868882839567959 ], [ 715412.560874358867295, 4243876.990204519592226 ], [ 723219.58895971335005, 4247396.41767670493573 ], [ 718291.49068868055474, 4255865.560152895748615 ], [ 720087.73936784081161, 4259913.467846963554621 ], [ 716853.910320550668985, 4263558.372967577539384 ], [ 713452.74323144776281, 4260810.125608469359577 ], [ 702665.052257240517065, 4264579.281035165302455 ], [ 700909.725507069728337, 4258247.570207640528679 ], [ 696266.68194395233877, 4254241.167812449857593 ] ] ] } },
{ "type": "Feature", "properties": { "drag_region": "Central", "NAME": "Nelson" }, "geometry": { "type": "Polygon", "coordinates": [ [ [ 568881.422664969693869, 4202019.347633144818246 ], [ 569885.023161356337368, 4197933.557165924459696 ], [ 574060.282086385879666, 4193319.917868244927377 ], [ 577913.990238900063559, 4189370.927953070029616 ], [ 582032.123783406568691, 4189145.764681502245367 ], [ 581488.908663335139863, 4183131.350765329785645 ], [ 583707.194252945715562, 4183069.428128364495933 ], [ 579414.478887463803403, 4173376.422377031296492 ], [ 584854.051368677290156, 4170216.341821444220841 ], [ 585752.79980705305934, 4173662.264043824281543 ], [ 588604.815911081852391, 4173802.006451734341681 ], [ 594704.860225324518979, 4188487.792183937504888 ], [ 598734.789371596416458, 4193513.527768860105425 ], [ 603111.106949709937908, 4196545.239176908507943 ], [ 602742.94564750790596, 4199494.614114222116768 ], [ 606833.09963084210176, 4200616.456402025185525 ], [ 607704.838926472933963, 4204827.832102281041443 ], [ 615886.774544166750275, 4206602.114767711609602 ], [ 616090.492646077764221, 4212422.962066242471337 ], [ 620195.245573883876204, 4212407.814810549840331 ], [ 618769.808773145778105, 4220676.235719863325357 ], [ 598652.241314922575839, 4216777.280061441473663 ], [ 590675.574810883961618, 4222269.535297099500895 ], [ 586623.044488944578916, 4219344.34963050391525 ], [ 585425.657187878736295, 4215225.795609473250806 ], [ 582299.978090524673462, 4213270.890750403515995 ], [ 582974.649781639571302, 4210420.889267147518694 ], [ 573931.336034673615359, 4202470.363288590684533 ], [ 568881.422664969693869, 4202019.347633144818246 ] ] ] } },
{ "type": "Feature", "properties": { "drag_region": "East", "NAME": "Breathitt" }, "geometry": { "type": "Polygon", "coordinates": [ [ [ 889528.197873014723882, 4159298.484546734485775 ], [ 893701.890985104604624, 4149521.440829372964799 ], [ 892525.127063246560283, 4146900.322829097509384 ], [ 893083.943921531434171, 4140332.808234523050487 ], [ 901489.951006476185285, 4145514.572732204105705 ], [ 905794.063977160374634, 4141189.646854247897863 ], [ 907702.721248149755411, 4141262.638889674562961 ], [ 911978.209638349362649, 4146011.740243640262634 ], [ 917296.423192752059549, 4148417.134567101020366 ], [ 921865.111623436561786, 4153565.99915920663625 ], [ 923584.448566322331317, 4150387.765127589926124 ], [ 930301.58684625045862, 4149610.908192894421518 ], [ 929109.084215558948927, 4155388.808464466128498 ], [ 935142.031985147274099, 4163281.541511082556099 ], [ 938090.833194988663308, 4161208.377641500439495 ], [ 945408.250534764141776, 4161138.653718864545226 ], [ 938840.96949911781121, 4166017.002748460508883 ], [ 939313.30663685395848, 4169858.62299094023183 ], [ 936772.483231302234344, 4169846.500839596614242 ], [ 932114.453652261639945, 4174905.352995322085917 ], [ 928425.911410808912478, 4171982.005450391676277 ], [ 924779.377673941082321, 4175748.815729625988752 ], [ 918003.65709325147327, 4178531.24704222381115 ], [ 910696.954963634489104, 4178814.741733885835856 ], [ 905206.807926834095269, 4181370.885322914924473 ], [ 903030.982211923459545, 4180236.813534595537931 ], [ 899483.972948652342893, 4173417.372862852178514 ], [ 896358.146824516239576, 4172154.060092307627201 ], [ 894061.980722971027717, 4174169.224777804221958 ], [ 889528.197873014723882, 4159298.484546734485775 ] ] ] } },
{ "type": "Feature", "properties": { "drag_region": "Bluegrass", "NAME": "Oldham" }, "geometry": { "type": "Polygon", "coordinates": [ [ [ 628251.810167929390445, 4309254.667310249991715 ], [ 643474.851482285186648, 4299004.641868718899786 ], [ 650338.121917809126899, 4301600.661500863730907 ], [ 655983.750025368761271, 4301891.856011675670743 ], [ 659336.695639512268826, 4307293.713532985188067 ], [ 655479.828904995694757, 4312372.434438927099109 ], [ 653803.119870733469725, 4318445.309367259964347 ], [ 656553.639463010942563, 4322214.398832171224058 ], [ 650868.464654564624652, 4324972.990977364592254 ], [ 645850.282533601857722, 4325553.525084272958338 ], [ 642441.60858751507476, 4323493.732625945471227 ], [ 640319.176693249261007, 4319263.179865267127752 ], [ 630974.078619765816256, 4315874.388252642005682 ], [ 628251.810167929390445, 4309254.667310249991715 ] ] ] } }
]
}
