{
"type": "FeatureCollection",
"name": "map",
"crs": { "type": "name", "properties": { "name": "urn:ogc:def:crs:EPSG::3338" } },
"features": [
{ "type": "Feature", "properties": { "drag_region": "Southeast", "NAME": "Wrangell", "NAMELSAD": "Wrangell" }, "geometry": { "type": "MultiPolygon", "coordinates": [ [ [ [ 1697607.460948695195839, 753515.778146548429504 ], [ 1701603.063910978846252, 756776.517737417365424 ], [ 1702067.138563012238592, 761584.40828955732286 ], [ 1707225.004065327113494, 763425.352122143725865 ], [ 1708906.910477966535836, 767334.097108498797752 ], [ 1708694.698420621221885, 772728.010906073264778 ], [ 1710545.277488735271618, 778824.138934799819253 ], [ 1716154.673053672770038, 780636.233367065666243 ], [ 1716330.652769102482125, 778771.445577293401584 ], [ 1733533.434832133119926, 776476.994863865780644 ], [ 1733788.990495675941929, 770378.400663521024399 ], [ 1737854.700399339199066, 766003.772026444319636 ], [ 1743042.004684698069468, 755730.739961848594248 ], [ 1757349.125623733503744, 762142.711499224416912 ], [ 1766652.771703913109377, 757594.598522886051796 ], [ 1787393.636812642216682, 753272.503515982767567 ], [ 1793732.999082184396684, 750660.288999118376523 ], [ 1795088.204518584068865, 743613.525114178075455 ], [ 1799685.777152579743415, 742619.862197221489623 ], [ 1803898.89580751536414, 738130.397169792675413 ], [ 1800961.235928977373987, 729232.857964090188034 ], [ 1793098.762511976528913, 723467.602785655064508 ], [ 1790844.017908863723278, 725816.272228317684494 ], [ 1787220.580413656774908, 718733.156575579196215 ], [ 1783463.463927751639858, 714659.264200468896888 ], [ 1789791.780628106556833, 709482.508883736794814 ], [ 1791303.997556772315875, 703210.651614711037837 ], [ 1784641.617610021028668, 701262.071150133269839 ], [ 1775294.220645287772641, 706300.526093842694536 ], [ 1770292.010503351455554, 705057.72384187602438 ], [ 1772777.868332050507888, 702679.756383431726135 ], [ 1763243.655243776505813, 698143.202045211219229 ], [ 1761806.188637913670391, 688626.077289271284826 ], [ 1764375.134310461347923, 686677.273765408433974 ], [ 1764623.83731102431193, 683216.905902830185369 ], [ 1762362.759184984257445, 681524.10510588879697 ], [ 1760583.304913153639063, 672910.613050988526084 ], [ 1766397.717880627373233, 669141.192018860252574 ], [ 1765560.473157053114846, 663283.112845629337244 ], [ 1767617.218211618019268, 657308.965923693380319 ], [ 1761397.152409926056862, 655982.549683649791405 ], [ 1761546.428293233038858, 650671.077365395613015 ], [ 1756825.149286583531648, 646328.429861357202753 ], [ 1752892.939944558311254, 652978.270148831885308 ], [ 1747324.454379463102669, 658164.070814256090671 ], [ 1752695.165671691298485, 657056.993607152020559 ], [ 1751870.951685537351295, 664361.741672146366909 ], [ 1756468.402562850154936, 669676.334829591214657 ], [ 1754449.061550020473078, 683864.110358663601801 ], [ 1749587.328729913569987, 692523.338826801511459 ], [ 1749927.458293539239094, 698411.508333226316608 ], [ 1751847.214670966146514, 696944.345745949074626 ], [ 1753069.845917731756344, 701619.189944182289764 ], [ 1751672.492486948845908, 710458.491488030995242 ], [ 1747596.619964225916192, 707941.035599624272436 ], [ 1748558.830946143018082, 702397.402222414850257 ], [ 1745483.512016402557492, 698305.644152430584654 ], [ 1742936.832748427521437, 691261.953771122149192 ], [ 1749184.04432975128293, 681959.662915115477517 ], [ 1748787.702422449598089, 677574.39851144014392 ], [ 1741692.983923111809418, 675463.799853401491418 ], [ 1740466.088374246377498, 670700.527662807027809 ], [ 1742025.130618830211461, 668195.721160967950709 ], [ 1738838.618729668669403, 665702.944808876840398 ], [ 1736308.706672851927578, 668285.005850169807673 ], [ 1735107.547435611719266, 674650.629914358723909 ], [ 1730371.179715379839763, 675378.865349621861242 ], [ 1723923.273593307705596, 686144.027774208574556 ], [ 1717663.379189777886495, 682331.984765643486753 ], [ 1719118.617390103871003, 677971.447465413366444 ], [ 1709616.703834396321326, 686719.37347870587837 ], [ 1705270.83437275281176, 697690.591014491161332 ], [ 1706203.758489699102938, 700523.877408046973869 ], [ 1711444.485656948992983, 702370.525410212692805 ], [ 1710915.462356628850102, 708859.945345116080716 ], [ 1712159.47531747398898, 714226.56624689581804 ], [ 1718095.225959336385131, 717433.528288024477661 ], [ 1723662.018917889567092, 712031.620801323791966 ], [ 1723199.937954117311165, 718246.550213129376061 ], [ 1714905.309796780114993, 732435.166065909783356 ], [ 1716695.622857880080119, 733343.000455318717286 ], [ 1724354.268300084862858, 731384.931131270946935 ], [ 1727010.543441799003631, 726316.930112581350841 ], [ 1730303.247854207642376, 724198.703859954024665 ], [ 1730849.695486316923052, 726713.014307234552689 ], [ 1726586.754309128737077, 733054.954859938821755 ], [ 1720907.952459427295253, 734667.630768631934188 ], [ 1715462.834351025521755, 737680.415701151709072 ], [ 1713210.895651092287153, 742280.647882356308401 ], [ 1710517.737369121750817, 742686.751558268093504 ], [ 1708777.968280980829149, 739572.899618068127893 ], [ 1705195.249422216322273, 743322.811986123211682 ], [ 1699424.406287402380258, 744623.516487628920004 ], [ 1696650.748062085593119, 749456.52654572413303 ], [ 1697607.460948695195839, 753515.778146548429504 ] ] ], [ [ [ 1708839.478496040217578, 717863.749560152413324 ], [ 1708377.642958190524951, 720639.182602429762483 ], [ 1711562.311713243834674, 725749.172164786956273 ], [ 1717124.781456253491342, 723779.43334400979802 ], [ 1717588.479344046441838, 721711.309928542352282 ], [ 1713681.535837930394337, 716656.962916277465411 ], [ 1708839.478496040217578, 717863.749560152413324 ] ] ], [ [ [ 1708616.030552087817341, 732441.865703325136565 ], [ 1707987.825116833206266, 737083.068966916180216 ], [ 1710784.752724295947701, 734990.467631027451716 ], [ 1708616.030552087817341, 732441.865703325136565 ] ] ], [ [ [ 1679970.912512213690206, 705705.686348179820925 ], [ 1681199.33499071910046, 714775.098709199461155 ], [ 1684714.170450198464096, 718952.149580627097748 ], [ 1691610.168455518549308, 719205.332189333741553 ], [ 1695982.672093874309212, 722872.66362286452204 ], [ 1703124.821722156368196, 721006.259259107522666 ], [ 1705055.325642402516678, 718013.948406323441304 ], [ 1702877.736584578175098, 711936.717666040873155 ], [ 1706620.158675933489576, 704902.52991993795149 ], [ 1703822.529491927009076, 702054.689015892683528 ], [ 1695202.419436339056119, 696985.66114561224822 ], [ 1688406.657211364479735, 701307.30408555676695 ], [ 1682483.128101485548541, 702292.678104410995729 ], [ 1679970.912512213690206, 705705.686348179820925 ] ] ], [ [ [ 1699926.393976584076881, 727111.477407479309477 ], [ 1703112.355532705085352, 731507.875513318344019 ], [ 1705084.612012720899656, 737422.848619176074862 ], [ 1705561.800231614382938, 732529.481044938438572 ], [ 1704072.102395903784782, 724453.496991922031157 ], [ 1699926.393976584076881, 727111.477407479309477 ] ] ], [ [ [ 1686902.001814983086661, 693053.314576166332699 ], [ 1686802.09664957318455, 698362.388086732127704 ], [ 1689628.128786283545196, 696868.594176519894972 ], [ 1697175.904433653922752, 689567.512574827298522 ], [ 1701330.026326825609431, 684078.377428986364976 ], [ 1699025.492684639524668, 681806.862573398975655 ], [ 1692755.425355187850073, 685897.862580379820429 ], [ 1690731.024236076045781, 685638.216585247544572 ], [ 1686902.001814983086661, 693053.314576166332699 ] ] ] ] } },
{ "type": "Feature", "properties": { "drag_region": "Northwest", "NAME": "Kusilvak", "NAMELSAD": "Kusilvak" }, "geometry": { "type": "Polygon", "coordinates": [ [ [ -736054.272329202038236, 1269219.321476316545159 ], [ -725547.579049344640225, 1267772.38354892632924 ], [ -726755.861681938986294, 1258249.691178711131215 ], [ -717275.604252957040444, 1257060.586952889338136 ], [ -718468.500979348784313, 1247438.513751791790128 ], [ -708957.309281375957653, 1246273.1927570248954 ], [ -710122.720369561575353, 1236647.069881822913885 ], [ -652643.061360510764644, 1230190.399364341516048 ], [ -657121.610260162968189, 1229209.428277446189895 ], [ -658293.782774433726445, 1218037.357626613695174 ], [ -661008.875008140224963, 1218323.337551667820662 ], [ -665078.18341819755733, 1179839.09206897742115 ], [ -667641.177606836077757, 1180111.082557650981471 ], [ -671740.442644052673131, 1141622.053511539939791 ], [ -665074.57739979820326, 1140918.664790726266801 ], [ -668100.777520136209205, 1111970.178607523441315 ], [ -648112.979797056410462, 1109939.114466883940622 ], [ -645580.880522817606106, 1101099.410680972505361 ], [ -638145.890562581364065, 1097775.324486008379608 ], [ -634465.5354597074911, 1098680.351930530741811 ], [ -631323.441716719418764, 1095876.375898614991456 ], [ -632333.744714003289118, 1093172.730617106193677 ], [ -639939.475530882948078, 1094858.710720134433359 ], [ -645962.126575774978846, 1093318.046877746935934 ], [ -653534.403818574966863, 1089624.288434288697317 ], [ -662987.482304530683905, 1088165.181444292655215 ], [ -668351.718113259179518, 1085917.324694371083751 ], [ -677339.909266806906089, 1080099.236138825304806 ], [ -683076.34723678114824, 1074625.627045856788754 ], [ -700447.771718523930758, 1073059.7689472688362 ], [ -708828.190482982201502, 1070048.748238659929484 ], [ -713975.525559525936842, 1070257.267549215117469 ], [ -725408.011637414922006, 1065994.837139881681651 ], [ -731319.842600439209491, 1066319.429627798497677 ], [ -737092.571962808957323, 1069347.32816042448394 ], [ -747388.993109960807487, 1072953.140207649674267 ], [ -751432.468109569163062, 1071334.509686114732176 ], [ -755326.610610386356711, 1072413.079916730057448 ], [ -754399.058643313823268, 1076652.995116516482085 ], [ -756277.803959713783115, 1078444.286753968102857 ], [ -767689.733914335956797, 1077704.251680577872321 ], [ -769487.24594163778238, 1078620.50666876276955 ], [ -775871.772387061500922, 1073947.437857843004167 ], [ -786651.639830206288025, 1073859.898582036374137 ], [ -792791.338742218678817, 1071216.483718564733863 ], [ -799107.572713437955827, 1072876.376826818566769 ], [ -802223.439564763684757, 1075354.518706101225689 ], [ -806188.008414246607572, 1074560.419129286659881 ], [ -809673.19364217761904, 1071760.09415975632146 ], [ -809110.865790922660381, 1068961.443185304291546 ], [ -812448.524249941110611, 1068568.527704864973202 ], [ -812811.7770567513071, 1063378.847414621850476 ], [ -820123.801237374311313, 1062306.086582421790808 ], [ -826434.529420584905893, 1066732.707328241784126 ], [ -837318.638664547353983, 1068948.473238414153457 ], [ -838897.075224253581837, 1063648.718495721463114 ], [ -837523.478630454977974, 1061205.382581308484077 ], [ -838909.624222597572953, 1054612.911914725555107 ], [ -835786.047038952121511, 1054724.230688152369112 ], [ -836225.445990986190736, 1050515.142884197644889 ], [ -841659.944695606362075, 1049296.50959402276203 ], [ -848281.891480238293298, 1042921.387382819084451 ], [ -852060.389512096880935, 1046226.239200751530007 ], [ -854098.723924383870326, 1043139.209324988536537 ], [ -853808.631740247830749, 1038718.750083946390077 ], [ -850507.296570795588195, 1037333.687173077836633 ], [ -851781.579139122972265, 1031599.770681374007836 ], [ -856972.363618740113452, 1028416.848302495200187 ], [ -865258.502726592123508, 1028061.152664145687595 ], [ -873087.246965683065355, 1025704.849477866198868 ], [ -877060.637698042322882, 1026634.332621203036979 ], [ -877183.600661376491189, 1030741.726310727884993 ], [ -886676.123460205621086, 1032675.014233145629987 ], [ -897622.554013919085264, 1030591.336397261824459 ], [ -897910.771660548052751, 1032392.992401412921026 ], [ -905397.574972972390242, 1028780.393564250553027 ], [ -908031.338034969870932, 1035269.595713191200048 ], [ -903046.863169854856096, 1039199.614069118862972 ], [ -897993.108233777573332, 1037764.847131017362699 ], [ -894005.631427425774746, 1039339.656743137165904 ], [ -893295.839798185857944, 1043604.749059133464471 ], [ -896866.15948071249295, 1042154.947745219804347 ], [ -902068.530178431770764, 1046147.820439160102978 ], [ -904244.001253812457435, 1051778.974010083358735 ], [ -903494.03364402486477, 1053893.139481653925031 ], [ -907178.075969965546392, 1055203.040109867230058 ], [ -909076.615446408162825, 1058940.086002779426053 ], [ -911200.929425466340035, 1057940.415611267089844 ], [ -915097.129453577450477, 1048959.906825407641008 ], [ -917857.714062597602606, 1048853.11347182514146 ], [ -924816.284798974636942, 1051629.432116299634799 ], [ -926365.903763162903488, 1053951.00229957792908 ], [ -927160.109176388941705, 1060530.845403290120885 ], [ -924812.414405321120284, 1072702.547220609150827 ], [ -926570.925314355990849, 1074867.989491076907143 ], [ -934515.508477686904371, 1077263.190588581375778 ], [ -937277.79218201560434, 1081373.658880326664075 ], [ -937481.12345489487052, 1090979.4903260236606 ], [ -928843.414367213612422, 1093718.324496284127235 ], [ -927074.665030125528574, 1097110.840387617005035 ], [ -929481.209397160098888, 1102032.027600704226643 ], [ -934567.459987644571811, 1105976.622682134620845 ], [ -943452.831511357682757, 1104962.115524458931759 ], [ -944251.992348942905664, 1100615.417028866009787 ], [ -947784.09595087566413, 1103513.936395411845297 ], [ -947926.554313459782861, 1112138.950780896935612 ], [ -943862.327266344684176, 1125749.134939674753696 ], [ -942554.29088904382661, 1126581.968429239699617 ], [ -944794.877980856923386, 1116542.1222765292041 ], [ -926830.385126320645213, 1117857.23932157526724 ], [ -926507.493333229329437, 1119653.846916016191244 ], [ -932684.510350663564168, 1122722.605427868198603 ], [ -935923.746587286703289, 1126047.233050288632512 ], [ -938960.279617361957207, 1134613.624006756115705 ], [ -938276.264399507781491, 1136246.019388804677874 ], [ -931272.576491705141962, 1136819.85885627544485 ], [ -921208.022000126075, 1134222.477230855729431 ], [ -914665.271681125508621, 1135497.204140963032842 ], [ -917778.544362841988914, 1149126.142089094268158 ], [ -917739.113113992847502, 1153608.131252150051296 ], [ -915765.564339384553023, 1161452.384874616982415 ], [ -910606.24598146264907, 1168046.101045126328245 ], [ -887516.240799379535019, 1191117.479929232038558 ], [ -886314.859210877679288, 1193737.173516175709665 ], [ -880150.182661745231599, 1200185.693870215676725 ], [ -873897.874968122225255, 1205068.232835480477661 ], [ -871873.146504860254936, 1211544.443676273804158 ], [ -867546.225021605961956, 1217342.4075481754262 ], [ -863208.484294288908131, 1219929.12301164213568 ], [ -859833.457603445858695, 1218980.627608491806313 ], [ -857845.913690463872626, 1220891.414316329872236 ], [ -858034.800669120275415, 1232114.819398170337081 ], [ -850429.593226134427823, 1249157.557112001348287 ], [ -846121.381046523456462, 1255263.712281437125057 ], [ -838388.963824973558076, 1259945.417071315692738 ], [ -841238.397431808756664, 1262738.570616375654936 ], [ -840187.304675868712366, 1264708.155404237797484 ], [ -827836.391936464002356, 1275663.22776767029427 ], [ -816483.621339082252234, 1278354.708004873711616 ], [ -807790.765877096098848, 1278087.615485034417361 ], [ -800963.824120335048065, 1272687.32398193795234 ], [ -793460.077648825827055, 1270503.413098472170532 ], [ -788921.19184921332635, 1261687.67364990664646 ], [ -784715.447917120996863, 1260495.142839899286628 ], [ -783999.262659250292927, 1257869.941580848535523 ], [ -775519.833249398972839, 1248126.340219822479412 ], [ -762107.803374762646854, 1248585.998047570930794 ], [ -749585.416800215607509, 1258902.078472453868017 ], [ -748272.771916409488767, 1263278.44064897345379 ], [ -740052.462781091919169, 1264998.267799307592213 ], [ -736054.272329202038236, 1269219.321476316545159 ] ] ] } },
{ "type": "Feature", "properties": { "drag_region": "Northwest", "NAME": "Bristol Bay", "NAMELSAD": "Bristol Bay" }, "geometry": { "type": "Polygon", "coordinates": [ [ [ -318662.287018081173301, 581484.219207630027086 ], [ -279710.61804887431208, 579928.259595751529559 ], [ -280756.805205323151313, 549892.464778419001959 ], [ -335381.5501046924619, 552183.917252889485098 ], [ -324527.867362342309207, 561855.060241644736379 ], [ -323447.132373199739959, 567283.957754562608898 ], [ -319115.030018030141946, 576025.61053416505456 ], [ -318662.287018081173301, 581484.219207630027086 ] ] ] } },
{ "type": "Feature", "properties": { "drag_region": "Southeast", "NAME": "Hoonah-Angoon", "NAMELSAD": "Hoonah-Angoon" }, "geometry": { "type": "MultiPolygon", "coordinates": [ [ [ [ 1458948.244907359592617, 927314.656054769875482 ], [ 1472814.459658704232424, 965826.860891913762316 ], [ 1483659.522001959383488, 951591.08447228022851 ], [ 1500585.309842011891305, 938758.215028026839718 ], [ 1511901.701223333831877, 926227.37641432415694 ], [ 1521342.255274235503748, 918141.818601542036049 ], [ 1521957.633169062668458, 915616.664908339036629 ], [ 1518256.640880703693256, 913173.29566448670812 ], [ 1512413.226003603078425, 911744.561893372097984 ], [ 1507612.8982345352415, 914000.824768119491637 ], [ 1508571.709104978712276, 919973.242320757824928 ], [ 1504425.58561179228127, 921638.029002513736486 ], [ 1503421.976696286350489, 926054.949691696325317 ], [ 1499319.851424587192014, 926929.256968467729166 ], [ 1497325.449070611968637, 922742.41277843224816 ], [ 1492783.145452091004699, 924287.120919446926564 ], [ 1491260.959585167467594, 922075.929702557390556 ], [ 1486325.414007258368656, 922087.198691221186891 ], [ 1479023.019085143459961, 925978.439606133615598 ], [ 1475907.221494900761172, 922455.464175845496356 ], [ 1471585.780210424214602, 922681.501993641955778 ], [ 1466305.097216013586149, 925224.540001392364502 ], [ 1464517.493984736502171, 918915.215190759627149 ], [ 1460597.251381819602102, 927737.489703012164682 ], [ 1458948.244907359592617, 927314.656054769875482 ] ] ], [ [ [ 1461569.339541480876505, 862665.102760010049678 ], [ 1463941.863866335246712, 865920.069046354969032 ], [ 1467771.956407056888565, 863804.944273550994694 ], [ 1463097.494023619219661, 859223.98576369532384 ], [ 1461569.339541480876505, 862665.102760010049678 ] ] ], [ [ [ 1384180.126091856742278, 946761.725998085225001 ], [ 1382764.927634885301813, 939728.710472353501245 ], [ 1384405.025911087170243, 932005.393015014007688 ], [ 1377821.663225336698815, 939360.954760958906263 ], [ 1373165.496534742880613, 942487.065314308740199 ], [ 1369258.910485029453412, 949039.961690375348553 ], [ 1365310.62314197095111, 957983.639763818355277 ], [ 1364783.543993868632242, 962732.18158585880883 ], [ 1376023.793334268033504, 955748.841206186451018 ], [ 1378718.036430376581848, 951843.519189522368833 ], [ 1381781.438022772083059, 951855.484009274980053 ], [ 1384180.126091856742278, 946761.725998085225001 ] ] ], [ [ [ 1384405.025911087170243, 932005.393015014007688 ], [ 1391320.952498140744865, 926557.612400163663551 ], [ 1394230.471738859545439, 930835.939455691026524 ], [ 1397283.933353971689939, 930952.24834009911865 ], [ 1398095.318687813589349, 936308.91587446979247 ], [ 1402044.404571241466329, 937101.572257328778505 ], [ 1404432.205275941872969, 940132.465604201657698 ], [ 1416506.884699632646516, 948942.176028424175456 ], [ 1418357.087472126586363, 940775.213289010804147 ], [ 1425525.443509616423398, 935452.749759958824143 ], [ 1427403.285421399632469, 930809.90713451243937 ], [ 1433130.305582695407793, 927359.709785024402663 ], [ 1438445.553420038195327, 920269.211578557966277 ], [ 1443466.850278329337016, 916306.36877652851399 ], [ 1447934.541232479037717, 903428.162674742517993 ], [ 1453935.783987932140008, 899274.457150389091112 ], [ 1456618.791348087135702, 893580.681320296716876 ], [ 1454837.025524468626827, 892820.992151131969877 ], [ 1452468.446444082073867, 896804.140405831858516 ], [ 1441292.02981197508052, 905378.634059734060429 ], [ 1435986.691327224252746, 915285.323751027346589 ], [ 1431077.980719194980338, 917482.371181081631221 ], [ 1427751.479411387583241, 921778.013585151871666 ], [ 1423491.786389898508787, 920466.758198808180168 ], [ 1431624.530784736154601, 912830.700500333565287 ], [ 1433400.747628067620099, 909964.906799047603272 ], [ 1431405.669763176934794, 907039.708636903320439 ], [ 1441970.078934522811323, 898155.087460601702332 ], [ 1448061.794580382760614, 895126.420174799626693 ], [ 1449422.378959935158491, 889320.441122578922659 ], [ 1457568.356435839086771, 880508.106301044113934 ], [ 1453500.686219040304422, 879840.370260862750001 ], [ 1459496.488073240965605, 871463.029401239822619 ], [ 1460269.410998126259074, 868991.390081958612427 ], [ 1456893.950228214962408, 861709.232789613422938 ], [ 1452033.719393054256216, 862810.618406772380695 ], [ 1448559.640793490922078, 861634.833958958159201 ], [ 1450347.338300633709878, 858774.350270471768454 ], [ 1448952.293583750026301, 847905.573070307611488 ], [ 1443418.901647532358766, 837881.59542166988831 ], [ 1439139.761940138880163, 834069.775480905780569 ], [ 1439645.721093489555642, 830916.164794287644327 ], [ 1435008.968677637865767, 822996.784942550119013 ], [ 1428888.476562786381692, 821451.480471238144673 ], [ 1424560.740757799474522, 829061.850981097202748 ], [ 1420010.10179332527332, 841212.394994634552859 ], [ 1422147.152113317511976, 849866.065822792705148 ], [ 1424609.316703910473734, 852912.758394483709708 ], [ 1420447.137035979889333, 854762.944002469652332 ], [ 1418332.820049723843113, 861037.8775996172335 ], [ 1421051.424072296591476, 862458.566785691073164 ], [ 1424606.76045929454267, 859625.316617633099668 ], [ 1425204.075646958081052, 862111.115226315800101 ], [ 1413066.680524012772366, 872575.697011245880276 ], [ 1411259.820127391954884, 877842.390814181766473 ], [ 1405914.684660266386345, 882248.282332710688934 ], [ 1402635.024523826083168, 889478.445494095678441 ], [ 1399204.589449923951179, 892759.102390781161375 ], [ 1397403.619306669104844, 904738.574843655107543 ], [ 1392736.865098854526877, 911456.565635298611596 ], [ 1389522.214322501095012, 920011.125994575675577 ], [ 1384800.025183622492477, 927717.07988037308678 ], [ 1384405.025911087170243, 932005.393015014007688 ] ] ], [ [ [ 1455703.116695021977648, 918538.293997442815453 ], [ 1457762.998376765986905, 924019.887435184326023 ], [ 1459066.225234194658697, 919198.856880398700014 ], [ 1455703.116695021977648, 918538.293997442815453 ] ] ], [ [ [ 1376477.641633599996567, 891446.40270041464828 ], [ 1370432.783028882462531, 888584.883052736986428 ], [ 1366704.927678901469335, 889201.694469310808927 ], [ 1355938.295531068462878, 894285.038734844070859 ], [ 1348879.672889152308926, 896555.710940727149136 ], [ 1336771.695090876426548, 898803.148403830011375 ], [ 1324013.29877147055231, 903492.052941502071917 ], [ 1323051.045419166795909, 890372.259283728082664 ], [ 1321931.540798801463097, 884085.711598356021568 ], [ 1302453.825855490285903, 877939.689965723082423 ], [ 1296672.187819774728268, 878956.879513621912338 ], [ 1294010.521195406094193, 883108.199234954663552 ], [ 1287991.095658097416162, 885064.817843756056391 ], [ 1284679.348033246817067, 901465.668430365854874 ], [ 1287116.461558141978458, 905402.079945964738727 ], [ 1288971.261802847729996, 905008.209415387245826 ], [ 1293366.571722885826603, 912166.258589059696533 ], [ 1292691.267824472859502, 917055.448239271529019 ], [ 1287941.197258461033925, 924915.456902321428061 ], [ 1294474.678863323526457, 926495.863977344939485 ], [ 1295841.037018703296781, 921495.948520109755918 ], [ 1299796.41104857577011, 916607.585769815836102 ], [ 1303926.024134248960763, 923814.311668270500377 ], [ 1309956.85091489367187, 924883.993024690076709 ], [ 1313915.924385164631531, 923991.397735328413546 ], [ 1316096.111881067045033, 929481.746048595523462 ], [ 1322080.285070290556177, 936143.579244185937569 ], [ 1326342.154531609965488, 931859.586254683090374 ], [ 1335420.463523054495454, 931439.269430693937466 ], [ 1341875.597895187092945, 927990.92392789828591 ], [ 1341499.843634353252128, 920097.783435830380768 ], [ 1337198.106756934663281, 911290.988503414206207 ], [ 1339295.267183566465974, 906997.85522703290917 ], [ 1341869.598486716160551, 907230.42292852664832 ], [ 1341920.392215710831806, 913231.818635714589618 ], [ 1345565.858633472584188, 925054.346016105264425 ], [ 1348286.540756260976195, 927034.13702824502252 ], [ 1356639.195141659816727, 923951.041234183358029 ], [ 1366228.871886984677985, 925742.216439727228135 ], [ 1369320.766005512326956, 923447.17967757047154 ], [ 1375632.28800222533755, 923701.407827931689098 ], [ 1380821.592870801920071, 917328.18090782884974 ], [ 1381830.623158065835014, 910921.955330268363468 ], [ 1378546.354413681896403, 905552.261429787613451 ], [ 1369690.315220813732594, 907857.317770891240798 ], [ 1367869.27050674916245, 906526.633849481586367 ], [ 1371388.537672451464459, 903554.740649336832576 ], [ 1375542.039083673851565, 902970.170937950257212 ], [ 1384302.732072632526979, 898044.88631430582609 ], [ 1376477.641633599996567, 891446.40270041464828 ] ] ], [ [ [ 1186149.590794728836045, 960631.628824090352282 ], [ 1206678.560215248959139, 977244.343504912918434 ], [ 1211050.01369942445308, 978453.384371188934892 ], [ 1218647.284242133842781, 991104.1992726190947 ], [ 1236854.102369562955573, 1011531.264917974825948 ], [ 1238466.559772932669148, 1014242.022774524288252 ], [ 1251711.837403501616791, 1018566.930767834186554 ], [ 1254094.254049238050357, 1030149.287807677639648 ], [ 1260697.500025262590498, 1030743.991949871648103 ], [ 1262408.645054820692167, 1029119.193659993819892 ], [ 1271951.444654545746744, 1029837.365232345880941 ], [ 1275182.285303412703797, 1027339.607740019215271 ], [ 1276506.475008868612349, 1030992.716052831150591 ], [ 1280956.514254375128075, 1027938.932486774632707 ], [ 1289059.730964883230627, 1030094.891634490108117 ], [ 1293891.314501585438848, 1027259.286372805247083 ], [ 1296453.441732611740008, 1027979.361378578236327 ], [ 1301714.444485932355747, 1025172.358441269956529 ], [ 1301839.104556600330397, 1021714.673088394571096 ], [ 1304606.087550481781363, 1017207.408069075085223 ], [ 1313693.138516780687496, 1012299.949705788865685 ], [ 1313552.339155572466552, 1005270.799841157160699 ], [ 1318123.980791606241837, 1004276.853436248609796 ], [ 1315805.620564628858119, 1001119.651139989960939 ], [ 1310836.797298250254244, 998211.985480778850615 ], [ 1309952.343197284964845, 995267.485366256907582 ], [ 1310882.798854924039915, 984355.512047860538587 ], [ 1313596.056310447398573, 985421.10243393946439 ], [ 1322899.985410209745169, 983771.595551050500944 ], [ 1325057.070562720764428, 979993.857339144451544 ], [ 1333237.332331908401102, 977843.370002045296133 ], [ 1334204.799909223802388, 973725.949210938299075 ], [ 1341495.883870250778273, 967234.79780735890381 ], [ 1339971.048484624363482, 964995.998467017663643 ], [ 1334897.633281828835607, 966033.671458293683827 ], [ 1332282.331325667444617, 962288.088982429122552 ], [ 1337590.104338059201837, 953622.77744921320118 ], [ 1334392.131230193190277, 951109.435870152898133 ], [ 1326439.346277991775423, 953834.949597979197279 ], [ 1321974.203526294557378, 948879.425505388760939 ], [ 1312394.041751549346372, 944294.429098441032693 ], [ 1310905.262181364465505, 951952.14374552667141 ], [ 1305463.356396160554141, 952029.375140374759212 ], [ 1304170.301924758125097, 953563.122209556866437 ], [ 1309193.364936596946791, 958850.134594375500455 ], [ 1305404.742179699242115, 964669.890219922643155 ], [ 1305038.194937870139256, 969850.657320722006261 ], [ 1296630.896840819856152, 978372.982573016779497 ], [ 1295706.001805248204619, 981703.59083743696101 ], [ 1289165.86082282429561, 988261.205172710120678 ], [ 1291139.836110917618498, 991198.807735824026167 ], [ 1288434.228234903421253, 999417.117210079915822 ], [ 1283025.221682536182925, 1004298.048027967801318 ], [ 1280389.991775504779071, 1004567.897267839638516 ], [ 1286712.934571776539087, 993261.965600198600441 ], [ 1287512.617212590062991, 981031.599532390478998 ], [ 1282249.020460648695007, 979088.121975294314325 ], [ 1272097.980723187793046, 983287.372812135377899 ], [ 1266159.773459352087229, 984664.474256611196324 ], [ 1259426.078815878368914, 997767.931118141394109 ], [ 1258932.972466112114489, 990873.726697671692818 ], [ 1256890.998597239609808, 988139.24474987690337 ], [ 1246793.713121878914535, 990815.924458937952295 ], [ 1244497.121383076766506, 988221.2888507200405 ], [ 1241280.447104165330529, 992338.084495365386829 ], [ 1239332.013814257923514, 990037.429684269009158 ], [ 1240052.89061686815694, 984865.144965062849224 ], [ 1249885.198794749332592, 983986.121576260076836 ], [ 1251108.538369193207473, 985006.603903505019844 ], [ 1261173.659264096291736, 983322.283857564209029 ], [ 1269409.050060844281688, 978977.568185941316187 ], [ 1278021.179119858657941, 970966.816821758635342 ], [ 1276926.196398839820176, 966291.300436858553439 ], [ 1273217.233754651155323, 960910.31208062148653 ], [ 1274697.038340942701325, 960216.233448052546009 ], [ 1280209.413836038205773, 966089.554180864244699 ], [ 1280854.272983747534454, 969250.787255969364196 ], [ 1286234.310405270894989, 970821.97168261394836 ], [ 1290305.984559061937034, 961485.54131931415759 ], [ 1297516.117022129008546, 955704.339022603118792 ], [ 1304757.06492695515044, 942069.58521772781387 ], [ 1302048.011455355910584, 936937.84838283364661 ], [ 1294170.303925118176267, 931587.304898713016883 ], [ 1291692.334584602154791, 931905.309645261149853 ], [ 1292322.523158489027992, 936754.46849003341049 ], [ 1288282.400199626805261, 937243.901493460172787 ], [ 1286286.423103766981512, 935009.655489847064018 ], [ 1288683.976183927152306, 931781.915202149190009 ], [ 1287591.862000601133332, 927804.514146846020594 ], [ 1278333.776528259040788, 927489.738192322896793 ], [ 1276678.435040515381843, 924758.808674306143075 ], [ 1279186.096838782075793, 919468.906876943074167 ], [ 1278432.891576942289248, 915788.273395414929837 ], [ 1272417.255727710435167, 914676.534948957501911 ], [ 1268866.442907928256318, 921478.799068838125095 ], [ 1260705.339980105636641, 922791.387260399525985 ], [ 1260945.817722749197856, 924344.133488007821143 ], [ 1253466.003208255628124, 929719.983940665610135 ], [ 1249563.592491319170222, 930582.819372493540868 ], [ 1244153.594131824327633, 927287.289183558430523 ], [ 1235385.968987975036725, 931958.837115985108539 ], [ 1231791.111486891750246, 932520.393110951874405 ], [ 1217935.574759262846783, 939584.433806006098166 ], [ 1205886.172257364727557, 943970.986119897803292 ], [ 1204315.589616383891553, 948526.419743726728484 ], [ 1196649.734400518937036, 953538.93540065176785 ], [ 1189532.614405921427533, 956422.82630893914029 ], [ 1186149.590794728836045, 960631.628824090352282 ] ] ], [ [ [ 1322939.172999439761043, 945461.183881453704089 ], [ 1325692.332497908500955, 948035.347363390028477 ], [ 1329701.930713676149026, 948474.723302225815132 ], [ 1334292.742923221783713, 944592.062094919383526 ], [ 1328602.925519010052085, 942374.905845465837047 ], [ 1322939.172999439761043, 945461.183881453704089 ] ] ], [ [ [ 1301356.873055023141205, 929976.351980563253164 ], [ 1306375.436904434347525, 935445.673033074708655 ], [ 1308341.024666295852512, 930711.240564138628542 ], [ 1305589.248478838708252, 928057.137205663137138 ], [ 1301356.873055023141205, 929976.351980563253164 ] ] ], [ [ [ 1292054.269771144492552, 963758.750449471874163 ], [ 1293501.509906229097396, 965551.920096532441676 ], [ 1296413.104267690330744, 960479.332968904171139 ], [ 1292054.269771144492552, 963758.750449471874163 ] ] ] ] } },
{ "type": "Feature", "properties": { "drag_region": "Southeast", "NAME": "Petersburg", "NAMELSAD": "Petersburg" }, "geometry": { "type": "MultiPolygon", "coordinates": [ [ [ [ 1550881.984372142702341, 884999.15239540359471 ], [ 1552669.587603419786319, 891308.477206036332063 ], [ 1557950.270597830414772, 888765.439198285923339 ], [ 1562271.711882306961343, 888539.401380489463918 ], [ 1565387.509472549660131, 892062.37681077758316 ], [ 1572689.904394664568827, 888171.135895865154453 ], [ 1577625.449972573667765, 888159.866907201358117 ], [ 1579147.63583949720487, 890371.058124090894125 ], [ 1583689.939458018168807, 888826.349983076215722 ], [ 1585684.341811993392184, 893013.194173111696728 ], [ 1589786.467083692550659, 892138.886896340292878 ], [ 1590790.075999198481441, 887721.966207157704048 ], [ 1594936.199492384912446, 886057.179525401792489 ], [ 1593977.38862194144167, 880084.761972763459198 ], [ 1598777.716391009278595, 877828.499098016065545 ], [ 1604621.131268109893426, 879257.232869130675681 ], [ 1608322.123556468868628, 881700.60211298300419 ], [ 1607706.745661641703919, 884225.75580618600361 ], [ 1616524.469057424226776, 874729.727496243198402 ], [ 1632830.58472670475021, 861996.405011241207831 ], [ 1644144.479304896434769, 850133.684260133188218 ], [ 1641677.829726789379492, 835124.062902293284424 ], [ 1661584.372654336504638, 836632.901643230929039 ], [ 1663447.163967627333477, 818421.236372080864385 ], [ 1657837.768402689835057, 816609.141939815017395 ], [ 1655987.189334575785324, 810513.013911088462919 ], [ 1656199.401391921099275, 805119.100113513995893 ], [ 1654517.494979281676933, 801210.355127158924006 ], [ 1649359.629476966802031, 799369.411294572521001 ], [ 1648895.554824933409691, 794561.520742432563566 ], [ 1644899.951862649759278, 791300.781151563627645 ], [ 1642963.304519358789548, 795706.454446904594079 ], [ 1637542.531472360948101, 796725.99042145954445 ], [ 1627865.668727447511628, 800178.419848087709397 ], [ 1623092.966264992253855, 805567.210634471848607 ], [ 1618994.065144599881023, 807546.682957738405094 ], [ 1613936.57206814805977, 813856.289549485663883 ], [ 1618639.338907651836053, 819746.335759306210093 ], [ 1614626.642935997107998, 824278.424287007888779 ], [ 1612320.398135628085583, 818775.080464485334232 ], [ 1607858.400070646312088, 819127.892349615809508 ], [ 1608250.666845554951578, 816532.28929977316875 ], [ 1601773.075798330130056, 820266.925529741332866 ], [ 1595134.565971183823422, 818915.919080122839659 ], [ 1591210.01017147465609, 823289.527706378139555 ], [ 1586461.195419837953523, 818936.243023006245494 ], [ 1573090.895965127507225, 822307.283378157764673 ], [ 1569259.576140563003719, 828635.636968954466283 ], [ 1570221.494213923346251, 836289.802691080840304 ], [ 1574564.843115445459262, 835462.672556738252752 ], [ 1581231.391291935462505, 838006.033311716746539 ], [ 1581667.391622888622805, 842983.397992734215222 ], [ 1577063.397663454990834, 841803.473667695536278 ], [ 1569441.619802968809381, 842987.655199091997929 ], [ 1568830.409449219936505, 846316.541417345753871 ], [ 1561500.951360682491213, 856564.011644942685962 ], [ 1561796.353004148695618, 864813.760955489473417 ], [ 1557188.598791787400842, 862339.48318272002507 ], [ 1553574.818188280565664, 863105.028960533672944 ], [ 1548776.34364495286718, 866919.769192159757949 ], [ 1547223.374807083280757, 876792.737010664306581 ], [ 1551232.711952467216179, 878264.729246559552848 ], [ 1555533.623646220657974, 876008.049881133134477 ], [ 1562948.148720636498183, 875959.498018441838212 ], [ 1578391.759239278268069, 871966.424004503176548 ], [ 1578965.881271320628002, 873665.456773404264823 ], [ 1572165.077580926008523, 877312.329755704733543 ], [ 1567538.401247520465404, 877735.874425904708914 ], [ 1550881.984372142702341, 884999.15239540359471 ] ] ], [ [ [ 1589720.173922030255198, 808099.246857083286159 ], [ 1602762.251131277531385, 811614.355537289869972 ], [ 1611175.090861410368234, 806896.905186378280632 ], [ 1616525.966675335774198, 800377.761921465862542 ], [ 1618822.906570409424603, 795481.587004786590114 ], [ 1621381.629488794133067, 794001.541038362542167 ], [ 1626492.493992734001949, 794575.375632111332379 ], [ 1631263.978233616100624, 791307.120892009465024 ], [ 1633691.239622635068372, 787466.487403051694855 ], [ 1642137.375461946707219, 785022.143734224955551 ], [ 1645955.511824246495962, 779829.971167703974061 ], [ 1650119.450551300076768, 777786.68455281178467 ], [ 1644796.767340616788715, 772169.921783207100816 ], [ 1641882.326415884075686, 766959.806342366966419 ], [ 1637159.380412481492385, 762973.838835039292462 ], [ 1633326.45478386990726, 763324.27112934330944 ], [ 1626709.71525670774281, 761555.025355890509672 ], [ 1616981.470343354856595, 760801.26077473454643 ], [ 1619452.123477207496762, 756767.760750858811662 ], [ 1616128.996802943758667, 750551.786132244509645 ], [ 1606983.943294131429866, 750118.71057328034658 ], [ 1602351.107706947717816, 751550.600240934407339 ], [ 1601894.180189564125612, 754422.913034402998164 ], [ 1597593.440525199752301, 759184.075709739816375 ], [ 1598448.060371645493433, 761570.505442098132335 ], [ 1596091.024573766393587, 766048.703454376664013 ], [ 1593676.253754925215617, 766383.69111545314081 ], [ 1589701.087036070646718, 773063.109052680549212 ], [ 1583866.110473352950066, 776939.648833603598177 ], [ 1588895.794642696157098, 777031.744289008784108 ], [ 1585984.352973220171407, 781838.238542660954408 ], [ 1586378.898989794077352, 787799.784786795964465 ], [ 1584081.196500067599118, 790689.237445745384321 ], [ 1590804.468301260611042, 794752.264081810135394 ], [ 1596128.096381968352944, 800997.910814337432384 ], [ 1589720.173922030255198, 808099.246857083286159 ] ] ] ] } },
{ "type": "Feature", "properties": { "drag_region": "Northeast", "NAME": "Northwest Arctic", "NAMELSAD": "Northwest Arctic" }, "geometry": { "type": "Polygon", "coordinates": [ [ [ -634316.971285078441724, 2406567.497897214721888 ], [ -597500.821101642679423, 2400445.709763668943197 ], [ -594494.029556410154328, 2419305.562372868414968 ], [ -557999.96846883255057, 2413735.890953666996211 ], [ -520988.760020598245319, 2408592.904837884940207 ], [ -519732.524431424681097, 2418102.269640626851469 ], [ -490801.808814231946599, 2414435.380400930065662 ], [ -491957.756405692489352, 2404913.304368208162487 ], [ -472582.906623137299903, 2402630.301977772265673 ], [ -471493.889714351622388, 2412160.264673371333629 ], [ -452170.462211816688068, 2410020.862631765659899 ], [ -453192.494678225426469, 2400483.483723242767155 ], [ -414509.440124532848131, 2396707.289367955643684 ], [ -413629.806154392776079, 2406163.463022217154503 ], [ -394265.673335773870349, 2404430.762319777626544 ], [ -395078.84647381817922, 2394968.641756788827479 ], [ -364265.178422105731443, 2392493.239691955968738 ], [ -331928.219920755829662, 2390266.286512545309961 ], [ -289225.709561092895456, 2387905.85959453554824 ], [ -289681.475804553483613, 2378321.681841664947569 ], [ -251164.517395305330865, 2376757.02350716246292 ], [ -251487.739202535653021, 2367164.45839235605672 ], [ -212820.070777834014734, 2366129.297300579492003 ], [ -213199.303770280210301, 2347023.358032774645835 ], [ -215328.740151599165983, 2347066.431072360835969 ], [ -215526.652233821921982, 2337461.808993666898459 ], [ -205911.240435846557375, 2337280.050911802332848 ], [ -206076.496245431771968, 2327672.022576888091862 ], [ -196427.805676940828562, 2327522.498377244919538 ], [ -196560.38359969179146, 2317911.226468829903752 ], [ -186878.513353035930777, 2317794.160561250057071 ], [ -186978.392686155479169, 2308179.807266887743026 ], [ -189445.631193670618813, 2308206.50522172357887 ], [ -189769.31447576667415, 2279443.382374342996627 ], [ -170454.958773626596667, 2279290.756270124111325 ], [ -170498.763907405431382, 2269665.763380438555032 ], [ -163778.493476437928621, 2269642.987275082152337 ], [ -163864.080292513797758, 2231214.188931387849152 ], [ -166556.245630062010605, 2231221.421574209351093 ], [ -166586.562394558161031, 2221584.66958387196064 ], [ -195502.40823941709823, 2221817.857395481783897 ], [ -195751.465392265963601, 2202634.764019363094121 ], [ -224692.418390529637691, 2203152.09957812121138 ], [ -224911.927172137715388, 2193511.330444558989257 ], [ -226836.719591513858177, 2193555.780165185686201 ], [ -227288.38698900397867, 2174268.351578481029719 ], [ -246498.237078617006773, 2174780.015560722444206 ], [ -246210.35414526402019, 2184423.093129315879196 ], [ -255863.375097584095784, 2184726.939031151123345 ], [ -255544.290377132536378, 2194367.002199490554631 ], [ -274624.291493065131363, 2195059.978483274579048 ], [ -275386.52822070021648, 2175782.3256153492257 ], [ -294585.646396199183073, 2176603.30172907654196 ], [ -293699.441109313163906, 2195875.653560513164848 ], [ -331832.029925739392638, 2197874.960060776676983 ], [ -334094.93461231875699, 2159443.705181575380266 ], [ -382255.910009276703931, 2162667.582406837958843 ], [ -383700.08797364810016, 2143413.419661498628557 ], [ -412396.455261796014383, 2145703.120491817127913 ], [ -414024.328705740277655, 2126456.306641864124686 ], [ -413532.251347230921965, 2126414.727480964269489 ], [ -415962.420981383766048, 2097626.554327212739736 ], [ -425564.937755995662883, 2098452.315912560094148 ], [ -426408.13982826191932, 2088823.802626829361543 ], [ -464911.567547134007327, 2092439.062259007478133 ], [ -503035.353172636823729, 2096499.427131130825728 ], [ -543255.809372840216383, 2101303.765179968439043 ], [ -565902.641349393874407, 2104245.105182359926403 ], [ -608819.416984300944023, 2110287.938233555294573 ], [ -605989.981709380750544, 2129408.832965994719416 ], [ -615491.93694545107428, 2130830.117731003556401 ], [ -612617.866966174915433, 2149840.91426950506866 ], [ -625309.126469241338782, 2151786.961783131584525 ], [ -619374.61124790168833, 2189952.102588524110615 ], [ -622746.764421962318011, 2190478.418006704188883 ], [ -616788.431534918257967, 2228512.354937001597136 ], [ -620116.821294909343123, 2229035.710259072948247 ], [ -618300.98678369843401, 2240541.341884292196482 ], [ -596923.034612332005054, 2238695.558045735582709 ], [ -588860.729631345719099, 2236432.85431605251506 ], [ -583911.818074468290433, 2232716.305698679760098 ], [ -590553.98355399328284, 2232629.879944216925651 ], [ -589975.477618233067915, 2228876.996845333836973 ], [ -592553.430353448027745, 2222404.873601058498025 ], [ -598566.230338329914957, 2215865.739171116612852 ], [ -599397.200134854298085, 2209229.52195649407804 ], [ -598271.296134517993778, 2203652.343800477217883 ], [ -602465.396187277976424, 2198580.446155978832394 ], [ -610786.751003603916615, 2196652.81933017866686 ], [ -611717.009416120359674, 2194861.887906037271023 ], [ -603759.853204187005758, 2194330.402347119059414 ], [ -599138.460773915867321, 2179049.740342490375042 ], [ -592731.554014276945964, 2177817.856836991384625 ], [ -586490.003756163176149, 2180003.706752098165452 ], [ -579734.821279293857515, 2178942.599698172416538 ], [ -572229.715113418642431, 2174994.328884433489293 ], [ -564371.367178385495208, 2175938.846118102315813 ], [ -553047.015946006518789, 2175862.917534823063761 ], [ -548601.998213587445207, 2169686.129438559990376 ], [ -540261.242001928272657, 2170630.74553382024169 ], [ -537761.197622609557584, 2167035.648793121334165 ], [ -528967.48646701942198, 2169013.745559410657734 ], [ -525752.386647458886728, 2171120.064831400755793 ], [ -512905.065919056010898, 2163308.603526595979929 ], [ -509329.563451625988819, 2168564.989366985391825 ], [ -504638.400444192055147, 2172250.519154326058924 ], [ -497034.569519584940281, 2185803.011095780879259 ], [ -493860.344591201457661, 2187942.233278903178871 ], [ -487526.352043734048493, 2186367.068277088925242 ], [ -486649.467398941982538, 2182520.965880246367306 ], [ -481621.168364916346036, 2180816.031440072692931 ], [ -476352.291670041391626, 2182841.981334983371198 ], [ -472166.5707189454115, 2182396.639679227024317 ], [ -476195.609174805344082, 2193394.12533803936094 ], [ -487000.914084366639145, 2199860.723923732060939 ], [ -493943.377217727480456, 2202948.783628691453487 ], [ -501628.023273830243852, 2203737.105158490128815 ], [ -511898.165128412656486, 2199178.945633750408888 ], [ -508553.006600657943636, 2209552.526463031768799 ], [ -508093.918971172417514, 2217479.377713069319725 ], [ -516632.616478927608114, 2229473.793763322755694 ], [ -519051.65584153146483, 2238522.958298550453037 ], [ -522743.56964305229485, 2242348.42099189478904 ], [ -531879.426326811080799, 2244853.554030880331993 ], [ -532457.464494786225259, 2250315.484204279724509 ], [ -536379.364194482797757, 2259482.665858313441277 ], [ -534665.541465527378023, 2264068.970016677398235 ], [ -530218.048066679388285, 2265224.241497392300516 ], [ -528131.243197988485917, 2269090.935453899204731 ], [ -526075.758263550698757, 2265270.813323964830488 ], [ -521985.058608476188965, 2267444.490700503345579 ], [ -518810.719404987292364, 2258491.567305530421436 ], [ -514218.058495744422544, 2249176.677172817755491 ], [ -510555.180380102188792, 2247769.019949937239289 ], [ -514716.641898871515878, 2238566.621323718223721 ], [ -514879.002602973952889, 2233298.135155290365219 ], [ -511018.906119561055675, 2228022.107196901924908 ], [ -503350.510118954232894, 2215283.731426102574915 ], [ -495649.197084827115759, 2207853.523594777099788 ], [ -489231.04193888331065, 2208855.144407694693655 ], [ -484149.099258321453817, 2210978.379938102327287 ], [ -482201.108654595154803, 2215470.228418584913015 ], [ -489343.367168992059305, 2216458.791727526579052 ], [ -490451.301201380847488, 2220907.626924068201333 ], [ -498576.978279465809464, 2228566.774328017607331 ], [ -505710.54521570878569, 2240170.517109900247306 ], [ -503546.768231532594655, 2244910.110228864941746 ], [ -502871.92575832142029, 2250594.902510332409292 ], [ -500412.395525001804344, 2252513.443816754035652 ], [ -499618.581535824981984, 2257894.957729887682945 ], [ -493416.882166871917434, 2266099.999400901608169 ], [ -489069.10036707558902, 2262526.835201045498252 ], [ -485589.923061435343698, 2262418.75108582014218 ], [ -485132.937937902577687, 2265054.429468269459903 ], [ -490479.9959275960573, 2270944.077416003681719 ], [ -494473.449676016462035, 2270639.141619728412479 ], [ -498209.796463289763778, 2276549.999982842709869 ], [ -512107.747690410003997, 2275440.305841574911028 ], [ -517534.868505714985076, 2272557.21690926887095 ], [ -522842.622966545051895, 2273223.985904432367533 ], [ -529160.680333214695565, 2272203.796686921268702 ], [ -534259.182590367854573, 2274499.411816876847297 ], [ -536844.196363869123161, 2278973.63805756252259 ], [ -539692.863217117846943, 2277811.17453710315749 ], [ -542674.608466298785061, 2280420.677319320850074 ], [ -543943.163603552151471, 2275684.123767079785466 ], [ -549055.979716158239171, 2280126.70541481114924 ], [ -562662.66044670343399, 2286053.382040313910693 ], [ -570631.383996927994303, 2290173.844819505698979 ], [ -577871.036865813308395, 2292670.527031298261136 ], [ -580863.488364959601313, 2296001.6084493258968 ], [ -579343.354784278431907, 2305218.815940850414336 ], [ -580450.723660576157272, 2321083.524915773421526 ], [ -585343.302934525650926, 2342620.716368582565337 ], [ -587555.097794162342325, 2348542.910732979886234 ], [ -592123.497922250418924, 2355216.896368908230215 ], [ -604401.03943586256355, 2366879.551070852205157 ], [ -622693.008695316966623, 2391854.999403467867523 ], [ -625455.325175306294113, 2394634.863506624475121 ], [ -631677.389278668328188, 2404086.424605360720307 ], [ -634316.971285078441724, 2406567.497897214721888 ] ] ] } },
{ "type": "Feature", "properties": { "drag_region": "Southeast", "NAME": "Haines", "NAMELSAD": "Haines" }, "geometry": { "type": "MultiPolygon", "coordinates": [ [ [ [ 1268049.83464823034592, 1141769.601164589403197 ], [ 1298230.514500895980746, 1106027.898331292904913 ], [ 1317315.701059152837843, 1111079.01912115002051 ], [ 1322893.355376838473603, 1105111.076438709162176 ], [ 1338206.446565380087122, 1105850.541915617650375 ], [ 1341001.891165742883459, 1100070.382241684244946 ], [ 1349289.075479621067643, 1095238.708957897964865 ], [ 1353994.335714728338644, 1096659.46730657434091 ], [ 1362697.54216294689104, 1088461.756884584901854 ], [ 1363446.145722415298223, 1081763.367567728273571 ], [ 1367802.363745833048597, 1081584.482322805793956 ], [ 1327474.466823578346521, 1069920.068310462404042 ], [ 1334549.552002348005772, 1061189.26717321947217 ], [ 1335402.35104648116976, 1054633.691137869143859 ], [ 1335069.611966337775812, 1050632.627269516000524 ], [ 1336837.835250344593078, 1045347.597626481903717 ], [ 1326328.817799614043906, 1055477.914618763606995 ], [ 1319989.882773523684591, 1071334.688557909568772 ], [ 1315943.787092855898663, 1079358.973437363980338 ], [ 1308201.163370345020667, 1090612.532788881333545 ], [ 1298836.532658394658938, 1099505.765663936501369 ], [ 1290807.748520742170513, 1100901.411124845501035 ], [ 1290250.376553987618536, 1099144.171805002260953 ], [ 1296740.400381094543263, 1097204.704046679427847 ], [ 1298611.157264673616737, 1093644.776020929217339 ], [ 1302982.842493324307725, 1091004.659700753865764 ], [ 1310405.209929638775066, 1080052.426174151943997 ], [ 1307158.413369394373149, 1080214.122690438758582 ], [ 1296759.328847899101675, 1091215.254254027269781 ], [ 1291491.62720259395428, 1093305.79466823884286 ], [ 1286912.310399707173929, 1093001.473411783343181 ], [ 1297386.299873539246619, 1086799.21517204400152 ], [ 1302193.393471867544577, 1079684.933068878017366 ], [ 1306311.63825645041652, 1077971.095344336237758 ], [ 1307507.297293807147071, 1068621.594770570052788 ], [ 1311624.780732985120267, 1061012.958088026149198 ], [ 1314810.773037258535624, 1059633.437064109835774 ], [ 1314459.730129730189219, 1057133.243382839020342 ], [ 1323127.099133282201365, 1047246.005660263122991 ], [ 1325195.781112051801756, 1042347.419403341598809 ], [ 1333907.427438252605498, 1030983.382480387575924 ], [ 1335167.577347479294986, 1028150.678753065411001 ], [ 1332076.024411246879026, 1028349.433070941595361 ], [ 1342968.866870275232941, 1011127.011156139429659 ], [ 1347070.550477362936363, 1003826.075738613726571 ], [ 1349135.712129336316139, 997529.367494942387566 ], [ 1346503.372496140189469, 997558.411916720215231 ], [ 1347945.993821573443711, 991879.766882300609723 ], [ 1352094.48820041376166, 986693.78108937619254 ], [ 1345618.495107646333054, 987100.282037700759247 ], [ 1340924.494556116173044, 988933.292608310934156 ], [ 1338205.279543719720095, 987744.908316993853077 ], [ 1333426.260724951745942, 990659.804560298798606 ], [ 1323604.102275942685083, 1002816.851344921858981 ], [ 1318296.329263550927863, 1011482.162878137780353 ], [ 1320911.631219712318853, 1015227.745354002341628 ], [ 1325985.046422507846728, 1014190.072362726321444 ], [ 1327509.881808134261519, 1016428.871703067561612 ], [ 1320218.797847107285634, 1022920.023106646956876 ], [ 1319251.330269791884348, 1027037.443897753953934 ], [ 1311071.068500604247674, 1029187.931234853109345 ], [ 1308913.983348093228415, 1032965.669446759158745 ], [ 1299610.05424833111465, 1034615.176329648122191 ], [ 1296896.796792807755992, 1033549.585943569196388 ], [ 1295966.341135168680921, 1044461.559261965565383 ], [ 1296850.79523613373749, 1047406.059376487508416 ], [ 1301819.618502512341365, 1050313.72503569861874 ], [ 1304137.978729489957914, 1053470.927331957267597 ], [ 1299566.337093455949798, 1054464.873736865818501 ], [ 1299707.136454664170742, 1061494.023601497523487 ], [ 1290620.085488365264609, 1066401.481964783743024 ], [ 1287853.102494483813643, 1070908.746984103228897 ], [ 1287728.442423815838993, 1074366.43233697861433 ], [ 1282467.439670495456085, 1077173.435274286894128 ], [ 1279905.312439469154924, 1076453.360268513904884 ], [ 1275073.728902766713873, 1079288.965530198765919 ], [ 1266970.512192258611321, 1077133.006382483290508 ], [ 1262520.472946752095595, 1080186.789948539808393 ], [ 1261196.283241296419874, 1076533.681635727873072 ], [ 1257965.44259242922999, 1079031.439128054538742 ], [ 1248422.642992704175413, 1078313.267555702477694 ], [ 1246711.497963146073744, 1079938.065845580305904 ], [ 1240108.251987121533602, 1079343.361703386297449 ], [ 1240563.061207206686959, 1082351.421020555077121 ], [ 1234933.0779509160202, 1101624.762721536913887 ], [ 1241283.070727922255173, 1101455.158226184314117 ], [ 1244325.569454543991014, 1104175.693622269202024 ], [ 1246238.801602681400254, 1111769.562918478157371 ], [ 1245053.51089906017296, 1115329.125377965858206 ], [ 1237626.200966339092702, 1117980.841249018674716 ], [ 1245170.332835167413577, 1124824.245386542985216 ], [ 1257666.857757666613907, 1131073.685037698131055 ], [ 1268049.83464823034592, 1141769.601164589403197 ] ] ], [ [ [ 1309819.957966826856136, 1070986.649964974960312 ], [ 1314675.567471157060936, 1065292.208863795967773 ], [ 1315903.235183104407042, 1061048.854054023744538 ], [ 1313151.178017328027636, 1063152.287159645697102 ], [ 1309819.957966826856136, 1070986.649964974960312 ] ] ] ] } },
{ "type": "Feature", "properties": { "drag_region": "Southwest", "NAME": "Aleutians East", "NAMELSAD": "Aleutians East" }, "geometry": { "type": "MultiPolygon", "coordinates": [ [ [ [ -383351.602060907811392, 541221.052394080092199 ], [ -383774.957316775282379, 535485.339821143308654 ], [ -393389.425329444347881, 536206.482725495821796 ], [ -394124.975044969643932, 526553.831723323906772 ], [ -407920.960955486109015, 527628.73787032882683 ], [ -408689.297662779397797, 517979.593711952562444 ], [ -427780.077587007137481, 519544.919855136191472 ], [ -428593.695272345386911, 509900.457511441782117 ], [ -447722.243581010145135, 511559.464237969601527 ], [ -449439.895331916457508, 492281.35504673444666 ], [ -443476.153391136729624, 491754.379814356798306 ], [ -446854.115943645883817, 453205.443549845134839 ], [ -450867.529746741289273, 453559.09787406725809 ], [ -451721.161093531991355, 443925.334950254997239 ], [ -432498.118869389756583, 442267.029896044754423 ], [ -434586.966720882686786, 414677.249816309660673 ], [ -438817.202318805037066, 410231.127746902639046 ], [ -446273.81885767634958, 407988.005210822913796 ], [ -445394.398241648275871, 412907.680116844596341 ], [ -439957.904778914293274, 412825.632978448877111 ], [ -439858.11188897449756, 416659.793675794964656 ], [ -442074.879228445701301, 417233.501496195327491 ], [ -440718.633041006454732, 427782.141310105915181 ], [ -436098.831008455017582, 434307.019727914012037 ], [ -442273.619425550277811, 438582.137570421444252 ], [ -448438.271651681454387, 440271.614284639246762 ], [ -451497.807714319904335, 438811.004437434137799 ], [ -451205.423429106362164, 434459.901495449244976 ], [ -454071.332989969523624, 432695.419148532324471 ], [ -456796.29208654438844, 435053.398122762795538 ], [ -462507.704318494070321, 434319.579130658414215 ], [ -465238.92505869542947, 426685.857260845601559 ], [ -473751.387418420985341, 420358.816989881568588 ], [ -479775.279098550789058, 419002.842682504677214 ], [ -487834.685208618815523, 422467.683666291180998 ], [ -489450.959354641323444, 419835.489590810611844 ], [ -487383.120506745297462, 415403.867557495250367 ], [ -492636.804444036853965, 408124.983429457526654 ], [ -492699.595677204953972, 405150.155046692816541 ], [ -497784.363128996337764, 402091.39633244194556 ], [ -499499.134887729305774, 412359.507222079439089 ], [ -501627.173534243775066, 413822.040582159534097 ], [ -505133.393510303401854, 410614.768800553982146 ], [ -507476.323631332430523, 412198.183029082952999 ], [ -511831.538707035826519, 409659.288421792560257 ], [ -504970.23931659781374, 407712.642735808156431 ], [ -506073.223751194600482, 401283.123056082637049 ], [ -513395.194741110026371, 401065.057556625222787 ], [ -516761.840198874648195, 403816.544725378975272 ], [ -515250.956148773431778, 407412.781715384218842 ], [ -517944.641683334368281, 410000.514645861811005 ], [ -523121.016170940129086, 408423.851907477364875 ], [ -528311.316651007626206, 400310.761219340492971 ], [ -542968.976126222638413, 393708.597064529079944 ], [ -548828.460506143746898, 394546.008219636394642 ], [ -551008.855092215817422, 397580.120859962538816 ], [ -557194.978955210070126, 395481.237786918412894 ], [ -560090.954568674787879, 396194.096501525840722 ], [ -556154.69450743123889, 410771.880841638310812 ], [ -548604.29050216358155, 419170.505912610678934 ], [ -547892.362442783662118, 423521.352081534918398 ], [ -551090.259592506568879, 425419.676287648500875 ], [ -558070.094956109067425, 426015.645861604367383 ], [ -563773.94624279497657, 423874.73878327163402 ], [ -570281.303100180113688, 414896.96012178179808 ], [ -570806.539020630531013, 402529.812128634657711 ], [ -581409.526815528748557, 390286.597581872832961 ], [ -583129.595290115568787, 389334.51883966231253 ], [ -587265.028284408850595, 381638.182332420255989 ], [ -591615.63197784870863, 385629.657300117309205 ], [ -596060.096993934828788, 385012.191325515741482 ], [ -593860.69659605063498, 378481.476397485472262 ], [ -591785.042295273393393, 376592.771473717526533 ], [ -592198.561356475576758, 371247.339634681586176 ], [ -598322.828033343423158, 368328.156446296372451 ], [ -602261.33269576006569, 371989.916877347626723 ], [ -601736.380674017593265, 376262.070072432165034 ], [ -605194.133169691893272, 378134.152119663194753 ], [ -608854.320617666933686, 372805.292835834436119 ], [ -607157.377887339098379, 367871.926460116403177 ], [ -611583.06637052691076, 363892.736950969789177 ], [ -614450.317610271507874, 366854.223116951761767 ], [ -621830.80768912716303, 367016.645337867899798 ], [ -625253.765777054359205, 369189.68428566341754 ], [ -627533.145967148477212, 376618.99234460957814 ], [ -620192.164465313893743, 376256.855638466426171 ], [ -624389.022764028748497, 381325.707057938911021 ], [ -624932.345834618899971, 391426.477268134825863 ], [ -628993.868051884579472, 397354.517805970273912 ], [ -631392.979026389308274, 398342.558184336405247 ], [ -635419.483111202716827, 395686.02904655598104 ], [ -638494.338361849309877, 389819.021022678702138 ], [ -637246.646940804901533, 387049.249491955037229 ], [ -634074.754356975783594, 386632.842353198328055 ], [ -630858.748116279370151, 379460.788083731313236 ], [ -633924.64633435709402, 375422.947176031186245 ], [ -631912.982367417542264, 365998.625316290301271 ], [ -632552.80966901301872, 361067.061449043336324 ], [ -637194.961427301983349, 364565.353515367954969 ], [ -641987.862618867307901, 363362.971574589493684 ], [ -641629.456025129999034, 360807.757346522994339 ], [ -645882.436917013139464, 358476.860705744824372 ], [ -650076.688715527066961, 358360.731386802624911 ], [ -654736.288536016480066, 361688.625663056154735 ], [ -657623.05076769052539, 367773.376185623579659 ], [ -656249.765990097075701, 371061.386830528499559 ], [ -658482.21175912686158, 376770.344249703804962 ], [ -662768.858712049433962, 380929.495937587693334 ], [ -670131.242138072731905, 379534.507965065538883 ], [ -673142.361314539448358, 374546.770521711441688 ], [ -663110.376149144489318, 364951.255021487479098 ], [ -662601.435291488771327, 361889.391505540930666 ], [ -675462.841510906233452, 352953.102729064994492 ], [ -681224.098636889713816, 351733.967585392878391 ], [ -686236.756044223206118, 349256.893880382413045 ], [ -683327.469789821072482, 343437.748298114631325 ], [ -677119.824088310124353, 342758.986065416247584 ], [ -674742.896909557166509, 344744.107315646950155 ], [ -670361.427855882793665, 339311.250899437465705 ], [ -668461.591432171291672, 331041.043367684585974 ], [ -674351.285391832236201, 332432.725297209341079 ], [ -672070.061756406677887, 335397.780500383465551 ], [ -675889.585807910538279, 336506.7219072135631 ], [ -678552.794696953962557, 334175.807240360067226 ], [ -681930.263859385158867, 336772.818970116088167 ], [ -684996.796816530171782, 343191.020622867625207 ], [ -691246.915333191165701, 340314.45932059478946 ], [ -691721.420647586113773, 333719.704956402536482 ], [ -695864.567302794894204, 334217.022665275260806 ], [ -702974.836580741219223, 330416.516221475787461 ], [ -708005.835219980566762, 332889.77011418028269 ], [ -716354.75480594986584, 335088.837882655789144 ], [ -726745.551075990078971, 336163.563557412126102 ], [ -734743.209281635703519, 336026.67579261935316 ], [ -744730.1123737875605, 333698.410288828541525 ], [ -752434.925948628457263, 328033.827885372331366 ], [ -754377.540477773058228, 321664.508815379929729 ], [ -761843.284606266883202, 317716.794508238206618 ], [ -774088.953680921345949, 316485.070859160972759 ], [ -780722.559099921723828, 317852.717539673205465 ], [ -786735.048684909241274, 321549.624873886816204 ], [ -788338.442948338692077, 324719.431357214343734 ], [ -789251.364873543381691, 332037.873343404266052 ], [ -791076.192363318870775, 335246.986153053236194 ], [ -790442.948642600560561, 340470.143397478968836 ], [ -788156.656860304065049, 342899.93403820565436 ], [ -777449.154364006710239, 345107.943330190842971 ], [ -773861.750599772320129, 346944.01862012327183 ], [ -766924.971021173754707, 356472.064457111759111 ], [ -760923.446458694292232, 366158.26523622404784 ], [ -760711.913591229822487, 368932.581605864106677 ], [ -754893.913985044579022, 373231.724885835545138 ], [ -751517.013215342885815, 373954.092018138268031 ], [ -746517.315037765190937, 368712.489887079456821 ], [ -737298.273891061777249, 371048.683479580213316 ], [ -730901.056690934929065, 374803.007454796694219 ], [ -725220.110112821799703, 373934.575614433153532 ], [ -715660.08930941822473, 380323.901720484835096 ], [ -707663.374337089131586, 381064.836873381980695 ], [ -699688.449753189343028, 378537.055269495933317 ], [ -692581.787280872929841, 377986.913230401580222 ], [ -692860.811782533535734, 374451.860846758470871 ], [ -687471.982980194385163, 366721.124892273684964 ], [ -686245.703492871485651, 360654.009095845744014 ], [ -688061.112384408712387, 356083.693887557368726 ], [ -681577.432591716409661, 357480.856742301257327 ], [ -682705.056627555051818, 362662.100027164444327 ], [ -681753.346532294526696, 366100.746381653589197 ], [ -675319.554912543622777, 362298.160395890241489 ], [ -678177.9429964448791, 366754.94983791897539 ], [ -676697.104363154270686, 373982.913089903537184 ], [ -677512.120119318016805, 384626.045934349182062 ], [ -669649.758213376044296, 387966.088470341986977 ], [ -663485.504412385518663, 389139.102060311706737 ], [ -654166.480502465739846, 386415.664392630103976 ], [ -649229.243072652025148, 387100.013577067758888 ], [ -646087.154174545314163, 393338.182243091869168 ], [ -649655.203222265467048, 394203.895404604496434 ], [ -648393.096943412092514, 396736.791510294890031 ], [ -644197.576657295459881, 397139.291246651671827 ], [ -642135.246396610629745, 400531.939067057683133 ], [ -638120.338760207407176, 399612.834725624416023 ], [ -631018.166329969884828, 408232.666004160884768 ], [ -630738.686384605010971, 405108.099475686321966 ], [ -627601.282971200882457, 402769.580367947812192 ], [ -622274.920291425776668, 406712.105809320462868 ], [ -622386.409160037408583, 414734.578002263791859 ], [ -626998.30878157611005, 414463.454463868285529 ], [ -620090.860093393479474, 420131.913701324374415 ], [ -603255.72144085727632, 437872.024506023619324 ], [ -595260.331975075183436, 441895.436152716050856 ], [ -589398.592217669589445, 447156.707336210412905 ], [ -585006.095847184536979, 447876.883990399888717 ], [ -578500.360238056746311, 451144.945548072108068 ], [ -572159.021925301523879, 456948.360106118605472 ], [ -565988.296457465738058, 457573.867577569559216 ], [ -557765.913655951386318, 460382.18521964061074 ], [ -549314.721419943962246, 461348.82885274104774 ], [ -528785.065497396280989, 465829.520353196188807 ], [ -522206.648024566122331, 464258.824764197692275 ], [ -519801.708113370696083, 465737.595553490449674 ], [ -509747.806204716558568, 465169.407665302162059 ], [ -507622.210486273339484, 463987.941515153739601 ], [ -512336.600456970336381, 461874.90118326805532 ], [ -513023.679533151444048, 457421.163321672007442 ], [ -509924.693925362545997, 456908.216884326771833 ], [ -511074.557635291130282, 452309.76056326564867 ], [ -517721.340265078470111, 451267.921290745143779 ], [ -519239.822681350342464, 443243.879197692964226 ], [ -511705.189480356290005, 433028.290663402993232 ], [ -509026.148238248191774, 434870.776734932442196 ], [ -503352.902116478711832, 430542.112639653729275 ], [ -502274.109406117058825, 432261.631413890165277 ], [ -508257.203962975007016, 437967.991939459578134 ], [ -508100.398189140367322, 446132.606202037655748 ], [ -509127.728770840039942, 449317.919200158794411 ], [ -503594.403065345657524, 446059.086112849181518 ], [ -490832.692740419006441, 445076.05379925807938 ], [ -490069.504518030618783, 436727.924499707994983 ], [ -484855.894370355876163, 436895.094582459540106 ], [ -479361.274855825235136, 432906.632990343263373 ], [ -477594.243622711219359, 434854.722488269791938 ], [ -480365.915086288528983, 438965.054937050561421 ], [ -474190.00309251708677, 439822.877222548122518 ], [ -485892.641835235408507, 449500.691844225395471 ], [ -492694.944764065032359, 453630.188175283255987 ], [ -491926.472525375836994, 459135.501958437729627 ], [ -495555.240672703250311, 458821.590013924404047 ], [ -485328.251412617100868, 473789.400299081695266 ], [ -480867.049105900514405, 485193.737759650102817 ], [ -477920.491098175698426, 490299.36508733057417 ], [ -472440.142204926232807, 494010.983119936543517 ], [ -463641.711865398276132, 502423.807151390472427 ], [ -459561.935545165615622, 503298.066796648316085 ], [ -450117.200324563717004, 509560.791476169368252 ], [ -442838.30233114794828, 516706.679334211745299 ], [ -424066.215107635187451, 524330.31810369703453 ], [ -414506.135402207728475, 530658.659548941417597 ], [ -406551.963396060804371, 533769.546908900840208 ], [ -390916.395408927171957, 542747.866280831978656 ], [ -386907.657562720705755, 546483.741801041644067 ], [ -383351.602060907811392, 541221.052394080092199 ] ] ], [ [ [ -426337.832977027457673, 331159.006032344768755 ], [ -426291.753424515074585, 334608.746080121141858 ], [ -423127.474153405986726, 336657.986895941663533 ], [ -418728.940376839018427, 333912.053833747166209 ], [ -421238.181673389743082, 328450.710825086338446 ], [ -425717.136561636754777, 327368.239228407503106 ], [ -426337.832977027457673, 331159.006032344768755 ] ] ], [ [ [ -434819.250632048526313, 337605.190636260900646 ], [ -431406.178455467859749, 345481.067984125809744 ], [ -433561.848643634933978, 350072.135403845459223 ], [ -426491.662004173034802, 349303.967294075526297 ], [ -426336.46614438056713, 339792.835980161442421 ], [ -432818.640536271443125, 336673.242934916983359 ], [ -434819.250632048526313, 337605.190636260900646 ] ] ], [ [ [ -445366.024725463707, 365460.573858704301529 ], [ -441663.838123540394008, 363129.854370740591548 ], [ -440131.07117208163254, 367704.54209024226293 ], [ -435896.329043850826565, 371765.787092027370818 ], [ -434933.628816249780357, 369573.737736938404851 ], [ -437215.207961386593524, 364196.071114649996161 ], [ -435267.940503362799063, 362786.10430621705018 ], [ -435387.98793442430906, 358572.764536742120981 ], [ -438154.295171787263826, 352948.209321797825396 ], [ -435421.785986702365335, 349841.831609067972749 ], [ -437172.307815555017442, 348163.661953665316105 ], [ -440882.96976005891338, 350585.412988790892996 ], [ -441508.525722430553287, 348622.493799478979781 ], [ -446015.884897252835799, 349772.319930997909978 ], [ -445366.024725463707, 365460.573858704301529 ] ] ], [ [ [ -443974.098511613789015, 324839.46744114800822 ], [ -439502.221104465250392, 320147.691901559592225 ], [ -440001.952140391978901, 316927.604453801643103 ], [ -445331.736586730228737, 316990.739300973364152 ], [ -443974.098511613789015, 324839.46744114800822 ] ] ], [ [ [ -458526.593722809455357, 351530.049440595554188 ], [ -456144.083769588498399, 355064.835894116433337 ], [ -450555.226180992089212, 358514.144613747135736 ], [ -449710.68685672187712, 354984.984390075900592 ], [ -455277.84501782245934, 351820.546953026787378 ], [ -457820.220005341980141, 346475.314763514325023 ], [ -458526.593722809455357, 351530.049440595554188 ] ] ], [ [ [ -458983.24409218801884, 325363.701070933137089 ], [ -453948.926616250886582, 327323.654176976997405 ], [ -451667.333279704267625, 324247.562507151742466 ], [ -456481.970832252001856, 322169.683836301555857 ], [ -458983.24409218801884, 325363.701070933137089 ] ] ], [ [ [ -485420.492893432616256, 339965.943291907198727 ], [ -476995.659877174417488, 348590.899030089844018 ], [ -473330.092469318129588, 350846.168299281969666 ], [ -474314.840576882881578, 352665.44552425458096 ], [ -479339.602494878519792, 353130.942493104259484 ], [ -479576.728550350409932, 360453.749986215378158 ], [ -474121.29564585146727, 364750.402349170297384 ], [ -468351.964621428225655, 359996.026721145841293 ], [ -468251.137967624003068, 363636.651170646073297 ], [ -470759.17705355619546, 368860.264967178110965 ], [ -464043.976283822616097, 367002.273852670099586 ], [ -458980.234269662760198, 377498.996346442727372 ], [ -456448.839613954594824, 375065.609185995068401 ], [ -457265.440998569480143, 371007.983304005116224 ], [ -459329.111034428176936, 370998.816184149472974 ], [ -461103.306600121315569, 363953.791203779983334 ], [ -458521.404149860609323, 361995.870082764537074 ], [ -458243.128894694207702, 365140.246051226742566 ], [ -455274.09547685860889, 364974.56911934656091 ], [ -456688.235230031772517, 359337.440772004425526 ], [ -459509.084658390260302, 356033.753209861344658 ], [ -464427.18746088386979, 357624.815066174254753 ], [ -465040.545516304555349, 353358.526341567048803 ], [ -472052.536621638166253, 347175.811421978287399 ], [ -476380.191795520950109, 345268.569857900380157 ], [ -484735.361699248780496, 332506.134963179589249 ], [ -485420.492893432616256, 339965.943291907198727 ] ] ], [ [ [ -472581.443412677443121, 383919.307472813175991 ], [ -469311.275259512767661, 384675.599409572430886 ], [ -468543.140440901741385, 380570.114910349948332 ], [ -472581.443412677443121, 383919.307472813175991 ] ] ], [ [ [ -486329.846680144604761, 395592.5695307883434 ], [ -480976.813177693285979, 399120.03190252603963 ], [ -472967.323851749824826, 397024.115404195385054 ], [ -473882.653589594759978, 389613.053369817207567 ], [ -485092.783643771021161, 391821.389742563827895 ], [ -486329.846680144604761, 395592.5695307883434 ] ] ], [ [ [ -519665.099530100473203, 386801.092001097626053 ], [ -515316.280206761904992, 393470.483363112085499 ], [ -509419.493690878851339, 395273.327098862268031 ], [ -505569.178335506236181, 392672.919400996877812 ], [ -506461.785664167546201, 388338.96069643937517 ], [ -504149.316520605701953, 388588.003264747560024 ], [ -500987.234123527887277, 392792.430939729209058 ], [ -497893.54373051278526, 389409.63694872148335 ], [ -492246.415323172579519, 386357.936039377469569 ], [ -486126.943582897074521, 388171.4637837811606 ], [ -485140.300947174429893, 381733.726010098238476 ], [ -487728.939029000932351, 376214.488113042432815 ], [ -490541.127124770486262, 380329.313754740986042 ], [ -495505.071906371333171, 381099.745347605436109 ], [ -498465.533566600817721, 383601.242744383169338 ], [ -498770.056627306796145, 387476.95662773703225 ], [ -501148.615768809337169, 386558.457157078897581 ], [ -501800.207250085484702, 379989.05980945925694 ], [ -499491.583751432306599, 377838.025635733851232 ], [ -497805.581404593947809, 369309.422311579226516 ], [ -500871.217732970078941, 363843.744738874258474 ], [ -508736.522993048653007, 367991.320207447046414 ], [ -510444.599456596421078, 373836.066472542355768 ], [ -514710.0603566878126, 372538.606111524975859 ], [ -519684.50815672846511, 364394.665659821359441 ], [ -518205.81451343029039, 369819.669556442764588 ], [ -520057.561091133975424, 374145.796720331767574 ], [ -519034.332715918251779, 384042.562754878075793 ], [ -519665.099530100473203, 386801.092001097626053 ] ] ], [ [ [ -556932.478216062765568, 379469.576321195228957 ], [ -550772.387902936665341, 379071.107825865503401 ], [ -552429.898724339902401, 372421.450779422535561 ], [ -557837.878846578067169, 377549.765085969353095 ], [ -556932.478216062765568, 379469.576321195228957 ] ] ], [ [ [ -573712.80435324436985, 381484.319406747468747 ], [ -571103.040400423109531, 384166.935117634478956 ], [ -562854.064224538626149, 383990.157654442708008 ], [ -565448.657185314572416, 379375.555738042108715 ], [ -573956.03992046113126, 379393.841133472509682 ], [ -573712.80435324436985, 381484.319406747468747 ] ] ], [ [ [ -588423.577598925447091, 371950.275077627971768 ], [ -586935.882681601215154, 376685.536193729261868 ], [ -582849.743807775899768, 378126.310875997296534 ], [ -577384.746514645288698, 375652.752886873553507 ], [ -574979.372222286881879, 372579.134332371409982 ], [ -567478.756506889592856, 367669.188873025239445 ], [ -566557.929730612784624, 363616.908618377638049 ], [ -572907.738124439492822, 368583.171086116693914 ], [ -578774.908999489736743, 363777.741727094282396 ], [ -584319.441227303934284, 371557.823922011884861 ], [ -587250.853822478326038, 368246.150621206616051 ], [ -588423.577598925447091, 371950.275077627971768 ] ] ], [ [ [ -624710.9033592910273, 355333.260272572515532 ], [ -617072.823329754639417, 360726.119970708270557 ], [ -611464.280027880915441, 357420.893908508471213 ], [ -612445.867251435527578, 349545.110738776857033 ], [ -615589.87896474765148, 344830.93595952319447 ], [ -618815.496770337922499, 343212.470454185153358 ], [ -624294.796113641466945, 349496.499321698560379 ], [ -624710.9033592910273, 355333.260272572515532 ] ] ], [ [ [ -657100.115082283853553, 305872.742845930391923 ], [ -656223.093127404805273, 310672.175463215913624 ], [ -641198.288274594582617, 303485.951337612001225 ], [ -637284.345618102117442, 299221.575948994723149 ], [ -631270.021300649270415, 298450.192451197304763 ], [ -627441.514948502648622, 295267.016534555470571 ], [ -632349.712923052720726, 293675.730961938970722 ], [ -635066.533645302988589, 290844.841354828327894 ], [ -639674.226985347107984, 295291.454361939337105 ], [ -643720.830830829450861, 294949.935303365811706 ], [ -650434.689778241561726, 299396.140212548780255 ], [ -654963.039326344034635, 297201.37431644834578 ], [ -659328.988735596532933, 303279.332442689221352 ], [ -657100.115082283853553, 305872.742845930391923 ] ] ], [ [ [ -663807.415650284732692, 416711.659338453784585 ], [ -660671.061135398340411, 416180.354748937534168 ], [ -662294.750053778407164, 412734.117698625195771 ], [ -663807.415650284732692, 416711.659338453784585 ] ] ], [ [ [ -791943.387150003924035, 298590.483082167920657 ], [ -788826.311121661798097, 300206.618017972330563 ], [ -785403.585675728623755, 297903.118016983615234 ], [ -790836.213807677617297, 295213.448715555248782 ], [ -791943.387150003924035, 298590.483082167920657 ] ] ], [ [ [ -816794.510856068460271, 290946.683307567727752 ], [ -811153.365982831455767, 293281.409630736918189 ], [ -803682.319536566734314, 290957.615072048269212 ], [ -797837.981189689598978, 291725.220723131671548 ], [ -797054.598330755834468, 289271.698956570937298 ], [ -799846.50972334924154, 285379.324140144395642 ], [ -806084.547272400348447, 285163.322318506543525 ], [ -816555.691814647288993, 289549.697104704682715 ], [ -816794.510856068460271, 290946.683307567727752 ] ] ], [ [ [ -834215.590236016898416, 290949.729730164515786 ], [ -819919.908614998566918, 290802.786535171209835 ], [ -818396.783126431284472, 287151.378321544500068 ], [ -822392.747547166189179, 284735.442482086247765 ], [ -824809.483811754034832, 288736.166405954980291 ], [ -832757.248566019465216, 289725.960380573873408 ], [ -834215.590236016898416, 290949.729730164515786 ] ] ], [ [ [ -843796.507058195304126, 312324.710080729913898 ], [ -839866.046728748129681, 317060.349963495507836 ], [ -836889.878973392769694, 315079.486844839877449 ], [ -832444.722864186391234, 316044.049658596981317 ], [ -830024.917354637989774, 313584.208768243668601 ], [ -835641.761649942025542, 311368.003385840216652 ], [ -833433.987805998767726, 306325.689899571123533 ], [ -826505.547611008747481, 305118.336131960619241 ], [ -826943.507106521865353, 301219.817513746093027 ], [ -832211.035797993303277, 302427.256244756514207 ], [ -837676.251121273962781, 295724.741518539842218 ], [ -842600.561330967349932, 298920.24343951814808 ], [ -841764.454064722871408, 306337.687025713967159 ], [ -837489.571721746120602, 308977.528519401792437 ], [ -839234.094107595388778, 311225.160621022805572 ], [ -843274.881453166599385, 309903.666911198175512 ], [ -843796.507058195304126, 312324.710080729913898 ] ] ], [ [ [ -840886.134784877067432, 288338.583866039523855 ], [ -836465.968466522987001, 290373.896303253481165 ], [ -835435.270927675184794, 286703.714515657746233 ], [ -839841.896801179158501, 286118.846258086385205 ], [ -840886.134784877067432, 288338.583866039523855 ] ] ], [ [ [ -872658.703727393294685, 305610.006383026833646 ], [ -870881.820099825737998, 308778.913822786300443 ], [ -863493.496930634835735, 312669.027711826609448 ], [ -856677.225896814838052, 310848.964275589329191 ], [ -856969.536078332923353, 305272.400636491831392 ], [ -852248.426909245550632, 305004.852992828818969 ], [ -849266.360394323361106, 303015.498585371533409 ], [ -848154.817906193784438, 298548.600719614187256 ], [ -844930.296463145874441, 299236.113011755864136 ], [ -846077.581710791913792, 295463.074433266418055 ], [ -852701.807732994784601, 293152.317694747820497 ], [ -855295.365503872395493, 294684.762611674726941 ], [ -860227.021582910674624, 291207.260877742315643 ], [ -861141.013105280231684, 294089.697974692680873 ], [ -866912.579012623755261, 295235.794971477938816 ], [ -871192.524637767695822, 294077.241290336241946 ], [ -873784.555246433359571, 303389.735613439930603 ], [ -872658.703727393294685, 305610.006383026833646 ] ] ], [ [ [ -882119.984792747418396, 289394.55228248750791 ], [ -880236.082788356929086, 290501.630389704019763 ], [ -874547.175302746589296, 286247.355872705229558 ], [ -882161.701191260595806, 286586.121077123912983 ], [ -882119.984792747418396, 289394.55228248750791 ] ] ] ] } },
{ "type": "Feature", "properties": { "drag_region": "Northwest", "NAME": "Kodiak Island", "NAMELSAD": "Kodiak Island" }, "geometry": { "type": "MultiPolygon", "coordinates": [ [ [ [ 43814.621741186274448, 446735.317251178203151 ], [ 45356.982122145709582, 451106.22495665086899 ], [ 49597.288857661609654, 449996.612742579076439 ], [ 48147.380016339287977, 442938.000146928825416 ], [ 45043.839636910372064, 441204.7377440641867 ], [ 43814.621741186274448, 446735.317251178203151 ] ] ], [ [ [ -45594.645670021360274, 427549.469819663208909 ], [ -39557.501904860029754, 436149.193759975489229 ], [ -36402.650590385928808, 436758.909787899116054 ], [ -30844.664356166802463, 430489.739857717533596 ], [ -29813.944946331714164, 432422.448138888576068 ], [ -34316.741308374956134, 438606.400034902035259 ], [ -33115.160452605516184, 443803.979669176274911 ], [ -31234.099851766812208, 444786.894979707198218 ], [ -25523.040794638400257, 442462.515591010451317 ], [ -21131.942168515990488, 444350.060371059458703 ], [ -27300.9196268041851, 449445.667341631720774 ], [ -24017.631973920870223, 454867.301093798829243 ], [ -17887.844603130608448, 451984.155152661027387 ], [ -14745.861216249206336, 452419.498599768616259 ], [ -17770.018584915691463, 457746.186552490456961 ], [ -15282.168086102414236, 459418.860455593909137 ], [ -11058.322724259502138, 457571.281332450802438 ], [ -8203.825260627680109, 461943.341193821863271 ], [ -11982.367584490450099, 462451.433700071182102 ], [ -14756.880110294703627, 465572.181536351563409 ], [ -10578.845268260280136, 465932.660661677015014 ], [ -6100.411256340972614, 472448.429887569393031 ], [ 962.1808495070145, 474317.972679323283955 ], [ -1610.155517571183736, 477625.840856492286548 ], [ -2366.859020780597348, 484140.299768208875321 ], [ 3116.745578138841665, 490592.508279582601972 ], [ 4636.672139945760136, 487648.53132931725122 ], [ 15537.208772159909131, 492801.151973333558999 ], [ 17007.945847797047463, 492165.611071707564406 ], [ 14793.067323243594728, 480778.018626872799359 ], [ 12125.798540765201324, 478984.929292673827149 ], [ 6928.024197501697927, 468973.919336108840071 ], [ 8155.843294657533988, 460935.879071754403412 ], [ 15668.483383905549999, 462169.900496227201074 ], [ 15923.303757003261126, 468801.967528261826374 ], [ 20543.340648923433037, 468054.787600924028084 ], [ 25117.292878659791313, 461357.920154553721659 ], [ 29175.330211891428917, 466079.502263830276206 ], [ 31776.119138546055183, 462984.429947406286374 ], [ 28530.999261578297592, 451656.976407310692593 ], [ 30480.091949560228386, 449599.251829999615438 ], [ 32170.941074043206754, 456561.631953007192351 ], [ 37694.596840480051469, 461238.665838846936822 ], [ 39233.987891229073284, 458884.694220450357534 ], [ 38942.323181825660868, 447831.916755324229598 ], [ 32885.445720547853853, 439105.70502958225552 ], [ 26086.37079019783414, 441123.425078854197636 ], [ 23564.421315447223606, 448833.086783883511089 ], [ 19216.467265897648758, 446223.505251838592812 ], [ 22197.558645465716836, 436795.126936108921655 ], [ 17609.630336484129657, 434757.693141314899549 ], [ 9358.677471125934971, 435808.480160566745326 ], [ 6100.265018020218122, 430551.424480688991025 ], [ 4337.362702037687995, 433968.967878989060409 ], [ 4605.263546004585805, 441078.844656106783077 ], [ 2496.348304664104944, 441225.731782688293606 ], [ 827.802220209501684, 430247.058906996389851 ], [ -814.238050099316752, 427909.690790059859864 ], [ -7331.216492901032325, 426151.651162855210714 ], [ -6842.467123011054355, 422609.230018804082647 ], [ -10188.707715457989252, 420436.666702004149556 ], [ -19691.793432325961476, 419031.598270463990048 ], [ -37974.520609507286281, 426087.893868120270781 ], [ -42399.822768152218487, 424795.409515457926318 ], [ -45594.645670021360274, 427549.469819663208909 ] ] ], [ [ [ 30808.570963218429824, 525198.596146519645117 ], [ 33200.069392686418723, 527958.76562328368891 ], [ 37639.843255202111322, 524250.075050464365631 ], [ 30847.569067551725311, 523854.758290256606415 ], [ 30808.570963218429824, 525198.596146519645117 ] ] ], [ [ [ -126561.67230809663306, 349768.210941255441867 ], [ -122235.868723229505122, 351350.407549243886024 ], [ -121298.41011920919118, 358630.678504814277403 ], [ -117361.329763968096813, 365786.11686050274875 ], [ -111970.964171321233152, 369000.389287909376435 ], [ -110865.934821379414643, 373212.662415948463604 ], [ -107659.033334035470034, 372421.314668074133806 ], [ -100341.421922092820751, 379092.087212517857552 ], [ -93273.037099685549038, 382515.456103587173857 ], [ -84942.544451181543991, 381056.683744765236042 ], [ -78744.427835487993434, 381149.37053096794989 ], [ -78741.645007248502225, 370404.686148428707384 ], [ -73160.628800648381002, 364942.139225769089535 ], [ -72310.346870871770079, 369260.405305148102343 ], [ -68680.353257155540632, 374353.284955725888722 ], [ -72542.409287038375624, 378949.262301720678806 ], [ -71264.511163835544721, 381350.260369761497714 ], [ -59931.035666397379828, 380047.720609563868493 ], [ -60588.681737215934845, 383402.391275226953439 ], [ -71704.674877350102179, 387585.54305695835501 ], [ -75758.43304441604414, 387195.569488995824941 ], [ -75983.547659654446761, 399380.76057538902387 ], [ -69404.096897976676701, 405245.848296234034933 ], [ -63255.587335735748638, 408049.676074036164209 ], [ -59004.111686263633601, 406918.333893953938968 ], [ -54298.05217192460259, 401572.368814191198908 ], [ -52935.574405572057003, 388819.852814548183233 ], [ -49745.434841731861525, 390090.15404050797224 ], [ -47886.083582268693135, 397493.008345159469172 ], [ -48991.585674055408163, 402761.794866870623082 ], [ -41516.761778640349803, 399180.981809761025943 ], [ -40073.047487750045548, 403705.343834372237325 ], [ -47963.76531247132516, 407088.161123893689364 ], [ -52461.287446249123605, 412620.148885973962024 ], [ -51008.116907125746366, 416853.048325651907362 ], [ -47402.873202185808623, 416305.357205536565743 ], [ -36508.042656026809709, 408061.288939626421779 ], [ -34602.037743039560155, 408466.606718016206287 ], [ -28183.051496388856322, 404611.076873984769918 ], [ -25859.207988788301009, 405601.915288521908224 ], [ -32530.409500246925745, 412713.551108441664837 ], [ -36806.554796904318209, 415927.336401030770503 ], [ -38334.148784230092133, 420133.626453252392821 ], [ -34736.679358677312848, 420173.348804446635768 ], [ -28315.26311060005537, 414685.99459156091325 ], [ -22186.815428179790615, 415922.898330002324656 ], [ -13454.2958294232958, 413277.579863630235195 ], [ -12051.656336153580924, 418004.481324058957398 ], [ -4457.116845697004464, 419582.877941533690318 ], [ -6036.661729413957801, 413505.985005135182291 ], [ -14134.100531977441278, 403189.076614959049039 ], [ -15491.939901652898698, 395201.562033509253524 ], [ -11385.767224754978088, 391816.040892809513025 ], [ -11543.79700689931633, 400929.917176795890555 ], [ -8216.44643996382365, 405115.760644095018506 ], [ -4727.972045579444966, 400478.181838930002414 ], [ -3749.927164022912621, 404911.687475233455189 ], [ -200.681779298654874, 408053.194589693914168 ], [ 779.911636899327277, 412008.362739390926436 ], [ 3728.250913077456062, 413029.831357325310819 ], [ 5913.162437874576426, 410101.454133073566481 ], [ 10421.614560068846913, 417113.558139589615166 ], [ 14003.467353771993658, 417965.578024304355495 ], [ 13258.930316092286375, 413628.245089905336499 ], [ 19232.670997510707821, 412238.617649641004391 ], [ 16989.992158887805999, 408535.088829109212384 ], [ 14609.161956799900508, 410396.886895656352863 ], [ 10823.740278208657401, 408867.923120410880074 ], [ 14939.204106580960797, 405509.552451306954026 ], [ 13989.165528355297283, 400783.662896453752182 ], [ 17977.253927841607947, 402992.3439847700065 ], [ 20439.715645246993518, 398159.151762020192109 ], [ 26182.748708853832795, 398405.489972324459814 ], [ 21205.87549981722259, 393187.742756063118577 ], [ 17718.333516818529461, 396267.222535459790379 ], [ 12603.990935563328094, 396335.930634689051658 ], [ 9514.647850669716718, 391658.021582042914815 ], [ 12945.39857314665278, 390873.429792062146589 ], [ 11357.087199097164557, 385750.056708818883635 ], [ 16926.132254131036461, 385114.706720150075853 ], [ 11571.726346819152241, 376446.545336767681874 ], [ 16453.506830198690295, 378193.560523242340423 ], [ 19121.199579371343134, 382769.791935827815905 ], [ 20274.262908559772768, 379439.907329955836758 ], [ 30333.969314304631553, 379323.201651093899272 ], [ 29801.284532835561549, 375373.582301406306215 ], [ 22288.177152186646708, 367687.806351485312916 ], [ 19764.174734539410565, 357068.85018937534187 ], [ 11564.381729083892424, 358119.444616204942577 ], [ 11048.969446712100762, 361849.547824601060711 ], [ 8989.019506476644892, 357869.254679792793468 ], [ 3959.498248369956855, 361789.79299780074507 ], [ 319.965307094316813, 361139.122606589226052 ], [ -4709.472702663450036, 365742.087643628241494 ], [ -7905.28273725984036, 364435.712096631177701 ], [ -13087.007482935106964, 366168.172781990491785 ], [ -14731.074542360896885, 361727.759383162017912 ], [ -8933.969718212567386, 361922.804894945351407 ], [ -5682.162487607754883, 360351.136840371298604 ], [ 4161.555258589316509, 352200.027213919674978 ], [ 2577.767269079806283, 345451.685126172029413 ], [ -2285.616159790821257, 340366.16353965329472 ], [ -4725.733895764191402, 343772.834462473751046 ], [ -8739.699234154584701, 338903.331652804859914 ], [ -12892.042093125317479, 341709.255130719742738 ], [ -14247.014689403702505, 345331.792252252926119 ], [ -18802.294478168456408, 346986.180214716703631 ], [ -23097.388774718718196, 345771.799661410856061 ], [ -26716.083442241288139, 342173.111238029669039 ], [ -20459.917904091962555, 342452.961425381014124 ], [ -16068.778262988489587, 337820.643195238197222 ], [ -24208.861392041668296, 332615.98330398555845 ], [ -31578.603599920199485, 333671.354963768506423 ], [ -32421.084780863202468, 331743.183879609801807 ], [ -26968.317373214100371, 328550.60505911288783 ], [ -23953.768234379858768, 329838.229575952398591 ], [ -16377.992627827770775, 330046.861984252347611 ], [ -11545.199952693466912, 326002.189007972250693 ], [ -13884.877833939390257, 323277.730090482276864 ], [ -19077.771375982774771, 322428.61208839493338 ], [ -26410.351510162450722, 319159.821135403239168 ], [ -28160.50535658460285, 320191.802273544599302 ], [ -32251.000787819815741, 317360.400256241788156 ], [ -31543.169444093487982, 312670.20405880198814 ], [ -37363.222975900069287, 307810.418315036455169 ], [ -40212.012179322635347, 309699.084176245494746 ], [ -38722.178747245772684, 312974.096889695385471 ], [ -43765.562928405081038, 317720.182511177379638 ], [ -42287.588514890216175, 322240.631052857032046 ], [ -36495.319848934173933, 328244.594074990716763 ], [ -38251.845803636460914, 330527.643884919933043 ], [ -41479.51440377120889, 328481.571255149086937 ], [ -48765.265588386333548, 318349.716590218711644 ], [ -49399.233467483165441, 316043.554073731531389 ], [ -54198.125360879894288, 319078.573046065634117 ], [ -58968.907078673772048, 318092.152494387119077 ], [ -60038.099636100581847, 314730.74566055869218 ], [ -54384.33655552584969, 314187.153349458938465 ], [ -52169.517789954101318, 308161.148035206715576 ], [ -55617.206515997080714, 302290.527732922462747 ], [ -61057.984517738499562, 300344.171862415503711 ], [ -60808.414800624057534, 293634.551889729569666 ], [ -66256.648349571536528, 289682.288758379989304 ], [ -68884.012984044282348, 290920.566042549209669 ], [ -73900.448216744043748, 283049.814909074571915 ], [ -78060.730256772963912, 280170.339300663908944 ], [ -82004.886048412721721, 282183.498557908926159 ], [ -88800.401351343694841, 280275.888815941289067 ], [ -83966.986359946153243, 291387.409015461686067 ], [ -81562.190701861807611, 292440.1164261122467 ], [ -75887.259848712696112, 299248.090416525606997 ], [ -70658.368760244295117, 302228.507703298935667 ], [ -71101.976357956489665, 305774.86831209983211 ], [ -78288.498092314242967, 303560.709485738305375 ], [ -77637.384760974775418, 308546.536223505623639 ], [ -72865.940012762395781, 318331.899834989686497 ], [ -66585.884323810430942, 323333.849177081137896 ], [ -68112.18906539226009, 326205.907693715766072 ], [ -71353.546292473358335, 321882.656925391289406 ], [ -78727.560857048665639, 316024.84820291493088 ], [ -84388.203258597379318, 305288.820562714361586 ], [ -89629.791726388211828, 299641.749777911347337 ], [ -92686.970419173783739, 298595.809746347018518 ], [ -93792.535878230613889, 294381.331807754351757 ], [ -97955.31548746599583, 291521.985827786265872 ], [ -98791.631989628818701, 299578.663580329157412 ], [ -104429.033967751136515, 305169.866003028932028 ], [ -111596.935784303539549, 307808.829546691384166 ], [ -110869.661702232362586, 317391.581259014783427 ], [ -111657.472255297267111, 327562.443648960674182 ], [ -114404.606574726334657, 335545.087116965209134 ], [ -116754.278565947344759, 338635.147025254322216 ], [ -121702.613541369209997, 340602.205844915355556 ], [ -127526.547360297234263, 341147.147878229268827 ], [ -124471.910888956626877, 343989.198607126250863 ], [ -127665.262580121983774, 347575.171464960556477 ], [ -126561.67230809663306, 349768.210941255441867 ] ] ], [ [ [ 14564.603925333183724, 523705.205356527352706 ], [ 17314.184700922065531, 529057.603341229609214 ], [ 21088.447004010813544, 526465.936844495590776 ], [ 25834.022325540252496, 526210.280680548981763 ], [ 19121.857310102175688, 522860.103370671044104 ], [ 14564.603925333183724, 523705.205356527352706 ] ] ], [ [ [ -97463.260261600094964, 493292.444397083832882 ], [ -69220.879560645043966, 493266.178123802412301 ], [ -69247.500841683824547, 502963.754398053628393 ], [ -58890.540990334309754, 503006.179921007715166 ], [ -58960.632963543816004, 515872.931803784449585 ], [ -37078.187027050174947, 516054.821665522060357 ], [ -42433.279893090577389, 514750.338716793688945 ], [ -45222.196452389733167, 503393.080665393150412 ], [ -47676.280017300341569, 499626.920493057928979 ], [ -53879.746729953491013, 497179.580873143509962 ], [ -56129.255388392804889, 491884.198997905827127 ], [ -61099.634620807468309, 488688.422834276221693 ], [ -71079.450300250304281, 488652.936051820637658 ], [ -74195.794425392348785, 487014.982740508741699 ], [ -75016.686411318471073, 477989.193586283479817 ], [ -77516.719447816270986, 474818.801091582630761 ], [ -83150.492400409755646, 474915.628398771747015 ], [ -84195.973673105079797, 472996.639175563701428 ], [ -82112.968719276672346, 465410.857163830893114 ], [ -79812.134883540988085, 462338.26905564928893 ], [ -85469.283539319454576, 458886.669453530921601 ], [ -89656.054296216956573, 460334.995069530094042 ], [ -90086.430800377653213, 456016.431736218975857 ], [ -85899.844662334624445, 451592.014313798164949 ], [ -88225.822575871090521, 443821.495646341703832 ], [ -92652.411517499422189, 440954.139538317336701 ], [ -93926.865558749384945, 437791.183795359916985 ], [ -92038.147414669336285, 435481.278906153631397 ], [ -96886.247303728596307, 435499.544104517437518 ], [ -99862.932881526852725, 430522.909597333520651 ], [ -105308.855629980462254, 436889.333453821251169 ], [ -107209.982367628719658, 436230.383850076585077 ], [ -106193.266808787098853, 430752.568600213970058 ], [ -107064.246204821567517, 426919.527284615323879 ], [ -111502.818208481810871, 426665.118090549251065 ], [ -114074.155930334643926, 422559.946948433294892 ], [ -117654.526956960675307, 424128.56064523907844 ], [ -117629.42987794970395, 426719.658069239114411 ], [ -121855.659285302710487, 426666.900279978755862 ], [ -122741.819347155716969, 422933.462236825958826 ], [ -127422.064529680181295, 420684.250501857954077 ], [ -132248.622595823020674, 423721.275477297371253 ], [ -138192.758389708644245, 422173.878111309255473 ], [ -145706.751431507291272, 415670.656082854722627 ], [ -142608.74065907188924, 410629.09148034278769 ], [ -144598.631869531905977, 405766.89510261930991 ], [ -153172.976325230789371, 401694.930179485818371 ], [ -159129.93741957959719, 401618.64938487263862 ], [ -159019.61463937597, 396529.94857689505443 ], [ -156085.532017764053307, 394072.834285802091472 ], [ -157439.220942048064899, 390260.665171699598432 ], [ -161735.678126957180211, 388812.142996212118305 ], [ -169286.1173341361864, 394638.462588121998124 ], [ -171349.130094234569697, 397565.124222951824777 ], [ -175652.497762492304901, 395747.989488123683259 ], [ -176865.866793214489007, 389731.224966270732693 ], [ -176815.100696353096282, 383107.979551159427501 ], [ -182436.29265809134813, 380658.786666421918198 ], [ -183320.53718329264666, 371373.077503904700279 ], [ -197266.158943252405152, 371090.10528871731367 ], [ -201694.883454462920781, 373527.259606613893993 ], [ -202342.27027146704495, 366445.125973015441559 ], [ -200833.387404718494508, 359585.11810348846484 ], [ -205131.102844961365918, 359718.303762834984809 ], [ -207595.510743973252829, 363347.71263290301431 ], [ -212094.251226335647516, 363782.96223717846442 ], [ -213078.271851277328096, 360072.810151053126901 ], [ -220044.956163834780455, 357721.101383184548467 ], [ -228758.822920714534121, 349207.628604248398915 ], [ -232034.444924999057548, 348179.63774048758205 ], [ -233274.136802181310486, 344004.087391321198083 ], [ -230509.390771629492519, 342843.004148746374995 ], [ -220150.597549039695878, 348607.2933203560533 ], [ -219456.370852987427497, 343784.537536736461334 ], [ -220930.232595927664079, 338750.274375482695177 ], [ -224194.655739536858164, 338195.15089538495522 ], [ -224301.99740507468232, 335224.174589874804951 ], [ -220538.255342130752979, 331443.599992775707506 ], [ -221925.117061854194617, 328997.758181612822227 ], [ -228872.090679196553538, 328770.472088645328768 ], [ -245730.229088107735151, 330201.132776056649163 ], [ -245392.772351170220645, 338345.445819937507622 ], [ -240643.692455682758009, 338055.516477621044032 ], [ -240381.457290180376731, 344571.705845873686485 ], [ -237365.384755333128851, 344355.488223593798466 ], [ -236960.727186065196292, 349138.682389448280446 ], [ -232227.960436610679608, 348762.913954526185989 ], [ -232957.165396078693448, 352246.244358014431782 ], [ -229950.34459488131688, 351939.783756660297513 ], [ -230076.549114543420728, 360007.274470972712152 ], [ -227071.926299614191521, 359798.827595988404937 ], [ -226887.249535091454163, 364783.339358325814828 ], [ -221678.262571468920214, 366225.523871015640907 ], [ -221347.379776020359714, 369477.281842257245444 ], [ -211701.008516963047441, 369144.678619320970029 ], [ -207245.300527018116554, 367559.327681337017566 ], [ -207140.57413262972841, 370819.193452298175544 ], [ -203437.880542164930375, 372621.503632928943262 ], [ -203339.137234445137437, 375785.717408517957665 ], [ -196231.350185009971028, 377105.899539768695831 ], [ -196378.053421874530613, 372119.570642223698087 ], [ -194447.358038991573267, 372159.208770128199831 ], [ -191305.18187613930786, 377155.979130966821685 ], [ -188309.994373041234212, 377072.717816739692353 ], [ -189716.957813101587817, 380374.623415324371308 ], [ -192926.151150630263146, 380369.1604157803813 ], [ -192799.94296350152581, 384780.53653151425533 ], [ -184896.648266521573532, 384658.310993977822363 ], [ -183619.307972471695393, 392590.598954337881878 ], [ -180212.024552894406952, 392406.353326062089764 ], [ -180256.19534432265209, 399030.110122149344534 ], [ -171102.909302574233152, 398999.058680125628598 ], [ -170823.536435982154217, 401871.936259256326593 ], [ -165506.266824900172651, 401848.4277227508137 ], [ -165397.539936816261616, 406836.933654238237068 ], [ -158378.815320050809532, 407266.090348587022163 ], [ -158206.09446220198879, 426459.41347145056352 ], [ -155250.074712905072374, 426305.229108294355683 ], [ -154907.61485964836902, 433114.020399560569786 ], [ -158073.245619880093727, 433080.261368917417713 ], [ -157880.700125227565877, 442676.238354158354923 ], [ -151358.238343091332354, 442550.82977642735932 ], [ -151270.000136647722684, 447349.209904994000681 ], [ -141603.073287885257741, 447183.463673872873187 ], [ -141762.692030824779067, 450353.959530729451217 ], [ -138612.918006438034354, 450304.977715596323833 ], [ -138779.139944076683605, 453187.481393343186937 ], [ -130595.62707286857767, 453071.72252969047986 ], [ -130574.26622518345539, 454703.40887609065976 ], [ -122395.021090116992127, 454508.95654817216564 ], [ -122360.23176266279188, 457676.475959906703793 ], [ -113138.254956662189215, 457586.155998785747215 ], [ -113110.997683923109435, 460753.814516823040321 ], [ -107037.735059435843141, 460706.31470674846787 ], [ -104901.080930663185427, 467219.746043144958094 ], [ -100302.497985162306577, 467000.603852428612299 ], [ -100485.845212736894609, 471801.62609493767377 ], [ -97353.47236366031575, 471786.100347899715416 ], [ -97463.260261600094964, 493292.444397083832882 ] ] ], [ [ [ -102075.120627728858381, 257612.616620673215948 ], [ -97641.018316790868994, 263532.43831144424621 ], [ -93453.0325514706783, 265432.946991700446233 ], [ -91036.190362493231078, 264371.33108336373698 ], [ -85532.990657076312345, 265989.050036122906022 ], [ -84437.644893667995348, 262154.207620010478422 ], [ -80255.118191492496408, 258605.76744900632184 ], [ -72325.432620218009106, 260145.835427072597668 ], [ -72759.867633446701802, 256599.340464123291895 ], [ -76946.469099649853888, 253623.657391552231275 ], [ -87095.844960901493323, 253054.305797134642489 ], [ -94160.924138628877699, 251827.375482481904328 ], [ -101211.138516729712137, 254253.963768222369254 ], [ -102075.120627728858381, 257612.616620673215948 ] ] ], [ [ [ -89472.356106179504422, 274238.955001026624814 ], [ -82664.704036329188966, 278541.550847515230998 ], [ -80911.842921288189245, 273939.986365959397517 ], [ -89035.975703446063562, 273087.789839613833465 ], [ -89472.356106179504422, 274238.955001026624814 ] ] ], [ [ [ -129330.006692563736578, 245778.149392416933551 ], [ -123258.719008495099843, 255387.672663174569607 ], [ -111938.549525762355188, 264578.679966223542579 ], [ -107320.617196952240192, 264161.454285697662272 ], [ -103830.404818902083207, 258964.240752421086654 ], [ -106488.768991467790329, 256776.668191974284127 ], [ -118679.769828807446174, 249879.20188983308617 ], [ -125167.409590760798892, 242376.072309252689593 ], [ -129330.006692563736578, 245778.149392416933551 ] ] ], [ [ [ -189242.074429620726733, 179105.9468249946367 ], [ -183303.390960378106683, 182880.611788970651105 ], [ -182091.484547298226971, 186490.21464678295888 ], [ -179125.82417062134482, 188525.333136074477807 ], [ -177404.804518596618436, 185419.493154275347479 ], [ -178848.783273202658165, 181335.310683601186611 ], [ -177879.639968901581597, 174799.931895312271081 ], [ -179529.439173139631748, 171678.8963384013623 ], [ -187598.636476195650175, 173125.044182143872604 ], [ -189242.074429620726733, 179105.9468249946367 ] ] ], [ [ [ -250927.61634909096756, 204765.353221397497691 ], [ -249626.189942355267704, 209216.778048015199602 ], [ -246407.243881890928606, 211481.904856220819056 ], [ -243733.753587611397961, 205719.560286630294286 ], [ -246878.96953738911543, 199807.27308507822454 ], [ -250927.61634909096756, 204765.353221397497691 ] ] ], [ [ [ -253524.451309051335556, 222704.724892879603431 ], [ -251383.959983304928755, 225970.479849324910901 ], [ -251044.076228605030337, 218094.779434648226015 ], [ -253273.448028286657063, 218092.249369309516624 ], [ -253524.451309051335556, 222704.724892879603431 ] ] ] ] } },
{ "type": "Feature", "properties": { "drag_region": "Northwest", "NAME": "Lake and Peninsula", "NAMELSAD": "Lake and Peninsula" }, "geometry": { "type": "MultiPolygon", "coordinates": [ [ [ [ -436166.510338874417357, 349410.150688948458992 ], [ -429826.551069148292299, 346064.014427355723456 ], [ -422927.642944026505575, 347397.75200451083947 ], [ -420785.704691849648952, 352916.887630155892111 ], [ -423301.972514625347685, 357610.853483195300214 ], [ -423425.744081848999485, 362040.618102211039513 ], [ -419345.089630717237014, 373478.925113499048166 ], [ -412346.518923007650301, 383374.58889028779231 ], [ -402649.860833812039346, 395216.004046496236697 ], [ -397086.342577129835263, 400809.801820236840285 ], [ -392120.62059529859107, 404046.132479831227101 ], [ -383267.59734144678805, 407431.296987237292342 ], [ -378449.699961420788895, 412134.128457716200501 ], [ -373229.596538056619465, 420181.651894756709225 ], [ -370143.965641722897999, 421441.318222664063796 ], [ -364232.233300491934642, 427057.040557297994383 ], [ -357678.417435205425136, 429090.252973165712319 ], [ -356357.155302576371469, 421907.7157446523197 ], [ -352577.287788071436808, 420260.530019526137039 ], [ -351508.276303869322874, 424141.549852860043757 ], [ -353103.086912032682449, 434315.41063201171346 ], [ -358027.093771955987904, 434394.094511356204748 ], [ -359126.616045252245385, 437722.36136434157379 ], [ -358191.513343740953133, 446798.766509187989868 ], [ -355961.986277271294966, 452344.427961382898502 ], [ -348528.919291218277067, 491245.659862437867559 ], [ -345366.773803050862625, 495112.982946458738297 ], [ -337294.722145001403987, 496229.287913135369308 ], [ -334514.51993943832349, 501181.536086952546611 ], [ -338759.280993683147244, 500533.359164604567923 ], [ -345506.161013562406879, 508288.942191428039223 ], [ -345816.385425441665575, 514265.470367298694327 ], [ -343438.499723226879723, 523463.310751828597859 ], [ -338733.159721840289421, 533405.999637161032297 ], [ -332949.439145913347602, 536281.510166476713493 ], [ -326665.412307329359464, 545292.750503910472617 ], [ -272040.667407960048877, 543001.298029439989477 ], [ -270994.480251511209644, 573037.092846772517078 ], [ -309946.149220718070865, 574593.052458651014604 ], [ -308846.608075747615658, 580695.656908671604469 ], [ -306011.283536917180754, 584222.287866283673793 ], [ -310121.769061801896896, 584405.958583577885292 ], [ -312523.110125591047108, 581439.09783631679602 ], [ -314470.245157661556732, 574991.869101142277941 ], [ -322113.468220905982889, 570642.33774231642019 ], [ -320614.011182841029949, 597490.059184807585552 ], [ -325119.748244568356313, 597709.694984460482374 ], [ -324163.658110474818386, 617086.593648202251643 ], [ -314586.676587417838164, 616626.241139521473087 ], [ -314133.214794196013827, 626316.488163366913795 ], [ -295228.433550244779326, 625479.435328741790727 ], [ -294823.667744070582557, 635172.221933384542353 ], [ -289348.563098208338488, 634947.586009834078141 ], [ -288957.927407332696021, 644641.315206055645831 ], [ -279451.053671137720812, 644270.30301106965635 ], [ -279088.65430339879822, 653869.342816202319227 ], [ -259919.20284084326704, 653194.902481843600981 ], [ -259602.95212569553405, 662892.003597870585509 ], [ -250343.826544218230993, 662601.558086648932658 ], [ -246256.088435335317627, 798297.171518113580532 ], [ -189414.865382670366671, 797035.237973882234655 ], [ -152159.513724568940233, 796696.537559685180895 ], [ -107917.149648995415191, 796796.468898960272782 ], [ -107835.438600773646613, 787092.341569038922898 ], [ -105500.667827913697693, 787112.758066169801168 ], [ -105148.652058892039349, 748296.818842247012071 ], [ -112228.525616617000196, 748239.500648335902952 ], [ -111952.729957772055059, 709520.680716905626468 ], [ -119108.036500497430097, 709476.67446179210674 ], [ -118907.094215067234472, 670664.390766426105984 ], [ -125937.13046757945267, 670634.643528678803705 ], [ -125905.251732816876029, 660932.139010675833561 ], [ -135571.68098289318732, 660912.917405712301843 ], [ -135558.331940265750745, 641604.787016654270701 ], [ -145072.440830115607241, 641610.293089256971143 ], [ -145090.377354782482143, 631908.712792535428889 ], [ -161529.364555291191209, 631975.089043239247985 ], [ -161650.172807326773182, 612573.37957671075128 ], [ -180621.511325136409141, 612739.188911784207448 ], [ -180839.819012698717415, 593339.945320268860087 ], [ -177764.258706409862498, 593306.581601799349301 ], [ -178168.360137917974498, 554609.249666879069991 ], [ -175268.533092774159741, 554580.065079142572358 ], [ -175362.45867695074412, 544882.907130951061845 ], [ -155842.456593759648968, 544743.426668411237188 ], [ -155732.668695819855202, 523237.082619227119721 ], [ -158865.041544896434061, 523252.608366265078075 ], [ -158681.694317321846029, 518451.586123756016605 ], [ -163280.277262822724879, 518670.728314472362399 ], [ -165416.931391595397145, 512157.296978075872175 ], [ -171490.194016082648886, 512204.796788150444627 ], [ -171517.451288821728667, 509037.13827011315152 ], [ -180739.428094822331332, 509127.458231234108098 ], [ -180774.217422276531579, 505959.938819499569945 ], [ -188953.462557343009394, 506154.391147418064065 ], [ -188974.823405028117122, 504522.704801017884165 ], [ -197158.336276236223057, 504638.463664670591243 ], [ -196992.114338597573806, 501755.959986923728138 ], [ -200141.888362984318519, 501804.941802056855522 ], [ -199982.269620044797193, 498634.445945200277492 ], [ -209649.196468807233032, 498800.192176321404986 ], [ -209737.434675250871805, 494001.812047754763626 ], [ -216259.896457387105329, 494127.220625485759228 ], [ -216452.441952039662283, 484531.243640244822018 ], [ -213286.811191807908472, 484565.002670887974091 ], [ -213629.271045064611826, 477756.211379621759988 ], [ -216585.290794361557346, 477910.395742777967826 ], [ -216758.01165221031988, 458717.072619914426468 ], [ -223776.736268975801067, 458287.915925565641373 ], [ -223885.463157059712103, 453299.409994078218006 ], [ -229202.732768141664565, 453322.918530583730899 ], [ -229482.105634733801708, 450450.040951453032903 ], [ -238635.391676482191542, 450481.092393476748839 ], [ -238591.220885053975508, 443857.335597389494069 ], [ -241998.504304631234845, 444041.581225665286183 ], [ -243275.844598681142088, 436109.293265305226669 ], [ -251179.139295661065262, 436231.518802841659635 ], [ -251305.347482789773494, 431820.142687107785605 ], [ -248096.154145261156373, 431825.605686651775613 ], [ -246689.190705200773664, 428523.700088067096658 ], [ -249684.378208298876416, 428606.961402294225991 ], [ -252826.554371151083615, 423610.191041455604136 ], [ -254757.249754034070065, 423570.552913551102392 ], [ -254610.54651716951048, 428556.881811096100137 ], [ -261718.333566604705993, 427236.69967984536197 ], [ -261817.076874324469827, 424072.485904256347567 ], [ -265519.770464789296966, 422270.175723625579849 ], [ -265624.496859177656006, 419010.309952664421871 ], [ -270080.204849122557789, 420595.660890648374334 ], [ -279726.576108179870062, 420928.264113584649749 ], [ -280057.458903628459666, 417676.506142343045212 ], [ -285266.445867251022719, 416234.321629653219134 ], [ -285451.122631773701869, 411249.809867315809242 ], [ -288455.745446702931076, 411458.256742300116457 ], [ -288329.540927040856332, 403390.766027987701818 ], [ -291336.361728238232899, 403697.226629341836087 ], [ -290607.156768770189956, 400213.896225853590295 ], [ -295339.923518224735744, 400589.664660775684752 ], [ -295744.581087492639199, 395806.470494921202771 ], [ -298760.653622339945287, 396022.68811720109079 ], [ -299022.888787842297461, 389506.498748948448338 ], [ -303771.968683329760097, 389796.428091264911927 ], [ -304109.425420267274603, 381652.115047384053469 ], [ -287251.287011356092989, 380221.454359972733073 ], [ -280304.313394013734069, 380448.740452940226533 ], [ -285201.683614844514523, 376979.141463811625727 ], [ -285807.836127128917724, 372299.693405605619773 ], [ -291610.23396846849937, 368295.299062775447965 ], [ -293466.219261844293214, 365296.108904740773141 ], [ -293186.461783700855449, 361255.442583162570372 ], [ -300094.806468546506949, 362870.793422147049569 ], [ -306949.286431286600418, 360465.592592898290604 ], [ -308102.315040164103266, 353797.08468881668523 ], [ -310767.253704607544933, 352758.788766792858951 ], [ -314595.146397388656624, 360121.626284342608415 ], [ -316560.884355572517961, 355122.034418685128912 ], [ -322628.165035288315266, 351364.421939444495365 ], [ -325262.420735851686914, 346399.469722011941485 ], [ -330530.799351007968653, 346071.062730884063058 ], [ -329665.420750682824291, 341231.652492847759277 ], [ -333507.345586190174799, 338824.245275748078711 ], [ -338772.727268298913259, 343208.641725794645026 ], [ -343691.306790214614011, 349886.644807162345387 ], [ -348571.245590700651519, 348602.163237340399064 ], [ -348825.635908389696851, 343719.92116681765765 ], [ -346446.450632257154211, 343116.731710150255822 ], [ -346405.216521989437751, 339659.233277926687151 ], [ -352799.378546444699168, 339033.425868176971562 ], [ -355988.03856244176859, 332772.534697712748311 ], [ -354836.877735009999014, 329639.414464836823754 ], [ -350919.691008757334203, 328856.257029109052382 ], [ -350082.624608297366649, 323821.937783780624159 ], [ -358008.639017702080309, 323859.191842582891695 ], [ -363358.411492116865702, 322712.434410487883724 ], [ -366677.520699275424704, 330289.104505717521533 ], [ -378073.427921403781511, 327298.766100478242151 ], [ -382315.888370646629483, 322655.149024057202041 ], [ -385847.942412200965919, 322580.837777564884163 ], [ -388112.871103700948879, 318014.818223542533815 ], [ -383940.097834634711035, 317664.621606282074936 ], [ -377860.618227300350554, 319701.926593639189377 ], [ -373558.057294329046272, 317818.760484315571375 ], [ -372535.672916803043336, 312576.417702061124146 ], [ -376321.499679831322283, 308284.556610569590703 ], [ -385544.319700727821328, 313057.586050431942567 ], [ -390543.175736648670863, 314420.338791532674804 ], [ -392060.434215658344328, 307793.99134884250816 ], [ -399298.77099167893175, 308827.090693530859426 ], [ -404236.98688006924931, 311162.856713595683686 ], [ -408851.980708761722781, 308297.699971520807594 ], [ -415374.285338199115358, 300284.644398514879867 ], [ -415217.389889563259203, 296048.742649185238406 ], [ -404949.237048087990843, 293446.072965978644788 ], [ -398087.366947352944408, 289548.775045462884009 ], [ -398928.070713195891585, 286818.384328825864941 ], [ -406281.295230651914608, 283260.654044137103483 ], [ -406203.030231030774303, 281047.611262754187919 ], [ -402233.02728850528365, 280406.40320723480545 ], [ -396497.484695316874422, 283017.043150444049388 ], [ -392990.00480173091637, 282125.90031583129894 ], [ -405676.097400316852145, 275445.729874431388453 ], [ -411186.182968017761596, 269760.383574626990594 ], [ -411292.941316895827185, 264776.142568233422935 ], [ -413869.222671456634998, 269747.200691814767197 ], [ -416204.109392652986571, 268272.286963903228752 ], [ -413062.633039500855375, 261726.285418353625573 ], [ -414720.319598481466528, 257037.956368611659855 ], [ -416031.819959945161827, 260869.371819073101506 ], [ -418274.806469947390724, 260829.062708989717066 ], [ -419065.158347525808495, 255795.441148458980024 ], [ -424116.798498193267733, 263821.842964867013507 ], [ -423487.255044370132964, 272898.847161926561967 ], [ -428115.353533768095076, 267461.485348136047833 ], [ -426822.009002763661556, 260362.19486735353712 ], [ -428163.258493205939885, 254024.215323069598526 ], [ -433564.98251312103821, 253830.774874656111933 ], [ -432499.742620831006207, 259323.138415529043414 ], [ -440300.33110438589938, 259982.839599295868538 ], [ -444435.061131593887694, 252605.617033377871849 ], [ -450085.911544725415297, 252163.859227700158954 ], [ -467170.377000764710829, 249357.763683096505702 ], [ -473825.440746551961638, 247778.902849576319568 ], [ -475562.469217298785225, 245806.673979236278683 ], [ -476810.429172096948605, 238799.888177245855331 ], [ -480259.258149841218255, 243502.010502694640309 ], [ -478511.290101199119817, 251043.834581447415985 ], [ -483803.827697836444713, 249657.147174776298925 ], [ -481805.265229812823236, 246608.286847677431069 ], [ -482404.574487927427981, 236666.575304212397896 ], [ -486561.176035768934526, 230192.531864713993855 ], [ -485579.545795502723195, 225691.614963628002442 ], [ -487401.874998849292751, 222866.348111178027466 ], [ -485313.027147356362548, 250456.128190913121216 ], [ -504536.06937149859732, 252114.433245123364031 ], [ -503682.438024707895238, 261748.196168935624883 ], [ -499669.024221612489782, 261394.541844713501632 ], [ -496291.061669103335589, 299943.478109225165099 ], [ -502254.803609883063473, 300470.453341602813452 ], [ -500537.1518589767511, 319748.56253283796832 ], [ -481408.603550311992876, 318089.55580631014891 ], [ -480594.985864973743446, 327734.018150004558265 ], [ -461504.205940746003762, 326168.692006820929237 ], [ -460735.86923345271498, 335817.836165197193623 ], [ -446939.883322936249897, 334742.930018192273565 ], [ -446204.333607410953846, 344395.581020364188589 ], [ -436589.865594741888344, 343674.438116011675447 ], [ -436166.510338874417357, 349410.150688948458992 ] ] ], [ [ [ -342212.004196116584353, 313919.564913193229586 ], [ -337364.018283393816091, 318284.989795931032859 ], [ -326821.367374618246686, 317494.674965312005952 ], [ -321555.250214366358705, 312073.821815346367657 ], [ -329159.978362077556085, 314629.709563247393817 ], [ -332800.391311557148583, 312307.684190141153522 ], [ -342298.314465779578313, 312196.81452323589474 ], [ -342212.004196116584353, 313919.564913193229586 ] ] ], [ [ [ -378906.535303899087012, 294423.121626883861609 ], [ -374565.556789958849549, 296569.275049012503587 ], [ -372445.544423950021155, 290977.349929651478305 ], [ -374498.613675724598579, 290039.709373306366615 ], [ -378906.535303899087012, 294423.121626883861609 ] ] ], [ [ [ -444437.031673779245466, 240412.121041378704831 ], [ -442195.353857389360201, 246391.490576151176356 ], [ -437860.255859240249265, 247227.476275867549703 ], [ -432211.813019757042639, 241254.970424406579696 ], [ -434126.989625077869277, 239663.457301997113973 ], [ -438577.788899254752323, 243535.402679218212143 ], [ -444437.031673779245466, 240412.121041378704831 ] ] ], [ [ [ -459461.382075526053086, 247215.343988148146309 ], [ -456240.377448802115396, 242261.131453449837863 ], [ -462198.745377465325873, 243875.179984308895655 ], [ -459461.382075526053086, 247215.343988148146309 ] ] ], [ [ [ -475597.701592215918936, 234282.612691934104078 ], [ -473285.372631045640446, 240530.722571290796623 ], [ -470967.662038606707938, 241304.553472200874239 ], [ -468974.399321861157659, 235190.307545417337678 ], [ -475597.701592215918936, 234282.612691934104078 ] ] ] ] } },
{ "type": "Feature", "properties": { "drag_region": "Northwest", "NAME": "Valdez-Cordova", "NAMELSAD": "Valdez-Cordova" }, "geometry": { "type": "MultiPolygon", "coordinates": [ [ [ [ 443100.807245784148108, 1017645.099979557329789 ], [ 464972.836922696325928, 1019541.551820898428559 ], [ 509628.973477004445158, 1023839.440991601673886 ], [ 509118.770068382029422, 1028809.403379516443238 ], [ 522959.563452062779106, 1030257.860348747344688 ], [ 518853.741278054134455, 1068757.396140732103959 ], [ 517916.329027049127035, 1068657.552955904975533 ], [ 513811.206070691347122, 1107249.430638421326876 ], [ 512884.195828282390721, 1107150.948708406183869 ], [ 511860.614317673142068, 1116798.328098267083988 ], [ 540504.455348554765806, 1119958.806727503892034 ], [ 536469.956918056937866, 1148692.42242900794372 ], [ 532062.004173507215455, 1187237.061832813778892 ], [ 530244.212521602632478, 1198336.179415749618784 ], [ 527897.924692196073011, 1198069.079051907872781 ], [ 525234.891225735889748, 1221535.29611786827445 ], [ 532664.291661440161988, 1224802.73948820726946 ], [ 542768.43723527668044, 1225312.116598086897284 ], [ 543756.902835914050229, 1229200.051452118437737 ], [ 591455.969609750318341, 1235242.069374996237457 ], [ 592743.723056336049922, 1225632.496089954162017 ], [ 621366.960518460371532, 1229594.275738197611645 ], [ 621597.699362021987326, 1227978.689826442161575 ], [ 647162.363305908860639, 1231730.710472444770858 ], [ 693566.256601914064959, 1239058.308393181534484 ], [ 695300.024045994970948, 1230782.011380452429876 ], [ 697162.827386947814375, 1227295.02823535609059 ], [ 702214.400601479457691, 1226772.86061496916227 ], [ 700913.926328971632756, 1223538.455272931838408 ], [ 701950.901195691898465, 1219525.811519584385678 ], [ 699679.965873213368468, 1213211.215169564587995 ], [ 695025.918169243726879, 1206702.650385649409145 ], [ 703836.878477878519334, 1201539.80311699048616 ], [ 706079.489440271514468, 1201426.842552536167204 ], [ 702763.686860359273851, 1193477.133360173786059 ], [ 702698.859167037298903, 1189378.292972172377631 ], [ 700052.696502067148685, 1187384.542222240474075 ], [ 704151.511425335658714, 1183973.062459722859785 ], [ 708682.321511566173285, 1184726.340754706645384 ], [ 712491.016888553858735, 1183124.665896574035287 ], [ 713094.685603107558563, 1185076.437975271372125 ], [ 718179.199010797892697, 1184767.141402279026806 ], [ 719172.268542550154962, 1190975.61028801696375 ], [ 721639.534432967077009, 1191786.673416097182781 ], [ 721669.343166991253383, 1198124.656874096253887 ], [ 733074.474688656162471, 1196688.766715237405151 ], [ 742642.036048696259968, 1198375.780434479704127 ], [ 744339.96673928340897, 1188826.304492955561727 ], [ 753749.105259860749356, 1190512.925945750670508 ], [ 755473.958228511270136, 1180967.756403302308172 ], [ 763091.825635248795152, 1182353.267919603036717 ], [ 770061.413883043918759, 1144278.34892812743783 ], [ 768043.925157106132247, 1143909.668749702628702 ], [ 768974.870293303974904, 1138806.78090073633939 ], [ 778358.387941387132742, 1140434.359998919768259 ], [ 782698.651968190330081, 1117009.499137683771551 ], [ 825353.555326170520857, 1125188.524266625056043 ], [ 843872.191330201807432, 1033753.635534806875512 ], [ 858427.618557550129481, 959354.311003478942439 ], [ 847013.86613259173464, 957110.046060982393101 ], [ 846076.133986144559458, 961919.603632035432383 ], [ 814936.243731246329844, 955988.690911734709516 ], [ 813179.666580978198908, 965434.918007945641875 ], [ 754982.074213375570253, 955101.78075143462047 ], [ 737548.952138287364505, 952196.142144120065495 ], [ 708163.218717205571011, 891205.313816275447607 ], [ 708804.05152989749331, 887026.966738942544907 ], [ 700547.845419346471317, 889559.653433338040486 ], [ 692041.268566245911643, 885758.098233870463446 ], [ 681062.84121468430385, 872492.360656087752432 ], [ 673509.431896758964285, 860243.557339383522049 ], [ 673818.027401128434576, 866595.396679368335754 ], [ 679539.957762426580302, 877416.45997088868171 ], [ 690151.901220021652989, 890333.790064278524369 ], [ 699189.19744193344377, 891880.650472311768681 ], [ 695095.427027611876838, 897676.874947083182633 ], [ 684781.700510789640248, 900805.563476596726105 ], [ 682860.092134647187777, 902950.608919458463788 ], [ 682036.440638233791105, 894867.393797508208081 ], [ 675759.649815256590955, 902108.769276489969343 ], [ 670241.113851314410567, 904225.113073601387441 ], [ 667024.591366332257167, 902891.616481164237484 ], [ 663517.438747440930456, 905013.379149069078267 ], [ 649325.178010529838502, 904873.832881257403642 ], [ 650723.749664594652131, 907782.507843377068639 ], [ 657870.409300798666663, 911009.119412983767688 ], [ 649203.359433947131038, 913003.975331604015082 ], [ 645559.274481279309839, 911921.006792976288125 ], [ 644841.63899613218382, 914247.133019366767257 ], [ 650024.160319579765201, 930092.071390668395907 ], [ 646902.249495830270462, 931114.680781804490834 ], [ 644838.895597798051313, 927338.938610109034926 ], [ 639464.098570656729862, 924471.523235534550622 ], [ 640005.313088602619246, 919018.183603425044566 ], [ 636939.555578405386768, 912204.895879804622382 ], [ 629145.377115043113008, 912327.247521750396118 ], [ 614237.666341956937686, 919779.962962746387348 ], [ 614053.074143232195638, 922759.264154953183606 ], [ 608536.370936760911718, 925540.467539148870856 ], [ 600611.660864924779162, 927058.487477031769231 ], [ 593019.955483762780204, 922728.677372090052813 ], [ 588408.186667776782997, 924778.392113554291427 ], [ 590608.056392001570202, 927853.814638877985999 ], [ 596276.840601966017857, 931650.144530583638698 ], [ 600263.764523619553074, 939312.71103850309737 ], [ 597422.112297744373791, 939925.673194829607382 ], [ 594499.810520346509293, 934818.603498264681548 ], [ 580171.927324711228721, 924076.281926081515849 ], [ 574766.160302743548527, 921210.08006696915254 ], [ 567282.805869279312901, 920820.329858733341098 ], [ 568074.743719327379949, 915688.969652850879356 ], [ 579511.088111600605771, 919643.266463448991999 ], [ 581935.82179987966083, 917610.281981300795451 ], [ 582932.483952319482341, 912600.957330345874652 ], [ 579579.001393995829858, 912394.533391276374459 ], [ 574506.478993480559438, 908216.19361970666796 ], [ 570908.879579262807965, 908376.498670084867626 ], [ 563279.439744578674436, 903822.79596877656877 ], [ 556048.165664875647053, 895561.263540248153731 ], [ 553664.771447811508551, 895488.959512232802808 ], [ 550796.155834469478577, 899811.098639770178124 ], [ 559204.521515568252653, 908194.977679912699386 ], [ 552073.095294990809634, 906235.850492461118847 ], [ 548620.792279523098841, 906917.494904327206314 ], [ 547857.085643099038862, 912053.101804297417402 ], [ 551481.508061639266089, 920477.608465890865773 ], [ 553734.067039367859252, 923339.430281298002228 ], [ 557228.403295777039602, 923925.913410756271333 ], [ 561471.930455617140979, 921410.05024626920931 ], [ 565974.972870076540858, 923570.846270633628592 ], [ 569815.604339480167255, 927982.140971009852365 ], [ 577080.847068847389892, 930094.549384055193514 ], [ 587518.462966085993685, 936962.58791716909036 ], [ 595453.950806150911376, 939874.497664562193677 ], [ 593409.181364882737398, 942041.641889043152332 ], [ 589740.090529946261086, 941396.354176735505462 ], [ 589104.06747737666592, 948191.360286318697035 ], [ 587540.339577977079898, 943256.888296816265211 ], [ 584079.937158453045413, 940900.617297277553007 ], [ 583927.944452194031328, 943785.745183426421136 ], [ 588024.523820815840736, 950575.938909225631505 ], [ 587973.107039058115333, 952602.46600325871259 ], [ 582245.995001622941345, 946292.381992208072916 ], [ 574040.350317648844793, 940764.408274400280789 ], [ 570380.117192160338163, 940043.457959592342377 ], [ 569267.582221358665265, 942815.41224924987182 ], [ 580218.9347605984658, 954951.724915192462504 ], [ 578621.901473181904294, 958437.198592327069491 ], [ 573689.78099451889284, 952043.105359841138124 ], [ 566480.464514342835173, 949842.125563569599763 ], [ 563866.30259757838212, 952053.673984060995281 ], [ 561496.816152529907413, 947041.135220193536952 ], [ 557767.528227118891664, 945260.719947782810777 ], [ 547143.841554078855552, 945324.255229777190834 ], [ 544591.241573652834632, 950648.796925717033446 ], [ 549622.308782409061678, 953044.299942573765293 ], [ 551849.888742215116508, 952423.816321890102699 ], [ 555066.905040052952245, 955204.306638190289959 ], [ 562634.139169835252687, 957617.900562490103766 ], [ 567931.694929781835526, 960942.814524489920586 ], [ 571643.011990298051387, 967668.567280440591276 ], [ 566796.706554632866755, 967291.514772516209632 ], [ 564605.582407409325242, 962586.06580702168867 ], [ 560369.848056747112423, 960258.457423332845792 ], [ 551689.664200916187838, 959077.376825788524002 ], [ 547483.679426381015219, 965180.649751887423918 ], [ 545134.887466099578887, 965209.40015394682996 ], [ 542577.209702211199328, 958256.813110719900578 ], [ 538597.632012334070168, 957048.161194309126586 ], [ 537211.425488024018705, 962599.803154167253524 ], [ 540030.856199517496862, 965420.258319371612743 ], [ 543376.064295477000996, 965208.10027544782497 ], [ 540790.656376695958897, 969176.644983890699223 ], [ 539636.043503130087629, 974366.275301955174655 ], [ 541781.135646098526195, 977888.808232572861016 ], [ 545566.028988917125389, 989330.087704750243574 ], [ 563903.75237440969795, 992008.445765475742519 ], [ 562139.254281060770154, 995478.256217901362106 ], [ 544766.584771152818576, 993011.318804469890893 ], [ 541408.291257325327024, 986547.724065736867487 ], [ 536496.780484487768263, 983495.31190186762251 ], [ 533256.395055681699887, 975701.968028630129993 ], [ 527775.174082323908806, 970476.798179425066337 ], [ 523220.329295528586954, 971155.310442094458267 ], [ 526710.440986754605547, 975001.721157845575362 ], [ 523645.797919615753926, 985595.566283948952332 ], [ 520811.036936739692464, 990417.919884977862239 ], [ 523958.359427607210819, 993647.870494567556307 ], [ 519644.253862234007102, 994160.049217463005334 ], [ 517191.277597466716543, 991682.471806413494051 ], [ 517505.578798436443321, 986788.533086886396632 ], [ 520437.320325427281205, 981007.84575392305851 ], [ 518370.448551429260988, 974706.770464581437409 ], [ 518969.544311443634797, 970808.343134433962405 ], [ 516611.121378334704787, 969115.554319732822478 ], [ 511129.997245691891294, 973190.775811261730269 ], [ 511394.850327222025953, 966746.94432817469351 ], [ 506614.040393475152086, 961919.493493632646278 ], [ 502347.453182419587392, 963619.399593138834462 ], [ 501855.760040978842881, 968591.50623896648176 ], [ 499555.293724269664381, 970199.145374792860821 ], [ 498889.093809962796513, 963086.004170890664682 ], [ 497010.592577915580478, 964350.659926633583382 ], [ 496578.632867195468862, 976762.137578436173499 ], [ 497728.896873193210922, 982860.363500849343836 ], [ 494744.586960819491651, 983630.694369767559692 ], [ 492677.392848281888291, 970881.212603244697675 ], [ 495440.628122910566162, 960433.236199537990615 ], [ 494935.351241460011806, 957584.897618488874286 ], [ 491341.202412620245013, 956370.632521642604843 ], [ 491086.371775297157001, 961075.855079802218825 ], [ 485560.543063077842817, 963832.798902010312304 ], [ 484621.311211739957798, 959305.158268058439717 ], [ 488304.256320021755528, 953379.157286379951984 ], [ 485857.793934678076766, 952376.286161036696285 ], [ 478353.134653155750129, 953222.732475580181926 ], [ 472179.634653233108111, 948029.978374704020098 ], [ 466670.876613093365449, 948406.27494278899394 ], [ 465439.073709373886231, 951287.602687156293541 ], [ 467343.19920745928539, 960620.141488955589011 ], [ 474142.695255797123536, 975800.708529567113146 ], [ 473871.863063104625326, 980889.585478644119576 ], [ 482183.473190513032023, 993528.910708491457626 ], [ 484512.748673950845841, 1001566.250343117164448 ], [ 483203.216515875188634, 1003179.390733296982944 ], [ 471085.200985806528479, 981697.327119908062741 ], [ 471196.27627551095793, 978330.708839699625969 ], [ 468230.666216844052542, 972468.243807181948796 ], [ 466620.924382330675144, 973096.146683286409825 ], [ 464493.971416059939656, 979562.94176995777525 ], [ 462194.726938495703507, 979263.305028461385518 ], [ 462299.077194880577736, 971459.677522680722177 ], [ 460630.031063006434124, 966105.127418288961053 ], [ 457502.35341877915198, 961782.992382413474843 ], [ 457450.286965737352148, 955606.322994182351977 ], [ 454907.723919709620532, 948830.775392065988854 ], [ 450616.8752882538829, 951070.924463519128039 ], [ 449612.76250137691386, 946744.095897325314581 ], [ 454498.268555888673291, 944456.489485238911584 ], [ 454265.849322924681474, 935661.685472633223981 ], [ 456277.879891913675237, 935061.358991955639794 ], [ 459274.485959846177138, 943515.706090990453959 ], [ 466410.313938449311536, 944717.791006222832948 ], [ 468733.600244530185591, 942801.656586240045726 ], [ 470287.455200513359159, 934161.852366498438641 ], [ 467941.633840674068779, 929612.779311218298972 ], [ 462161.866656442405656, 926020.178564980393276 ], [ 458489.708602436527144, 918374.570256146369502 ], [ 459201.521417077514343, 912360.198290568543598 ], [ 463149.855555058340542, 914629.148914516437799 ], [ 465849.21329325082479, 922098.026943572796881 ], [ 471334.974373395147268, 926827.538024484179914 ], [ 477963.430075432814192, 918838.852182776667178 ], [ 478346.259725286159664, 914628.619232692988589 ], [ 480680.661441354546696, 910692.870630179066211 ], [ 477829.475295326439664, 891910.520897248061374 ], [ 472706.171275558532216, 891451.925108839292079 ], [ 470493.057789964019321, 896271.600997754372656 ], [ 466678.465095679450314, 896804.737400681944564 ], [ 467176.164575796166901, 893376.176045106723905 ], [ 462219.59881884692004, 888703.662563534453511 ], [ 462359.32698920823168, 887076.319367163814604 ], [ 467766.239843732269946, 888894.826008979929611 ], [ 472530.653034568822477, 886710.021784216864035 ], [ 485656.329937277943827, 875933.299646041356027 ], [ 491560.709835178102367, 868279.111429376294836 ], [ 489267.710125898185652, 860636.379763214848936 ], [ 486912.642632554925513, 857910.748171858256683 ], [ 480451.72924732894171, 853946.89576340909116 ], [ 476930.685532002709806, 855174.914532482391223 ], [ 474296.394114843802527, 853205.19655201327987 ], [ 468571.046451323432848, 852125.464584974339232 ], [ 469937.950016215443611, 857162.500205322168767 ], [ 464215.510161235637497, 863128.337935587624088 ], [ 465507.192381123197265, 869025.244062030687928 ], [ 461621.52401427651057, 874766.719879456795752 ], [ 459473.27547223988222, 862435.249362692469731 ], [ 459974.823956690495834, 856499.88971727527678 ], [ 457916.459588723082561, 852373.759744882583618 ], [ 453584.878467319358606, 858664.742346529616043 ], [ 450194.923838234331924, 851156.115657197544351 ], [ 449661.877832622732967, 872319.370981836225837 ], [ 447021.891214989242144, 904493.605461219558492 ], [ 441523.53759775107028, 904046.63814668986015 ], [ 441398.874793075257912, 910494.900326109025627 ], [ 439058.841387813503388, 939513.780886136228219 ], [ 434196.954681105387863, 939125.032358665950596 ], [ 433559.397524348460138, 952086.518997301813215 ], [ 447897.203786435129587, 953253.615378433372825 ], [ 444942.053690107655711, 988681.448544334154576 ], [ 443100.807245784148108, 1017645.099979557329789 ] ] ], [ [ [ 606397.407463317504153, 915778.00984028307721 ], [ 612048.404784049489535, 915140.207892036996782 ], [ 614936.537796659744345, 911248.315606615971774 ], [ 609753.20958738704212, 909714.309389150934294 ], [ 606397.407463317504153, 915778.00984028307721 ] ] ], [ [ [ 586631.422590490547009, 916529.788538200082257 ], [ 589599.993648579344153, 918244.924203468021005 ], [ 601253.151980995433405, 917165.300769886234775 ], [ 601034.909972639288753, 914136.438052349025384 ], [ 597039.932825404102914, 912672.083863237174228 ], [ 586631.422590490547009, 916529.788538200082257 ] ] ], [ [ [ 488210.747366311377846, 837191.718084723688662 ], [ 489625.602198245760519, 839347.661234244238585 ], [ 489598.397279712546151, 846194.91464358381927 ], [ 494079.456252248433884, 847769.078758486779407 ], [ 493106.027418930840213, 851730.612195924157277 ], [ 496800.991552286315709, 857288.440669678850099 ], [ 499919.538308774179313, 858260.111818705452606 ], [ 498949.527238866023254, 862124.46375030069612 ], [ 504593.537178887578193, 865948.102569818729535 ], [ 506100.164990323770326, 868990.191168800229207 ], [ 513910.163532893697266, 877000.249133253004402 ], [ 517124.224079756531864, 888716.573208103887737 ], [ 522017.93805124622304, 893463.215849889675155 ], [ 521036.260200016899034, 897225.989787937840447 ], [ 522306.346277822798584, 904213.539283254416659 ], [ 527269.31917512731161, 908011.40153569332324 ], [ 528483.215639890171587, 903984.197504525072873 ], [ 533175.927250721724704, 904670.693609963171184 ], [ 530348.781508407089859, 899445.829477968625724 ], [ 532289.51097566774115, 898007.441251317737624 ], [ 536724.90142635256052, 901182.829923712648451 ], [ 538522.217474788194522, 899249.124516765121371 ], [ 536735.502741026226431, 895483.214687273837626 ], [ 525691.612825156189501, 882926.758893063990399 ], [ 517249.992510324460454, 869610.088883327785879 ], [ 516428.647015852562618, 861803.462842655368149 ], [ 510435.358311820484232, 855417.130813817726448 ], [ 516949.083358325413428, 850559.225872044218704 ], [ 513559.350714358326513, 846167.892917884979397 ], [ 509044.940293009392917, 844952.548809810774401 ], [ 504515.854043959232513, 845961.339562988840044 ], [ 501643.87400161154801, 840185.062993951141834 ], [ 499790.872125322523061, 840587.749590507009998 ], [ 491213.993815965484828, 835249.368362279608846 ], [ 488210.747366311377846, 837191.718084723688662 ] ] ], [ [ [ 509677.029452612448949, 962516.944794215261936 ], [ 514358.095063267741352, 966372.887475009541959 ], [ 519539.301043101644609, 967196.677466389257461 ], [ 522593.680079057172406, 965969.319913640851155 ], [ 519643.84411684575025, 960542.166267602471635 ], [ 509677.029452612448949, 962516.944794215261936 ] ] ], [ [ [ 506671.036425420374144, 891731.494891973212361 ], [ 506933.625933653151151, 893108.840654285624623 ], [ 514950.568701107986271, 898443.754335725679994 ], [ 515493.590767459187191, 895022.085409461054951 ], [ 508173.368516521644779, 888596.766413231380284 ], [ 506671.036425420374144, 891731.494891973212361 ] ] ], [ [ [ 502493.187167709344067, 936310.390403546858579 ], [ 502462.549809337535407, 944610.372126762056723 ], [ 507746.587536122184247, 946679.231864345027134 ], [ 512681.93047773122089, 938580.730109413620085 ], [ 510964.836012807034422, 934158.621369415428489 ], [ 503852.347650723007973, 932485.61873562540859 ], [ 502493.187167709344067, 936310.390403546858579 ] ] ], [ [ [ 482325.465794566029217, 888363.305334915872663 ], [ 488580.876961417961866, 914994.796932993456721 ], [ 491104.589751213556156, 911275.45873311907053 ], [ 493338.26173957955325, 912741.607595328008756 ], [ 491956.13343991356669, 918980.317062692018226 ], [ 499779.638849438226316, 927839.376914705149829 ], [ 500281.584436487348285, 922675.261418220354244 ], [ 498232.474045265465975, 919387.741919524269179 ], [ 498401.660307841084432, 911488.805300001520663 ], [ 494819.091425916587468, 907574.189296084921807 ], [ 499129.849427276290953, 903933.444709178293124 ], [ 495298.307039407547563, 894204.353652647230774 ], [ 496110.900665731169283, 889842.091626571025699 ], [ 493696.841100592631847, 879576.686491931788623 ], [ 488551.529594493738841, 883437.438827010337263 ], [ 487737.136260785220657, 885774.079597184201702 ], [ 482741.366085161571391, 885989.358110462781042 ], [ 482325.465794566029217, 888363.305334915872663 ] ] ], [ [ [ 473543.082625666516833, 941592.717907235724851 ], [ 476188.057399558078032, 944823.387337728636339 ], [ 479656.225264301116113, 943307.690959856612608 ], [ 483385.326897019112948, 939020.873960317345336 ], [ 479111.810696639935486, 934284.343172284308821 ], [ 473543.082625666516833, 941592.717907235724851 ] ] ] ] } },
{ "type": "Feature", "properties": { "drag_region": "Northeast", "NAME": "Yukon-Koyukuk", "NAMELSAD": "Yukon-Koyukuk" }, "geometry": { "type": "Polygon", "coordinates": [ [ [ -369685.667337196879089, 1761279.052671544719487 ], [ -366688.029771317145787, 1790211.354807323776186 ], [ -357210.589405193866696, 1789243.127359584905207 ], [ -356248.767656735843047, 1798793.128450661897659 ], [ -357497.050530954147689, 1798919.086925059556961 ], [ -355547.105978765175678, 1818207.042667864821851 ], [ -345972.572712117282208, 1817253.203448482323438 ], [ -345025.870399625157006, 1826898.765881504863501 ], [ -326101.882053905632347, 1825096.625552301760763 ], [ -325034.667552829370834, 1834730.368636844679713 ], [ -316390.647049969644286, 1833944.421522988937795 ], [ -315525.979511502257083, 1843595.928679568693042 ], [ -305849.760769255342893, 1842743.542361992876977 ], [ -303350.600662005890626, 1871604.461224413476884 ], [ -313638.427494187664706, 1872511.84530244814232 ], [ -310870.999327640165575, 1911061.783887268509716 ], [ -307399.248516463208944, 1949626.199751858599484 ], [ -298548.910356418171432, 1948841.98634087247774 ], [ -296876.213445864326786, 1968025.999964646063745 ], [ -287231.499154642457142, 1967200.022805163171142 ], [ -286114.890308825997636, 1986521.625304526649415 ], [ -284491.083196980995126, 2005794.7826231084764 ], [ -274962.780200753593817, 2005006.780534628778696 ], [ -272956.057222209346946, 2033844.040271210484207 ], [ -282561.115332467015833, 2034639.696793279610574 ], [ -280130.94569831417175, 2063427.869947030674666 ], [ -280623.02305682352744, 2063469.449107930529863 ], [ -278995.149612879205961, 2082716.26295788353309 ], [ -250298.782324731349945, 2080426.562127565033734 ], [ -248854.604360359953716, 2099680.72487290436402 ], [ -200693.628963402006775, 2096456.847647641785443 ], [ -198430.724276822642423, 2134888.10252684308216 ], [ -160298.135460396413691, 2132888.796026580035686 ], [ -161184.340747282432858, 2113616.444195142947137 ], [ -141985.222571783466265, 2112795.468081415630877 ], [ -141222.985844148352044, 2132073.120949341449887 ], [ -122142.984728215771611, 2131380.144665556959808 ], [ -122462.069448667316465, 2121740.081497217994183 ], [ -112809.048496347240871, 2121436.235595382750034 ], [ -113096.931429700242006, 2111793.158026789315045 ], [ -93887.081340087213903, 2111281.494044547434896 ], [ -93435.413942597107962, 2130568.922631252557039 ], [ -91510.621523220936069, 2130524.472910625394434 ], [ -91291.112741612872924, 2140165.242044188082218 ], [ -62350.159743349191558, 2139647.90648542996496 ], [ -62101.102590500333463, 2158830.999861548654735 ], [ -33185.256745641381713, 2158597.812049938365817 ], [ -33154.93998114526039, 2168234.56404027575627 ], [ -30462.774643597029353, 2168227.33139745471999 ], [ -30377.187827521174768, 2206656.129741148557514 ], [ -37097.458258488673891, 2206678.90584650542587 ], [ -37053.653124709839176, 2216303.898736190516502 ], [ -56368.008826849916659, 2216456.524840409867465 ], [ -56044.325544753861323, 2245219.647687790449709 ], [ -53577.087037238714402, 2245192.949732954148203 ], [ -53477.207704119151458, 2254807.30302731692791 ], [ -63159.077950775026693, 2254924.36893489677459 ], [ -63026.500028024049243, 2264535.640843311324716 ], [ -72675.190596515021753, 2264685.165042954497039 ], [ -72509.934786929778056, 2274293.193377868738025 ], [ -82125.346584905142663, 2274474.951459733769298 ], [ -81927.434502682401217, 2284079.573538427241147 ], [ -79797.998121363430982, 2284036.500498841516674 ], [ -79496.102583780651912, 2299246.141856973990798 ], [ -40612.589834008758771, 2298744.463838106486946 ], [ 1148.956377189209888, 2298807.192584142554551 ], [ 38215.508970571565442, 2299384.781314293853939 ], [ 73910.204083883523708, 2300405.193270714953542 ], [ 109588.980641057962202, 2301880.795919236261398 ], [ 144490.853009498561732, 2303765.732376962900162 ], [ 180573.750235011742916, 2306174.416483143344522 ], [ 206671.389025423501153, 2308208.62765188748017 ], [ 239076.517291998257861, 2311076.609257904812694 ], [ 268286.136331525689457, 2313987.476740507874638 ], [ 312489.976453863666393, 2318982.115362715907395 ], [ 305848.018086770200171, 2373854.042731276713312 ], [ 332336.889946947281715, 2377191.194420123007149 ], [ 360848.180849376542028, 2381076.249225832521915 ], [ 399285.398568707809318, 2386797.126090035308152 ], [ 429740.391276205773465, 2391726.099727895576507 ], [ 459846.050685358350165, 2396944.811128616333008 ], [ 509711.507955497887451, 2406254.914527648128569 ], [ 567077.163247414049692, 2116863.36850313981995 ], [ 563200.837233836296946, 2114440.701201618183404 ], [ 554749.277248953585513, 2099249.486688359640539 ], [ 555256.721849096706137, 2096619.610013248864561 ], [ 553236.314025252009742, 2087852.934389522764832 ], [ 548017.234696310595609, 2082474.710758914239705 ], [ 544897.664108374388888, 2076626.873554954770952 ], [ 539350.177598044741899, 2073738.436488127335906 ], [ 538741.562519826809876, 2069731.761277414858341 ], [ 530338.389678302686661, 2064777.55766301555559 ], [ 524726.693465049262159, 2066772.474663633853197 ], [ 515840.623122225806583, 2061581.150764273945242 ], [ 511923.590510285750497, 2057874.820130628533661 ], [ 509955.402206507569645, 2053641.606024016626179 ], [ 504410.558266173757147, 2054325.971719715278596 ], [ 501412.668774488440249, 2052058.844448486343026 ], [ 501174.140781302179676, 2048521.089546411298215 ], [ 497371.273338327591773, 2044955.462695088237524 ], [ 499280.033282503311057, 2043728.012269571423531 ], [ 500411.411089606175665, 2037122.869808219838887 ], [ 499493.431791751296259, 2031526.516184428241104 ], [ 497026.491805212222971, 2025959.153279739432037 ], [ 493104.349466868501622, 2024908.275351838674396 ], [ 485921.421970722614788, 2019825.972133733332157 ], [ 483897.275275677733589, 2015512.133009089622647 ], [ 481277.67258801474236, 2014790.618436479475349 ], [ 478408.051419672439806, 2010343.586830927059054 ], [ 476222.969071153784171, 2010085.938906466122717 ], [ 475346.619594089279417, 2005966.436012882273644 ], [ 469533.779159066849388, 1999408.046982329338789 ], [ 471918.966451926156878, 1995229.518156644422561 ], [ 471679.903340574528556, 1989176.825044902972877 ], [ 475340.283894018561114, 1984619.94583501201123 ], [ 471875.702765752095729, 1981446.990471602417529 ], [ 472920.544537299778312, 1977053.348172536119819 ], [ 469240.383347152383067, 1972977.536252031102777 ], [ 467304.117192026402336, 1966561.662442401051521 ], [ 463734.820614223368466, 1963870.225648421328515 ], [ 448066.615500874584541, 1965445.877761296927929 ], [ 445493.015000093961135, 1969903.958490473683923 ], [ 448409.937224906112533, 1975769.730761099606752 ], [ 443918.764569963444956, 1978096.987536203116179 ], [ 444772.379541640751995, 1986169.411807204131037 ], [ 444158.920804741268512, 1990242.703010448254645 ], [ 447111.320939709781669, 1994564.22367753367871 ], [ 446732.724355797341559, 1998188.288115705363452 ], [ 441414.43948618991999, 2001647.082871909253299 ], [ 448991.772566384053789, 2009189.690559072420001 ], [ 449325.80172174971085, 2011469.180144150741398 ], [ 444498.733659549499862, 2014026.183753460645676 ], [ 431075.624034615466371, 2011436.620775120798498 ], [ 426622.364437115960754, 2006912.441681649535894 ], [ 423069.546243333606981, 2005525.864525036420673 ], [ 413986.129021743137855, 2007031.538669529836625 ], [ 408713.282600856851786, 2006966.03006975306198 ], [ 403614.460630094225053, 2009350.217644804157317 ], [ 397308.279573812964372, 2008193.998701767995954 ], [ 386946.733656920434441, 2000423.408800109755248 ], [ 380062.702745923365001, 2000966.802704403642565 ], [ 374782.109717595565598, 1998351.495763429440558 ], [ 368727.694387709721923, 1993717.398765332996845 ], [ 366882.309272132348269, 1997538.707794456742704 ], [ 362299.63993589556776, 1998798.183467207010835 ], [ 367775.225133494590409, 2005276.873261461034417 ], [ 365122.7995520750992, 2010153.573878911789507 ], [ 354279.431298648065422, 2011507.766422315500677 ], [ 349711.193058028526139, 2012880.319399060681462 ], [ 343583.849217329348903, 2017447.32561108795926 ], [ 342506.791682832641527, 2022235.731502432841808 ], [ 348484.639447492721956, 2031342.355328891891986 ], [ 347071.254726791987196, 2033292.069621810223907 ], [ 342832.049366414023098, 2032203.554647618439049 ], [ 338822.613867163541727, 2036256.244849250186235 ], [ 322680.713811786088627, 2032171.812915786169469 ], [ 324733.588283168210182, 2027395.582498758099973 ], [ 322517.226985893736128, 2023195.452330299187452 ], [ 315123.657740365772042, 2018519.343768294900656 ], [ 302499.94712249742588, 2013690.221278655808419 ], [ 289336.189931540808175, 2012229.316775615792722 ], [ 277408.712956311297603, 2003250.239023097325116 ], [ 225831.933828230015934, 1998853.848478490486741 ], [ 229448.625736242334824, 1960327.74750618590042 ], [ 231939.648256992164534, 1929478.06512646516785 ], [ 236273.008532310428564, 1933388.928339288104326 ], [ 242661.15194955165498, 1929111.714826351962984 ], [ 244263.65312223212095, 1924437.559694508556277 ], [ 250818.345588480588049, 1920572.646705239545554 ], [ 256345.295060503296554, 1910854.89821789553389 ], [ 263121.674883734958712, 1905008.810198487713933 ], [ 210791.07701303740032, 1900736.29145745979622 ], [ 210671.756515311077237, 1902361.746777645777911 ], [ 169889.027886395750102, 1899629.366171661298722 ], [ 133745.580410781665705, 1897644.069425335619599 ], [ 123932.089108772648615, 1881050.665637587662786 ], [ 108747.320347566608689, 1856200.835687123704702 ], [ 102614.147452781908214, 1855955.646609057206661 ], [ 97259.977966762278811, 1858342.584201453719288 ], [ 98559.309552217106102, 1861078.882010739762336 ], [ 94782.989807286401629, 1863721.407048115041107 ], [ 83593.798117594909854, 1863330.107798950280994 ], [ 80453.934306835246389, 1857565.644382722210139 ], [ 82108.664030817948515, 1855220.23653075331822 ], [ 71416.037376972613856, 1854888.246239988598973 ], [ 71632.753153705911245, 1835509.438919037114829 ], [ 63167.874641764181433, 1835272.488117107655853 ], [ 63682.477247296716087, 1815994.74980174517259 ], [ 31746.864105550776003, 1815297.688992940355092 ], [ 32075.589817312677042, 1795916.456104051321745 ], [ 35109.81076568091521, 1795969.313944853376597 ], [ 35368.890682746838138, 1781479.46974413562566 ], [ 45048.949028679067851, 1781666.68079952057451 ], [ 45150.743559706417727, 1776772.646060637198389 ], [ 54664.98906501919555, 1776984.172615809831768 ], [ 54985.200905401652562, 1763453.487955964636058 ], [ 42814.417603458859958, 1740718.747075301129371 ], [ 27091.264952589801396, 1712018.290252454113215 ], [ 26922.662168292634306, 1711055.374544489197433 ], [ 27823.46980905959208, 1663427.870791282504797 ], [ 24110.529029507611995, 1663373.927964706439525 ], [ 24246.215655746556877, 1653673.540426440071315 ], [ 7490.164041295440256, 1653479.91994903376326 ], [ 7578.668192530156375, 1643778.599004447925836 ], [ -11465.883334050438862, 1643657.354694967158139 ], [ -11430.859974074784986, 1633955.331771615892649 ], [ -45321.078145038809453, 1633998.756459781900048 ], [ -79396.465716947815963, 1634376.695177673827857 ], [ -121327.689774334270624, 1635301.943047924432904 ], [ -183634.722348128387239, 1637615.484328672289848 ], [ -183187.488428465090692, 1647307.256987070664763 ], [ -212837.419064035988413, 1648803.169131549540907 ], [ -259427.752619589678943, 1651670.327609765343368 ], [ -260089.097177151707001, 1641990.808054686058313 ], [ -298368.672894072369672, 1644819.359209662303329 ], [ -299137.24602490250254, 1635147.427021858748049 ], [ -365155.585773742641322, 1641027.767774086911231 ], [ -385143.383496822381858, 1643058.831914726644754 ], [ -382117.18337648443412, 1672007.318097929470241 ], [ -388783.048620738787577, 1672710.706818743143231 ], [ -384683.78358352225041, 1711199.73586485395208 ], [ -382120.789394883671775, 1710927.745376180391759 ], [ -378051.480984826339409, 1749411.990858871024102 ], [ -375336.38875111984089, 1749126.010933816898614 ], [ -374164.216236849199049, 1760298.081584649160504 ], [ -369685.667337196879089, 1761279.052671544719487 ] ] ] } },
{ "type": "Feature", "properties": { "drag_region": "Northeast", "NAME": "Southeast Fairbanks", "NAMELSAD": "Southeast Fairbanks" }, "geometry": { "type": "Polygon", "coordinates": [ [ [ 516866.206882812606636, 1820848.861865021521226 ], [ 534642.048454721458256, 1822971.979880258906633 ], [ 541958.989784753182903, 1826304.625423591583967 ], [ 548514.892295738682151, 1827057.587162007577717 ], [ 552458.640865897992626, 1830702.785080622183159 ], [ 553108.595705873100087, 1837053.807472216896713 ], [ 558498.37117905181367, 1840106.583903601160273 ], [ 563354.361615785164759, 1840304.413463476113975 ], [ 566313.348618295509368, 1844623.647852925816551 ], [ 575944.093576017068699, 1849775.832162764621899 ], [ 585189.509100837167352, 1846889.571015648776665 ], [ 592294.18921030825004, 1852545.373379905009642 ], [ 592446.982581073069014, 1855368.833929107990116 ], [ 603789.123481794144027, 1859001.040480077033862 ], [ 611388.420224835863337, 1868256.186093291034922 ], [ 615632.688716987147927, 1867680.989545931108296 ], [ 618485.8871537335217, 1869626.36461138445884 ], [ 629063.717833846691065, 1873348.772889963118359 ], [ 633757.701465677819215, 1872087.801139429677278 ], [ 639832.627465849742293, 1876847.051136302296072 ], [ 639556.877222874900326, 1879906.139580512186512 ], [ 645564.210458691231906, 1880309.744490821845829 ], [ 650932.748342334059998, 1882663.773565648356453 ], [ 650616.844516506651416, 1885911.127444970421493 ], [ 666285.049629855435342, 1884335.475332094822079 ], [ 669854.346207658527419, 1887026.912126074545085 ], [ 671790.612362784449942, 1893442.785935704596341 ], [ 675470.773552931845188, 1897518.597856209613383 ], [ 674425.931781384162605, 1901912.240155275911093 ], [ 677890.512909650569782, 1905085.195518685737625 ], [ 674230.13235620665364, 1909642.074728576699272 ], [ 674469.195467558223754, 1915694.767840318148956 ], [ 672084.008174698916264, 1919873.296666003065184 ], [ 677896.848609721288085, 1926431.685696556000039 ], [ 678773.198086785851046, 1930551.188590139849111 ], [ 680958.280435304506682, 1930808.836514600785449 ], [ 683827.901603646809235, 1935255.868120153201744 ], [ 686447.504291309742257, 1935977.382692763349041 ], [ 688471.650986354681663, 1940291.221817406825721 ], [ 695654.57848250051029, 1945373.525035512400791 ], [ 699576.720820844289847, 1946424.402963413158432 ], [ 702043.660807383363135, 1951991.765868101967499 ], [ 702961.640105238184333, 1957588.119491893565282 ], [ 701830.262298135319725, 1964193.261953245149925 ], [ 699921.502353959716856, 1965420.712378761963919 ], [ 703724.369796934304759, 1968986.33923008502461 ], [ 703962.897790120448917, 1972524.09413215983659 ], [ 706960.78728180588223, 1974791.22140338877216 ], [ 712505.631222139578313, 1974106.855707690119743 ], [ 714473.819525917759165, 1978340.069814302027225 ], [ 718390.852137857815251, 1982046.400447947671637 ], [ 727276.922480681212619, 1987237.724347307346761 ], [ 732888.618693934753537, 1985242.807346689281985 ], [ 741291.791535458760336, 1990197.010961088351905 ], [ 741900.406613676808774, 1994203.686171801062301 ], [ 747447.893124006455764, 1997092.123238628264517 ], [ 750567.46371194254607, 2002939.960442587966099 ], [ 755786.543040883960202, 2008318.184073196491227 ], [ 757806.950864728773013, 2017084.859696922358125 ], [ 757299.506264585535973, 2019714.736372033134103 ], [ 765751.066249468363822, 2034905.950885291676968 ], [ 769627.392263046000153, 2037328.618186813313514 ], [ 855052.28452155762352, 1606387.116449075518176 ], [ 812397.381163577316329, 1598208.091320134233683 ], [ 808057.11713677411899, 1621632.952181370230392 ], [ 798673.599488690961152, 1620005.373083186801523 ], [ 797742.654352493118495, 1625108.260932153090835 ], [ 799760.143078431021422, 1625476.941110577899963 ], [ 792790.554830635897815, 1663551.860102053498849 ], [ 785172.687423898372799, 1662166.348585752770305 ], [ 783447.834455247735605, 1671711.51812820113264 ], [ 774038.695934670511633, 1670024.89667540602386 ], [ 772340.765244083246216, 1679574.372616930166259 ], [ 762773.203884043265134, 1677887.358897687867284 ], [ 751368.072362378239632, 1679323.24905654671602 ], [ 751338.263628354063258, 1672985.265598547644913 ], [ 748870.99773793714121, 1672174.202470467425883 ], [ 747877.928206184878945, 1665965.733584729488939 ], [ 742793.414798494661227, 1666275.030157721834257 ], [ 742189.746083940844983, 1664323.25807902449742 ], [ 738381.050706953275949, 1665924.932937157107517 ], [ 733850.240620722761378, 1665171.654642173321918 ], [ 729751.425697454251349, 1668583.134404690936208 ], [ 732397.588362424401566, 1670576.885154622839764 ], [ 732462.416055746376514, 1674675.725542624248192 ], [ 735778.218635658500716, 1682625.434734986629337 ], [ 733535.607673265505582, 1682738.395299440948293 ], [ 724724.647364630829543, 1687901.242568099871278 ], [ 729378.695068600354716, 1694409.807352015050128 ], [ 731649.630391079001129, 1700724.403702034847811 ], [ 730612.655524358619004, 1704737.047455382300541 ], [ 731913.129796866560355, 1707971.452797419624403 ], [ 726861.556582334917039, 1708493.620417806552723 ], [ 724998.753241382073611, 1711980.603562902892008 ], [ 723264.985797301167622, 1720256.900575631996617 ], [ 676861.092501295963302, 1712929.30265489523299 ], [ 651296.428557408973575, 1709177.282008892623708 ], [ 651065.68971384735778, 1710792.867920648073778 ], [ 622442.45225172303617, 1706831.088272404624149 ], [ 621154.698805137304589, 1716440.661557446699589 ], [ 573455.632031301036477, 1710398.64363456889987 ], [ 572467.166430663783103, 1706510.708780537359416 ], [ 562363.020856827148236, 1706001.331670657731593 ], [ 554933.620421122992411, 1702733.888300318736583 ], [ 555330.365496054058895, 1704034.899010998895392 ], [ 551337.930597046623006, 1737584.176432385807857 ], [ 526007.940634669503197, 1734419.792646318208426 ], [ 516866.206882812606636, 1820848.861865021521226 ] ] ] } },
{ "type": "Feature", "properties": { "drag_region": "Southeast", "NAME": "Prince of Wales-Hyder", "NAMELSAD": "Prince of Wales-Hyder" }, "geometry": { "type": "MultiPolygon", "coordinates": [ [ [ [ 1832771.952662641648203, 694920.349734762217849 ], [ 1840385.336226717103273, 700025.599310761317611 ], [ 1851068.856223008129746, 689417.276877808384597 ], [ 1853486.632890893146396, 681117.676219564513303 ], [ 1852901.606552116572857, 669947.406350626260974 ], [ 1851369.666698594111949, 662518.462822113186121 ], [ 1839391.169848727993667, 668872.308109240140766 ], [ 1838463.793430916965008, 672000.996800966560841 ], [ 1830376.608865524176508, 675734.709961501299404 ], [ 1833573.023143218830228, 679988.506151021574624 ], [ 1834146.643068836070597, 683574.959032589569688 ], [ 1838236.726299532223493, 685409.796195454895496 ], [ 1832205.398576838430017, 688779.292574007529765 ], [ 1832771.952662641648203, 694920.349734762217849 ] ] ], [ [ [ 1790029.791256203316152, 553662.641217777505517 ], [ 1791531.616301830857992, 560472.174187071039341 ], [ 1789737.829810492694378, 564201.529231211985461 ], [ 1791911.452713640406728, 566992.365776279591955 ], [ 1787527.493178674019873, 569812.473032637499273 ], [ 1784880.634107768535614, 575980.518950531259179 ], [ 1784722.240997143555433, 579878.901292448979802 ], [ 1786803.470774061977863, 581522.46390005282592 ], [ 1791907.871053366456181, 580074.113658984540962 ], [ 1794098.265816770028323, 577296.323732520570047 ], [ 1797120.499327430035919, 577654.137289482518099 ], [ 1802059.678310072049499, 575344.590372756356373 ], [ 1807337.23850958282128, 560470.995481802732684 ], [ 1806476.828284687828273, 556715.930111452471465 ], [ 1800695.1143369958736, 554469.464945992804132 ], [ 1796863.746184223797172, 556364.584781967336312 ], [ 1793022.837277732323855, 551366.826477009570226 ], [ 1790029.791256203316152, 553662.641217777505517 ] ] ], [ [ [ 1627301.857287009712309, 608672.835770995006897 ], [ 1629019.940120561979711, 611420.359550991212018 ], [ 1631201.721908510662615, 622349.135176373878494 ], [ 1636871.520777816418558, 625148.311767223174684 ], [ 1638630.924895557574928, 627717.105808876571245 ], [ 1633576.912831640336663, 627419.526733216014691 ], [ 1632005.373975821770728, 631643.928126270417124 ], [ 1635828.512317135930061, 630645.562176631414331 ], [ 1636753.247341950889677, 634356.575927183032036 ], [ 1627321.123859092593193, 637596.771977066411637 ], [ 1629450.827212810050696, 641184.163823583745398 ], [ 1624848.335497282911092, 648369.058140951092355 ], [ 1628290.782653550151736, 654384.258264233241789 ], [ 1638490.462099531665444, 655223.185577716561966 ], [ 1653972.908176397904754, 658502.377325282781385 ], [ 1661468.303209361154586, 652679.155517477309331 ], [ 1665962.459222838282585, 646789.713521963451058 ], [ 1666954.393512279260904, 640161.194213069044054 ], [ 1670099.666583409998566, 640584.048128437483683 ], [ 1674883.104176216758788, 635297.305230966070667 ], [ 1679925.951853802893311, 632114.687669865321368 ], [ 1683385.555926009546965, 633758.362474782741629 ], [ 1699082.411440603900701, 626957.462130339466967 ], [ 1703211.34880389040336, 623086.101105745416135 ], [ 1713618.378479965496808, 615364.426016121986322 ], [ 1718101.998230963945389, 604146.06846167659387 ], [ 1725191.448342535179108, 603606.249231826630421 ], [ 1729418.579251157585531, 596750.293910201406106 ], [ 1732115.698546397965401, 594430.087969161570072 ], [ 1740303.724457193631679, 592158.595257593551651 ], [ 1744886.257235434371978, 587857.24974712904077 ], [ 1742923.807555896695703, 586580.864191148197278 ], [ 1737425.107331302482635, 589359.383438272983767 ], [ 1718331.906711875926703, 592813.693705181707628 ], [ 1718631.187301689758897, 589784.72994397720322 ], [ 1715935.167840439360589, 581415.448100403300487 ], [ 1718543.857068090233952, 581479.715606565936469 ], [ 1720125.18626822438091, 586752.583794600795954 ], [ 1722422.285678028594702, 585605.228309884201735 ], [ 1727057.696506711188704, 588174.335285389912315 ], [ 1729263.350950851105154, 585181.271339487400837 ], [ 1733959.547077071852982, 585455.352441644528881 ], [ 1736999.663531149737537, 583555.41327639145311 ], [ 1729255.063663437496871, 579523.076875607483089 ], [ 1732077.87721987394616, 576839.392949783359654 ], [ 1738321.352501530200243, 581073.351700379163958 ], [ 1742935.099995153490454, 577385.718071106355637 ], [ 1746812.22540686186403, 577291.286560704465955 ], [ 1751872.793332449160516, 570223.323856517206877 ], [ 1753877.168541899882257, 569998.864030104363337 ], [ 1752803.454242280684412, 564677.469736414961517 ], [ 1748205.095255660824478, 564019.323604436824098 ], [ 1749623.840299353934824, 561268.452502073603682 ], [ 1755059.770216293632984, 560899.159842952969484 ], [ 1757189.907063414808363, 562436.790173952933401 ], [ 1756411.849925787188113, 566821.896059080259874 ], [ 1758315.083977904170752, 571115.994953095447272 ], [ 1760909.450651938095689, 569883.349897111649625 ], [ 1764822.302974369842559, 562023.423627006239258 ], [ 1762635.972714888863266, 557832.319749929942191 ], [ 1764620.628189473412931, 554873.102182567236014 ], [ 1762767.785565178841352, 544732.76502369355876 ], [ 1757703.973932394757867, 538961.302123017609119 ], [ 1762327.645819171797484, 538214.573133917525411 ], [ 1766364.853106153663248, 545561.51419883442577 ], [ 1769931.28201951738447, 545776.199540716712363 ], [ 1776249.306181632447988, 527421.258893449557945 ], [ 1780018.290975319687277, 521438.751450966694392 ], [ 1778910.90411748085171, 510442.694643887807615 ], [ 1771085.208888820372522, 506854.560972057865001 ], [ 1763910.83256717491895, 509259.316749530029483 ], [ 1761427.193225525785238, 506498.925279802875593 ], [ 1756538.604359123855829, 508680.082065231283195 ], [ 1755187.852711388841271, 511957.371541380649433 ], [ 1746929.224536634515971, 508976.149757819599472 ], [ 1749036.204171743709594, 515029.26756660011597 ], [ 1755245.588603648357093, 516114.376139104482718 ], [ 1754269.868638700805604, 519720.621152837877162 ], [ 1748836.460486283060163, 522125.018430149299093 ], [ 1744292.17536017857492, 521907.790357376215979 ], [ 1734287.435639610979706, 526423.936563534312882 ], [ 1735097.879856707528234, 530525.941071592038497 ], [ 1733783.710218160413206, 541684.15475695359055 ], [ 1730251.831812162417918, 541410.71562091994565 ], [ 1729615.808738084044307, 535350.498594971024431 ], [ 1728080.708856164477766, 545022.035242841811851 ], [ 1728968.169317606836557, 548142.18534567579627 ], [ 1725401.580194802489132, 550884.535131383338012 ], [ 1725981.127001867163926, 545531.84656574355904 ], [ 1720751.857380102388561, 541676.61955386493355 ], [ 1726901.041538304183632, 533337.976021441165358 ], [ 1724726.657882529310882, 526771.731691301683895 ], [ 1712801.943374281283468, 528476.504242008784786 ], [ 1710885.821399520151317, 531370.558841082733124 ], [ 1712852.597594068385661, 537857.12265294988174 ], [ 1705954.237119968980551, 545658.408704501925968 ], [ 1701761.456224114634097, 543781.208683325094171 ], [ 1698105.382946430705488, 547618.670455103623681 ], [ 1693460.260805560275912, 546406.920229675364681 ], [ 1698376.283824465237558, 540160.155161633272655 ], [ 1704220.191547207534313, 535527.473773216828704 ], [ 1707668.222849758341908, 529409.786261455505155 ], [ 1707212.725209797266871, 525638.110647408757359 ], [ 1710990.559171111322939, 525164.228523799916729 ], [ 1719686.65775603801012, 513425.685853224014863 ], [ 1725716.301425879821181, 512796.346064774785191 ], [ 1723101.880924691911787, 517773.34332952904515 ], [ 1727803.891433791723102, 521142.610058383084834 ], [ 1735882.097282999195158, 517278.862953805713914 ], [ 1740508.179160419851542, 506324.20203824643977 ], [ 1737922.502113167662174, 503850.408697353326716 ], [ 1731747.287927387282252, 509253.740869270055555 ], [ 1730424.628859915304929, 508110.240911622648127 ], [ 1740591.740212521050125, 494361.775604330352508 ], [ 1734215.659434450324625, 492246.331660110852681 ], [ 1727539.496892815455794, 493263.53427613445092 ], [ 1725306.11491709575057, 498566.713353249127977 ], [ 1719721.814432156737894, 500756.755805371678434 ], [ 1703731.160583131946623, 513337.972567573422566 ], [ 1700893.79609065130353, 514628.357291363296099 ], [ 1697977.677307116799057, 522127.625136470771395 ], [ 1695063.208640902303159, 522188.600230409647338 ], [ 1691522.468917044345289, 527175.199643860803917 ], [ 1697607.401800987310708, 529951.411196512752213 ], [ 1690752.118947454728186, 531047.592934942804277 ], [ 1687901.935832835733891, 542089.705349998781458 ], [ 1681551.230083521921188, 537227.128015514579602 ], [ 1678616.090162936132401, 538896.732753249001689 ], [ 1675256.001413165125996, 535911.5700936174253 ], [ 1672075.592297328170389, 539113.32343456952367 ], [ 1670932.788727185688913, 547184.958345872815698 ], [ 1677211.294446349609643, 552212.548425384913571 ], [ 1681443.599352619610727, 547242.779510672553442 ], [ 1684542.540916525758803, 550253.85967666155193 ], [ 1680872.271508643869311, 551984.401930024265312 ], [ 1681025.747421910986304, 555955.039104858064093 ], [ 1683466.672070419881493, 558755.462357549229637 ], [ 1686908.434899826534092, 558462.872263515833765 ], [ 1690362.550599661655724, 564013.547990572522394 ], [ 1681262.939651023130864, 570715.897300259792246 ], [ 1683927.158035003580153, 572788.005392707767896 ], [ 1679533.545981161296368, 574582.016266247723252 ], [ 1678446.941695596091449, 580870.233902909909375 ], [ 1673900.186762373428792, 577286.584978554747067 ], [ 1660807.400528209283948, 581825.710972115281038 ], [ 1659130.93634575093165, 584103.542578905005939 ], [ 1662599.005147764924914, 585113.331181122921407 ], [ 1659205.596519757062197, 589052.185942672891542 ], [ 1658827.689488615840673, 592449.349174798117019 ], [ 1652511.466862873639911, 592240.563197619165294 ], [ 1655456.9552913592197, 587452.301898298435844 ], [ 1653686.592843411490321, 585581.902027490199544 ], [ 1645681.999974109232426, 586957.781304060248658 ], [ 1640573.674542190041393, 591166.689926570164971 ], [ 1641647.00336086563766, 596726.869187289848924 ], [ 1647239.120555997826159, 599906.41231106466148 ], [ 1656734.80835003266111, 597509.118693331372924 ], [ 1661705.322542660403997, 602623.924245546222664 ], [ 1656107.912281410768628, 607563.492549425107427 ], [ 1651794.332332684192806, 607790.670623702346347 ], [ 1649811.968218538910151, 605147.228910657344386 ], [ 1647393.46994479233399, 606084.798301516682841 ], [ 1648230.591872360557318, 609366.595312806195579 ], [ 1646581.68409429769963, 613062.135066770366393 ], [ 1646240.484446932561696, 619285.977232421166264 ], [ 1644709.538118635769933, 620405.844831411144696 ], [ 1643305.012773919384927, 615234.534804688300937 ], [ 1639423.867418953683227, 607472.37421367096249 ], [ 1635671.828805646393448, 602973.172850177041255 ], [ 1629660.533913563936949, 604896.58904583461117 ], [ 1627301.857287009712309, 608672.835770995006897 ] ] ], [ [ [ 1716966.784107926301658, 521691.510177453630604 ], [ 1720716.230931376572698, 523531.432360864477232 ], [ 1721431.070932324975729, 518430.232386283110827 ], [ 1716966.784107926301658, 521691.510177453630604 ] ] ], [ [ [ 1679415.258280139416456, 497184.983534216531552 ], [ 1681392.000914799515158, 497813.774540672777221 ], [ 1687306.739565914962441, 486854.59328537795227 ], [ 1683162.786684989463538, 488444.345815006876364 ], [ 1679415.258280139416456, 497184.983534216531552 ] ] ], [ [ [ 1675322.075989474542439, 561053.395488517358899 ], [ 1679067.07198976771906, 564975.955127566470765 ], [ 1679988.105203231330961, 560647.615211259340867 ], [ 1676850.692220450378954, 558529.710919250617735 ], [ 1675322.075989474542439, 561053.395488517358899 ] ] ], [ [ [ 1645906.452929568476975, 555415.314665630226955 ], [ 1644996.476199720054865, 564358.566261588479392 ], [ 1646005.604709536768496, 567184.704880389617756 ], [ 1653171.862376163713634, 568545.755097437300719 ], [ 1655793.099939777515829, 567770.757793853525072 ], [ 1656374.811548023018986, 564440.998574453988113 ], [ 1654130.726178089622408, 559513.292871484532952 ], [ 1656323.499068550299853, 558601.624535983428359 ], [ 1659489.010846648365259, 563623.067155333119445 ], [ 1659320.669852824881673, 567888.152912723831832 ], [ 1662679.134215072263032, 567050.291322402190417 ], [ 1664794.800415616948158, 574559.555067172623239 ], [ 1668946.700076305307448, 575690.83747825154569 ], [ 1673538.217172909993678, 573247.694155307020992 ], [ 1674221.028203699737787, 567434.708666991791688 ], [ 1672007.092426460236311, 563204.096971617196687 ], [ 1667463.161014678888023, 563254.507107657846063 ], [ 1665672.570366627536714, 559165.690456188982353 ], [ 1669991.440502958837897, 558336.672599504236132 ], [ 1670638.429897150490433, 554826.235408473527059 ], [ 1666484.153386072721332, 551389.2188799866708 ], [ 1663163.386249557137489, 545311.89931558072567 ], [ 1664014.502023704815656, 535845.658548898994923 ], [ 1656763.01170916063711, 541378.475133963162079 ], [ 1658693.86818944523111, 548110.291887719533406 ], [ 1656223.931504391599447, 555157.110016922932118 ], [ 1648477.285580008756369, 557828.935625868034549 ], [ 1645906.452929568476975, 555415.314665630226955 ] ] ], [ [ [ 1648286.759832484647632, 575733.600299762911163 ], [ 1649560.38127527339384, 578445.993416834622622 ], [ 1648011.779430512338877, 584080.631984219537117 ], [ 1653180.663108011242002, 582708.554780312930234 ], [ 1654324.29629677021876, 579857.962923337589018 ], [ 1651670.70923524396494, 571784.92881040496286 ], [ 1648286.759832484647632, 575733.600299762911163 ] ] ], [ [ [ 1643414.076494642999023, 579916.455500936601311 ], [ 1645736.349205743521452, 581553.158296084031463 ], [ 1646559.727966533508152, 578199.297660978743806 ], [ 1643414.076494642999023, 579916.455500936601311 ] ] ], [ [ [ 1620757.432791008148342, 729152.876001054653898 ], [ 1627165.355250946246088, 722051.539958308800124 ], [ 1621841.727170238737017, 715805.893225781503133 ], [ 1615118.455369045492262, 711742.86658971675206 ], [ 1617416.157858772203326, 708853.413930767332204 ], [ 1617021.611842198297381, 702891.867686632322147 ], [ 1619933.053511674050242, 698085.373432980151847 ], [ 1614903.36934233084321, 697993.277977574965917 ], [ 1620738.345905048772693, 694116.738196651916951 ], [ 1624713.512623903341591, 687437.320259424508549 ], [ 1627128.283442744519562, 687102.332598348031752 ], [ 1629485.319240623619407, 682624.134586069500074 ], [ 1628630.699394177645445, 680237.704853711184114 ], [ 1632931.439058542251587, 675476.542178374365903 ], [ 1633388.36657592561096, 672604.229384905775078 ], [ 1632026.651292777154595, 667440.051617938210256 ], [ 1629451.286164913792163, 664606.658364877104759 ], [ 1624242.929223012644798, 662749.752217082423158 ], [ 1620227.120474057737738, 662985.692834124201909 ], [ 1617083.209354870487005, 670735.105555105605163 ], [ 1613847.76270801294595, 672929.483015749137849 ], [ 1609376.341801763512194, 665094.514742495375685 ], [ 1612946.839099455159158, 663302.83587180392351 ], [ 1615110.404798762407154, 654943.42503364791628 ], [ 1610339.315797789487988, 653146.370460799196735 ], [ 1610803.333415124099702, 650179.476501335739158 ], [ 1614377.872282600961626, 646178.438051975565031 ], [ 1613508.034475052263588, 640786.590391122037545 ], [ 1614855.99974055076018, 634985.182890965603292 ], [ 1612672.509664474055171, 629286.590476032230072 ], [ 1614634.412841835059226, 625985.160243142512627 ], [ 1614541.683060239534825, 619535.803687037201598 ], [ 1612723.621301504783332, 617867.202301513403654 ], [ 1606969.850361892487854, 617588.162593041313812 ], [ 1606891.96143444115296, 607240.108753270353191 ], [ 1603151.235794333275408, 607992.265979650197551 ], [ 1599126.568363732192665, 611965.98906190530397 ], [ 1595865.042485397774726, 617277.33913243713323 ], [ 1592594.461219169199467, 627195.074332583346404 ], [ 1588031.732703351881355, 634514.698689246550202 ], [ 1586355.039774152915925, 641515.726352048921399 ], [ 1587972.509144455660135, 646820.671379394130781 ], [ 1585737.622906396631151, 651847.930796438711695 ], [ 1586063.558070565573871, 662071.587948327069171 ], [ 1582747.807677352335304, 663860.552225663675927 ], [ 1578140.717746496666223, 662350.724222289281897 ], [ 1577037.603286810219288, 669729.608621337567456 ], [ 1571267.245383483357728, 673580.727281742030755 ], [ 1567495.6038813078776, 679947.158433365519159 ], [ 1566716.070299567189068, 684018.076732510584407 ], [ 1563132.743678964674473, 692046.096899836091325 ], [ 1565234.011797280050814, 697896.105002294876613 ], [ 1568097.99622568115592, 700474.348142241127789 ], [ 1568632.467112299986184, 703946.317842970020138 ], [ 1575538.663352636154741, 705967.049211472389288 ], [ 1575012.96445243479684, 708413.399826122098602 ], [ 1581977.164378020446748, 706551.456640695687383 ], [ 1586627.934159207157791, 699663.03499486471992 ], [ 1591923.82060998538509, 695889.028173731290735 ], [ 1598455.845235826447606, 697729.101824008044787 ], [ 1600937.929669962264597, 696397.897519028396346 ], [ 1602278.924376532901078, 699431.64693539252039 ], [ 1594965.339671886991709, 701558.269396641291678 ], [ 1589968.875524547416717, 708032.180335925891995 ], [ 1587982.377573867794126, 712936.043395269429311 ], [ 1578458.922730633988976, 717907.515753750689328 ], [ 1579236.924956225324422, 723469.402476670686156 ], [ 1585543.793875316623598, 728044.993228869396262 ], [ 1597172.783194265328348, 727977.848209522198886 ], [ 1602611.978947225026786, 728792.913463836535811 ], [ 1613628.537121942732483, 727873.02210639428813 ], [ 1620757.432791008148342, 729152.876001054653898 ] ] ], [ [ [ 1621531.507474721875042, 600849.572206029202789 ], [ 1623728.479118052404374, 604343.524014384485781 ], [ 1626252.388774269260466, 604530.737155044800602 ], [ 1628596.210235059261322, 600047.003175900666974 ], [ 1628255.297003532294184, 595124.424128868849948 ], [ 1626025.90063628135249, 594728.722072370001115 ], [ 1621531.507474721875042, 600849.572206029202789 ] ] ], [ [ [ 1596304.205842458643019, 592878.273022077511996 ], [ 1601691.558017615228891, 596726.109465147252195 ], [ 1603111.574315671343356, 592854.753096727421507 ], [ 1608828.489363034721464, 597916.486186268157326 ], [ 1608424.437589217443019, 605307.574785829638131 ], [ 1609977.571463462430984, 605586.693517471430823 ], [ 1610903.947935452219099, 595750.649716695654206 ], [ 1606862.602719680406153, 592102.281151914037764 ], [ 1604140.153128977399319, 585659.527727937791497 ], [ 1599797.151599415112287, 586034.934991887304932 ], [ 1600676.934081928338856, 589306.588253968628123 ], [ 1596304.205842458643019, 592878.273022077511996 ] ] ], [ [ [ 1568499.345564655493945, 627797.06979589862749 ], [ 1570187.917410165071487, 615202.33799624023959 ], [ 1566585.842719828244299, 627223.176622757106088 ], [ 1568499.345564655493945, 627797.06979589862749 ] ] ] ] } },
{ "type": "Feature", "properties": { "drag_region": "Southeast", "NAME": "Sitka", "NAMELSAD": "Sitka" }, "geometry": { "type": "MultiPolygon", "coordinates": [ [ [ [ 1472171.85885696252808, 697353.245434700278565 ], [ 1470258.356012135278434, 696779.352261558640748 ], [ 1473860.430702472105622, 684758.513635041890666 ], [ 1471349.536809718701988, 684606.847693920368329 ], [ 1463465.033333471510559, 689252.943888219073415 ], [ 1458990.579684186261147, 696518.271730060921982 ], [ 1452922.341091978130862, 700616.375653422437608 ], [ 1438707.751090052304789, 717607.624227192951366 ], [ 1438258.621033076895401, 722269.591983197024092 ], [ 1442282.184309899806976, 725750.318492139456794 ], [ 1437672.451110077323392, 727391.171257009729743 ], [ 1433019.12159838504158, 722932.47602433222346 ], [ 1427702.982094112318009, 730167.134991884231567 ], [ 1425785.000685503706336, 728111.747899739537388 ], [ 1421078.644974009366706, 730937.653127676108852 ], [ 1417085.577305580023676, 735270.308556952746585 ], [ 1416601.602207341231406, 738522.835251811426133 ], [ 1414240.187195234000683, 735646.269476822810248 ], [ 1411498.756036704406142, 737250.806761532556266 ], [ 1405131.396668614819646, 735624.096651388797909 ], [ 1398610.051628095563501, 743333.021162927616388 ], [ 1402522.512886485783383, 744748.577664364129305 ], [ 1405388.382177544059232, 742677.176049996633083 ], [ 1407145.798091993667185, 744477.649432746227831 ], [ 1403739.525307997828349, 753972.500807035015896 ], [ 1406313.727147579891607, 759999.650189680978656 ], [ 1406559.395669277757406, 763862.126777452649549 ], [ 1396137.717330014100298, 769448.061718609649688 ], [ 1399476.37523442087695, 776690.201149307657033 ], [ 1398060.639433769742027, 778478.393160711508244 ], [ 1400046.148678353987634, 782542.06135309766978 ], [ 1399470.00771272694692, 787665.577794591663405 ], [ 1392191.195648797089234, 787170.515513537917286 ], [ 1388564.291320645017549, 783341.281044889939949 ], [ 1383580.530508187133819, 789799.748853740980849 ], [ 1378330.377223768737167, 792497.18333686911501 ], [ 1376586.600655310088769, 795492.409390469547361 ], [ 1382439.654185560066253, 804034.792766267666593 ], [ 1382943.363921394804493, 806971.404967471724376 ], [ 1380327.562917805975303, 813008.182481502881274 ], [ 1386058.500150094041601, 821034.85547634982504 ], [ 1390083.360155333066359, 820995.504034663550556 ], [ 1397500.091333131305873, 814652.017138715367764 ], [ 1400325.786425846163183, 816471.106208888581023 ], [ 1405594.428578990511596, 812210.928978725802153 ], [ 1410988.044713507639244, 811389.81254175840877 ], [ 1418721.437775885220617, 814065.237802254967391 ], [ 1423640.885163834085688, 814120.96860296302475 ], [ 1428275.75212235422805, 807593.167936864309013 ], [ 1429201.462924351915717, 802965.534469717880711 ], [ 1424110.101132079493254, 804956.569445150438696 ], [ 1420234.944103815592825, 803611.421883794246241 ], [ 1420624.894880105508491, 801526.578402859391645 ], [ 1425651.230564978672192, 800511.710102934623137 ], [ 1429183.376011662185192, 796957.437044831458479 ], [ 1442815.411774033447728, 773201.391824758378789 ], [ 1444553.46349313063547, 766616.226663601817563 ], [ 1448598.004663674160838, 762221.380228688474745 ], [ 1450191.423053605947644, 756894.404363049427047 ], [ 1457873.12238252046518, 744986.69125513243489 ], [ 1461874.354159725829959, 735480.460549712413922 ], [ 1463907.598505929345265, 724884.013512041885406 ], [ 1461557.706609941786155, 724279.422844021348283 ], [ 1465477.117916003800929, 717351.235435173846781 ], [ 1472171.85885696252808, 697353.245434700278565 ] ] ], [ [ [ 1323528.088404181413352, 834633.431953140068799 ], [ 1343005.803347492590547, 840779.453585773007944 ], [ 1344125.307967857923359, 847066.001271144952625 ], [ 1345087.56132016167976, 860185.794928919058293 ], [ 1357845.957639567553997, 855496.890391246881336 ], [ 1369953.935437843436375, 853249.452928144019097 ], [ 1377012.558079759590328, 850978.78072226094082 ], [ 1387779.190227592596784, 845895.436456727795303 ], [ 1391507.045577573589981, 845278.625040153972805 ], [ 1397551.904182291124016, 848140.144687831634656 ], [ 1403037.590676058083773, 846848.440781780751422 ], [ 1407088.803053160430863, 850441.802466206485406 ], [ 1411102.257499332074076, 842123.12000303552486 ], [ 1415849.701740117510781, 836624.496381966397166 ], [ 1422216.7238540481776, 824204.382702662376687 ], [ 1420480.376842582598329, 819486.947522357339039 ], [ 1412123.088982901070267, 815921.405069748172536 ], [ 1408293.999849474988878, 815997.981270275777206 ], [ 1396679.015675151720643, 822104.627216763328761 ], [ 1380676.904316620435566, 827375.575203523505479 ], [ 1373811.421296985121444, 830403.554292286513373 ], [ 1369972.166007290128618, 826719.359165493864566 ], [ 1367363.974223307333887, 828872.287583887577057 ], [ 1367377.36094777379185, 825685.517858481733128 ], [ 1374989.705786553910002, 822360.028572907671332 ], [ 1379728.315824588062242, 822913.227211465593427 ], [ 1376219.601351065561175, 818820.075920060509816 ], [ 1378112.909025142202154, 816865.592032900312915 ], [ 1380005.509966406272724, 810223.201663920888677 ], [ 1379458.918065241305158, 805080.943398084957153 ], [ 1375316.709751175018027, 795233.00070783146657 ], [ 1363526.047628407133743, 796601.347284595947713 ], [ 1362337.470104860840365, 800053.732567053753883 ], [ 1351461.424729506950825, 805489.982933499151841 ], [ 1345029.136961867799982, 812669.014411528827623 ], [ 1343519.986624690238386, 808471.749438310507685 ], [ 1338503.572073022136465, 811371.649963598465547 ], [ 1334439.196814922383055, 818116.691263645887375 ], [ 1334630.047658698167652, 820655.653843682492152 ], [ 1328751.533294957363978, 827603.021928642643616 ], [ 1328556.4449590111617, 829936.731249694013968 ], [ 1323528.088404181413352, 834633.431953140068799 ] ] ], [ [ [ 1370852.446100174449384, 779230.930372171103954 ], [ 1370441.87472845078446, 783896.704546412918717 ], [ 1368109.5708117778413, 789816.80490482179448 ], [ 1373064.438533613458276, 792105.993796753464267 ], [ 1381740.004125641891733, 788379.634863369166851 ], [ 1386797.640491529135033, 782439.09758282173425 ], [ 1389793.334508761996403, 781398.183964463649318 ], [ 1392537.830179276876152, 785174.880820913938805 ], [ 1397582.647298597963527, 785625.033153218682855 ], [ 1396424.490452685160562, 777110.923137071542442 ], [ 1391793.079666798003018, 774389.815820873016492 ], [ 1390378.429527914151549, 757936.849331666482612 ], [ 1387709.658849904080853, 757778.42810441297479 ], [ 1380111.308569711865857, 752648.076716511975974 ], [ 1378017.764914950123057, 752857.529226951068267 ], [ 1376006.29180928086862, 762450.600554474862292 ], [ 1380009.71324923611246, 768257.40574536472559 ], [ 1378917.609395094681531, 772931.023219359340146 ], [ 1374225.962838301435113, 772009.959092302713543 ], [ 1373891.441245767753571, 774804.514868038706481 ], [ 1370380.361212710849941, 776907.667789541184902 ], [ 1370852.446100174449384, 779230.930372171103954 ] ] ] ] } },
{ "type": "Feature", "properties": { "drag_region": "Northeast", "NAME": "North Slope", "NAMELSAD": "North Slope" }, "geometry": { "type": "Polygon", "coordinates": [ [ [ 482897.68809440266341, 2568616.397027825471014 ], [ 433032.230824263126124, 2559306.293628793675452 ], [ 402926.571415110549424, 2554087.582228072918952 ], [ 372471.578707612585276, 2549158.608590212650597 ], [ 334034.360988281317987, 2543437.73172600986436 ], [ 305523.070085852057673, 2539552.676920300349593 ], [ 279034.198225674976129, 2536215.525231454055756 ], [ 285676.156592768442351, 2481343.59786289324984 ], [ 241472.316470430465415, 2476348.959240685217083 ], [ 212262.697430903033819, 2473438.091758082155138 ], [ 179857.569164328248007, 2470570.110152064822614 ], [ 153759.930373916518874, 2468535.898983320686966 ], [ 117677.033148403337691, 2466127.214877140242606 ], [ 82775.160779962723609, 2464242.278419413603842 ], [ 47096.384222788285115, 2462766.675770892295986 ], [ 11401.689109476326848, 2461746.263814471196383 ], [ -25664.863483906028705, 2461168.675084319896996 ], [ -67426.409695103997365, 2461105.946338283829391 ], [ -106309.922444875875954, 2461607.624357151333243 ], [ -106232.584990012488561, 2465503.922266823239625 ], [ -144900.253414714126848, 2466539.083358600270003 ], [ -144577.031607483804692, 2476131.648473406676203 ], [ -183093.990016731928336, 2477696.306807908695191 ], [ -182638.223773271369282, 2487280.484560779761523 ], [ -225340.734132934274385, 2489640.911478789523244 ], [ -257677.692634284234373, 2491867.864658199716359 ], [ -288491.360685996594839, 2494343.266723033040762 ], [ -287678.187547952344175, 2503805.387286021374166 ], [ -307042.320366571249906, 2505538.087988460902125 ], [ -307921.954336711321957, 2496081.914334199391305 ], [ -346605.008890403900295, 2499858.108689486980438 ], [ -345582.976423995161895, 2509395.487598009873182 ], [ -364906.403926530096214, 2511534.889639615546912 ], [ -365995.420835315773729, 2502004.926944016013294 ], [ -385370.270617870963179, 2504287.92933445237577 ], [ -384214.323026410420425, 2513810.005367173813283 ], [ -413145.038643603154924, 2517476.894606871064752 ], [ -414401.274232776719145, 2507967.52980412915349 ], [ -451412.482681011082605, 2513110.515919910743833 ], [ -487906.543768588686362, 2518680.187339112628251 ], [ -490913.335313821095042, 2499820.33472991315648 ], [ -527729.485497256973758, 2505942.122863458935171 ], [ -539149.39890499599278, 2514217.813106349669397 ], [ -546329.31942341895774, 2517725.14732352970168 ], [ -550031.547003032639623, 2521776.829268815927207 ], [ -551644.57474978081882, 2528831.813453943002969 ], [ -558153.772456836071797, 2538148.180038711521775 ], [ -564068.810869982466102, 2543122.541557529941201 ], [ -575221.573241301462986, 2549217.632043669931591 ], [ -581484.623610896291211, 2549856.125196555629373 ], [ -575340.472188278334215, 2552528.260418480727822 ], [ -560830.570021305698901, 2555456.52856599772349 ], [ -557101.854180584428832, 2559197.500719761475921 ], [ -555668.314560887985863, 2564431.490166764240712 ], [ -551579.51100811350625, 2571002.264384650159627 ], [ -545897.392389887478203, 2592705.245845428667963 ], [ -545023.280310539877973, 2603818.82773155765608 ], [ -519806.118688117770944, 2596269.02104681590572 ], [ -509914.219106645614374, 2595123.372967961709946 ], [ -488510.163557306455914, 2595556.884163754060864 ], [ -476708.168593532231171, 2596331.091411326546222 ], [ -465398.035349340934772, 2595985.35640438599512 ], [ -453412.201460314681754, 2600181.929286490194499 ], [ -446608.288927281042561, 2605383.140867268666625 ], [ -442031.637133798620198, 2607575.466087229084224 ], [ -433252.237294930091593, 2614614.731038806494325 ], [ -419145.017008962924592, 2630951.568453651852906 ], [ -414963.206174904014915, 2639149.984247235581279 ], [ -412946.788766254554503, 2646407.760279996320605 ], [ -410816.479216408391949, 2663849.134331847075373 ], [ -402367.959131973970216, 2684882.592478888574988 ], [ -388414.290552993654273, 2700419.154602006543428 ], [ -377271.652916627703235, 2715975.164441968780011 ], [ -371273.940350920427591, 2722520.053085249383003 ], [ -351765.628239363897592, 2735484.284801496192813 ], [ -339032.347196273040026, 2730685.09992669057101 ], [ -329626.281269970233552, 2729347.083992677275091 ], [ -319922.937738226843067, 2732081.039250000845641 ], [ -310664.381269215140492, 2736123.636338785756379 ], [ -297019.315523181750905, 2744580.246167193166912 ], [ -286006.104315937322099, 2753719.399847667198628 ], [ -279308.187642272969242, 2761210.631656086072326 ], [ -262405.327047067286912, 2777430.712237956933677 ], [ -257734.202776952908607, 2779954.912468931172043 ], [ -243998.047196907456964, 2784772.978067178744823 ], [ -243402.611719334934605, 2780305.946739210747182 ], [ -236335.976968448056141, 2775628.685201302636415 ], [ -225399.634014885581564, 2773707.661996673326939 ], [ -216164.92534295853693, 2774486.623559883330017 ], [ -214270.185021731886081, 2776617.335273192729801 ], [ -209991.731106350227492, 2776057.439172722864896 ], [ -201702.655575512239011, 2777137.451897330116481 ], [ -191631.525838824018138, 2781335.964776426088065 ], [ -181294.121461869566701, 2788749.102417090442032 ], [ -171253.145129463344347, 2799588.89962884131819 ], [ -166077.442144385480788, 2807589.677070589270443 ], [ -153941.684285124443704, 2824373.305155117996037 ], [ -144712.494242501852568, 2831110.454365445766598 ], [ -143378.29137581816758, 2824697.438480996526778 ], [ -137316.082054319616873, 2820918.606251048855484 ], [ -132179.507318958698306, 2820554.611322918441147 ], [ -127094.387374262936646, 2818518.639796609524637 ], [ -125215.569625100120902, 2810785.094898582901806 ], [ -121529.467342832882423, 2814513.874637409579009 ], [ -108547.978671425807988, 2809586.339704561512917 ], [ -106769.668014431721531, 2800368.624822118319571 ], [ -114120.71860964546795, 2793895.154078905936331 ], [ -118949.639585393713787, 2788119.125876273494214 ], [ -124439.662659167850506, 2787901.651003488805145 ], [ -123234.702884286496555, 2774173.191755368374288 ], [ -112383.401194677950116, 2772473.327573774848133 ], [ -106342.241773475165246, 2777865.196444300469011 ], [ -107119.389262642536778, 2785008.957703554537147 ], [ -104962.102240385283949, 2785710.725415554363281 ], [ -100688.349650661097257, 2791900.097704056184739 ], [ -97598.072298182290979, 2792963.903243852313608 ], [ -95144.701141584315337, 2788420.67191825946793 ], [ -94505.533719991406542, 2794312.470617868471891 ], [ -98027.278279692385695, 2798405.559078209567815 ], [ -93280.313956802914618, 2803469.628921330906451 ], [ -90562.538584064284805, 2799022.820968721061945 ], [ -90862.278478306805482, 2805114.258948991540819 ], [ -88839.55593813410087, 2807141.593476066365838 ], [ -79505.168227585352724, 2800086.245488833636045 ], [ -73577.819903297597193, 2793842.658190317917615 ], [ -71878.225717949811951, 2789892.711273673921824 ], [ -73375.428860709856963, 2786813.682961950544268 ], [ -73334.609376431661076, 2776595.470401497557759 ], [ -72165.82625705935061, 2771989.85066349664703 ], [ -63955.843461734169978, 2772870.633221186231822 ], [ -59261.612778085182072, 2769379.748398838099092 ], [ -57116.821301735370071, 2765620.810130940750241 ], [ -50644.215998294770543, 2771428.762894024141133 ], [ -46619.814232028475089, 2778465.211182265542448 ], [ -31594.438076583708607, 2778535.693031749222428 ], [ -22383.114834826650622, 2782561.385586236137897 ], [ -15269.916738424530195, 2781621.817188287619501 ], [ -9858.05846192761237, 2778517.327639827970415 ], [ 1414.342416964558652, 2778541.08447541249916 ], [ 9670.282877820507565, 2775726.952342886477709 ], [ 15801.572895349643659, 2772600.054532619193196 ], [ 17098.652564343632548, 2769444.730889812111855 ], [ 13624.482618937538064, 2768320.277969009708613 ], [ 10312.243423967629496, 2760446.420674249064177 ], [ 6863.585450736019993, 2757547.994918676093221 ], [ 8965.119066808008938, 2748862.921776435337961 ], [ 12347.182789514183241, 2749415.312640244141221 ], [ 14984.885455365743837, 2747228.204233823809773 ], [ 21113.808784841850866, 2746832.201263321563601 ], [ 22549.038337780628353, 2744242.433348936028779 ], [ 31994.647111080746981, 2742655.431799441110343 ], [ 36456.273877249317593, 2743652.021512412466109 ], [ 34279.767101876277593, 2739535.240286713466048 ], [ 35586.43224992674368, 2737229.027363370638341 ], [ 28434.223498931110953, 2734549.743833773303777 ], [ 27411.677330396953039, 2732260.97753144800663 ], [ 30219.861880195327103, 2729998.024978498462588 ], [ 42371.204102559408057, 2730980.454997317865491 ], [ 52371.321348418248817, 2727510.459569059778005 ], [ 54416.604513193262392, 2724488.744235483463854 ], [ 58234.359642283685389, 2725120.568622542545199 ], [ 63897.363411670710775, 2733464.306423432659358 ], [ 71614.132643262753845, 2735237.784476289525628 ], [ 74973.934196196205448, 2733708.772518861107528 ], [ 76179.144521023044945, 2736968.833511313423514 ], [ 81600.352106072677998, 2737906.119820014107972 ], [ 85691.222275245614583, 2735582.665588119998574 ], [ 88042.043804715620354, 2730155.931128877680749 ], [ 93641.150918803701643, 2733011.802336133550853 ], [ 98787.713111348857637, 2734064.429912292864174 ], [ 106221.938143788196612, 2742331.38358746515587 ], [ 108121.386236511025345, 2740378.997685525566339 ], [ 114127.787378547043772, 2742648.285310965031385 ], [ 117079.317526485014241, 2741430.582919908687472 ], [ 121541.530171713297023, 2744180.729314155410975 ], [ 123367.990480333653977, 2741480.608239337336272 ], [ 132407.64391766753397, 2741367.876860788557678 ], [ 141361.969452481833287, 2735247.43443720927462 ], [ 145190.80860982456943, 2735447.318644038867205 ], [ 147960.727910195710137, 2733400.315427978988737 ], [ 151279.389835510432022, 2736587.330025163944811 ], [ 154614.2780164705473, 2736101.879773618187755 ], [ 160232.59993807572755, 2729676.989785214420408 ], [ 160584.209483818209264, 2725458.964790703263134 ], [ 165531.428646923333872, 2724082.333665567915887 ], [ 170733.667397166660521, 2729346.943787231575698 ], [ 171387.357455636694795, 2723455.156023102812469 ], [ 174477.345557022723369, 2729110.726061798166484 ], [ 186231.403409287158865, 2722908.594436520710588 ], [ 188742.550297434208915, 2716811.206523843575269 ], [ 192247.794125670799986, 2714968.865718993358314 ], [ 198979.573177100013709, 2715715.00385102070868 ], [ 205034.621190651989309, 2714897.29509487375617 ], [ 208680.4286896076228, 2718672.519476071931422 ], [ 212546.377404565981124, 2712161.226321451365948 ], [ 219256.201770847721491, 2711916.525284211616963 ], [ 222797.791442712943535, 2716555.295708121731877 ], [ 228833.042556479398627, 2716074.94601944135502 ], [ 237231.088713195058517, 2718148.613584631122649 ], [ 246408.017514077771921, 2718256.989065835252404 ], [ 253564.841921474202536, 2715500.381175035610795 ], [ 260476.000207133940421, 2716051.640798245556653 ], [ 262491.413786084856838, 2718955.234699700027704 ], [ 272544.130166506511159, 2711196.225801214110106 ], [ 276497.869392048334703, 2710940.976647276431322 ], [ 281563.494027063774411, 2706466.140878814272583 ], [ 287972.794540805334691, 2705787.450952447019517 ], [ 291108.85373091645306, 2703353.070572945289314 ], [ 297480.131410994043108, 2703071.526665861252695 ], [ 300162.736821246391628, 2700964.81204972229898 ], [ 303483.707075779908337, 2704466.964992909226567 ], [ 312865.116801126569044, 2703880.696137020830065 ], [ 318043.404524719226174, 2711953.7017069933936 ], [ 324571.81867226306349, 2713478.265798087231815 ], [ 325535.228435519849882, 2715525.048510094173253 ], [ 336390.459109714603983, 2721822.341675607021898 ], [ 338517.306370911013801, 2724434.28317383537069 ], [ 349860.129748055478558, 2729061.26617084024474 ], [ 355979.036512792168651, 2727652.800709696486592 ], [ 362063.568210315948818, 2731690.357016114983708 ], [ 363567.540663111372851, 2730218.837462526746094 ], [ 375507.94767401588615, 2725230.877462851349264 ], [ 383356.69882760226028, 2723026.630248635541648 ], [ 394253.458893436996732, 2717261.572735760826617 ], [ 398924.264795644266997, 2711669.978883108589798 ], [ 404202.935726793890353, 2711553.385431332979351 ], [ 417833.542689419758972, 2704723.656040264759213 ], [ 427918.037905053410213, 2702754.298850344959646 ], [ 436197.182212603103835, 2698362.88491251738742 ], [ 440770.230436927929986, 2694719.959429240785539 ], [ 449462.000213695748243, 2695150.066521615255624 ], [ 458327.739210575411562, 2692564.000468449201435 ], [ 482897.68809440266341, 2568616.397027825471014 ] ] ] } },
{ "type": "Feature", "properties": { "drag_region": "Northwest", "NAME": "Bethel", "NAMELSAD": "Bethel" }, "geometry": { "type": "MultiPolygon", "coordinates": [ [ [ [ -812434.726391710573807, 956179.880283312639222 ], [ -804947.923079286236316, 959792.479120475007221 ], [ -804659.705432657385245, 957990.823116323910654 ], [ -793713.274878943804651, 960074.500952207716182 ], [ -784220.75208011479117, 958141.213029789971188 ], [ -784097.789116780506447, 954033.819340265123174 ], [ -780124.398384421365336, 953104.336196928285062 ], [ -772295.654145330423489, 955460.63938320777379 ], [ -764009.515037478413433, 955816.335021557286382 ], [ -758818.730557861272246, 958999.257400436094031 ], [ -757544.447989533888176, 964733.173892139922827 ], [ -760845.783158986130729, 966118.236803008476272 ], [ -761135.875343122053891, 970538.696044050622731 ], [ -759097.540930835064501, 973625.725919813616201 ], [ -755319.042898976476863, 970320.874101881170645 ], [ -748697.096114344662055, 976695.996313084848225 ], [ -743262.597409724490717, 977914.629603259731084 ], [ -742823.198457690421492, 982123.717407214455307 ], [ -745946.775641335872933, 982012.398633787641302 ], [ -744560.630049193277955, 988604.869300370570272 ], [ -745934.226642991881818, 991048.205214783549309 ], [ -744355.790083285653964, 996347.959957476239651 ], [ -733471.680839323205873, 994132.19404730387032 ], [ -727160.952656112494878, 989705.573301483877003 ], [ -719848.928475489607081, 990778.33413368393667 ], [ -719485.675668679410592, 995968.014423927059397 ], [ -716148.017209660960361, 996360.929904366377741 ], [ -716710.345060915919021, 999159.580878818407655 ], [ -713225.159832984907553, 1001959.905848348746076 ], [ -709260.590983501868322, 1002754.005425163311884 ], [ -706144.724132176139392, 1000275.863545880652964 ], [ -699828.490160956978798, 998615.970437626820058 ], [ -693688.79124894447159, 1001259.385301098460332 ], [ -682908.923805799684487, 1001346.924576905090362 ], [ -676524.397360375965945, 1006019.993387824855745 ], [ -674726.885333074256778, 1005103.738399639958516 ], [ -663314.955378452083096, 1005843.773473030189052 ], [ -661436.210062052123249, 1004052.48183557856828 ], [ -662363.762029124656692, 999812.566635792143643 ], [ -658469.619528307346627, 998733.996405176818371 ], [ -654426.144528699107468, 1000352.626926711760461 ], [ -644129.723381547257304, 996746.814879486570135 ], [ -638356.994019177509472, 993718.916346860583872 ], [ -632445.163056153105572, 993394.323858943767846 ], [ -621012.676978264120407, 997656.754268277203664 ], [ -615865.341901720501482, 997448.234957722015679 ], [ -607484.923137262230739, 1000459.255666330922395 ], [ -590113.498655519331805, 1002025.113764918874949 ], [ -584377.060685545089655, 1007498.722857887391001 ], [ -575388.869531997479498, 1013316.811413433169946 ], [ -570024.633723268983886, 1015564.668163354741409 ], [ -560571.555237313150428, 1017023.775153350783512 ], [ -552999.277994513162412, 1020717.533596809022129 ], [ -546976.626949621131644, 1022258.197439196519554 ], [ -539370.896132741589099, 1020572.217336168279871 ], [ -538360.59313545760233, 1023275.862617677077651 ], [ -541502.686878445791081, 1026079.838649592828006 ], [ -545183.041981319664046, 1025174.811205070465803 ], [ -552618.031941555906087, 1028498.897400034591556 ], [ -555150.131215794710442, 1037338.601185946026817 ], [ -489131.791466954571661, 1031458.260433717863634 ], [ -488363.218336124438792, 1041130.192621521186084 ], [ -450083.642619203776121, 1038301.641466545173898 ], [ -449422.298061641748063, 1047981.161021624226123 ], [ -402831.964506088057533, 1045114.002543408656493 ], [ -373182.033870517159812, 1043618.090398929547518 ], [ -373629.267790180456359, 1033926.317740531405434 ], [ -311322.235216386383399, 1031612.776459783315659 ], [ -269391.011158999870531, 1030687.528589532943442 ], [ -235315.623587090900401, 1030309.589871640782803 ], [ -201425.405416126857745, 1030266.165183475008234 ], [ -201460.428776102518896, 1039968.188106826273724 ], [ -182415.877249521930935, 1040089.432416307041422 ], [ -182504.38140075665433, 1049790.753360892646015 ], [ -165748.329786305519519, 1049984.3738382991869 ], [ -165884.016412544471677, 1059684.76137656532228 ], [ -162171.075632992491592, 1059738.704203141620383 ], [ -160710.587482064322103, 962818.107126223389059 ], [ -186481.087829119613161, 962523.804861403768882 ], [ -186254.842938713933108, 933412.182147048646584 ], [ -183945.171882751572412, 933430.881093064788729 ], [ -183700.849135107273469, 904414.743075822712854 ], [ -227943.213210680813063, 904314.811736547620967 ], [ -265198.5648687822395, 904653.512150744674727 ], [ -322039.787921447190456, 905915.445694976020604 ], [ -385056.60692042048322, 908367.897754097590223 ], [ -384594.070005493238568, 918061.32836264744401 ], [ -403728.507846895954572, 919025.671173286857083 ], [ -404242.903726205171552, 909334.854167492827401 ], [ -413930.916305985010695, 909862.229129433166236 ], [ -414471.498727731290273, 900172.825918914284557 ], [ -423989.992899041913915, 900716.517153984401375 ], [ -423423.752100875834003, 910404.454771930584684 ], [ -480928.116221202886663, 914228.800827527884394 ], [ -481649.786719435825944, 904551.200111301848665 ], [ -485530.288070781447459, 904842.682862036162987 ], [ -486262.418089761689771, 895165.87964787799865 ], [ -495793.920317171432544, 895899.711040117079392 ], [ -496551.671932484721765, 886224.915630621137097 ], [ -506106.816272557713091, 886986.027221895521507 ], [ -507673.541421005444136, 867640.714566545793787 ], [ -511397.91433924069861, 867944.266447235364467 ], [ -512191.197412642475683, 858272.563532843720168 ], [ -521623.821420014952309, 859058.555974546354264 ], [ -523252.427336221502628, 839815.466420236974955 ], [ -532930.383353454293683, 840647.451885594287887 ], [ -533774.320790412370116, 830980.483193756313995 ], [ -537140.341291990713216, 831275.898823831230402 ], [ -538845.926604994107038, 811944.118050136370584 ], [ -548398.647818432422355, 812799.415034659672529 ], [ -550154.293119208887219, 793473.064820307772607 ], [ -563154.552766634849831, 794677.062375541310757 ], [ -564977.976296513341367, 775358.110125734703615 ], [ -574424.556289630942047, 776261.834048759425059 ], [ -576287.654943608911708, 757044.460079484153539 ], [ -579519.601752421353012, 757359.203591899015009 ], [ -580464.083939630072564, 747704.054658866720274 ], [ -589980.860500178067014, 748647.205443475628272 ], [ -590949.827280434081331, 738994.867987718665972 ], [ -600488.692991960328072, 739964.682641502236947 ], [ -602475.531797243049368, 720666.216854521771893 ], [ -605331.018359367270023, 720961.290132470661774 ], [ -606331.670962567906827, 711313.463772798422724 ], [ -615940.803048901143484, 712322.440526225604117 ], [ -618044.121235035359859, 694487.464385170023888 ], [ -620251.008050566073507, 693274.227085138205439 ], [ -637094.004892491153441, 695112.289228363195434 ], [ -638167.468188085826114, 685473.751761890482157 ], [ -636726.324591774959117, 685313.524689148645848 ], [ -638962.190407061716542, 682084.278692645952106 ], [ -639483.454090363229625, 677408.490004193037748 ], [ -648353.350207217969, 674735.716232067905366 ], [ -650288.085559637984261, 672443.7195264918264 ], [ -654942.517786759417504, 672011.482677616877481 ], [ -658528.937346057733521, 668174.101518020266667 ], [ -662832.597011202247813, 667226.610684297280386 ], [ -663043.78591788187623, 672568.129034362267703 ], [ -668522.851476016105153, 677566.924948270665482 ], [ -679893.782841611886397, 677003.821595238987356 ], [ -685488.011116338195279, 680883.293768922565505 ], [ -674844.52616706804838, 684127.87070864951238 ], [ -672201.827400925802067, 680037.627926474902779 ], [ -668354.288053499069065, 680737.682975913397968 ], [ -666756.925424245884642, 685382.228490886744112 ], [ -660746.730372212128714, 692116.785062061157078 ], [ -659458.752818415639922, 697766.460687692277133 ], [ -660145.651598801719956, 706065.607280045980588 ], [ -659031.467980064917356, 713766.555587478447706 ], [ -661463.843969840439968, 721209.870973689947277 ], [ -660207.137130022747442, 723091.842503801453859 ], [ -663241.065303357085213, 725386.391650238307193 ], [ -668031.117880642414093, 735343.788446390070021 ], [ -670479.122419066959992, 749088.840963338734582 ], [ -663139.532196515589021, 760584.140606265515089 ], [ -658639.779136824188754, 762270.38069057976827 ], [ -652910.056945449672639, 769232.785687825875357 ], [ -647788.332050759810954, 771147.173880638089031 ], [ -649944.851528611034155, 778846.13639828725718 ], [ -653062.873189075267874, 783469.39218745008111 ], [ -655344.01403203047812, 789931.338370740180835 ], [ -656124.607443267363124, 800376.397160392487422 ], [ -664214.763722491450608, 817032.383284032111987 ], [ -663945.912803323473781, 824161.808061412768438 ], [ -668113.000672197551467, 831161.121384902391583 ], [ -669345.00877251510974, 837413.362852715188637 ], [ -674252.000631418311968, 846258.710410357220098 ], [ -675692.328511539730243, 850701.843808531528339 ], [ -679915.029803063487634, 852111.164945373544469 ], [ -682533.668041695607826, 848863.020855914102867 ], [ -683834.867584001272917, 841862.227191073354334 ], [ -683102.726510510314256, 838184.198660605587065 ], [ -685370.670142679358833, 833051.34105075802654 ], [ -688004.269130525644869, 831357.031349994242191 ], [ -693474.151105172117241, 831100.13174657872878 ], [ -696774.176249121781439, 833568.579140959773213 ], [ -701217.049165077973157, 828923.69237186992541 ], [ -708720.948296853806823, 827117.689861119259149 ], [ -719520.941938654985279, 821996.461117428960279 ], [ -734653.974705837666988, 819454.120323102921247 ], [ -752517.658433423610404, 819310.830557300010696 ], [ -767268.042865054681897, 822474.122597076464444 ], [ -776833.954935223795474, 827621.580795005662367 ], [ -778941.72399043943733, 831056.257931843167171 ], [ -780059.380087679484859, 840852.938139716163278 ], [ -775254.349244599696249, 841861.247893044026569 ], [ -777794.431964172748849, 848960.16526883142069 ], [ -787504.407858810154721, 856505.243993120966479 ], [ -792162.0733416385483, 867749.435943290358409 ], [ -792626.994716777000576, 871131.562349493615329 ], [ -798307.377393567934632, 877006.706674007466063 ], [ -800870.840664402581751, 883456.635821267263964 ], [ -808941.556093369144946, 885556.661417557392269 ], [ -814324.472557466244325, 890539.116623825160787 ], [ -821714.506450369022787, 902496.593566739931703 ], [ -816739.571743736974895, 904775.999503906117752 ], [ -811214.213849638123065, 909209.766560309799388 ], [ -811033.024506783345714, 912686.226870918646455 ], [ -815583.229938801378012, 914032.27570948889479 ], [ -823806.0014762673527, 910160.555125001817942 ], [ -832939.350374264875427, 912701.560581970727071 ], [ -835197.973863464780152, 918066.080466642975807 ], [ -832547.14080165955238, 920726.952844722894952 ], [ -826348.917290511773899, 919757.110511567210779 ], [ -813293.715774522628635, 930015.811964430846274 ], [ -811430.584727293113247, 929313.349765210878104 ], [ -807443.809712909162045, 933030.822620054706931 ], [ -809983.714854887221009, 936767.334546736907214 ], [ -810101.126070624683052, 940781.423680168576539 ], [ -803576.26993672340177, 942030.559222313575447 ], [ -808648.743330402765423, 943558.134521804749966 ], [ -806579.951718518743291, 950031.339491551741958 ], [ -800181.68347134324722, 956564.014417004073039 ], [ -803384.825168203329667, 957388.480734804179519 ], [ -807588.259933719644323, 953415.046630501514301 ], [ -812434.726391710573807, 956179.880283312639222 ] ] ], [ [ [ -951391.199471189174801, 901257.751417523249984 ], [ -944114.075719122076407, 902222.990110661834478 ], [ -933043.579171738121659, 899990.59765364555642 ], [ -929143.622285240329802, 897253.429100388195366 ], [ -924485.064862786326557, 897309.71293563884683 ], [ -923180.886094615794718, 894702.14146660012193 ], [ -918909.912162121850997, 894842.340054865693673 ], [ -916411.815419686026871, 897290.746843522647396 ], [ -917265.870509102242067, 901177.805139835691079 ], [ -909418.21672237967141, 906305.448158993851393 ], [ -902440.144360737875104, 903883.875989453168586 ], [ -901770.699839963112026, 907375.220395476790145 ], [ -896096.64453355409205, 910790.846150663448498 ], [ -890415.497960174223408, 905803.179243034683168 ], [ -885194.169429004425183, 907950.812533688033 ], [ -880577.103440642822534, 907969.319060869282112 ], [ -876725.190721458522603, 912531.815810424974188 ], [ -875341.0774503974244, 899379.804347642697394 ], [ -870266.397257012315094, 897473.275202562566847 ], [ -864046.22588698239997, 899663.550850186264142 ], [ -858749.802725719287992, 896757.55204286496155 ], [ -854171.309330664342269, 892036.545258093392476 ], [ -857604.401311186375096, 886304.490337801165879 ], [ -856198.988355496199802, 881760.298917908919975 ], [ -859021.676885293098167, 878359.423230311600491 ], [ -856665.55029279878363, 876866.524854286340997 ], [ -856974.453270081430674, 870578.783477208577096 ], [ -860160.946169179631397, 867437.243132324423641 ], [ -856947.886872872244567, 861597.537708634277806 ], [ -857525.715654386440292, 856041.018697086721659 ], [ -853229.292566566960886, 856259.120801229262725 ], [ -855959.446679964428768, 853423.017180140363052 ], [ -856366.09715633909218, 848812.20896207052283 ], [ -870709.284975884016603, 849318.766028206562623 ], [ -872471.573269677348435, 846317.528168748132885 ], [ -876088.614596446277574, 848827.429413401521742 ], [ -881522.520623180549592, 848060.526051691034809 ], [ -888051.851925206836313, 843595.634407598292455 ], [ -887586.882550215115771, 837257.960282497573644 ], [ -892865.907684616977349, 837452.586082363501191 ], [ -896158.264422145206481, 845003.95671962457709 ], [ -902813.602591122267768, 850849.394184689503163 ], [ -914108.177171425661072, 852611.528017853619531 ], [ -916226.445607838453725, 856443.826189203653485 ], [ -921401.040843584109098, 859208.18876341637224 ], [ -925632.981853518402204, 865712.366558441193774 ], [ -931712.290852678706869, 871023.240922216558829 ], [ -939185.852260401006788, 874373.26621120236814 ], [ -944075.533159541664645, 882413.161761737195775 ], [ -948763.982469809707254, 884344.443775176536292 ], [ -947812.17868237150833, 891013.880042921053246 ], [ -951391.199471189174801, 901257.751417523249984 ] ] ], [ [ [ -1243246.583164900774136, 1007885.131586108356714 ], [ -1240240.863709973869845, 1013910.539276955183595 ], [ -1234130.31107541359961, 1017321.229604267049581 ], [ -1232143.79516875767149, 1016438.684028221992776 ], [ -1234462.542290761368349, 1011310.891657789237797 ], [ -1233658.707005445379764, 1005669.657383636105806 ], [ -1229309.62596262502484, 997397.494227417511865 ], [ -1221906.153528649359941, 988957.72590891411528 ], [ -1218107.23984729568474, 986468.504357865313068 ], [ -1213024.087597087025642, 986316.183506461093202 ], [ -1204658.222775928443298, 974561.231991787906736 ], [ -1209149.380625621415675, 973931.284352903719991 ], [ -1209893.150510442908853, 977836.209952268050984 ], [ -1219371.554203945910558, 981333.784948912914842 ], [ -1224759.11791857611388, 981180.429487487999722 ], [ -1229794.375733850989491, 987234.060857396572828 ], [ -1237109.540111039765179, 1002975.416495020966977 ], [ -1243246.583164900774136, 1007885.131586108356714 ] ] ], [ [ [ -1238515.317563567077741, 1029430.459716574288905 ], [ -1237152.971954345237464, 1028527.021385036874563 ], [ -1238499.295860765501857, 1020509.27575260377489 ], [ -1241108.31851838901639, 1025488.235182310221717 ], [ -1238515.317563567077741, 1029430.459716574288905 ] ] ] ] } },
{ "type": "Feature", "properties": { "drag_region": "Northeast", "NAME": "Fairbanks North Star", "NAMELSAD": "Fairbanks North Star" }, "geometry": { "type": "Polygon", "coordinates": [ [ [ 556493.949166878941469, 1931391.671542637981474 ], [ 556809.852992706233636, 1928144.317663315916434 ], [ 551441.315109063405544, 1925790.288588489405811 ], [ 545433.981873247190379, 1925386.683678179746494 ], [ 545709.732116222032346, 1922327.595233969856054 ], [ 539634.806116050109267, 1917568.345237097237259 ], [ 534940.822484218981117, 1918829.316987630678341 ], [ 524362.991804105695337, 1915106.908709052018821 ], [ 521509.793367359496187, 1913161.533643598668277 ], [ 517265.524875208153389, 1913736.730190958594903 ], [ 509666.228132166434079, 1904481.584577744593844 ], [ 498324.087231445359066, 1900849.378026775550097 ], [ 498171.293860680540092, 1898025.917477572569624 ], [ 491066.613751209399197, 1892370.115113316336647 ], [ 481821.198226389416959, 1895256.37626043218188 ], [ 472190.453268667741213, 1890104.191950593376532 ], [ 469231.466266157454811, 1885784.957561143673956 ], [ 464375.475829424103722, 1885587.128001268720254 ], [ 458985.70035624539014, 1882534.351569884456694 ], [ 458335.745516270282678, 1876183.32917828974314 ], [ 454391.996946110913996, 1872538.131259675137699 ], [ 447836.094435125472955, 1871785.169521259143949 ], [ 440519.153105093690101, 1868452.523977926466614 ], [ 422743.311533184896689, 1866329.405962689081207 ], [ 386253.099234811961651, 1862680.048335650702938 ], [ 380752.130712900601793, 1865536.556489827111363 ], [ 373585.432596809929237, 1871523.379780769115314 ], [ 371549.00854973931564, 1870954.603979829000309 ], [ 364772.628726507653482, 1876800.691999236820266 ], [ 359245.679254484944977, 1886518.440486580599099 ], [ 352690.986788236477878, 1890383.353475849842653 ], [ 351088.485615556011908, 1895057.508607693016529 ], [ 344700.342198314727284, 1899334.722120629390702 ], [ 340366.981922996463254, 1895423.858907806221396 ], [ 337875.959402246633545, 1926273.541287527186796 ], [ 334259.267494234372862, 1964799.642259831773117 ], [ 385836.046622315654531, 1969196.032804438378662 ], [ 397763.523597545165103, 1978175.110556956846267 ], [ 410927.280788501782808, 1979636.015059997094795 ], [ 423550.991406370128971, 1984465.137549635954201 ], [ 430944.560651898093056, 1989141.246111640240997 ], [ 433160.921949172567111, 1993341.376280099153519 ], [ 431108.047477790445555, 1998117.606697127455845 ], [ 447249.947533167898655, 2002202.03863059123978 ], [ 451259.383032418380026, 1998149.348428959492594 ], [ 455498.588392796344124, 1999237.863403151510283 ], [ 456911.973113497078884, 1997288.149110232945532 ], [ 450934.125348836998455, 1988181.525283774128184 ], [ 452011.182883333705831, 1983393.119392429012805 ], [ 458138.526724032883067, 1978826.113180401735008 ], [ 462706.76496465242235, 1977453.560203656554222 ], [ 473550.133218079456128, 1976099.367660252843052 ], [ 476202.558799498947337, 1971222.667042802320793 ], [ 470726.973601899924688, 1964743.977248548064381 ], [ 475309.642938136705197, 1963484.50157579802908 ], [ 477155.028053714078851, 1959663.192546674283221 ], [ 483209.443383599922527, 1964297.289544770494103 ], [ 488490.036411927721929, 1966912.59648574469611 ], [ 495374.06732292479137, 1966369.202581451041624 ], [ 505735.613239817321301, 1974139.792483109049499 ], [ 512041.794296098581981, 1975296.011426145210862 ], [ 517140.616266861208715, 1972911.823851094115525 ], [ 522413.462687747494783, 1972977.332450871123001 ], [ 531496.879909337963909, 1971471.658306377474219 ], [ 535049.698103120317683, 1972858.23546299058944 ], [ 539502.957700619823299, 1977382.414556462084875 ], [ 552926.06732555385679, 1979971.977534801932052 ], [ 557753.135387754067779, 1977414.973925492027774 ], [ 557419.106232388410717, 1975135.484340413473547 ], [ 549841.77315219421871, 1967592.876653250306845 ], [ 555160.05802180164028, 1964134.081897046649829 ], [ 555538.654605714138597, 1960510.017458874732256 ], [ 552586.254470745567232, 1956188.49679178930819 ], [ 553199.713207645108923, 1952115.205588545184582 ], [ 552346.098235967801884, 1944042.781317544169724 ], [ 556837.270890910411254, 1941715.524542440660298 ], [ 553920.348666098318063, 1935849.7522718149703 ], [ 556493.949166878941469, 1931391.671542637981474 ] ] ] } },
{ "type": "Feature", "properties": { "drag_region": "Northwest", "NAME": "Dillingham", "NAMELSAD": "Dillingham" }, "geometry": { "type": "MultiPolygon", "coordinates": [ [ [ [ -285063.864544366660994, 853947.345650119474158 ], [ -289151.60265324957436, 718251.732218654826283 ], [ -298410.728234726877417, 718542.177729876479134 ], [ -298726.978949874639511, 708845.076613849494606 ], [ -317896.430412430083379, 709519.516948208212852 ], [ -318258.829780169064179, 699920.477143075549975 ], [ -327765.703516364039388, 700291.489338061539456 ], [ -328156.339207239681855, 690597.760141839971766 ], [ -333631.443853101925924, 690822.396065390435979 ], [ -334036.209659276064485, 681129.609460747567937 ], [ -352940.990903227357194, 681966.662295372691005 ], [ -353394.452696449181531, 672276.415271527366713 ], [ -362971.434219506103545, 672736.767780208028853 ], [ -363927.52435359969968, 653359.869116466259584 ], [ -359421.787291872373316, 653140.233316813362762 ], [ -360921.244329937268049, 626292.511874322313815 ], [ -369945.136382392491214, 623661.50409731711261 ], [ -374433.1297579476377, 620910.274536624317989 ], [ -380535.26810191385448, 619115.009900032775477 ], [ -381676.269328847643919, 617156.624869212741032 ], [ -390302.411836753599346, 614935.301379597513005 ], [ -399744.238449411641341, 609606.33916132687591 ], [ -416544.756770410225727, 603597.178741559619084 ], [ -421908.678343231324106, 604416.723584391409531 ], [ -427385.091698752541561, 609869.650532266125083 ], [ -427961.954012817237526, 616931.593422478763387 ], [ -431784.086822693701833, 621899.656721489969641 ], [ -439792.81918128603138, 626099.678112550405785 ], [ -439077.274205340305343, 630477.962017880519852 ], [ -436699.810996448446531, 631951.446418198524043 ], [ -433763.382911033811979, 647825.858301563654095 ], [ -436244.159468784695491, 647705.782187594100833 ], [ -442045.78311683103675, 638383.942610286641866 ], [ -450847.041613126173615, 633808.589572966098785 ], [ -452483.428388840518892, 628342.665841638110578 ], [ -451852.40288650378352, 622713.464963369537145 ], [ -453760.566339346696623, 619289.246669984189793 ], [ -456737.539667974808253, 618350.643105271272361 ], [ -457582.292504001234192, 615331.747689113486558 ], [ -456278.514095623220783, 607534.886566402390599 ], [ -453589.086523129139096, 598580.475550288334489 ], [ -450157.723722477501724, 591020.36907681520097 ], [ -456172.495894984342158, 583077.853546647587791 ], [ -462161.441526857030112, 581494.357361819362268 ], [ -470692.199500524206087, 585214.750841999892145 ], [ -477616.335775524494238, 601251.767989850835875 ], [ -485764.467574355716351, 621933.648641017265618 ], [ -490558.618418520782143, 629357.249101800145581 ], [ -494963.072025930741802, 633769.010260401992127 ], [ -501238.309444416838232, 635550.973277155309916 ], [ -497421.626549895561766, 641491.617759585147724 ], [ -500349.973581594938878, 645980.186458701267838 ], [ -505554.168897622905206, 645559.562383461976424 ], [ -507508.467967868840788, 637343.276589664630592 ], [ -510534.634773620287888, 638282.115493723191321 ], [ -510873.866540741641074, 632046.353454934433103 ], [ -517102.026915631722659, 629705.143843843834475 ], [ -521363.793882459576707, 637704.488668837584555 ], [ -520522.187681628449354, 640135.231249212985858 ], [ -524260.747012843610719, 642306.974054969847202 ], [ -526783.939374275505543, 639645.443875153083354 ], [ -530019.200237763230689, 640523.065019110450521 ], [ -529700.541430658544414, 646183.466806785902008 ], [ -534376.388730030972511, 644884.668184161419049 ], [ -538950.773275265586562, 651202.34051938331686 ], [ -534837.490682046511211, 655345.450870532775298 ], [ -537505.230674066813663, 664184.328256311360747 ], [ -546975.860155761707574, 660082.281667924718931 ], [ -557069.074825453804806, 654134.063432897208259 ], [ -564020.352877008495852, 648853.135874965926632 ], [ -569056.724649414885789, 640199.378544076578692 ], [ -571163.024839863413945, 645919.980736176250502 ], [ -581068.197857954772189, 642519.364340313477442 ], [ -578964.879671820672229, 660354.34048136882484 ], [ -569355.747585487319157, 659345.363727941643447 ], [ -568355.094982286798768, 668993.190087614115328 ], [ -565499.608420162578113, 668698.116809664992616 ], [ -563512.769614879740402, 687996.582596645690501 ], [ -553973.903903353493661, 687026.767942861886695 ], [ -553004.937123097479343, 696679.105398619081825 ], [ -543488.160562549484894, 695735.954614010173827 ], [ -542543.678375340881757, 705391.103547042468563 ], [ -539311.731566528440453, 705076.360034627607092 ], [ -537448.632912550354376, 724293.734003902878612 ], [ -528002.052919432753697, 723390.010080878157169 ], [ -526178.629389554262161, 742708.962330684764311 ], [ -513178.369742128415965, 741504.96477545122616 ], [ -511422.724441351834685, 760831.314989803126082 ], [ -501870.003227913635783, 759976.018005279824138 ], [ -500164.417914910183754, 779307.798778974683955 ], [ -496798.397413331898861, 779012.383148899767548 ], [ -495954.459976373822428, 788679.351840737741441 ], [ -486276.503959140973166, 787847.366375380428508 ], [ -484647.898042934422847, 807090.455929689807817 ], [ -475215.274035561946221, 806304.463487987173721 ], [ -474421.990962160169147, 815976.16640237881802 ], [ -470697.618043924914673, 815672.61452168924734 ], [ -469130.892895477183629, 835017.92717703897506 ], [ -459575.748555404192302, 834256.815585764590651 ], [ -458817.996940090903081, 843931.610995260532945 ], [ -449286.494712681160308, 843197.779603021452203 ], [ -448554.364693700917996, 852874.582817179616541 ], [ -444673.863342355296481, 852583.100066445302218 ], [ -443952.192844122357201, 862260.700782671337947 ], [ -386447.828723795304541, 858436.354727074038237 ], [ -387014.069521961384453, 848748.417109127854928 ], [ -377495.575350650702603, 848204.72587405773811 ], [ -376954.992928904481232, 857894.129084576619789 ], [ -367266.980349124642089, 857366.754122636280954 ], [ -366752.584469815425109, 867057.571128430310637 ], [ -347618.146628412767313, 866093.228317790897563 ], [ -348080.683543339953758, 856399.797709241043776 ], [ -285063.864544366660994, 853947.345650119474158 ] ] ], [ [ [ -541500.47498366876971, 622314.828771622851491 ], [ -540095.18392883730121, 626135.449612342519686 ], [ -537956.134111400693655, 617927.721102334326133 ], [ -539629.571812780224718, 615674.952887689694762 ], [ -541500.47498366876971, 622314.828771622851491 ] ] ], [ [ [ -548425.162080520065501, 621824.305307512404397 ], [ -546060.855183756211773, 629022.988331341883168 ], [ -545556.033295162720606, 623475.684902956942096 ], [ -548425.162080520065501, 621824.305307512404397 ] ] ], [ [ [ -586702.021072474773973, 615117.504393099341542 ], [ -583919.844261055579409, 627469.493203485850245 ], [ -575358.045354458270594, 631586.020641688257456 ], [ -570973.022334084380418, 631709.357029446400702 ], [ -562204.10835531912744, 638147.79058170132339 ], [ -561195.278213470941409, 637852.74828495644033 ], [ -575214.907461255090311, 612939.952862205682322 ], [ -580089.697646335116588, 610360.805774661013857 ], [ -586757.902502087177709, 610681.903933412162587 ], [ -586702.021072474773973, 615117.504393099341542 ] ] ], [ [ [ -583275.084673485485837, 641306.127040281658992 ], [ -599750.401214694371447, 633345.424644291866571 ], [ -601191.544811005238444, 633505.65171703370288 ], [ -600118.081515410682186, 643144.189183506648988 ], [ -583275.084673485485837, 641306.127040281658992 ] ] ] ] } },
{ "type": "Feature", "properties": { "drag_region": "Southeast", "NAME": "Ketchikan Gateway", "NAMELSAD": "Ketchikan Gateway" }, "geometry": { "type": "MultiPolygon", "coordinates": [ [ [ [ 1822965.02026795828715, 608399.585147698875517 ], [ 1827686.299274607794359, 612742.232651737285778 ], [ 1827537.023391300812364, 618053.704969991464168 ], [ 1833757.08919299277477, 619380.121210034936666 ], [ 1831700.344138427870348, 625354.268131970893592 ], [ 1832537.588862002128735, 631212.347305201925337 ], [ 1826723.175894528394565, 634981.768337330082431 ], [ 1828502.630166359012946, 643595.260392230469733 ], [ 1830763.708292399067432, 645288.061189171858132 ], [ 1830515.005291836103424, 648748.429051750106737 ], [ 1827946.059619288425893, 650697.232575612841174 ], [ 1829383.526225151261315, 660214.357331552775577 ], [ 1838917.73931342526339, 664750.911669773282483 ], [ 1836431.881484726211056, 667128.879128217697144 ], [ 1841434.091626662528142, 668371.681380184367299 ], [ 1850781.488591395784169, 663333.226436474826187 ], [ 1857443.868538147071376, 665281.806901052594185 ], [ 1855931.651609481312335, 671553.664170078467578 ], [ 1849603.33490912639536, 676730.419486810453236 ], [ 1853360.45139503153041, 680804.311861920868978 ], [ 1856983.88889023847878, 687887.427514659240842 ], [ 1859238.633493351284415, 685538.758071996737272 ], [ 1867101.106910352129489, 691304.013250431744382 ], [ 1870038.766788890119642, 700201.552456134231761 ], [ 1865825.648133954498917, 704691.017483563162386 ], [ 1861228.075499958824366, 705684.680400519631803 ], [ 1859872.870063559152186, 712731.444285460049286 ], [ 1879096.019135165726766, 714900.988008506363258 ], [ 1892045.307021321495995, 707907.702480362262577 ], [ 1902309.665736933937296, 708322.313603678019717 ], [ 1908463.932686475571245, 698752.429845052305609 ], [ 1913769.37096375762485, 699190.123751351144165 ], [ 1920582.073861083947122, 698152.872872117208317 ], [ 1920015.519775280728936, 692011.815711362520233 ], [ 1926046.847497974289581, 688642.319332809885964 ], [ 1921956.764267278136685, 686807.482169944560155 ], [ 1921383.144341661129147, 683221.029288376681507 ], [ 1918186.730063966475427, 678967.233098856406286 ], [ 1926273.914629359031096, 675233.519938321551308 ], [ 1927201.291047170059755, 672104.831246595131233 ], [ 1939179.787897036178038, 665750.985959468176588 ], [ 1941409.581214318983257, 660452.634801433654502 ], [ 1944799.940535532776266, 657840.625289988936856 ], [ 1947717.276171092875302, 646870.670712958788499 ], [ 1953765.165043705841526, 638511.169396851444617 ], [ 1957652.636833892203867, 635271.83396889269352 ], [ 1963422.141704621026292, 623846.515296263620257 ], [ 1968110.433312012115493, 619174.634801652282476 ], [ 1964654.201273170299828, 607645.439779542153701 ], [ 1963616.451555520063266, 594789.889469523215666 ], [ 1964509.598154803039506, 591753.952825975371525 ], [ 1963226.415557473897934, 582083.649531642207876 ], [ 1960842.84997140057385, 573336.487159247277305 ], [ 1956075.892498014029115, 561675.401715650921687 ], [ 1952049.956891239387915, 554584.656683883396909 ], [ 1948392.537860616575927, 551814.074062245897949 ], [ 1950559.069776002084836, 547924.943474542349577 ], [ 1947189.43678546953015, 544347.685755505459383 ], [ 1943269.628281011246145, 546985.707376471487805 ], [ 1941215.66148740821518, 551935.10113839013502 ], [ 1937610.242531404597685, 553062.115208911476657 ], [ 1938833.718181037344038, 549030.720191970700398 ], [ 1936947.909232877893373, 546105.948790788184851 ], [ 1932451.315599100664258, 546303.878779286285862 ], [ 1927936.382478172658011, 549956.160303205018863 ], [ 1923557.474141780054197, 559353.521607308415696 ], [ 1922352.826548538869247, 564713.993319157045335 ], [ 1917606.430182764073834, 566354.973068698542193 ], [ 1915988.768936533713713, 576243.94591678539291 ], [ 1913853.908030302030966, 576083.591614428674802 ], [ 1908591.609052185900509, 579881.615136238746345 ], [ 1905229.412662162445486, 585178.584977073594928 ], [ 1909632.779680673032999, 593170.531747108558193 ], [ 1911228.75080798775889, 600157.006893643876538 ], [ 1914703.452299623051658, 600602.786086062435061 ], [ 1911612.894353083334863, 607115.012458383804187 ], [ 1906587.717368852579966, 613639.335731595987454 ], [ 1905592.377647448098287, 625697.749977823812515 ], [ 1897478.163315052632242, 642100.14312285813503 ], [ 1893175.271406827727333, 647363.409508981974795 ], [ 1878758.663068546913564, 658856.645985747221857 ], [ 1872338.825846401741728, 662149.443982786964625 ], [ 1868261.346189812058583, 665573.03395540965721 ], [ 1867880.230100764660165, 661979.810474743833765 ], [ 1874732.32744918204844, 658124.38889189902693 ], [ 1882764.059023527428508, 652360.198082766262814 ], [ 1886579.71834531519562, 646407.28425350273028 ], [ 1894166.48492296342738, 639985.077040904900059 ], [ 1900556.458117783302441, 628962.175347415031865 ], [ 1898550.408639049855992, 623860.470635565230623 ], [ 1900691.540226289536804, 616595.288290580036119 ], [ 1905177.439343741862103, 608855.115134591469541 ], [ 1909548.650039700092748, 604127.727767695439979 ], [ 1908532.890344186453149, 600911.239125280175358 ], [ 1903058.239235627232119, 608700.21340190176852 ], [ 1900958.383278799708933, 609163.621106169652194 ], [ 1903871.55991856334731, 603093.829049402149394 ], [ 1905415.136027870932594, 596124.177205819170922 ], [ 1900980.993220376549289, 584162.836775740841404 ], [ 1898129.700230122543871, 582634.975863074883819 ], [ 1891392.102826058166102, 585209.336066281190142 ], [ 1893129.842159467516467, 593242.849580515641719 ], [ 1893138.602701208787039, 600663.00762642850168 ], [ 1891272.011890279361978, 603857.109087217133492 ], [ 1886239.965137352235615, 601046.334961510263383 ], [ 1890695.481219490291551, 595320.30220910301432 ], [ 1890326.986960108624771, 590923.186828324804083 ], [ 1885025.557720453944057, 583355.783568783430383 ], [ 1883487.355607154779136, 582913.009927308885381 ], [ 1875104.121396490372717, 590911.772343192016706 ], [ 1874169.371553151169792, 586018.610589357791469 ], [ 1867085.475689046317711, 589008.928015657002106 ], [ 1862864.650261023780331, 589358.137641198700294 ], [ 1858712.657920447876677, 592977.324646654073149 ], [ 1850569.963679125532508, 597037.002331600058824 ], [ 1848188.22856529802084, 603909.247107365867123 ], [ 1853845.956394987180829, 609016.332638785941526 ], [ 1856936.611986155854538, 615265.548803881043568 ], [ 1851186.103919415269047, 618022.666671283775941 ], [ 1850313.476317161461338, 625321.753227597102523 ], [ 1847168.684676683973521, 628179.067664652364329 ], [ 1850669.875409418949857, 633863.200081637129188 ], [ 1850548.078501051058993, 636254.925452549010515 ], [ 1846694.243388770613819, 635009.499335699249059 ], [ 1843723.961147535825148, 641477.108431386528537 ], [ 1843850.788992810528725, 645882.121788393240422 ], [ 1835697.121427315752953, 641321.677553046494722 ], [ 1838381.984715652652085, 637692.462980607757345 ], [ 1841219.472886036615819, 637056.455483425641432 ], [ 1842170.485242754919454, 633636.639375573256984 ], [ 1842075.056553836911917, 624989.271548607153818 ], [ 1843744.145757148042321, 619488.860425276914611 ], [ 1841975.077630849322304, 611481.780079945689067 ], [ 1837723.316150592407212, 611330.746608176967129 ], [ 1842121.85981836472638, 603431.8404622732196 ], [ 1841320.830210194922984, 598802.808669886551797 ], [ 1834561.155800072010607, 601742.070066325832158 ], [ 1828525.083477232605219, 601902.055349111789837 ], [ 1822965.02026795828715, 608399.585147698875517 ] ] ], [ [ [ 1890731.484930174658075, 551388.864648869959638 ], [ 1902157.059386755339801, 561120.948261596262455 ], [ 1906242.298340268898755, 554455.545736039755866 ], [ 1909510.22805588459596, 554201.212535243947059 ], [ 1907356.974358988925815, 546528.770953691797331 ], [ 1902175.839685205835849, 544584.78316006809473 ], [ 1892999.164704423863441, 547727.252326539950445 ], [ 1890731.484930174658075, 551388.864648869959638 ] ] ], [ [ [ 1900168.546034499304369, 571479.543159890221432 ], [ 1901370.465716977603734, 574244.614686619024724 ], [ 1904429.430204403121024, 572494.340677249012515 ], [ 1905025.344818709883839, 567425.383436981588602 ], [ 1900475.896971337264404, 569253.569448421010748 ], [ 1900168.546034499304369, 571479.543159890221432 ] ] ], [ [ [ 1882644.381145145744085, 548039.570397598668933 ], [ 1886223.693092549452558, 555884.311139220371842 ], [ 1888751.433656714623794, 554239.740519574144855 ], [ 1884950.694875844754279, 547024.149533391231671 ], [ 1882644.381145145744085, 548039.570397598668933 ] ] ], [ [ [ 1852418.037569531938061, 586841.466100241523236 ], [ 1851210.838714387733489, 593106.760235286783427 ], [ 1852467.289122970309108, 593643.48800793918781 ], [ 1867888.129355688579381, 585336.457263174233958 ], [ 1866190.171566038159654, 581905.122460977174342 ], [ 1868119.181261129677296, 575688.019747180398554 ], [ 1868376.596127470722422, 564532.80654548923485 ], [ 1861083.736029862891883, 569492.242196006467566 ], [ 1855603.017406146042049, 579034.056635963032022 ], [ 1852418.037569531938061, 586841.466100241523236 ] ] ] ] } },
{ "type": "Feature", "properties": { "drag_region": "Southeast", "NAME": "Yakutat", "NAMELSAD": "Yakutat" }, "geometry": { "type": "Polygon", "coordinates": [ [ [ 777761.895172841264866, 1175208.028477833373472 ], [ 779630.629303334164433, 1165783.527749929809943 ], [ 806658.253327061189339, 1161929.802150170085952 ], [ 808014.292580602457747, 1172018.986358704743907 ], [ 837043.209273396641947, 1163889.418910101056099 ], [ 849054.330629398114979, 1184184.007197717437521 ], [ 881387.304766304441728, 1193381.898974726442248 ], [ 882414.28083993436303, 1189772.862609344767407 ], [ 881831.983799948357046, 1162839.483226271346211 ], [ 893354.71228127379436, 1154429.560298647498712 ], [ 907844.427129547926597, 1150284.718540768139064 ], [ 913389.359832592075691, 1149410.353633974911645 ], [ 918082.53371753974352, 1139065.284917754819617 ], [ 925517.27930162078701, 1132923.195684729842469 ], [ 991091.872918582055718, 1091598.136976150795817 ], [ 1004090.496616467367858, 1065265.611381061840802 ], [ 1004617.753501606406644, 1056483.141096823150292 ], [ 984088.784081086167134, 1039870.426416000467725 ], [ 983103.369163369643502, 1046451.653444436728023 ], [ 978997.02770506660454, 1050187.136270586866885 ], [ 965243.376461738254875, 1058787.999270635424182 ], [ 958193.880962061695755, 1061726.420050576562062 ], [ 937067.552484090672806, 1065478.308483959641308 ], [ 928339.587194286985323, 1070435.126272519817576 ], [ 918350.715577171533369, 1074622.386135140201077 ], [ 896656.256570711615495, 1079915.643924674717709 ], [ 887290.413813157007098, 1082638.181989444885403 ], [ 866280.895808145403862, 1092168.822203445015475 ], [ 859551.553599333390594, 1094541.286214251769707 ], [ 859950.711929536075331, 1097477.841576319653541 ], [ 864251.584727125940844, 1107162.068452692357823 ], [ 869269.137576228706166, 1106884.104357093572617 ], [ 868050.503881949349307, 1103961.390971252927557 ], [ 872721.61104510165751, 1105283.319057744694874 ], [ 871832.121860061772168, 1109317.036637949757278 ], [ 874512.149688383098692, 1116796.420844158390537 ], [ 870042.720834942650981, 1116497.0028355428949 ], [ 868842.583731726626866, 1123807.080425033345819 ], [ 863703.892949984990992, 1134086.445077762473375 ], [ 864350.138765530311503, 1137671.43342970404774 ], [ 867797.316872182884254, 1142466.324173431145027 ], [ 866116.187110920320265, 1145439.769901777151972 ], [ 868611.15992248931434, 1148944.7111452431418 ], [ 864915.880353710148484, 1153636.258195624919608 ], [ 862272.665367699228227, 1148035.00335252424702 ], [ 863101.444877095753327, 1142413.468626510351896 ], [ 858652.633381345658563, 1139371.878566513303667 ], [ 856020.3671500479104, 1131718.118339198408648 ], [ 856824.884257271303795, 1127075.693272277479991 ], [ 837827.443294691503979, 1113177.118218076648191 ], [ 836020.978696645353921, 1110046.759485210292041 ], [ 831057.15036659152247, 1106256.236834025010467 ], [ 811898.823944051167928, 1104458.579533851938322 ], [ 798002.158860599505715, 1105180.810887840110809 ], [ 792276.107842516503297, 1107174.185524056432769 ], [ 765760.271116424934007, 1114235.439578634453937 ], [ 761408.428942963597365, 1118880.781146002700552 ], [ 765124.857586666359566, 1118613.31223062146455 ], [ 771364.720337837818079, 1122163.67226068675518 ], [ 772222.806211070390418, 1129278.274702634196728 ], [ 763380.020509537309408, 1140387.513834872050211 ], [ 763202.83223984844517, 1144462.657231833320111 ], [ 759608.442340441164561, 1142109.406982398591936 ], [ 752768.953404958709143, 1145109.421636760933325 ], [ 754835.898916554986499, 1140612.243384149158373 ], [ 765800.648160138167441, 1130971.811207734514028 ], [ 764223.131950906710699, 1128613.992676937952638 ], [ 754550.818072303081863, 1121783.747291373088956 ], [ 746894.37829271692317, 1120345.21572685870342 ], [ 736314.002859802218154, 1123757.399379913229495 ], [ 723933.922570248600096, 1123843.652105058077723 ], [ 717266.488526396569796, 1124890.253163390560076 ], [ 700715.177232909947634, 1125869.641602945281193 ], [ 691711.666668500867672, 1125383.707840514369309 ], [ 680203.352067510480992, 1123035.134842311264947 ], [ 668354.786882516695186, 1117844.384331928100437 ], [ 653402.701532399281859, 1114240.209612568141893 ], [ 638077.827805112348869, 1109086.416171052493155 ], [ 628138.328145188628696, 1102880.68421329697594 ], [ 627497.495332496706396, 1107059.03129062987864 ], [ 656883.228753578499891, 1168049.859618474496529 ], [ 674316.350828666705638, 1170955.498225789051503 ], [ 732513.943196269334294, 1181288.635482300072908 ], [ 734270.52034653746523, 1171842.408386089140549 ], [ 765410.410601435694844, 1177773.321106389863417 ], [ 766348.142747882870026, 1172963.763535336824134 ], [ 777761.895172841264866, 1175208.028477833373472 ] ] ] } },
{ "type": "Feature", "properties": { "drag_region": "Southeast", "NAME": "Juneau", "NAMELSAD": "Juneau" }, "geometry": { "type": "MultiPolygon", "coordinates": [ [ [ [ 1414118.306473744334653, 1050770.396559490589425 ], [ 1415547.922854698961601, 1046086.164158276165836 ], [ 1421880.881890099961311, 1040893.399399204528891 ], [ 1448721.776917085982859, 1033930.727318894700147 ], [ 1458482.033177758334205, 1025020.939100827206858 ], [ 1471086.857758649624884, 1016926.266599964001216 ], [ 1484241.857023092918098, 1010041.941646304330789 ], [ 1481094.820759049383923, 1004095.232769484980963 ], [ 1491608.065285470336676, 993957.169951699092053 ], [ 1505144.400324499001727, 984206.849024307099171 ], [ 1490092.939042560756207, 942399.875567577662878 ], [ 1488033.05736081674695, 936918.282129836152308 ], [ 1487249.961524195969105, 936570.596009376691654 ], [ 1474571.1946257322561, 949283.269807885517366 ], [ 1459263.950557, 959291.508700330625288 ], [ 1453075.465666983509436, 971441.818626265157945 ], [ 1453039.704825760098174, 977961.526309042586945 ], [ 1451162.092827753163874, 982605.27567236230243 ], [ 1455405.367652774089947, 988043.072346851346083 ], [ 1449956.478555784327909, 996401.952014689915814 ], [ 1448415.070758130168542, 995722.840345036820509 ], [ 1449028.440484686754644, 987370.984258058131672 ], [ 1445870.862251923186705, 983381.995542016695254 ], [ 1447058.312470355071127, 979529.305111881694756 ], [ 1450089.515515799168497, 978254.678846583119594 ], [ 1449090.690566695993766, 972220.891967850155197 ], [ 1446797.617879830067977, 972519.236129840952344 ], [ 1442935.676199228968471, 969325.930792811210267 ], [ 1437596.057281753281131, 968798.540584228816442 ], [ 1429403.222288969205692, 969720.85292956570629 ], [ 1428411.229331749724224, 967916.643709002877586 ], [ 1420370.006498164730147, 969103.329518288257532 ], [ 1407550.17501209420152, 982703.298780360608362 ], [ 1403736.094781377119943, 992585.831572763272561 ], [ 1391529.863648757804185, 1002987.209193133632652 ], [ 1386795.393397446488962, 1009499.385508942068554 ], [ 1390549.742473126389086, 1010706.71127016202081 ], [ 1383635.858835552586243, 1026085.988696948508732 ], [ 1381718.293774392455816, 1023819.605374553822912 ], [ 1380865.494730259291828, 1030375.181409904151224 ], [ 1373790.409551489632577, 1039105.982547147083096 ], [ 1414118.306473744334653, 1050770.396559490589425 ] ] ], [ [ [ 1416510.06675765151158, 965141.714130478561856 ], [ 1419295.959545921999961, 958761.633766225422733 ], [ 1423102.005565976956859, 960002.208603813662194 ], [ 1426285.119323916034773, 964768.411627246183343 ], [ 1429139.520336193731055, 963323.822999107534997 ], [ 1433225.669234907953069, 964359.971142287249677 ], [ 1438267.187374390196055, 962982.846464449889027 ], [ 1448836.825365427415818, 967322.164160817512311 ], [ 1436762.145941736642271, 958512.453736594994552 ], [ 1434374.345237036235631, 955481.56038972211536 ], [ 1430425.259353608358651, 954688.904006863129325 ], [ 1429613.874019766459242, 949332.236472492455505 ], [ 1426560.412404654314741, 949215.927588084363379 ], [ 1423650.893163935514167, 944937.600532557000406 ], [ 1416734.966576881939545, 950385.381147407344542 ], [ 1415094.868300680071115, 958108.6986047468381 ], [ 1416510.06675765151158, 965141.714130478561856 ] ] ], [ [ [ 1389638.056872348068282, 991721.409385752282105 ], [ 1397862.116675946395844, 989641.473674334469251 ], [ 1406684.7578924682457, 979741.532971814624034 ], [ 1404814.474648207426071, 978685.236467587877996 ], [ 1397269.466479905880988, 987964.63846410100814 ], [ 1392148.793547968380153, 988356.712808169308119 ], [ 1389638.056872348068282, 991721.409385752282105 ] ] ] ] } },
{ "type": "Feature", "properties": { "drag_region": "Northeast", "NAME": "Denali", "NAMELSAD": "Denali" }, "geometry": { "type": "Polygon", "coordinates": [ [ [ 71185.650835340522463, 1621208.169798967428505 ], [ 86908.803486209581024, 1649908.626621814677492 ], [ 99079.586788152373629, 1672643.367502478184178 ], [ 98759.374947769916616, 1686174.052162323147058 ], [ 89245.129442457138794, 1685962.525607150746509 ], [ 89143.334911429788917, 1690856.5603460338898 ], [ 79463.27656549756648, 1690669.349290648940951 ], [ 79204.196648431636277, 1705159.193491366924718 ], [ 76169.975700063398108, 1705106.335650564869866 ], [ 75841.249988301497069, 1724487.568539453670382 ], [ 107776.863130047437153, 1725184.629348258720711 ], [ 107262.2605245149025, 1744462.367663621203974 ], [ 115727.139036456632311, 1744699.31846555066295 ], [ 115510.423259723334922, 1764078.125786502147093 ], [ 126203.049913568669581, 1764410.116077266633511 ], [ 124548.320189585967455, 1766755.52392923575826 ], [ 127688.18400034563092, 1772519.987345463596284 ], [ 138877.375690037122695, 1772911.286594628589228 ], [ 142653.695434967812616, 1770268.761557253310457 ], [ 141354.363849512999877, 1767532.463747967267409 ], [ 146708.533335532643832, 1765145.526155570521951 ], [ 152841.706230317329755, 1765390.715233637252823 ], [ 168026.474991523369681, 1790240.545184100978076 ], [ 177839.966293532401323, 1806833.948971849167719 ], [ 213983.41376914648572, 1808819.245718174614012 ], [ 254766.142398061783751, 1811551.626324159326032 ], [ 254885.462895788135938, 1809926.171003973344341 ], [ 307216.06076648569433, 1814198.689745001262054 ], [ 309252.484813556307927, 1814767.465545941377059 ], [ 316419.182929646980483, 1808780.642254999373108 ], [ 321920.151451558340341, 1805924.134100822964683 ], [ 358410.363749931275379, 1809573.491727861342952 ], [ 367552.09750178817194, 1723144.422509158030152 ], [ 361891.116211782558821, 1722357.611290797358379 ], [ 316939.754283329297323, 1717992.073566592531279 ], [ 318388.56248359172605, 1701933.4603079946246 ], [ 264039.181858505180571, 1697479.854754410684109 ], [ 243640.402529863262316, 1696040.059217212023214 ], [ 207985.513400365336565, 1675174.98778454773128 ], [ 158221.131713161594234, 1647279.746942737372592 ], [ 127296.281624153416487, 1630396.787046518875286 ], [ 127552.047149237099802, 1622334.774513498647138 ], [ 74300.029055791863357, 1621064.454270416172221 ], [ 71185.650835340522463, 1621208.169798967428505 ] ] ] } },
{ "type": "Feature", "properties": { "drag_region": "Northwest", "NAME": "Matanuska-Susitna", "NAMELSAD": "Matanuska-Susitna" }, "geometry": { "type": "Polygon", "coordinates": [ [ [ 57218.76150978494843, 1167843.344190362840891 ], [ 60333.139730236289324, 1167699.628661811817437 ], [ 113585.15782368152577, 1168969.948904894292355 ], [ 113329.392298597842455, 1177031.961437914520502 ], [ 144254.24238760600565, 1193914.921334133017808 ], [ 194018.624074809777085, 1221810.162175943143666 ], [ 229673.513204307702836, 1242675.23360860766843 ], [ 250072.292532949591987, 1244115.029145806096494 ], [ 304421.673158036137465, 1248568.634699390269816 ], [ 302972.864957773708738, 1264627.247957988176495 ], [ 347924.226886226970237, 1268992.785682193003595 ], [ 353585.208176232583355, 1269779.596900553442538 ], [ 378915.198138609761372, 1272943.980686621274799 ], [ 382907.633037617139053, 1239394.703265234362334 ], [ 382510.887962686014362, 1238093.692554553970695 ], [ 385173.921429146197625, 1214627.475488593801856 ], [ 387520.209258552815299, 1214894.575852435547858 ], [ 389338.000910457340069, 1203795.458269499707967 ], [ 393745.95365500706248, 1165250.818865693639964 ], [ 397780.452085504832212, 1136517.203164189588279 ], [ 369136.611054623266682, 1133356.724534953013062 ], [ 370160.192565232515335, 1123709.345145091880113 ], [ 371087.202807641471736, 1123807.82707510702312 ], [ 375192.325763999251649, 1085215.949392590671778 ], [ 376129.738015004259069, 1085315.792577418033034 ], [ 380235.56018901290372, 1046816.256785433157347 ], [ 366394.766805332154036, 1045367.799816202255897 ], [ 366904.970213954569772, 1040397.837428287486546 ], [ 322248.833659646450542, 1036099.948257584241219 ], [ 300376.803982734272722, 1034203.496416243142448 ], [ 262311.918784566572867, 1031229.239812044077553 ], [ 262075.053236383246258, 1034487.314763028523885 ], [ 258841.089079838711768, 1034253.69556962873321 ], [ 258614.096991941274609, 1037416.136874820222147 ], [ 252341.436153289512731, 1036971.523274717736058 ], [ 248658.313259534304962, 1034982.192204304155894 ], [ 238773.345285508665256, 1037107.414961973787285 ], [ 230990.545185024791863, 1030439.8616000917973 ], [ 229192.545195950195193, 1025608.337560143670999 ], [ 225652.462452382431366, 1024038.67881087155547 ], [ 223775.877536991203669, 1017184.169833989231847 ], [ 224188.841247732809279, 1010471.191467746044509 ], [ 220921.284088412590791, 1007287.706733836210333 ], [ 216020.810878377116751, 1008823.16920823242981 ], [ 209083.886973989952821, 1009093.089342452469282 ], [ 194990.758812478859909, 1006678.904751144698821 ], [ 189791.82561107102083, 1010543.068003777763806 ], [ 184351.810467555944342, 1011804.637050943099894 ], [ 181918.610390284738969, 1006680.738263645092957 ], [ 168222.886720154609066, 999392.258917595376261 ], [ 167912.260074247431476, 1006206.995931387529708 ], [ 148734.459938161657192, 1005384.767217930755578 ], [ 147955.518254880793393, 1024777.348739942885004 ], [ 105408.633819997005048, 1023325.118988048168831 ], [ 59411.454517182923155, 1022332.327652273350395 ], [ 57950.966366254739114, 1119252.924729191698134 ], [ 57050.158725487781339, 1166880.42848239839077 ], [ 57218.76150978494843, 1167843.344190362840891 ] ] ] } },
{ "type": "Feature", "properties": { "drag_region": "Northwest", "NAME": "Anchorage", "NAMELSAD": "Anchorage" }, "geometry": { "type": "MultiPolygon", "coordinates": [ [ [ [ 261129.539189154631458, 982958.156532672117464 ], [ 264812.662082909839228, 984947.487603085697629 ], [ 271085.322921561601106, 985392.101203188183717 ], [ 271312.315009459038265, 982229.659897996694781 ], [ 274546.279166003572755, 982463.279091396485455 ], [ 274783.144714186899364, 979205.204140412039123 ], [ 312848.029912354599219, 982179.460744611104019 ], [ 314689.276356678106822, 953215.809309387928806 ], [ 317644.426453005580697, 917787.976143487147056 ], [ 303306.620190918911248, 916620.879762355587445 ], [ 303944.177347675838973, 903659.393123719724827 ], [ 288188.132500779291149, 902444.976504194666632 ], [ 287456.548568410449661, 914819.707938862615265 ], [ 288719.905886362423189, 916167.220166541752405 ], [ 284008.492191441124305, 921885.37637780897785 ], [ 278146.389751217793673, 924923.835521497880109 ], [ 270893.619054987851996, 923056.612668795627542 ], [ 260618.459752650407609, 928414.413487132755108 ], [ 255989.071125353395473, 928007.700779071659781 ], [ 248003.053784289339092, 931530.196071211597882 ], [ 242768.369652935594786, 937744.369914036826231 ], [ 234870.185977446904872, 943609.716462453710847 ], [ 229133.499138491984922, 945960.827533797710203 ], [ 232275.644571093900595, 951442.255612867767923 ], [ 236828.096890113898553, 952585.43484726396855 ], [ 242024.060614430694841, 964846.348535903845914 ], [ 246309.869443994015455, 966852.612200824427418 ], [ 247465.479402692581061, 972704.097692046198063 ], [ 256065.207241325522773, 975872.129165927064605 ], [ 261484.969190694158897, 980574.997810197179206 ], [ 261129.539189154631458, 982958.156532672117464 ] ] ], [ [ [ 220218.97090816666605, 943327.226941396831535 ], [ 221165.375308605376631, 947038.003745324793272 ], [ 224684.957443193474319, 946181.55185937799979 ], [ 221075.594771453237627, 941836.038207565317862 ], [ 220218.97090816666605, 943327.226941396831535 ] ] ] ] } },
{ "type": "Feature", "properties": { "drag_region": "Southwest", "NAME": "Aleutians West", "NAMELSAD": "Aleutians West" }, "geometry": { "type": "MultiPolygon", "coordinates": [ [ [ [ -1391898.398196785710752, 187928.682423659367487 ], [ -1387457.307261831825599, 189232.697968800202943 ], [ -1381260.383710931288078, 193096.075619202456437 ], [ -1375304.000549308955669, 192339.86107664211886 ], [ -1365860.58874806878157, 194281.239823777053971 ], [ -1363233.722163166850805, 196370.261486575240269 ], [ -1357076.388288359390572, 193065.417287409189157 ], [ -1353434.69252297305502, 194173.904704960179515 ], [ -1350726.804556669201702, 197907.32807865855284 ], [ -1345934.344267310108989, 195090.063241989293601 ], [ -1343876.625744289252907, 201682.26583853160264 ], [ -1338468.640275618992746, 199527.339509178418666 ], [ -1340454.714823015732691, 210239.644906977890059 ], [ -1335188.006681736093014, 212298.905328448861837 ], [ -1333619.889081681147218, 210429.276592441718094 ], [ -1329784.322494955034927, 211417.800892114522867 ], [ -1333330.946078165434301, 215528.608741871314123 ], [ -1331671.315351576544344, 218992.778033175505698 ], [ -1327284.169162597740069, 220358.830983458028641 ], [ -1320548.497571893269196, 218931.678742630523629 ], [ -1319700.810180382337421, 212151.993627206946258 ], [ -1316072.905088221887127, 212122.677592009131331 ], [ -1316789.7394675523974, 217124.625770124432165 ], [ -1313193.956926462240517, 219436.77267747593578 ], [ -1324663.986602864926681, 226261.273854189552367 ], [ -1328309.986981597729027, 224940.958131672814488 ], [ -1334232.536910148337483, 234006.879906341142487 ], [ -1333369.319703379645944, 238312.209700561827049 ], [ -1324467.252517686691135, 245491.31655377469724 ], [ -1313821.858396981609985, 248254.124869401159231 ], [ -1304908.46763249556534, 249625.751115767576266 ], [ -1303793.56259337766096, 247950.215119527128991 ], [ -1298236.427105225389823, 248139.759570016816724 ], [ -1295667.714482164010406, 241520.351789496839046 ], [ -1300133.858854161575437, 238295.90105101861991 ], [ -1299141.713623838499188, 234702.130292889312841 ], [ -1295518.906186026753858, 232257.283584164804779 ], [ -1291320.15173179609701, 236606.419000221882015 ], [ -1290517.114914533682168, 233246.431383112852927 ], [ -1286519.017149444436654, 235305.321780744823627 ], [ -1286022.260543534299359, 239195.184983995161019 ], [ -1280734.445738724200055, 244317.454690349637531 ], [ -1278282.030360528733581, 238221.321146295114886 ], [ -1275274.61334794270806, 240183.479230293130968 ], [ -1271720.321071855025366, 233499.197648064582609 ], [ -1274556.962616664357483, 228589.277490842738189 ], [ -1280130.854995544767007, 228369.15488022606587 ], [ -1286949.413747865241021, 222853.920459592889529 ], [ -1297511.615161585155874, 218061.122219087788835 ], [ -1297744.380959485890344, 214316.125208431622013 ], [ -1288856.333589578978717, 217871.916334418638144 ], [ -1274221.551922580925748, 221341.618979291175492 ], [ -1272906.771122669801116, 223233.189451360551175 ], [ -1267405.552400761051103, 224350.42870884592412 ], [ -1266105.401166172232479, 222266.536337470868602 ], [ -1268515.527094377437606, 215722.515050567279104 ], [ -1273131.944539026590064, 211625.906948028772604 ], [ -1279793.578480716794729, 209564.715241702040657 ], [ -1281597.877108308020979, 207669.044628551928326 ], [ -1293011.845293281134218, 204866.616117640573066 ], [ -1300380.356297281570733, 204327.261563405103516 ], [ -1298397.302820382639766, 199480.10959591390565 ], [ -1302158.809696617769077, 200101.688055394042749 ], [ -1304190.593821164453402, 194565.219386455428321 ], [ -1307631.599780834745616, 196878.129316130827647 ], [ -1310536.197163230273873, 190637.101384850626346 ], [ -1314770.539496331475675, 193886.081551966548432 ], [ -1317091.049220835557207, 186951.355549341882579 ], [ -1325776.505555390380323, 187384.903285781329032 ], [ -1330383.269250962184742, 191209.198762903804891 ], [ -1333302.426901313476264, 188772.520270988636184 ], [ -1335689.163747001904994, 191483.122974381083623 ], [ -1341303.837885158602148, 189004.163738796662074 ], [ -1342504.983671819791198, 190314.721881489269435 ], [ -1354204.244657673640177, 185570.644394873757847 ], [ -1355496.737274848856032, 182816.10309715924086 ], [ -1360822.210458887508139, 184290.102995214925613 ], [ -1365019.857691892888397, 182910.652001174690668 ], [ -1369227.406600995222107, 177934.189084807585459 ], [ -1375365.059510306688026, 181442.823489094851539 ], [ -1378353.691245685564354, 177680.997789753426332 ], [ -1389087.023815171094611, 183825.945066192594822 ], [ -1391898.398196785710752, 187928.682423659367487 ] ] ], [ [ [ -1481630.641906554345042, 156322.183516620483715 ], [ -1474674.241888338467106, 157362.971629281411879 ], [ -1473654.579131505684927, 162897.5077051918488 ], [ -1469406.665167812490836, 161926.198249494016636 ], [ -1466284.978243948193267, 164733.75268519698875 ], [ -1465079.453362628584728, 170031.009562753664795 ], [ -1459437.059406247688457, 171975.789975094085094 ], [ -1457061.378993443679065, 177009.119700614828616 ], [ -1459076.122552830493078, 179029.094209723873064 ], [ -1454661.149121833732352, 186533.953589750861283 ], [ -1441658.386323051294312, 193971.196769363770727 ], [ -1438447.920804796507582, 190715.144631681090686 ], [ -1431787.100650598062202, 190800.850504209112842 ], [ -1425282.408716423204169, 189075.608196190849412 ], [ -1426061.939991943538189, 195593.213669973483775 ], [ -1428769.443081209203228, 196677.821544118807651 ], [ -1425083.561819753143936, 203385.655339396442287 ], [ -1425952.375110741704702, 206116.38480104127666 ], [ -1420192.894683367805555, 212272.62335644394625 ], [ -1409502.371990266954526, 216481.466966282576323 ], [ -1396173.473805993795395, 217218.797814329154789 ], [ -1390465.173456475371495, 210831.171649927622639 ], [ -1383209.492902856320143, 209393.596130981051829 ], [ -1383194.72418521810323, 207148.115300021949224 ], [ -1389561.731401703087613, 201277.845767017453909 ], [ -1389576.375941885169595, 195431.154033740458544 ], [ -1404354.914226076565683, 189315.859768431924749 ], [ -1421058.471342049539089, 185906.15317030029837 ], [ -1426866.069090745411813, 180734.937900760851335 ], [ -1427836.639399582520127, 177433.921485983591992 ], [ -1436086.96036043856293, 171343.63656840036856 ], [ -1440816.716124495724216, 166728.26328271679813 ], [ -1446917.570523028960451, 167109.513791845412925 ], [ -1455001.717539184726775, 161985.922398672963027 ], [ -1458898.3695327215828, 161202.958872816176154 ], [ -1460913.659865553490818, 156675.39981214312138 ], [ -1464015.312449525808915, 159429.332758666016161 ], [ -1471429.834097262006253, 156327.679671562626027 ], [ -1485669.205377095844597, 152854.461223993392196 ], [ -1481630.641906554345042, 156322.183516620483715 ] ] ], [ [ [ -1431610.106979176402092, 573811.8296092832461 ], [ -1421208.767244327580556, 570024.449069957248867 ], [ -1414891.74489143001847, 569009.47804323467426 ], [ -1413061.142679759068415, 567195.583121507894248 ], [ -1420354.942720767576247, 562233.054981001187116 ], [ -1425195.595600433181971, 563786.345396029297262 ], [ -1426092.879064325708896, 568535.856835780665278 ], [ -1430148.018660665256903, 570499.793774985009804 ], [ -1431610.106979176402092, 573811.8296092832461 ] ] ], [ [ [ -1454123.739332442870364, 642782.599731503520161 ], [ -1451225.982615480432287, 646304.489780141273513 ], [ -1446259.009082425851375, 646539.5400527396705 ], [ -1443973.41143553936854, 644978.841765333199874 ], [ -1437376.279240848496556, 645509.53144879383035 ], [ -1439090.784043967956677, 640401.893880548886955 ], [ -1447257.867623869795352, 636310.851319054374471 ], [ -1447587.292706295382231, 639457.770636904519051 ], [ -1454123.739332442870364, 642782.599731503520161 ] ] ], [ [ [ -1498084.806266342289746, 149874.59298620239133 ], [ -1490163.198541505029425, 152820.730886933510192 ], [ -1491370.507230732822791, 148699.684470434498508 ], [ -1498067.203439424512908, 147815.771910813869908 ], [ -1498084.806266342289746, 149874.59298620239133 ] ] ], [ [ [ -1525126.184630734147504, 179719.735617125174031 ], [ -1523066.492330999579281, 184124.653595413430594 ], [ -1518247.613543538143858, 184531.517637906828895 ], [ -1518288.44944940879941, 180227.947510016500019 ], [ -1521407.906177019001916, 176567.246133210253902 ], [ -1524409.460768118966371, 176506.932284074660856 ], [ -1525126.184630734147504, 179719.735617125174031 ] ] ], [ [ [ -1544583.121348544955254, 169456.540115889220033 ], [ -1540192.043890072032809, 170047.306831350608263 ], [ -1534840.451125893741846, 168446.460953947447706 ], [ -1534883.273452932015061, 170320.283114610589109 ], [ -1528006.183304239762947, 170905.692032072285656 ], [ -1523753.680236236890778, 168898.320394314592704 ], [ -1521953.910352275706828, 166014.869241272448562 ], [ -1528309.448032001964748, 157255.335671120672487 ], [ -1534271.021538322092965, 163600.941357884206809 ], [ -1540824.609615967376158, 162354.786275604099501 ], [ -1544989.859534003539011, 164748.875835793791339 ], [ -1544583.121348544955254, 169456.540115889220033 ] ] ], [ [ [ -1523419.67658813088201, 190878.832440907892305 ], [ -1522417.182511886348948, 186811.528812984004617 ], [ -1525644.928415256552398, 188867.899266100954264 ], [ -1523419.67658813088201, 190878.832440907892305 ] ] ], [ [ [ -1550184.95654622442089, 177119.45692115300335 ], [ -1547709.017653379123658, 179059.551466839737259 ], [ -1542664.839665087638423, 176246.395043878699653 ], [ -1543134.360708671389148, 173319.801169297948945 ], [ -1547136.638298329897225, 171262.574674922216218 ], [ -1549832.202320780837908, 173498.315451401285827 ], [ -1550184.95654622442089, 177119.45692115300335 ] ] ], [ [ [ -1559670.421091062482446, 159054.030331579968333 ], [ -1557071.974256693385541, 165476.154213082336355 ], [ -1549698.356022962834686, 161884.755671754071955 ], [ -1552652.206230830401182, 157020.565215645357966 ], [ -1559670.421091062482446, 159054.030331579968333 ] ] ], [ [ [ -1605781.611580231459811, 156706.684437604504637 ], [ -1603597.916920935502276, 160273.379433915135451 ], [ -1592447.099226078949869, 164482.723108760896139 ], [ -1585767.906007214682177, 160121.123867614893243 ], [ -1586166.378287081839517, 157568.745538848277647 ], [ -1590604.30785795324482, 152999.487181068921927 ], [ -1595049.971587406238541, 154333.848084979050327 ], [ -1599686.19607927184552, 152968.543855900876224 ], [ -1604376.665170105407014, 149457.44865256518824 ], [ -1607424.990441808477044, 152311.871277032711077 ], [ -1605781.611580231459811, 156706.684437604504637 ] ] ], [ [ [ -1627001.235911442898214, 160485.81754128227476 ], [ -1625653.053696485003456, 156978.253771981108002 ], [ -1629384.533189549576491, 158160.679618720896542 ], [ -1627001.235911442898214, 160485.81754128227476 ] ] ], [ [ [ -1640223.905589003115892, 153552.004255680949427 ], [ -1635176.128686388256028, 156346.692171472532209 ], [ -1632296.522811949485913, 151937.591558540822007 ], [ -1636478.998481991235167, 147628.849653695768211 ], [ -1641002.002995188347995, 148733.816470411373302 ], [ -1640223.905589003115892, 153552.004255680949427 ] ] ], [ [ [ -1732284.874143762281165, 156658.14296708808979 ], [ -1727190.025572771439329, 161036.734815093397629 ], [ -1718118.476781323784962, 163293.64034162677126 ], [ -1715338.943260509520769, 162303.958548155263998 ], [ -1709976.271187260281295, 156923.407752959115896 ], [ -1711275.197340262820944, 153234.91690911911428 ], [ -1719224.308710087556392, 150444.748640326375607 ], [ -1727502.682145772268996, 150136.062225539353676 ], [ -1732734.598022415768355, 151538.294271039427258 ], [ -1732284.874143762281165, 156658.14296708808979 ] ] ], [ [ [ -1831261.964227175805718, 167143.43797149969032 ], [ -1823008.653502023778856, 164582.105159265280236 ], [ -1816089.090019990224391, 159362.003222831583116 ], [ -1813126.21704333811067, 161438.155300928105135 ], [ -1809876.84443190949969, 160243.500203239673283 ], [ -1801335.670698936097324, 160324.281697955157142 ], [ -1795459.313252915162593, 158442.529523764911573 ], [ -1797648.900860159657896, 156321.726358653511852 ], [ -1796083.979479660978541, 152965.278899084194563 ], [ -1793779.378791295224801, 153759.973014553601388 ], [ -1787103.397356202593073, 149366.216549499891698 ], [ -1781222.610878343693912, 149194.852018966688775 ], [ -1779154.301461209543049, 147485.508970286813565 ], [ -1771277.443829903611913, 146236.75978198077064 ], [ -1770417.017705054953694, 144791.29222054569982 ], [ -1760886.550029507372528, 141288.273171504843049 ], [ -1767432.896191232837737, 140933.440751142334193 ], [ -1771064.935131962643936, 142601.725733436003793 ], [ -1774978.905966690741479, 141578.516359095578082 ], [ -1785435.83251058938913, 144595.707231497159228 ], [ -1791606.573228055145591, 142970.495072676159907 ], [ -1793063.983468006597832, 144998.472515391942579 ], [ -1797377.08427907875739, 144411.239251812337898 ], [ -1801768.384846772998571, 146137.586349906690884 ], [ -1805339.296684907050803, 149707.602531741256826 ], [ -1817557.646136434515938, 153741.859583142388146 ], [ -1820105.490696311928332, 153032.485833049344365 ], [ -1826427.906592855695635, 156875.815661049680784 ], [ -1827409.739108797628433, 162060.539643327065278 ], [ -1830033.894119090633467, 162775.606919377751183 ], [ -1831261.964227175805718, 167143.43797149969032 ] ] ], [ [ [ -1918856.969850461231545, 183054.929943822266068 ], [ -1904831.036743463482708, 182119.794762146368157 ], [ -1903078.383538266178221, 178738.834433141397312 ], [ -1895719.922598814126104, 181331.596026760933455 ], [ -1895665.586378650506958, 179111.628971738507971 ], [ -1890077.823318179696798, 181090.482008991239127 ], [ -1888048.572705206926912, 183331.367258463986218 ], [ -1884672.056509682210162, 179332.438483886420727 ], [ -1878089.478355643572286, 178001.54510818637209 ], [ -1875215.364313737256452, 180473.377981217345223 ], [ -1874505.249315861845389, 177845.3391588931554 ], [ -1865199.153653285698965, 178555.212574458972085 ], [ -1863746.20573330600746, 182286.445512549427804 ], [ -1853117.937344537116587, 179898.745157562778331 ], [ -1854990.543650269974023, 184587.579257728648372 ], [ -1845033.741452919319272, 180934.017508570861537 ], [ -1841006.979500090703368, 183057.637670007185079 ], [ -1840212.973083846038207, 186399.74793608969776 ], [ -1847520.121069161454216, 189405.803024351305794 ], [ -1852076.692500935401767, 193748.05468132061651 ], [ -1850155.588851139880717, 195734.170563909341581 ], [ -1845696.236044713994488, 192722.052581758645829 ], [ -1841851.630197250749916, 195100.442332177248318 ], [ -1841201.590943343238905, 198788.520020442432724 ], [ -1830994.839761557523161, 200166.395994813123252 ], [ -1824178.832952751545236, 194842.985589232644998 ], [ -1821169.44325131806545, 186330.11377023847308 ], [ -1821809.399600675096735, 183439.135324896546081 ], [ -1829147.358523411909118, 177249.064632160763722 ], [ -1836913.798754888121039, 180474.722481133881956 ], [ -1839079.300710290437564, 176865.302769579924643 ], [ -1833553.453174741240218, 167259.583304578496609 ], [ -1834940.944421345135197, 165300.366573811159469 ], [ -1837881.26947335479781, 168312.729241929249838 ], [ -1842172.226153158582747, 168660.729850497096777 ], [ -1843884.922875373857096, 166506.022303760750219 ], [ -1847771.19403224834241, 167330.061572463309858 ], [ -1851824.916559959761798, 170904.936278128589038 ], [ -1859034.403743820730597, 163708.621481052949093 ], [ -1864035.038599896244705, 168394.879285843169782 ], [ -1880716.97566037485376, 168252.942026692733634 ], [ -1882931.161637620767578, 171867.772002318291925 ], [ -1889405.320930661633611, 175168.41363375983201 ], [ -1894993.510643874295056, 176389.764995801844634 ], [ -1899087.424349277745932, 174225.664766666537616 ], [ -1904501.949530945857987, 175201.338570883788634 ], [ -1912085.474017055239528, 178303.101604585594032 ], [ -1918856.969850461231545, 183054.929943822266068 ] ] ], [ [ [ -1927188.934254614869133, 204100.772834807517938 ], [ -1924023.229314227821305, 201130.725306689448189 ], [ -1926959.512847682693973, 200911.642764712858479 ], [ -1927188.934254614869133, 204100.772834807517938 ] ] ], [ [ [ -1932404.704620139906183, 182367.158696393715218 ], [ -1927897.226713853189722, 182561.669664320943411 ], [ -1927127.3696291919332, 179395.366391639749054 ], [ -1932419.102438176982105, 180766.609224075742532 ], [ -1932404.704620139906183, 182367.158696393715218 ] ] ], [ [ [ -1947981.175475928932428, 185819.622837130154949 ], [ -1946532.414088889723644, 186231.904184873041231 ], [ -1937231.762842132011428, 182786.270712969882879 ], [ -1937786.266670875949785, 180363.462646592408419 ], [ -1942159.610002392437309, 182140.144289361429401 ], [ -1948060.450484225060791, 181728.267850140866358 ], [ -1947981.175475928932428, 185819.622837130154949 ] ] ], [ [ [ -1961236.139428139897063, 192254.157065414008684 ], [ -1958226.177158636739478, 192630.089589156094007 ], [ -1951693.024680679431185, 190297.570433798071463 ], [ -1950930.07729469705373, 180995.203263671777677 ], [ -1954535.953867635922506, 182724.891469218360726 ], [ -1957020.889511117711663, 188497.830197912815493 ], [ -1961236.139428139897063, 192254.157065414008684 ] ] ], [ [ [ -1973933.569737930549309, 207808.894133147143293 ], [ -1969261.867903541773558, 210720.064611738198437 ], [ -1963471.606858641607687, 207812.379998120246455 ], [ -1960571.720159926451743, 198764.767760951363016 ], [ -1966429.576746677746996, 196957.577044984966051 ], [ -1964649.105675513856113, 190710.946962918096688 ], [ -1968750.394905832130462, 188702.540076435660012 ], [ -1973034.175118558574468, 189979.835152175393887 ], [ -1976568.980718024307862, 193418.071049238322303 ], [ -1974090.4323149418924, 198297.203601173881907 ], [ -1975666.343759807059541, 199045.11173377657542 ], [ -1975133.847953286021948, 206614.415929570212029 ], [ -1973933.569737930549309, 207808.894133147143293 ] ] ], [ [ [ -1985457.997272846288979, 182209.581513478828128 ], [ -1982534.714325905544683, 186831.14805124636041 ], [ -1979406.604713988723233, 186751.591199028305709 ], [ -1977899.814441090915352, 183511.787036962166894 ], [ -1973126.510118766920641, 182867.769905755354557 ], [ -1975260.98004882177338, 185818.835153653053567 ], [ -1966349.954200471285731, 185763.971611338318326 ], [ -1964712.500736011657864, 182888.579737911524717 ], [ -1966880.743507627397776, 178102.81283050897764 ], [ -1972287.975315442075953, 179963.048649837786797 ], [ -1970840.20234903646633, 174234.91227283666376 ], [ -1976762.742436355212703, 179193.978761442820542 ], [ -1977534.846973528852686, 175436.561661347630434 ], [ -1979984.649890662869439, 177491.394397986470722 ], [ -1982374.889216175070032, 174395.015419759904034 ], [ -1982619.455496696056798, 179008.601466060965322 ], [ -1985457.997272846288979, 182209.581513478828128 ] ] ], [ [ [ -2042081.018109721830115, 179174.308972150785848 ], [ -2037337.323537437012419, 184234.612098842626438 ], [ -2033300.485280878143385, 184399.44021829526173 ], [ -2030501.194667117204517, 187031.005947463680059 ], [ -2031428.635530794970691, 194031.485534598468803 ], [ -2029623.478731454117224, 196110.838220833975356 ], [ -2021903.632904303260148, 194052.142664212267846 ], [ -2018377.80385845224373, 198750.673151209892239 ], [ -2019209.901149212382734, 206016.409875042154454 ], [ -2015434.064235828351229, 209212.356507487362251 ], [ -2011803.923053757753223, 208321.833103768236469 ], [ -2008236.420677726622671, 205034.251858892850578 ], [ -2001923.227202814305201, 208750.745666111877654 ], [ -2000265.296460770769045, 206751.940795242437162 ], [ -2001908.322538811247796, 199867.419377925805748 ], [ -2007508.107873248867691, 198922.743178638338577 ], [ -2009564.895259474636987, 194606.801237481005955 ], [ -2007153.399165841750801, 191735.278277012926992 ], [ -2002572.321688917465508, 190521.007757093466353 ], [ -1994483.248617072124034, 190297.787381536909379 ], [ -1987289.989542677765712, 188285.691705590521451 ], [ -1987650.121197689324617, 181965.930573890975211 ], [ -1992050.522376522654667, 174638.931196500081569 ], [ -1995956.689590499037877, 174794.85992537700804 ], [ -2003857.42065479978919, 179380.359940091555472 ], [ -2008557.518548653461039, 175794.787101747177076 ], [ -2013172.202645495766774, 176215.145637743291445 ], [ -2017532.675280076917261, 173624.91065852198517 ], [ -2021957.08958534989506, 178324.289902881893795 ], [ -2024165.602452020859346, 176588.175769560039043 ], [ -2024284.393463600659743, 171787.092007515428122 ], [ -2026331.64169011474587, 174232.021152204601094 ], [ -2030222.765408120350912, 172997.301637509721331 ], [ -2029403.579715671716258, 178256.49822858517291 ], [ -2031764.601001076865941, 182030.299703683238477 ], [ -2039702.446874770335853, 173973.364583400136326 ], [ -2042642.546052106656134, 176143.496823373890948 ], [ -2042081.018109721830115, 179174.308972150785848 ] ] ], [ [ [ -2085749.658322602044791, 204405.573046264937147 ], [ -2080448.50099888513796, 205779.418101345770992 ], [ -2075400.790068549802527, 202182.507218314451165 ], [ -2068200.912764345528558, 202968.088932386541273 ], [ -2055231.493618053616956, 202155.976963166613132 ], [ -2048919.889912938466296, 204204.713275699992664 ], [ -2044286.183347005629912, 215472.155813285266049 ], [ -2040968.404922402463853, 215884.296146153763402 ], [ -2037562.310982688795775, 213635.91791085654404 ], [ -2035486.514602856477723, 208433.648437514202669 ], [ -2044737.765932953450829, 201873.797033848415595 ], [ -2046357.865522595588118, 193762.763020593789406 ], [ -2049231.562972258543596, 190962.768824048631359 ], [ -2057977.294286029413342, 191012.705983868159819 ], [ -2064413.810666425386444, 199547.642393434594851 ], [ -2071816.445436935173348, 198931.28322800406022 ], [ -2081504.76671682856977, 201506.502295595942996 ], [ -2083162.953643557615578, 197761.963339465786703 ], [ -2085337.71386878984049, 199078.19471090065781 ], [ -2085749.658322602044791, 204405.573046264937147 ] ] ], [ [ [ -2062183.190903701586649, 220005.806962577335071 ], [ -2058859.712749067461118, 219693.6886866298737 ], [ -2059247.633756185881793, 217201.555936145421583 ], [ -2063068.99120960989967, 216886.0197810526588 ], [ -2062183.190903701586649, 220005.806962577335071 ] ] ], [ [ [ -2112772.072747588623315, 235030.701602292829193 ], [ -2109932.583926084917039, 236899.135181355464738 ], [ -2102629.697321737650782, 235850.525508123799227 ], [ -2093744.880071029765531, 231980.367188388016075 ], [ -2092597.394538793247193, 227279.374445713066962 ], [ -2094067.866683744126931, 224784.550489889923483 ], [ -2090716.703514113556594, 220273.431654570857063 ], [ -2086656.186078563798219, 220477.335695328540169 ], [ -2083029.487645164364949, 217395.208194418868516 ], [ -2074211.553849240997806, 217561.633869299141224 ], [ -2077867.617823188891634, 214862.539543924154714 ], [ -2088490.421754308976233, 215579.632122327864636 ], [ -2093659.20694112800993, 210307.975025900756009 ], [ -2093760.365955831715837, 207198.221505363471806 ], [ -2097599.477272461634129, 205491.537703274807427 ], [ -2098933.056873416062444, 207617.917709401575848 ], [ -2102509.612443358637393, 204495.216283186571673 ], [ -2102547.835725326091051, 198720.275082862586714 ], [ -2104587.510900554712862, 198980.495594062027521 ], [ -2104814.264029788319021, 204754.691700719064102 ], [ -2108892.712085949257016, 203856.789396134379786 ], [ -2111014.421136402525008, 209539.203954051947221 ], [ -2113778.703120938967913, 211401.965968755248468 ], [ -2111900.28942681197077, 213535.770896212779917 ], [ -2101494.900382570922375, 212138.689809817296918 ], [ -2100046.247391888871789, 218095.68881187326042 ], [ -2104671.342629633378237, 219945.744217350496911 ], [ -2106551.540216390043497, 224115.749822621059138 ], [ -2113382.734864464495331, 233431.526762056455482 ], [ -2112772.072747588623315, 235030.701602292829193 ] ] ], [ [ [ -2153116.21661873627454, 218393.647503562038764 ], [ -2146071.02196142449975, 214431.111659236019477 ], [ -2147389.309714290313423, 213107.447375168674625 ], [ -2153443.889773972332478, 216175.170378141512629 ], [ -2153116.21661873627454, 218393.647503562038764 ] ] ], [ [ [ -2157910.314748877193779, 242423.252110808622092 ], [ -2152861.133829908445477, 245752.964389657368883 ], [ -2149442.11110654193908, 240840.027372436714359 ], [ -2151553.885494113899767, 235438.098629806772806 ], [ -2156309.000772413332015, 236278.790647034882568 ], [ -2157910.314748877193779, 242423.252110808622092 ] ] ], [ [ [ -2165811.534364123363048, 219584.727747691387776 ], [ -2160109.797137515153736, 215614.533238568983506 ], [ -2159273.252403644379228, 212940.628796492645051 ], [ -2164929.810279421042651, 215665.225862024642993 ], [ -2165811.534364123363048, 219584.727747691387776 ] ] ], [ [ [ -2182620.574915080796927, 202921.553563642897643 ], [ -2179878.036319296341389, 204392.059991789283231 ], [ -2178306.77395784528926, 201525.675657658313867 ], [ -2178877.474374292418361, 196645.397727532312274 ], [ -2181756.574806227348745, 197575.873932406830136 ], [ -2185214.255061362404376, 195672.963160927349236 ], [ -2182620.574915080796927, 202921.553563642897643 ] ] ], [ [ [ -2195864.810520800296217, 196830.522897844784893 ], [ -2192424.393659905530512, 197302.338224150997121 ], [ -2193085.021602414082736, 191536.724809067498427 ], [ -2198181.157295427750796, 191005.788863967114594 ], [ -2195864.810520800296217, 196830.522897844784893 ] ] ], [ [ [ -2255492.314994171727449, 304565.351624953385908 ], [ -2252826.033811118919402, 303234.926538400177378 ], [ -2248794.760752383619547, 305150.717439120111521 ], [ -2242343.298254501540214, 303888.104042286460754 ], [ -2237494.300163752865046, 295573.751426125585567 ], [ -2242044.363502707798034, 290463.735832405567635 ], [ -2249083.905540661420673, 289077.605726864014287 ], [ -2252017.32145158899948, 289791.866680226346944 ], [ -2256672.831961575429887, 294741.025346731825266 ], [ -2258117.592274399008602, 298343.304024388024118 ], [ -2255492.314994171727449, 304565.351624953385908 ] ] ], [ [ [ -2325222.29721899703145, 292916.734834169095848 ], [ -2323164.154255942907184, 294506.894572881923523 ], [ -2318312.167268400546163, 289383.777387824782636 ], [ -2313844.138189172837883, 287752.776126360113267 ], [ -2308558.392814948223531, 282977.224768243206199 ], [ -2308808.98224049853161, 279875.721630514308345 ], [ -2304874.252215824555606, 273831.790144784899894 ], [ -2301583.956440110690892, 264350.783988953975495 ], [ -2296790.625969725195318, 259612.163024896231946 ], [ -2296376.616624256130308, 253547.052110561809968 ], [ -2286612.074402183294296, 248261.019834711274598 ], [ -2282972.135957311373204, 243317.358549971482717 ], [ -2287844.317612692248076, 243418.004077820573002 ], [ -2289409.452075746376067, 245525.680514535051771 ], [ -2296716.383267592638731, 246979.304293252585921 ], [ -2298658.068148872349411, 252041.434050272859167 ], [ -2305431.334879271686077, 262382.795428284618538 ], [ -2308545.079072560183704, 274171.880440421227831 ], [ -2313816.512457923032343, 280903.195891150215175 ], [ -2318021.725806468166411, 281898.853344697214197 ], [ -2322120.953332723584026, 286273.700081661401782 ], [ -2325222.29721899703145, 292916.734834169095848 ] ] ], [ [ [ -2321446.207976192235947, 332484.254404252686072 ], [ -2318983.457389140501618, 332543.454915446520317 ], [ -2315057.66645442135632, 329156.851293879270088 ], [ -2313819.550914934370667, 325187.226228401821572 ], [ -2318872.350964696146548, 322313.552291785425041 ], [ -2321298.65586087340489, 322963.461658389132936 ], [ -2321446.207976192235947, 332484.254404252686072 ] ] ], [ [ [ -2341348.237540018279105, 323088.42334809951717 ], [ -2337297.931421003770083, 320563.568967886210885 ], [ -2335093.932389684952796, 312622.777572023507673 ], [ -2339528.203419988974929, 316143.671191907080356 ], [ -2341348.237540018279105, 323088.42334809951717 ] ] ], [ [ [ -2341163.413831127807498, 347891.452646144723985 ], [ -2338728.438553456217051, 349096.216406271851156 ], [ -2335738.545356810092926, 345471.872909112425987 ], [ -2336375.302276458591223, 342214.967432474775705 ], [ -2340996.373775272630155, 342191.28246906172717 ], [ -2341163.413831127807498, 347891.452646144723985 ] ] ], [ [ [ -2403388.644829598721117, 359580.638834954996128 ], [ -2396903.061496181879193, 359412.004104382416699 ], [ -2391533.305251447018236, 362173.562975082953926 ], [ -2381716.732753906864673, 360387.746347682259511 ], [ -2377871.725250034593046, 365218.876396675070282 ], [ -2370478.056456231512129, 371882.243761036370415 ], [ -2367296.08471160614863, 372313.470180904550944 ], [ -2364848.782966668251902, 365763.970454003720079 ], [ -2368809.729807850904763, 364220.818352160567883 ], [ -2372858.884422914125025, 360106.483980519406032 ], [ -2379459.568779690656811, 357577.029616193321999 ], [ -2375433.843828307464719, 353858.0266489238129 ], [ -2376814.130791101139039, 350828.696391608857084 ], [ -2380144.176931499969214, 351302.076091305178124 ], [ -2388947.51269443333149, 357111.081368663872126 ], [ -2394012.650454563088715, 356194.886492710968014 ], [ -2397699.752188620623201, 350563.809622024244163 ], [ -2400103.830665204674006, 351881.443923249084037 ], [ -2404147.803384941536933, 357940.885520845709834 ], [ -2403388.644829598721117, 359580.638834954996128 ] ] ], [ [ [ -2463577.983857200946659, 446331.908264360215981 ], [ -2458379.885310198646039, 442425.766565554367844 ], [ -2463479.810641817748547, 442048.338523002050351 ], [ -2463577.983857200946659, 446331.908264360215981 ] ] ], [ [ [ -2555140.865279639139771, 537745.154328941833228 ], [ -2550745.457946210168302, 534596.265065908664837 ], [ -2551240.359857476782054, 532061.95632276381366 ], [ -2555762.205048970412463, 536027.827044567093253 ], [ -2555140.865279639139771, 537745.154328941833228 ] ] ], [ [ [ -2561200.522238436155021, 542955.351734604686499 ], [ -2558537.080850618425757, 540701.154724677326158 ], [ -2559817.214787939563394, 538253.00307653285563 ], [ -2561200.522238436155021, 542955.351734604686499 ] ] ], [ [ [ -2565128.123493955470622, 548028.547560504637659 ], [ -2562017.959991376847029, 543491.242802647175267 ], [ -2564690.873607359826565, 544678.166184735950083 ], [ -2565128.123493955470622, 548028.547560504637659 ] ] ], [ [ [ -2614991.253109688404948, 528013.296197138726711 ], [ -2612301.60816919291392, 529921.349780748831108 ], [ -2606983.739491042215377, 529994.719402051065117 ], [ -2602279.448029232211411, 526840.903169804485515 ], [ -2593665.13674851693213, 529489.170400243485346 ], [ -2584575.442491918802261, 525221.148342143278569 ], [ -2590032.95304864924401, 523795.495555656787474 ], [ -2592762.270366116892546, 521253.55673545593163 ], [ -2595220.283499083016068, 511353.797718692163471 ], [ -2599778.775455830618739, 513764.944710176147055 ], [ -2601145.92744267359376, 520093.032591572438832 ], [ -2609576.470728626009077, 522529.62582894944353 ], [ -2614991.253109688404948, 528013.296197138726711 ] ] ], [ [ [ -2640832.493836560752243, 608000.803311176365241 ], [ -2626918.152773513458669, 609690.084270271239802 ], [ -2619421.315994164906442, 606774.642129381885752 ], [ -2599098.218242311384529, 593554.694030931219459 ], [ -2595773.071004661265761, 584940.186309988377616 ], [ -2591331.310079073533416, 580930.502564108464867 ], [ -2588079.331216759979725, 569029.58135475195013 ], [ -2588459.120898409280926, 567288.068218337837607 ], [ -2596309.594643639866263, 570624.915584262926131 ], [ -2599085.709750742651522, 576226.04022632073611 ], [ -2605926.446596103254706, 572226.17125984816812 ], [ -2608439.032639944925904, 572174.118677425431088 ], [ -2615879.486545776948333, 577824.216149323154241 ], [ -2623296.510159361176193, 577408.086178221041337 ], [ -2627599.434880629647523, 583225.755113076418638 ], [ -2628329.387580655980855, 587967.632581108715385 ], [ -2626087.180675116367638, 593583.480736318975687 ], [ -2630320.72278873808682, 601990.150039984146133 ], [ -2638850.154422385152429, 604075.350726309232414 ], [ -2640832.493836560752243, 608000.803311176365241 ] ] ] ] } },
{ "type": "Feature", "properties": { "drag_region": "Northwest", "NAME": "Kenai Peninsula", "NAMELSAD": "Kenai Peninsula" }, "geometry": { "type": "MultiPolygon", "coordinates": [ [ [ [ 228771.340751825628104, 875398.5786601183936 ], [ 229502.924684194469592, 863023.847225450444967 ], [ 250120.856237799132941, 864627.012372445780784 ], [ 252460.889643060887465, 835608.131812418578193 ], [ 252585.552447736699833, 829159.869632999412715 ], [ 258083.906064974871697, 829606.836947529111058 ], [ 260723.89268260836252, 797432.602468145778403 ], [ 261256.938688219961477, 776269.347143507096916 ], [ 258661.311751790082781, 773648.503362451680005 ], [ 251502.971971507853596, 777894.461113984696567 ], [ 246024.26900719999685, 773610.717481567524374 ], [ 242651.252749266946921, 778361.098565571242943 ], [ 237425.915685236192076, 775940.7103076945059 ], [ 233006.563877360866172, 776092.467359369620681 ], [ 231015.91040356978192, 778642.856966086663306 ], [ 235263.542843120259931, 786087.080539045855403 ], [ 233375.347051626391476, 787294.93928133090958 ], [ 228277.162623720214469, 783258.761671447660774 ], [ 223706.229163623269415, 766072.91245157783851 ], [ 217992.746097163268132, 761625.047090153442696 ], [ 216073.009481100772973, 763225.082261772593483 ], [ 218503.286008306022268, 768690.833985006203875 ], [ 220529.617514868732542, 776923.258940013824031 ], [ 216389.580381860636408, 793197.733034161385149 ], [ 213183.20677875544061, 793456.610996278235689 ], [ 212376.112202337069903, 790704.542982897721231 ], [ 213108.636522589018568, 782954.522487149108201 ], [ 216047.015086101833731, 778053.674016613280401 ], [ 214081.973629768792307, 777532.43616564781405 ], [ 212562.314388934144517, 770494.63168332236819 ], [ 209098.659288395632757, 771318.494738463312387 ], [ 207631.119716759130824, 769294.020593521185219 ], [ 207068.318114296445856, 762709.027573501225561 ], [ 204976.422289972106228, 760933.185138144996017 ], [ 206075.848216416954529, 756480.984559918986633 ], [ 211284.696099027089076, 753845.640540512744337 ], [ 210560.250047635548981, 746671.637312959413975 ], [ 204934.957525397563586, 749377.322251500794664 ], [ 201731.393358390574576, 761393.754350582836196 ], [ 203098.517886316025397, 765045.515873152529821 ], [ 200412.9696897015383, 772379.253721218323335 ], [ 196985.260312298749341, 772735.142178892856464 ], [ 198503.666294537833892, 767826.894918242935091 ], [ 197207.298840620496776, 763026.351995876291767 ], [ 199417.019974439113867, 744300.531237347284332 ], [ 198805.582620774832321, 738100.561641447246075 ], [ 192925.611127208510879, 744850.738196807913482 ], [ 192466.581949379295111, 748960.851382059976459 ], [ 189089.295528396673035, 751445.915095200762153 ], [ 182091.088773019058863, 754003.89310341142118 ], [ 182922.762679928477155, 750204.222169284010306 ], [ 187949.938571465259884, 747044.683051631087437 ], [ 188119.412573849462206, 740991.699579506414011 ], [ 175110.856019359693164, 725014.351188514381647 ], [ 169133.394949954323238, 715920.347495563328266 ], [ 169326.126760699931765, 712467.781010111328214 ], [ 166135.737659874983365, 711329.064974538516253 ], [ 164760.220111553178867, 702981.037081527640112 ], [ 162311.437668639991898, 703040.835445083910599 ], [ 161341.608963085396681, 709722.001731447177008 ], [ 167114.638269083749037, 730335.061681863619015 ], [ 166960.274104650306981, 733116.524197396589443 ], [ 162056.408770146575989, 726594.595310781616718 ], [ 158784.652726453001378, 715741.745101399254054 ], [ 156299.172456973494263, 716668.750140661606565 ], [ 153769.748899068305036, 730195.514154752716422 ], [ 151402.695413794397609, 725071.746248273411766 ], [ 149170.867617315991083, 725150.472136798780411 ], [ 152709.072232202073792, 719367.808008817723021 ], [ 152090.531901700538583, 711641.541155537357554 ], [ 144183.512937865161803, 711244.9328469526954 ], [ 142846.282243805646431, 705313.378246146836318 ], [ 139300.661063306411961, 702834.654700948973186 ], [ 135075.324501731025521, 697347.088937679422088 ], [ 136693.262634406681173, 693288.100055263843387 ], [ 133818.5483048511378, 689212.375090066925623 ], [ 130598.725933150970377, 688103.990207970957272 ], [ 130364.524240160943009, 693285.157215617364272 ], [ 126951.70449242903851, 696593.533109759911895 ], [ 124493.96170137898298, 692159.133330876356922 ], [ 124511.793592894333415, 687064.679695699131116 ], [ 120091.468095485906815, 685240.432852827361785 ], [ 115069.261803700064775, 688010.778050420572981 ], [ 113322.761921346333111, 685728.586073427344672 ], [ 108891.937711173319258, 689203.826815799926408 ], [ 107303.010702958097681, 693274.590822485159151 ], [ 104991.065161053265911, 689724.719144648755901 ], [ 100805.353703452914488, 686971.147416220628656 ], [ 102156.127432548411889, 683657.858833364560269 ], [ 98071.131023413036019, 683506.380073345615529 ], [ 97185.621683845150983, 679726.014190809102729 ], [ 88825.38411452298169, 678759.359394210507162 ], [ 87352.275466158811469, 686012.873615760821849 ], [ 82905.306799350830261, 684520.185695073800161 ], [ 78550.732442936423467, 686495.027966425404884 ], [ 79096.349968462367542, 688626.242250666953623 ], [ 74789.385557525005424, 689261.484268224332482 ], [ 73974.173866120137973, 695963.142734395805746 ], [ 75496.71549652813701, 699468.927773386007175 ], [ 78696.389326677599456, 701298.273955111624673 ], [ 79495.865608260093722, 708146.723110862774774 ], [ 85889.305903031665366, 711335.035020523238927 ], [ 87749.997150896757375, 710340.742610040819272 ], [ 93456.754733012698125, 715441.305506512988359 ], [ 100129.188429445610382, 715973.298284208402038 ], [ 99967.610367181041511, 720292.820533973630518 ], [ 106563.153523357352242, 722564.11487647308968 ], [ 113191.588653933315072, 728790.444323796546087 ], [ 119484.262550059589557, 728188.637427204754204 ], [ 116985.100303471670486, 734716.791214461904019 ], [ 121309.619961888442049, 737401.393176665762439 ], [ 121780.140639411227312, 740498.720046130241826 ], [ 128778.121045044215862, 750618.244566570036113 ], [ 126105.48424537529354, 751940.118015033192933 ], [ 121383.803902115527308, 749616.279973423108459 ], [ 109762.941243598441361, 738649.794761198805645 ], [ 103798.639661982131656, 736491.998525333590806 ], [ 100314.400231053645257, 732610.077308158855885 ], [ 92397.146568693569861, 733858.574944995809346 ], [ 83517.426192381186411, 739993.571145884692669 ], [ 80375.037165815389017, 743735.20613687299192 ], [ 79228.246213502803585, 748119.551733361091465 ], [ 82470.316761682392098, 759471.118402210064232 ], [ 84926.257754813414067, 763878.779409126378596 ], [ 87483.124118535983143, 776751.230358812492341 ], [ 92588.309678640187485, 784526.161357400473207 ], [ 95850.609182206913829, 787817.880258425371721 ], [ 102432.513305778149515, 797585.887961171334609 ], [ 104240.174905211344594, 807079.575071796542034 ], [ 103971.179797571559902, 813895.915653393836692 ], [ 108381.766338611545507, 817149.752949281595647 ], [ 108753.208993795531569, 832166.102417605696246 ], [ 109431.303056335193105, 834790.371660326607525 ], [ 105731.935173059609951, 838870.907184285111725 ], [ 100812.170810020033969, 854349.802629667101428 ], [ 108279.408493751165224, 858014.758866745512933 ], [ 109146.172720289207064, 860647.005787109490484 ], [ 121293.959762252139626, 863767.458749631885439 ], [ 137822.220076459285337, 880323.422838154947385 ], [ 155014.208136647532228, 892572.991527904057875 ], [ 165740.550442704756279, 877680.094915389316157 ], [ 173775.668329611100489, 876610.23418543394655 ], [ 176451.451872036908753, 874171.778492044657469 ], [ 182377.623414127971046, 885316.282010010443628 ], [ 188128.79233809755533, 886448.695472992490977 ], [ 195370.310735698265489, 882584.921496145427227 ], [ 198982.555555524799274, 883787.23432353255339 ], [ 211490.177485449967207, 880021.078490528045222 ], [ 224216.04876241661259, 879010.284635624382645 ], [ 228771.340751825628104, 875398.5786601183936 ] ] ], [ [ [ 142862.413162876444403, 700794.464093192131259 ], [ 148325.159324838983594, 709719.458789800759405 ], [ 151450.822083709295839, 708242.61509616766125 ], [ 151472.70511888229521, 703819.63812595163472 ], [ 146135.00345470479806, 696435.192388439434581 ], [ 142993.002335956407478, 698108.269379230565391 ], [ 142862.413162876444403, 700794.464093192131259 ] ] ], [ [ [ -9711.077974602801987, 862779.671321575064212 ], [ -10037.111770468858595, 901499.936668738489971 ], [ -12346.782826431226567, 901481.237722722347826 ], [ -12573.027716836899344, 930592.860437077470124 ], [ 13197.472630218406266, 930887.162701897090301 ], [ 59194.651933032488159, 931879.954037671908736 ], [ 101741.536367916269228, 933332.18378956662491 ], [ 102520.478051197133027, 913939.602267554495484 ], [ 121698.278187282907311, 914761.830981011269614 ], [ 122008.904833190084901, 907947.093967219116166 ], [ 119383.664122059883084, 906385.720932716969401 ], [ 112518.620042454422219, 891274.33252223348245 ], [ 105616.405384614976356, 889832.250985912512988 ], [ 102065.636112228356069, 886708.339609020156786 ], [ 95680.166550313209882, 886652.634886861080304 ], [ 88358.95623661193531, 880325.153640968492255 ], [ 79412.874146480375202, 869536.796856658300385 ], [ 79311.092874358757399, 866745.447478568647057 ], [ 84775.985680915851844, 855009.422146764816716 ], [ 84462.177563918783562, 852787.343776342691854 ], [ 76970.082504237827379, 854940.119682950433344 ], [ 73319.520391474390635, 853093.230178592028096 ], [ 67615.43646118088509, 847920.074987695785239 ], [ 63765.717514267766092, 838964.216355859301984 ], [ 58553.315873036110133, 836031.250632421346381 ], [ 52461.732263002013497, 828758.401263768784702 ], [ 51459.48151322715421, 821716.859191120136529 ], [ 53117.211275922272762, 818491.066531370161101 ], [ 56920.655492383586534, 816283.511199536500499 ], [ 49168.692501562683901, 810703.566637485986575 ], [ 47546.307611511954747, 804225.141170541523024 ], [ 44984.729728902086208, 803780.305492124054581 ], [ 39593.572406384198985, 796931.959267645375803 ], [ 35843.095256325752416, 796179.734868319472298 ], [ 34005.264000679941091, 798832.895554748829454 ], [ 29074.59751303561643, 797679.545283113839105 ], [ 29991.492282509971119, 791162.500366600230336 ], [ 33191.326095791991975, 789975.670620572753251 ], [ 32652.804973626516585, 787082.124893667176366 ], [ 37704.356989033905847, 783149.40532592125237 ], [ 39367.767991377586441, 779821.520226909779012 ], [ 37125.773509497572377, 772758.958867748035118 ], [ 33426.312645806705405, 768167.171139449579641 ], [ 32144.69982343364245, 762184.369692144915462 ], [ 27181.207093464377976, 760073.095704837236553 ], [ 26418.640982288758096, 757945.461694250348955 ], [ 18612.541748581614229, 757621.529311104910448 ], [ 15591.491839353773685, 758727.914118784945458 ], [ 7622.104842583226855, 755638.438344845548272 ], [ 4012.262150874586951, 755882.027333897771314 ], [ 268.288589742500335, 750075.014348011929542 ], [ 4864.75532981215656, 751664.936636715196073 ], [ 7898.08862743175996, 749781.357140471925959 ], [ 10868.621450017410098, 752703.184860937995836 ], [ 14676.944373177517264, 752853.458894329378381 ], [ 16153.114768233863288, 748071.59891716693528 ], [ 13099.733445678430144, 736881.990143617149442 ], [ 9294.027146780572366, 735292.526419264031574 ], [ 4114.08071388334065, 730328.075531464768574 ], [ -1570.871211895464512, 733819.660240422235802 ], [ -528.638471160120389, 730564.261361595010385 ], [ -3133.803428708575666, 728808.415430939989164 ], [ -6781.718770335093723, 730503.328292040387169 ], [ -5400.940700922517863, 733878.198309789644554 ], [ -5065.550552971690195, 741086.421003732364625 ], [ -9546.650855561732897, 747867.925872476072982 ], [ -8848.688389292467036, 736441.5709886290133 ], [ -10619.597514918634261, 731143.571097432170063 ], [ -14239.885625737719238, 729675.843613556586206 ], [ -16877.652810741248686, 732060.144369183806702 ], [ -18067.663541914069356, 728690.7405803760048 ], [ -14820.542096794819372, 726021.489591579418629 ], [ -16606.288848900971061, 720918.63316403562203 ], [ -26512.254292922436434, 719909.163556319661438 ], [ -23032.935193837325642, 710989.996618958888575 ], [ -24642.493767413358, 707909.288465236779302 ], [ -30116.43393252586975, 705873.727397443843074 ], [ -32148.496487286749471, 706637.34523147251457 ], [ -37017.136018544682884, 702307.929815469309688 ], [ -39456.177710515075887, 703555.445684837643057 ], [ -46776.683771369083843, 700007.558923636446707 ], [ -45763.680484885393525, 697508.56649094412569 ], [ -41694.502418299714918, 695775.671021454152651 ], [ -46382.27197123967926, 692707.110391606227495 ], [ -47817.096393364314281, 688579.770744702778757 ], [ -47420.602026932720037, 682720.21594328340143 ], [ -49883.167335306228779, 678499.936017757514492 ], [ -54804.863395224012493, 675154.490869205561467 ], [ -49898.431452207201801, 672641.473540932522155 ], [ -51144.078248865414935, 666978.649620171869174 ], [ -49106.372487603075569, 661211.078849793761037 ], [ -43553.348118260735646, 667252.111442217952572 ], [ -31445.550965143047506, 665051.318604094907641 ], [ -28168.132591193185362, 667172.947882662992924 ], [ -25698.525797040201724, 665068.648087842273526 ], [ -22630.777659975923598, 667482.39702275278978 ], [ -18074.917864229952102, 660015.128334865323268 ], [ -14152.355307918613107, 657446.841370299109258 ], [ -10254.554949508299615, 658723.800732339499518 ], [ -5496.323641452880111, 655498.784752087784 ], [ -1741.417554018502415, 650444.833519255742431 ], [ -39.789983665628824, 645372.555012328666635 ], [ 2666.977266961126588, 643193.133689385605976 ], [ -19215.468669532514468, 643011.243827647995204 ], [ -19145.376696323008218, 630144.491944871260785 ], [ -29502.336547672515735, 630102.066421917174011 ], [ -29475.715266633746069, 620404.49014766595792 ], [ -57718.095967588793428, 620430.756420947378501 ], [ -77238.098050779895857, 620570.236883487203158 ], [ -77144.172466603311477, 630267.394831678713672 ], [ -80043.999511747126235, 630296.579419415211305 ], [ -79639.898080239028786, 668993.911354335490614 ], [ -82715.458386527869152, 669027.2750728050014 ], [ -82497.150698965560878, 688426.518664320348762 ], [ -63525.81218115593947, 688260.709329246892594 ], [ -63405.003929120342946, 707662.418795775389299 ], [ -46966.01672861163388, 707596.042545071570203 ], [ -46948.080203944766254, 717297.622841793112457 ], [ -37433.97131409492431, 717292.116769190412015 ], [ -37447.320356722353608, 736600.247158248443156 ], [ -27780.891106646035041, 736619.468763211974874 ], [ -27812.769841408611683, 746321.973281214945018 ], [ -20782.733588896393485, 746351.720518962247297 ], [ -20983.675874326585472, 785164.004214328248054 ], [ -13828.369331601210433, 785208.010469441767782 ], [ -14104.164990446166485, 823926.830400872044265 ], [ -7024.291432721191086, 823984.148594783153385 ], [ -7376.307201742853067, 862800.087818705942482 ], [ -9711.077974602801987, 862779.671321575064212 ] ] ], [ [ [ 100922.995731736387825, 678325.693817151128314 ], [ 106292.666550553403795, 677183.926531727192923 ], [ 105811.851794400688959, 673705.392192755942233 ], [ 100922.995731736387825, 678325.693817151128314 ] ] ], [ [ [ 90141.527549929422094, 676209.776803648564965 ], [ 94701.727689199469751, 674735.580771584296599 ], [ 93380.072828174073948, 671517.569325805758126 ], [ 90465.144044765824219, 672761.452423438429832 ], [ 90141.527549929422094, 676209.776803648564965 ] ] ], [ [ [ 81834.710409057151992, 679680.876699880114757 ], [ 85930.243049301294377, 679622.830394219141454 ], [ 85015.694534853799269, 676325.322025804431178 ], [ 81834.710409057151992, 679680.876699880114757 ] ] ], [ [ [ 65350.095882689951395, 811230.753745563328266 ], [ 70842.297844131942838, 818987.231180476257578 ], [ 72085.818998885253677, 829791.505914509296417 ], [ 78263.047098353708861, 827199.538021742133424 ], [ 72951.922194953833241, 820878.445981941185892 ], [ 71324.132912692584796, 816118.160095412516966 ], [ 72380.562803098320728, 813843.549139024456963 ], [ 65350.095882689951395, 811230.753745563328266 ] ] ], [ [ [ 35172.377612575415696, 790207.88988009095192 ], [ 38534.294783772093069, 790854.856915105367079 ], [ 39709.678486100565351, 782423.531889946432784 ], [ 35172.377612575415696, 790207.88988009095192 ] ] ], [ [ [ -15071.461307963319996, 702965.835980905219913 ], [ -6764.04813005089818, 705719.719771695323288 ], [ -3068.52436411591043, 701623.811698968755081 ], [ -4040.847255376538669, 697003.751587324077263 ], [ -6673.069103843110497, 695442.671769146574661 ], [ -12575.663055205644923, 695106.888328524888493 ], [ -15870.087036729211832, 700751.391357180196792 ], [ -15071.461307963319996, 702965.835980905219913 ] ] ] ] } },
{ "type": "Feature", "properties": { "drag_region": "Northeast", "NAME": "Nome", "NAMELSAD": "Nome" }, "geometry": { "type": "MultiPolygon", "coordinates": [ [ [ [ -736442.930896868929267, 2148309.300394342746586 ], [ -738258.76540807983838, 2136803.668769123964012 ], [ -734930.375648088636808, 2136280.313447052612901 ], [ -740888.708535132696852, 2098246.376516754738986 ], [ -737516.555361072067171, 2097720.06109857512638 ], [ -743451.070582411717623, 2059554.92029318260029 ], [ -730759.81107934541069, 2057608.872779555851594 ], [ -733633.881058621453121, 2038598.076241054572165 ], [ -724131.925822551129386, 2037176.79147604573518 ], [ -726961.361097471322864, 2018055.896743606310338 ], [ -684044.585462564369664, 2012013.063692410942167 ], [ -661397.75348601071164, 2009071.723690019454807 ], [ -621177.297285807318985, 2004267.385641181608662 ], [ -583053.511660304386169, 2000207.020769058261067 ], [ -544550.083941432414576, 1996591.761136880144477 ], [ -543706.88186916615814, 2006220.274422611109912 ], [ -524499.30698429653421, 2004598.856315194629133 ], [ -526506.029962840722874, 1975761.596578612923622 ], [ -536034.332959068240598, 1976549.598667092854157 ], [ -537658.140070913126692, 1957276.441348511027172 ], [ -538774.748916729586199, 1937954.838849147548899 ], [ -548419.46320795151405, 1938780.816008630208671 ], [ -550092.160118505358696, 1919596.802384856622666 ], [ -558942.498278550338, 1920381.015795842977241 ], [ -562414.249089727411047, 1881816.599931252654642 ], [ -565181.67725627485197, 1843266.661346432520077 ], [ -554893.850424093077891, 1842359.277268397854641 ], [ -557393.010531342588365, 1813498.358405977254733 ], [ -567069.229273589444347, 1814350.744723553070799 ], [ -567933.896812056889758, 1804699.237566973315552 ], [ -576577.917314916616306, 1805485.184680828824639 ], [ -577645.131815992761403, 1795851.441596285905689 ], [ -596569.120161712402478, 1797653.581925489241257 ], [ -597515.822474204469472, 1788008.019492466468364 ], [ -607090.35574085242115, 1788961.858711849199608 ], [ -609040.300293041393161, 1769673.902969043701887 ], [ -607792.017418822972104, 1769547.944494646042585 ], [ -608753.83916728105396, 1759997.943403569282964 ], [ -618231.279533404391259, 1760966.170851308153942 ], [ -621228.917099284008145, 1732033.868715528864413 ], [ -678708.57610833493527, 1738490.539233010262251 ], [ -677543.16502014931757, 1748116.662108212243766 ], [ -687054.356718122027814, 1749281.983102979138494 ], [ -685861.459991730283946, 1758904.056304076686502 ], [ -695341.717420712346211, 1760093.160529898479581 ], [ -694133.434788118000142, 1769615.852900113677606 ], [ -704640.128067975398153, 1771062.790827503893524 ], [ -695300.469311752589419, 1781762.261749104829505 ], [ -690142.223423699382693, 1789717.169583597918972 ], [ -685600.491951796924695, 1792918.065020080888644 ], [ -686499.985982399084605, 1798640.495430037146434 ], [ -683965.797607201733626, 1798806.546968754613772 ], [ -679345.385246892459691, 1795525.359620192088187 ], [ -675510.923993505421095, 1794571.182791332248598 ], [ -674101.050015842542052, 1786955.26296985312365 ], [ -664875.274489608127624, 1785847.932443153345957 ], [ -656667.5224572729785, 1786817.195644960738719 ], [ -652273.590236985357478, 1784377.878945470089093 ], [ -638305.582458761171438, 1785509.181537552038208 ], [ -629394.847175705013797, 1788204.716852643992752 ], [ -627276.385125176748261, 1792899.152829624712467 ], [ -616084.632438218803145, 1804065.588639728026465 ], [ -608060.836265917518176, 1816258.423763975733891 ], [ -607368.020349728642032, 1823034.580338687635958 ], [ -608677.86421416583471, 1830979.979538551298901 ], [ -611758.814623227342963, 1840460.142510283039883 ], [ -613512.282662377227098, 1852312.098981350893155 ], [ -612502.911808763165027, 1863584.358219095272943 ], [ -612846.42153699323535, 1868634.333887178217992 ], [ -623489.637706864159554, 1884916.262126720510423 ], [ -624703.659429357619956, 1888135.36737825232558 ], [ -631452.688995490549132, 1891584.543731482466683 ], [ -636078.310904424171895, 1892202.634015053277835 ], [ -633317.580601816996932, 1901247.598397087771446 ], [ -628344.038776671281084, 1903872.359031792962924 ], [ -626212.650047842878848, 1901224.592515891417861 ], [ -620426.928377696312964, 1898661.014016256434843 ], [ -611615.972795557463542, 1898389.48467698530294 ], [ -612872.556522323284298, 1902860.565901217749342 ], [ -607467.266832251800224, 1903252.963756756158546 ], [ -599658.694966737995856, 1910247.632779697421938 ], [ -598203.142292713280767, 1921080.157764301169664 ], [ -604129.68126742343884, 1933446.486761915497482 ], [ -611398.238060398725793, 1940768.732600265182555 ], [ -615127.721691484097391, 1945796.647253638366237 ], [ -615628.085391255095601, 1942767.608144472585991 ], [ -620693.884645370650105, 1938696.678088148590177 ], [ -624989.437238536193036, 1930882.862497531576082 ], [ -632436.796368455747142, 1928828.268884167773649 ], [ -639100.570629650494084, 1933644.030793825397268 ], [ -650151.639882771065459, 1925971.109020927920938 ], [ -664307.711809653555974, 1924408.017941146623343 ], [ -668208.307166740996763, 1918035.963154775090516 ], [ -683945.867619518889114, 1910083.143437346210703 ], [ -688398.97960299719125, 1903895.485436325194314 ], [ -690484.518641866510734, 1894596.904446192551404 ], [ -698918.219337295508012, 1888940.474358102539554 ], [ -698427.032848468748853, 1897869.782218972453848 ], [ -699595.358356462791562, 1908664.504057715414092 ], [ -702880.35835046810098, 1913943.257743922062218 ], [ -707693.608764665434137, 1914308.778006593463942 ], [ -706569.95206186757423, 1917444.07976649608463 ], [ -711415.049487374722958, 1922561.297675832174718 ], [ -712470.40731336583849, 1926190.913704789243639 ], [ -719727.880913872155361, 1921401.24420640966855 ], [ -717604.793821419356391, 1916747.126905581215397 ], [ -714119.090101950336248, 1915582.829909692518413 ], [ -711903.729838943807408, 1911501.79400477395393 ], [ -707664.586864751996472, 1911982.970247177872807 ], [ -707946.840303731849417, 1907377.790680619422346 ], [ -712767.316191151505336, 1900202.460176673484966 ], [ -716166.402214049128816, 1899608.703727456973866 ], [ -718842.907957506133243, 1907919.368422946427017 ], [ -727204.49845252383966, 1916462.37498927093111 ], [ -733733.793174768332392, 1920601.027665581554174 ], [ -744437.911111352383159, 1923437.292022699257359 ], [ -751794.502284528804012, 1921925.536842983681709 ], [ -756212.763513489160687, 1923760.887823814060539 ], [ -765006.344380341586657, 1925408.47826203959994 ], [ -772980.149538483587094, 1924525.664406916359439 ], [ -793066.005524412263185, 1916889.478683097288013 ], [ -803213.771576960803941, 1916920.185546665918082 ], [ -820901.407089199637994, 1927131.757730174111202 ], [ -836097.392914089374244, 1934189.139925547176972 ], [ -843819.271728238672949, 1936943.621452868450433 ], [ -858007.234842496574856, 1943450.959743230603635 ], [ -864875.942522167693824, 1952443.826075003249571 ], [ -866525.332021713838913, 1962119.929244798142463 ], [ -865032.749473625211976, 1969053.448515868047252 ], [ -861040.748315334552899, 1971807.040132875554264 ], [ -860904.174067323911004, 1978021.282363888574764 ], [ -864449.266079200082459, 1984838.587947238236666 ], [ -870929.806777439313009, 1991546.429820625344291 ], [ -870022.408864327007905, 1997126.518155761063099 ], [ -876478.352798976935446, 2004628.743241633521393 ], [ -877099.625101761659607, 2010215.776316687464714 ], [ -871254.019850382930599, 2005852.558187539922073 ], [ -865735.316200473112985, 2005076.940477233147249 ], [ -863757.004862455767579, 2007329.231169343926013 ], [ -859515.848229288472794, 2007979.626056918175891 ], [ -856296.902622149325907, 2010486.00381291215308 ], [ -855809.540651348303072, 2015753.630272335838526 ], [ -848953.110459805931896, 2020400.653511315817013 ], [ -854086.172225569374859, 2027509.497463774168864 ], [ -857047.363131884718314, 2028951.425981672247872 ], [ -862101.749634297331795, 2028362.836081948131323 ], [ -868234.796577453496866, 2031015.36067922366783 ], [ -877769.864825921598822, 2037965.775096012977883 ], [ -894394.995091212913394, 2043368.214610446011648 ], [ -901395.547825536108576, 2049891.042867988580838 ], [ -906359.008202218799852, 2057083.835827477509156 ], [ -914115.912960516056046, 2064588.316585401538759 ], [ -920979.793107949197292, 2068991.561925111804157 ], [ -922220.226278764894232, 2076599.447082125581801 ], [ -919716.086114207515493, 2081147.91571485879831 ], [ -913224.942670239019208, 2084646.22757312329486 ], [ -891279.848984228097834, 2090587.908785585546866 ], [ -879725.565377224818803, 2095442.952759506646544 ], [ -870618.261445845128037, 2100822.629610022995621 ], [ -862357.687688554520719, 2104635.676743357442319 ], [ -854452.52579869737383, 2109315.073721185326576 ], [ -839127.650599267915823, 2116574.368956200312823 ], [ -829360.77398761024233, 2120171.282153521664441 ], [ -803252.980509122717194, 2131595.943046235479414 ], [ -773457.282463314011693, 2141316.484883515164256 ], [ -751019.129262429196388, 2146294.419124165549874 ], [ -736442.930896868929267, 2148309.300394342746586 ] ] ], [ [ [ -704553.795587713364512, 1806186.517427699873224 ], [ -700656.763293743133545, 1809934.252857990330085 ], [ -696760.533988345181569, 1810976.378983496455476 ], [ -692741.089671009103768, 1808814.643052979139611 ], [ -688791.826849922072142, 1808891.971150839701295 ], [ -687650.760678969789296, 1805168.912477371050045 ], [ -688428.539872110821307, 1800431.044746018247679 ], [ -701836.018409458803944, 1800894.750530940946192 ], [ -704777.634747573640198, 1803118.801997368223965 ], [ -704553.795587713364512, 1806186.517427699873224 ] ] ], [ [ [ -1149995.056023272918537, 1892234.28913814178668 ], [ -1148709.695187034551054, 1895563.089991549961269 ], [ -1142217.050502469297498, 1902438.069392972160131 ], [ -1140829.597424960229546, 1909519.180610112147406 ], [ -1139007.927618869580328, 1910811.177815310889855 ], [ -1138417.664518468780443, 1916319.283758451929316 ], [ -1134763.104622122831643, 1915619.589226134121418 ], [ -1134457.225093547254801, 1911360.154103981796652 ], [ -1136349.65280150109902, 1907102.347517258953303 ], [ -1135153.653077084105462, 1903396.479050119407475 ], [ -1125613.469257206656039, 1895158.805529901292175 ], [ -1113570.661323988810182, 1887194.407333094161004 ], [ -1104591.867578137433156, 1882859.863387079676613 ], [ -1092522.907910297624767, 1888362.190010946709663 ], [ -1081180.577410900965333, 1891211.060961358249187 ], [ -1071540.937480577500537, 1887397.940075475955382 ], [ -1068150.005179192405194, 1879728.941765030613169 ], [ -1064530.203312495024875, 1877348.795244177337736 ], [ -1064329.615144844399765, 1867020.02160487161018 ], [ -1065548.422155946260318, 1863564.562401914969087 ], [ -1057634.201462090015411, 1856092.779471544083208 ], [ -1048219.965699000866152, 1852433.777472095098346 ], [ -1045108.55244847596623, 1848530.176529803313315 ], [ -1044321.095466504222713, 1844888.623455374734476 ], [ -1038487.992168676224537, 1841530.722693408140913 ], [ -1023561.518679549219087, 1836068.101033949758857 ], [ -1020985.626157891005278, 1836064.148522552335635 ], [ -1004309.258287133998238, 1826852.982853043358773 ], [ -1011815.502816859283485, 1815655.55389816686511 ], [ -1016599.375397466821596, 1812508.476654290687293 ], [ -1024818.354610064532608, 1817837.672248246846721 ], [ -1032394.0449092813069, 1819494.424514471553266 ], [ -1041811.628359528491274, 1818842.139022193616256 ], [ -1051519.200148353818804, 1812362.435240001650527 ], [ -1054639.792142668738961, 1807086.288088199449703 ], [ -1055645.384834181051701, 1802094.906867987941951 ], [ -1060206.808886207873002, 1798645.497306108241901 ], [ -1065012.314682999160141, 1801975.315280642127618 ], [ -1063941.671095235273242, 1804087.214216707041487 ], [ -1065831.472750980407, 1816300.116110475501046 ], [ -1070040.66610267944634, 1823453.183042319258675 ], [ -1077423.852101008640602, 1831203.038763993885368 ], [ -1084363.331226770766079, 1832434.932115765521303 ], [ -1084677.711238670162857, 1839341.261044406797737 ], [ -1086357.093941250815988, 1845205.962961714249104 ], [ -1093867.88969964068383, 1855027.429164555855095 ], [ -1107134.110674380324781, 1865275.988798985257745 ], [ -1118115.237801649374887, 1869238.288935526274145 ], [ -1127326.515568157657981, 1867308.114905886119232 ], [ -1131877.44493090803735, 1862760.08339926134795 ], [ -1138962.575024436693639, 1861281.186297647189349 ], [ -1142988.058480457169935, 1865648.879095534561202 ], [ -1150556.646640276769176, 1871290.269755341112614 ], [ -1152591.304462867323309, 1880108.787266313796863 ], [ -1152370.510721495375037, 1885622.211366303730756 ], [ -1149995.056023272918537, 1892234.28913814178668 ] ] ] ] } },
{ "type": "Feature", "properties": { "drag_region": "Southeast", "NAME": "Skagway", "NAMELSAD": "Skagway" }, "geometry": { "type": "Polygon", "coordinates": [ [ [ 1311572.02805926464498, 1142749.795289158355445 ], [ 1292486.841501007787883, 1137698.674499301239848 ], [ 1262306.161648342153057, 1173440.377332597738132 ], [ 1273153.179222238715738, 1184515.692044479306787 ], [ 1288189.202098579145968, 1177351.954752554418519 ], [ 1295969.147819426376373, 1170810.899878325406462 ], [ 1298153.765276362653822, 1171248.625106583116576 ], [ 1304696.491285508032888, 1166158.800335400504991 ], [ 1307511.748378803022206, 1156573.749789971159771 ], [ 1305825.900089505594224, 1153676.717929818667471 ], [ 1307020.063263246789575, 1150323.210196087602526 ], [ 1311410.262069410644472, 1146906.963350278325379 ], [ 1311572.02805926464498, 1142749.795289158355445 ] ] ] } }
]
}
